version,1.3.0
info,team,Australia
info,team,West Indies
info,gender,male
info,season,2009/10
info,date,2010/02/12
info,series,West Indies in Australia ODI Series
info,match_number,3
info,venue,Sydney Cricket Ground
info,city,
info,toss_winner,West Indies
info,toss_decision,field
info,umpire,BF Bowden
info,umpire,BNJ Oxenford
info,reserve_umpire,GA Abood
info,tv_umpire,PR Reiffel
info,match_referee,J Srinath
info,outcome,no result
ball,1,0.1,Australia,TD Paine,AC Voges,R Rampaul,1,0,"",""
ball,1,0.2,Australia,AC Voges,TD Paine,R Rampaul,0,1,"",""
ball,1,0.3,Australia,AC Voges,TD Paine,R Rampaul,0,0,"",""
ball,1,0.4,Australia,AC Voges,TD Paine,R Rampaul,0,0,"",""
ball,1,0.5,Australia,AC Voges,TD Paine,R Rampaul,1,0,"",""
ball,1,0.6,Australia,TD Paine,AC Voges,R Rampaul,0,0,"",""
ball,1,0.7,Australia,TD Paine,AC Voges,R Rampaul,1,0,"",""
ball,1,1.1,Australia,TD Paine,AC Voges,DR Smith,0,0,"",""
ball,1,1.2,Australia,TD Paine,AC Voges,DR Smith,0,0,"",""
ball,1,1.3,Australia,TD Paine,AC Voges,DR Smith,0,0,"",""
ball,1,1.4,Australia,TD Paine,AC Voges,DR Smith,0,1,"",""
ball,1,1.5,Australia,TD Paine,AC Voges,DR Smith,0,0,"",""
ball,1,1.6,Australia,TD Paine,AC Voges,DR Smith,0,0,"",""
ball,1,1.7,Australia,TD Paine,AC Voges,DR Smith,4,0,"",""
ball,1,2.1,Australia,AC Voges,TD Paine,R Rampaul,0,0,"",""
ball,1,2.2,Australia,AC Voges,TD Paine,R Rampaul,1,0,"",""
ball,1,2.3,Australia,TD Paine,AC Voges,R Rampaul,0,0,"",""
ball,1,2.4,Australia,TD Paine,AC Voges,R Rampaul,0,0,"",""
ball,1,2.5,Australia,TD Paine,AC Voges,R Rampaul,0,0,"",""
ball,1,2.6,Australia,TD Paine,AC Voges,R Rampaul,4,0,"",""
ball,1,3.1,Australia,AC Voges,TD Paine,DR Smith,0,0,"",""
ball,1,3.2,Australia,AC Voges,TD Paine,DR Smith,1,0,"",""
ball,1,3.3,Australia,TD Paine,AC Voges,DR Smith,0,0,"",""
ball,1,3.4,Australia,TD Paine,AC Voges,DR Smith,0,0,"",""
ball,1,3.5,Australia,TD Paine,AC Voges,DR Smith,1,0,"",""
ball,1,3.6,Australia,AC Voges,TD Paine,DR Smith,0,0,"",""
ball,1,4.1,Australia,TD Paine,AC Voges,R Rampaul,0,0,"",""
ball,1,4.2,Australia,TD Paine,AC Voges,R Rampaul,0,0,"",""
ball,1,4.3,Australia,TD Paine,AC Voges,R Rampaul,0,0,"",""
ball,1,4.4,Australia,TD Paine,AC Voges,R Rampaul,1,0,"",""
ball,1,4.5,Australia,AC Voges,TD Paine,R Rampaul,0,0,"",""
ball,1,4.6,Australia,AC Voges,TD Paine,R Rampaul,4,0,"",""
ball,1,5.1,Australia,TD Paine,AC Voges,DR Smith,0,0,"",""
ball,1,5.2,Australia,TD Paine,AC Voges,DR Smith,0,0,"",""
ball,1,5.3,Australia,TD Paine,AC Voges,DR Smith,0,1,"",""
ball,1,5.4,Australia,TD Paine,AC Voges,DR Smith,0,0,"",""
ball,1,5.5,Australia,TD Paine,AC Voges,DR Smith,0,0,"",""
ball,1,5.6,Australia,TD Paine,AC Voges,DR Smith,0,0,"",""
ball,1,5.7,Australia,TD Paine,AC Voges,DR Smith,0,0,"",""
ball,1,6.1,Australia,AC Voges,TD Paine,R Rampaul,1,0,"",""
ball,1,6.2,Australia,TD Paine,AC Voges,R Rampaul,4,0,"",""
ball,1,6.3,Australia,TD Paine,AC Voges,R Rampaul,0,1,"",""
ball,1,6.4,Australia,TD Paine,AC Voges,R Rampaul,0,0,"",""
ball,1,6.5,Australia,TD Paine,AC Voges,R Rampaul,0,0,"",""
ball,1,6.6,Australia,TD Paine,AC Voges,R Rampaul,0,0,"",""
ball,1,6.7,Australia,TD Paine,AC Voges,R Rampaul,0,0,bowled,TD Paine
ball,1,7.1,Australia,AC Voges,RT Ponting,DR Smith,0,1,"",""
ball,1,7.2,Australia,AC Voges,RT Ponting,DR Smith,0,0,"",""
ball,1,7.3,Australia,AC Voges,RT Ponting,DR Smith,0,0,"",""
ball,1,7.4,Australia,AC Voges,RT Ponting,DR Smith,0,1,"",""
ball,1,7.5,Australia,AC Voges,RT Ponting,DR Smith,0,0,"",""
ball,1,7.6,Australia,AC Voges,RT Ponting,DR Smith,0,0,lbw,AC Voges
ball,1,7.7,Australia,MJ Clarke,RT Ponting,DR Smith,0,0,"",""
ball,1,7.8,Australia,MJ Clarke,RT Ponting,DR Smith,0,0,"",""
ball,1,8.1,Australia,RT Ponting,MJ Clarke,R Rampaul,0,0,"",""
ball,1,8.2,Australia,RT Ponting,MJ Clarke,R Rampaul,1,0,"",""
ball,1,8.3,Australia,MJ Clarke,RT Ponting,R Rampaul,0,1,"",""
ball,1,8.4,Australia,RT Ponting,MJ Clarke,R Rampaul,0,0,"",""
ball,1,8.5,Australia,RT Ponting,MJ Clarke,R Rampaul,0,0,"",""
ball,1,8.6,Australia,RT Ponting,MJ Clarke,R Rampaul,1,0,"",""
ball,1,9.1,Australia,RT Ponting,MJ Clarke,DR Smith,0,0,"",""
ball,1,9.2,Australia,RT Ponting,MJ Clarke,DR Smith,0,0,"",""
ball,1,9.3,Australia,RT Ponting,MJ Clarke,DR Smith,0,0,"",""
ball,1,9.4,Australia,RT Ponting,MJ Clarke,DR Smith,2,0,"",""
ball,1,9.5,Australia,RT Ponting,MJ Clarke,DR Smith,0,0,"",""
ball,1,9.6,Australia,RT Ponting,MJ Clarke,DR Smith,0,1,"",""
ball,1,9.7,Australia,RT Ponting,MJ Clarke,DR Smith,3,0,"",""
ball,1,10.1,Australia,RT Ponting,MJ Clarke,DJG Sammy,0,1,"",""
ball,1,10.2,Australia,RT Ponting,MJ Clarke,DJG Sammy,0,0,"",""
ball,1,10.3,Australia,RT Ponting,MJ Clarke,DJG Sammy,0,1,"",""
ball,1,10.4,Australia,RT Ponting,MJ Clarke,DJG Sammy,0,0,"",""
ball,1,10.5,Australia,RT Ponting,MJ Clarke,DJG Sammy,0,0,"",""
ball,1,10.6,Australia,RT Ponting,MJ Clarke,DJG Sammy,0,0,"",""
ball,1,10.7,Australia,RT Ponting,MJ Clarke,DJG Sammy,0,0,"",""
ball,1,10.8,Australia,RT Ponting,MJ Clarke,DJG Sammy,0,0,"",""
ball,1,11.1,Australia,MJ Clarke,RT Ponting,DR Smith,0,0,"",""
ball,1,11.2,Australia,MJ Clarke,RT Ponting,DR Smith,0,0,"",""
ball,1,11.3,Australia,MJ Clarke,RT Ponting,DR Smith,0,0,"",""
ball,1,11.4,Australia,MJ Clarke,RT Ponting,DR Smith,1,0,"",""
ball,1,11.5,Australia,RT Ponting,MJ Clarke,DR Smith,0,0,"",""
ball,1,11.6,Australia,RT Ponting,MJ Clarke,DR Smith,4,0,"",""
ball,1,12.1,Australia,MJ Clarke,RT Ponting,DJG Sammy,4,0,"",""
ball,1,12.2,Australia,MJ Clarke,RT Ponting,DJG Sammy,0,0,"",""
ball,1,12.3,Australia,MJ Clarke,RT Ponting,DJG Sammy,0,1,"",""
ball,1,12.4,Australia,MJ Clarke,RT Ponting,DJG Sammy,0,0,"",""
ball,1,12.5,Australia,MJ Clarke,RT Ponting,DJG Sammy,1,0,"",""
ball,1,12.6,Australia,RT Ponting,MJ Clarke,DJG Sammy,1,0,"",""
ball,1,12.7,Australia,MJ Clarke,RT Ponting,DJG Sammy,1,0,"",""
ball,1,13.1,Australia,MJ Clarke,RT Ponting,DR Smith,0,0,"",""
ball,1,13.2,Australia,MJ Clarke,RT Ponting,DR Smith,1,0,"",""
ball,1,13.3,Australia,RT Ponting,MJ Clarke,DR Smith,4,0,"",""
ball,1,13.4,Australia,RT Ponting,MJ Clarke,DR Smith,0,1,"",""
ball,1,13.5,Australia,RT Ponting,MJ Clarke,DR Smith,0,0,"",""
ball,1,13.6,Australia,RT Ponting,MJ Clarke,DR Smith,0,0,"",""
ball,1,13.7,Australia,RT Ponting,MJ Clarke,DR Smith,1,0,"",""
ball,1,14.1,Australia,RT Ponting,MJ Clarke,DJG Sammy,1,0,"",""
ball,1,14.2,Australia,MJ Clarke,RT Ponting,DJG Sammy,0,0,"",""
ball,1,14.3,Australia,MJ Clarke,RT Ponting,DJG Sammy,0,0,"",""
ball,1,14.4,Australia,MJ Clarke,RT Ponting,DJG Sammy,0,1,"",""
ball,1,14.5,Australia,MJ Clarke,RT Ponting,DJG Sammy,2,0,"",""
ball,1,14.6,Australia,MJ Clarke,RT Ponting,DJG Sammy,2,0,"",""
ball,1,14.7,Australia,MJ Clarke,RT Ponting,DJG Sammy,0,0,"",""
ball,1,15.1,Australia,RT Ponting,MJ Clarke,KA Pollard,1,0,"",""
ball,1,15.2,Australia,MJ Clarke,RT Ponting,KA Pollard,1,0,"",""
ball,1,15.3,Australia,RT Ponting,MJ Clarke,KA Pollard,0,0,"",""
ball,1,15.4,Australia,RT Ponting,MJ Clarke,KA Pollard,0,0,"",""
ball,1,15.5,Australia,RT Ponting,MJ Clarke,KA Pollard,1,0,"",""
ball,1,15.6,Australia,MJ Clarke,RT Ponting,KA Pollard,1,0,"",""
ball,1,16.1,Australia,MJ Clarke,RT Ponting,DJG Sammy,0,0,"",""
ball,1,16.2,Australia,MJ Clarke,RT Ponting,DJG Sammy,0,0,"",""
ball,1,16.3,Australia,MJ Clarke,RT Ponting,DJG Sammy,1,0,"",""
ball,1,16.4,Australia,RT Ponting,MJ Clarke,DJG Sammy,1,0,"",""
ball,1,16.5,Australia,MJ Clarke,RT Ponting,DJG Sammy,1,0,"",""
ball,1,16.6,Australia,RT Ponting,MJ Clarke,DJG Sammy,0,0,"",""
ball,1,17.1,Australia,MJ Clarke,RT Ponting,KA Pollard,0,0,"",""
ball,1,17.2,Australia,MJ Clarke,RT Ponting,KA Pollard,1,0,"",""
ball,1,17.3,Australia,RT Ponting,MJ Clarke,KA Pollard,0,0,"",""
ball,1,17.4,Australia,RT Ponting,MJ Clarke,KA Pollard,1,0,"",""
ball,1,17.5,Australia,MJ Clarke,RT Ponting,KA Pollard,1,0,"",""
ball,1,17.6,Australia,RT Ponting,MJ Clarke,KA Pollard,0,0,"",""
ball,1,18.1,Australia,MJ Clarke,RT Ponting,DJG Sammy,0,0,"",""
ball,1,18.2,Australia,MJ Clarke,RT Ponting,DJG Sammy,1,0,"",""
ball,1,18.3,Australia,RT Ponting,MJ Clarke,DJG Sammy,0,0,"",""
ball,1,18.4,Australia,RT Ponting,MJ Clarke,DJG Sammy,0,0,bowled,RT Ponting
ball,1,18.5,Australia,CL White,MJ Clarke,DJG Sammy,1,0,"",""
ball,1,18.6,Australia,MJ Clarke,CL White,DJG Sammy,0,0,"",""
ball,1,19.1,Australia,CL White,MJ Clarke,KA Pollard,0,0,"",""
ball,1,19.2,Australia,CL White,MJ Clarke,KA Pollard,0,0,"",""
ball,1,19.3,Australia,CL White,MJ Clarke,KA Pollard,0,0,"",""
ball,1,19.4,Australia,CL White,MJ Clarke,KA Pollard,0,0,"",""
ball,1,19.5,Australia,CL White,MJ Clarke,KA Pollard,0,0,"",""
ball,1,19.6,Australia,CL White,MJ Clarke,KA Pollard,0,0,"",""
ball,1,20.1,Australia,MJ Clarke,CL White,DJG Sammy,1,0,"",""
ball,1,20.2,Australia,CL White,MJ Clarke,DJG Sammy,4,0,"",""
ball,1,20.3,Australia,CL White,MJ Clarke,DJG Sammy,0,0,"",""
ball,1,20.4,Australia,CL White,MJ Clarke,DJG Sammy,0,0,"",""
ball,1,20.5,Australia,CL White,MJ Clarke,DJG Sammy,1,0,"",""
ball,1,20.6,Australia,MJ Clarke,CL White,DJG Sammy,1,0,"",""
ball,1,21.1,Australia,MJ Clarke,CL White,KA Pollard,1,0,"",""
ball,1,21.2,Australia,CL White,MJ Clarke,KA Pollard,0,0,"",""
ball,1,21.3,Australia,CL White,MJ Clarke,KA Pollard,0,0,"",""
ball,1,21.4,Australia,CL White,MJ Clarke,KA Pollard,1,0,"",""
ball,1,21.5,Australia,MJ Clarke,CL White,KA Pollard,1,0,"",""
ball,1,21.6,Australia,CL White,MJ Clarke,KA Pollard,1,0,"",""
ball,1,22.1,Australia,CL White,MJ Clarke,NO Miller,0,0,"",""
ball,1,22.2,Australia,CL White,MJ Clarke,NO Miller,0,0,"",""
ball,1,22.3,Australia,CL White,MJ Clarke,NO Miller,1,0,"",""
ball,1,22.4,Australia,MJ Clarke,CL White,NO Miller,0,0,"",""
ball,1,22.5,Australia,MJ Clarke,CL White,NO Miller,1,0,"",""
ball,1,22.6,Australia,CL White,MJ Clarke,NO Miller,1,0,"",""
ball,1,23.1,Australia,CL White,MJ Clarke,KA Pollard,0,0,"",""
ball,1,23.2,Australia,CL White,MJ Clarke,KA Pollard,0,0,"",""
ball,1,23.3,Australia,CL White,MJ Clarke,KA Pollard,0,0,"",""
ball,1,23.4,Australia,CL White,MJ Clarke,KA Pollard,1,0,"",""
ball,1,23.5,Australia,MJ Clarke,CL White,KA Pollard,1,0,"",""
ball,1,23.6,Australia,CL White,MJ Clarke,KA Pollard,0,0,"",""
ball,1,24.1,Australia,MJ Clarke,CL White,NO Miller,0,0,"",""
ball,1,24.2,Australia,MJ Clarke,CL White,NO Miller,0,0,"",""
ball,1,24.3,Australia,MJ Clarke,CL White,NO Miller,1,0,"",""
ball,1,24.4,Australia,CL White,MJ Clarke,NO Miller,0,0,"",""
ball,1,24.5,Australia,CL White,MJ Clarke,NO Miller,0,0,"",""
ball,1,24.6,Australia,CL White,MJ Clarke,NO Miller,0,0,"",""
ball,1,25.1,Australia,MJ Clarke,CL White,KA Pollard,1,0,"",""
ball,1,25.2,Australia,CL White,MJ Clarke,KA Pollard,0,0,"",""
ball,1,25.3,Australia,CL White,MJ Clarke,KA Pollard,0,0,"",""
ball,1,25.4,Australia,CL White,MJ Clarke,KA Pollard,0,0,"",""
ball,1,25.5,Australia,CL White,MJ Clarke,KA Pollard,1,0,"",""
ball,1,25.6,Australia,MJ Clarke,CL White,KA Pollard,1,0,"",""
ball,1,26.1,Australia,MJ Clarke,CL White,NO Miller,0,0,"",""
ball,1,26.2,Australia,MJ Clarke,CL White,NO Miller,0,0,"",""
ball,1,26.3,Australia,MJ Clarke,CL White,NO Miller,0,0,"",""
ball,1,26.4,Australia,MJ Clarke,CL White,NO Miller,1,0,"",""
ball,1,26.5,Australia,CL White,MJ Clarke,NO Miller,0,0,"",""
ball,1,26.6,Australia,CL White,MJ Clarke,NO Miller,1,0,"",""
ball,1,27.1,Australia,CL White,MJ Clarke,KA Pollard,1,0,"",""
ball,1,27.2,Australia,MJ Clarke,CL White,KA Pollard,0,0,"",""
ball,1,27.3,Australia,MJ Clarke,CL White,KA Pollard,0,0,"",""
ball,1,27.4,Australia,MJ Clarke,CL White,KA Pollard,0,0,"",""
ball,1,27.5,Australia,MJ Clarke,CL White,KA Pollard,1,0,"",""
ball,1,27.6,Australia,CL White,MJ Clarke,KA Pollard,1,0,"",""
ball,1,28.1,Australia,CL White,MJ Clarke,NO Miller,0,0,"",""
ball,1,28.2,Australia,CL White,MJ Clarke,NO Miller,0,0,"",""
ball,1,28.3,Australia,CL White,MJ Clarke,NO Miller,1,0,"",""
ball,1,28.4,Australia,MJ Clarke,CL White,NO Miller,1,0,"",""
ball,1,28.5,Australia,CL White,MJ Clarke,NO Miller,0,0,"",""
ball,1,28.6,Australia,CL White,MJ Clarke,NO Miller,1,0,"",""
ball,1,29.1,Australia,CL White,MJ Clarke,KA Pollard,0,0,caught,CL White
ball,1,29.2,Australia,MEK Hussey,MJ Clarke,KA Pollard,0,0,"",""
ball,1,29.3,Australia,MEK Hussey,MJ Clarke,KA Pollard,0,0,"",""
ball,1,29.4,Australia,MEK Hussey,MJ Clarke,KA Pollard,0,0,"",""
ball,1,29.5,Australia,MEK Hussey,MJ Clarke,KA Pollard,0,0,"",""
ball,1,29.6,Australia,MEK Hussey,MJ Clarke,KA Pollard,0,0,"",""
ball,1,30.1,Australia,MJ Clarke,MEK Hussey,NO Miller,0,0,"",""
ball,1,30.2,Australia,MJ Clarke,MEK Hussey,NO Miller,0,0,"",""
ball,1,30.3,Australia,MJ Clarke,MEK Hussey,NO Miller,1,0,"",""
ball,1,30.4,Australia,MEK Hussey,MJ Clarke,NO Miller,0,0,"",""
ball,1,30.5,Australia,MEK Hussey,MJ Clarke,NO Miller,1,0,"",""
ball,1,30.6,Australia,MJ Clarke,MEK Hussey,NO Miller,0,0,"",""
ball,1,31.1,Australia,MEK Hussey,MJ Clarke,KA Pollard,1,0,"",""
ball,1,31.2,Australia,MJ Clarke,MEK Hussey,KA Pollard,0,0,"",""
ball,1,31.3,Australia,MJ Clarke,MEK Hussey,KA Pollard,1,0,"",""
ball,1,31.4,Australia,MEK Hussey,MJ Clarke,KA Pollard,0,0,"",""
ball,1,31.5,Australia,MEK Hussey,MJ Clarke,KA Pollard,4,0,"",""
ball,1,31.6,Australia,MEK Hussey,MJ Clarke,KA Pollard,1,0,"",""
ball,1,32.1,Australia,MEK Hussey,MJ Clarke,NO Miller,2,0,"",""
ball,1,32.2,Australia,MEK Hussey,MJ Clarke,NO Miller,1,0,"",""
ball,1,32.3,Australia,MJ Clarke,MEK Hussey,NO Miller,1,0,"",""
ball,1,32.4,Australia,MEK Hussey,MJ Clarke,NO Miller,1,0,"",""
ball,1,32.5,Australia,MJ Clarke,MEK Hussey,NO Miller,1,0,"",""
ball,1,32.6,Australia,MEK Hussey,MJ Clarke,NO Miller,1,0,"",""
ball,1,33.1,Australia,MEK Hussey,MJ Clarke,DJG Sammy,2,0,"",""
ball,1,33.2,Australia,MEK Hussey,MJ Clarke,DJG Sammy,0,0,"",""
ball,1,33.3,Australia,MEK Hussey,MJ Clarke,DJG Sammy,1,0,"",""
ball,1,33.4,Australia,MJ Clarke,MEK Hussey,DJG Sammy,2,0,"",""
ball,1,33.5,Australia,MJ Clarke,MEK Hussey,DJG Sammy,1,0,"",""
ball,1,33.6,Australia,MEK Hussey,MJ Clarke,DJG Sammy,0,0,"",""
ball,1,34.1,Australia,MJ Clarke,MEK Hussey,NO Miller,1,0,"",""
ball,1,34.2,Australia,MEK Hussey,MJ Clarke,NO Miller,0,0,"",""
ball,1,34.3,Australia,MEK Hussey,MJ Clarke,NO Miller,1,0,"",""
ball,1,34.4,Australia,MJ Clarke,MEK Hussey,NO Miller,0,0,"",""
ball,1,34.5,Australia,MJ Clarke,MEK Hussey,NO Miller,1,0,"",""
ball,1,34.6,Australia,MEK Hussey,MJ Clarke,NO Miller,0,0,"",""
ball,1,35.1,Australia,MJ Clarke,MEK Hussey,DJG Sammy,1,0,"",""
ball,1,35.2,Australia,MEK Hussey,MJ Clarke,DJG Sammy,0,0,"",""
ball,1,35.3,Australia,MEK Hussey,MJ Clarke,DJG Sammy,1,0,"",""
ball,1,35.4,Australia,MJ Clarke,MEK Hussey,DJG Sammy,2,0,"",""
ball,1,35.5,Australia,MJ Clarke,MEK Hussey,DJG Sammy,1,0,"",""
ball,1,35.6,Australia,MEK Hussey,MJ Clarke,DJG Sammy,2,0,"",""
ball,1,36.1,Australia,MJ Clarke,MEK Hussey,NO Miller,0,0,"",""
ball,1,36.2,Australia,MJ Clarke,MEK Hussey,NO Miller,0,0,"",""
ball,1,36.3,Australia,MJ Clarke,MEK Hussey,NO Miller,1,0,"",""
ball,1,36.4,Australia,MEK Hussey,MJ Clarke,NO Miller,3,0,"",""
ball,1,36.5,Australia,MJ Clarke,MEK Hussey,NO Miller,0,0,"",""
ball,1,36.6,Australia,MJ Clarke,MEK Hussey,NO Miller,1,0,"",""
ball,1,37.1,Australia,MJ Clarke,MEK Hussey,DJG Sammy,0,0,caught,MJ Clarke
ball,1,37.2,Australia,JR Hopes,MEK Hussey,DJG Sammy,0,1,"",""
ball,1,37.3,Australia,MEK Hussey,JR Hopes,DJG Sammy,1,0,"",""
ball,1,37.4,Australia,JR Hopes,MEK Hussey,DJG Sammy,1,0,"",""
ball,1,37.5,Australia,MEK Hussey,JR Hopes,DJG Sammy,0,0,"",""
ball,1,37.6,Australia,MEK Hussey,JR Hopes,DJG Sammy,1,0,"",""
ball,1,38.1,Australia,MEK Hussey,JR Hopes,NO Miller,0,0,"",""
ball,1,38.2,Australia,MEK Hussey,JR Hopes,NO Miller,1,0,"",""
ball,1,38.3,Australia,JR Hopes,MEK Hussey,NO Miller,0,0,"",""
ball,1,38.4,Australia,JR Hopes,MEK Hussey,NO Miller,0,0,"",""
ball,1,38.5,Australia,JR Hopes,MEK Hussey,NO Miller,0,0,"",""
ball,1,38.6,Australia,JR Hopes,MEK Hussey,NO Miller,0,0,"",""
ball,1,39.1,Australia,MEK Hussey,JR Hopes,DJG Sammy,1,0,"",""
ball,1,39.2,Australia,JR Hopes,MEK Hussey,DJG Sammy,0,0,"",""
ball,1,39.3,Australia,JR Hopes,MEK Hussey,DJG Sammy,0,0,"",""
ball,1,39.4,Australia,JR Hopes,MEK Hussey,DJG Sammy,0,0,"",""
ball,1,39.5,Australia,JR Hopes,MEK Hussey,DJG Sammy,1,0,"",""
ball,1,39.6,Australia,MEK Hussey,JR Hopes,DJG Sammy,0,0,"",""
ball,1,40.1,Australia,JR Hopes,MEK Hussey,NO Miller,1,0,"",""
ball,1,40.2,Australia,MEK Hussey,JR Hopes,NO Miller,1,0,"",""
ball,1,40.3,Australia,JR Hopes,MEK Hussey,NO Miller,4,0,"",""
ball,1,40.4,Australia,JR Hopes,MEK Hussey,NO Miller,1,0,"",""
ball,1,40.5,Australia,MEK Hussey,JR Hopes,NO Miller,1,0,"",""
ball,1,40.6,Australia,JR Hopes,MEK Hussey,NO Miller,0,0,"",""
ball,1,41.1,Australia,MEK Hussey,JR Hopes,R Rampaul,0,0,"",""
ball,1,41.2,Australia,MEK Hussey,JR Hopes,R Rampaul,0,0,"",""
ball,1,41.3,Australia,MEK Hussey,JR Hopes,R Rampaul,4,0,"",""
ball,1,41.4,Australia,MEK Hussey,JR Hopes,R Rampaul,1,0,"",""
ball,1,41.5,Australia,JR Hopes,MEK Hussey,R Rampaul,0,0,"",""
ball,1,41.6,Australia,JR Hopes,MEK Hussey,R Rampaul,0,0,"",""
ball,1,42.1,Australia,MEK Hussey,JR Hopes,CH Gayle,1,0,"",""
ball,1,42.2,Australia,JR Hopes,MEK Hussey,CH Gayle,0,0,"",""
ball,1,42.3,Australia,JR Hopes,MEK Hussey,CH Gayle,1,0,"",""
ball,1,42.4,Australia,MEK Hussey,JR Hopes,CH Gayle,1,0,"",""
ball,1,42.5,Australia,JR Hopes,MEK Hussey,CH Gayle,4,0,"",""
ball,1,42.6,Australia,JR Hopes,MEK Hussey,CH Gayle,0,0,"",""
ball,1,43.1,Australia,MEK Hussey,JR Hopes,R Rampaul,1,0,"",""
ball,1,43.2,Australia,JR Hopes,MEK Hussey,R Rampaul,0,0,"",""
ball,1,43.3,Australia,JR Hopes,MEK Hussey,R Rampaul,0,0,"",""
ball,1,43.4,Australia,JR Hopes,MEK Hussey,R Rampaul,1,0,"",""
ball,1,43.5,Australia,MEK Hussey,JR Hopes,R Rampaul,0,0,"",""
ball,1,43.6,Australia,MEK Hussey,JR Hopes,R Rampaul,0,0,"",""
ball,1,44.1,Australia,JR Hopes,MEK Hussey,DR Smith,2,0,"",""
ball,1,44.2,Australia,JR Hopes,MEK Hussey,DR Smith,1,0,"",""
ball,1,44.3,Australia,MEK Hussey,JR Hopes,DR Smith,1,0,"",""
ball,1,44.4,Australia,JR Hopes,MEK Hussey,DR Smith,2,0,"",""
ball,1,44.5,Australia,JR Hopes,MEK Hussey,DR Smith,1,0,"",""
ball,1,44.6,Australia,MEK Hussey,JR Hopes,DR Smith,1,0,"",""
ball,1,45.1,Australia,MEK Hussey,JR Hopes,R Rampaul,1,0,"",""
ball,1,45.2,Australia,JR Hopes,MEK Hussey,R Rampaul,1,0,"",""
ball,1,45.3,Australia,MEK Hussey,JR Hopes,R Rampaul,2,0,"",""
ball,1,45.4,Australia,MEK Hussey,JR Hopes,R Rampaul,1,0,"",""
ball,1,45.5,Australia,JR Hopes,MEK Hussey,R Rampaul,1,0,"",""
ball,1,45.6,Australia,MEK Hussey,JR Hopes,R Rampaul,1,0,"",""
ball,1,46.1,Australia,MEK Hussey,JR Hopes,DR Smith,1,0,"",""
ball,1,46.2,Australia,JR Hopes,MEK Hussey,DR Smith,1,0,"",""
ball,1,46.3,Australia,MEK Hussey,JR Hopes,DR Smith,0,1,"",""
ball,1,46.4,Australia,JR Hopes,MEK Hussey,DR Smith,2,0,"",""
ball,1,46.5,Australia,JR Hopes,MEK Hussey,DR Smith,1,0,"",""
ball,1,46.6,Australia,MEK Hussey,JR Hopes,DR Smith,0,0,bowled,MEK Hussey
ball,1,47.1,Australia,JR Hopes,MG Johnson,R Rampaul,4,0,"",""
ball,1,47.2,Australia,JR Hopes,MG Johnson,R Rampaul,0,0,caught,JR Hopes
ball,1,47.3,Australia,NM Hauritz,MG Johnson,R Rampaul,0,1,"",""
ball,1,47.4,Australia,MG Johnson,NM Hauritz,R Rampaul,1,0,"",""
ball,1,47.5,Australia,NM Hauritz,MG Johnson,R Rampaul,2,0,"",""
ball,1,47.6,Australia,NM Hauritz,MG Johnson,R Rampaul,0,0,bowled,NM Hauritz
ball,1,48.1,Australia,MG Johnson,RJ Harris,DR Smith,1,0,"",""
ball,1,48.2,Australia,RJ Harris,MG Johnson,DR Smith,2,0,"",""
ball,1,48.3,Australia,RJ Harris,MG Johnson,DR Smith,0,1,"",""
ball,1,48.4,Australia,MG Johnson,RJ Harris,DR Smith,0,0,caught,MG Johnson
ball,1,48.5,Australia,RJ Harris,DE Bollinger,DR Smith,0,0,"",""
ball,1,48.6,Australia,RJ Harris,DE Bollinger,DR Smith,1,0,"",""
ball,1,49.1,Australia,RJ Harris,DE Bollinger,R Rampaul,4,0,"",""
ball,1,49.2,Australia,RJ Harris,DE Bollinger,R Rampaul,4,0,"",""
ball,1,49.3,Australia,RJ Harris,DE Bollinger,R Rampaul,4,0,"",""
ball,1,49.4,Australia,RJ Harris,DE Bollinger,R Rampaul,6,0,"",""
ball,1,49.5,Australia,RJ Harris,DE Bollinger,R Rampaul,0,0,caught,RJ Harris
ball,2,0.1,West Indies,CH Gayle,TM Dowlin,DE Bollinger,0,1,"",""
ball,2,0.2,West Indies,CH Gayle,TM Dowlin,DE Bollinger,0,0,"",""
ball,2,0.3,West Indies,CH Gayle,TM Dowlin,DE Bollinger,0,0,"",""
ball,2,0.4,West Indies,CH Gayle,TM Dowlin,DE Bollinger,0,1,"",""
ball,2,0.5,West Indies,CH Gayle,TM Dowlin,DE Bollinger,0,0,"",""
ball,2,0.6,West Indies,CH Gayle,TM Dowlin,DE Bollinger,0,0,"",""
ball,2,0.7,West Indies,CH Gayle,TM Dowlin,DE Bollinger,0,4,"",""
ball,2,0.8,West Indies,CH Gayle,TM Dowlin,DE Bollinger,0,0,"",""
