version,1.3.0
info,team,Australia
info,team,West Indies
info,gender,male
info,season,2009/10
info,date,2010/02/19
info,series,West Indies in Australia ODI Series
info,match_number,5
info,venue,Melbourne Cricket Ground
info,city,
info,toss_winner,Australia
info,toss_decision,bat
info,player_of_match,JR Hopes
info,umpire,BF Bowden
info,umpire,BNJ Oxenford
info,reserve_umpire,JD Ward
info,tv_umpire,PR Reiffel
info,match_referee,J Srinath
info,winner,Australia
info,winner_runs,125
ball,1,0.1,Australia,SR Watson,BJ Haddin,R Rampaul,0,0,"",""
ball,1,0.2,Australia,SR Watson,BJ Haddin,R Rampaul,0,0,"",""
ball,1,0.3,Australia,SR Watson,BJ Haddin,R Rampaul,0,0,"",""
ball,1,0.4,Australia,SR Watson,BJ Haddin,R Rampaul,0,0,"",""
ball,1,0.5,Australia,SR Watson,BJ Haddin,R Rampaul,1,0,"",""
ball,1,0.6,Australia,BJ Haddin,SR Watson,R Rampaul,0,0,"",""
ball,1,1.1,Australia,SR Watson,BJ Haddin,DR Smith,1,0,"",""
ball,1,1.2,Australia,BJ Haddin,SR Watson,DR Smith,0,0,"",""
ball,1,1.3,Australia,BJ Haddin,SR Watson,DR Smith,1,0,"",""
ball,1,1.4,Australia,SR Watson,BJ Haddin,DR Smith,0,0,"",""
ball,1,1.5,Australia,SR Watson,BJ Haddin,DR Smith,0,0,"",""
ball,1,1.6,Australia,SR Watson,BJ Haddin,DR Smith,4,0,"",""
ball,1,2.1,Australia,BJ Haddin,SR Watson,R Rampaul,0,0,"",""
ball,1,2.2,Australia,BJ Haddin,SR Watson,R Rampaul,0,0,"",""
ball,1,2.3,Australia,BJ Haddin,SR Watson,R Rampaul,1,0,"",""
ball,1,2.4,Australia,SR Watson,BJ Haddin,R Rampaul,0,0,"",""
ball,1,2.5,Australia,SR Watson,BJ Haddin,R Rampaul,1,0,"",""
ball,1,2.6,Australia,BJ Haddin,SR Watson,R Rampaul,1,0,"",""
ball,1,3.1,Australia,BJ Haddin,SR Watson,DR Smith,0,0,"",""
ball,1,3.2,Australia,BJ Haddin,SR Watson,DR Smith,4,0,"",""
ball,1,3.3,Australia,BJ Haddin,SR Watson,DR Smith,0,0,"",""
ball,1,3.4,Australia,BJ Haddin,SR Watson,DR Smith,0,0,"",""
ball,1,3.5,Australia,BJ Haddin,SR Watson,DR Smith,0,0,"",""
ball,1,3.6,Australia,BJ Haddin,SR Watson,DR Smith,0,0,"",""
ball,1,4.1,Australia,SR Watson,BJ Haddin,R Rampaul,0,0,"",""
ball,1,4.2,Australia,SR Watson,BJ Haddin,R Rampaul,4,0,"",""
ball,1,4.3,Australia,SR Watson,BJ Haddin,R Rampaul,6,0,"",""
ball,1,4.4,Australia,SR Watson,BJ Haddin,R Rampaul,0,1,"",""
ball,1,4.5,Australia,SR Watson,BJ Haddin,R Rampaul,1,0,"",""
ball,1,4.6,Australia,BJ Haddin,SR Watson,R Rampaul,1,0,"",""
ball,1,4.7,Australia,SR Watson,BJ Haddin,R Rampaul,1,0,"",""
ball,1,5.1,Australia,SR Watson,BJ Haddin,DR Smith,0,0,"",""
ball,1,5.2,Australia,SR Watson,BJ Haddin,DR Smith,1,0,"",""
ball,1,5.3,Australia,BJ Haddin,SR Watson,DR Smith,1,0,"",""
ball,1,5.4,Australia,SR Watson,BJ Haddin,DR Smith,2,0,"",""
ball,1,5.5,Australia,SR Watson,BJ Haddin,DR Smith,0,0,"",""
ball,1,5.6,Australia,SR Watson,BJ Haddin,DR Smith,1,0,"",""
ball,1,6.1,Australia,SR Watson,BJ Haddin,R Rampaul,0,1,"",""
ball,1,6.2,Australia,SR Watson,BJ Haddin,R Rampaul,4,0,"",""
ball,1,6.3,Australia,SR Watson,BJ Haddin,R Rampaul,1,0,"",""
ball,1,6.4,Australia,BJ Haddin,SR Watson,R Rampaul,1,0,"",""
ball,1,6.5,Australia,SR Watson,BJ Haddin,R Rampaul,1,0,"",""
ball,1,6.6,Australia,BJ Haddin,SR Watson,R Rampaul,1,0,"",""
ball,1,6.7,Australia,SR Watson,BJ Haddin,R Rampaul,0,0,"",""
ball,1,7.1,Australia,BJ Haddin,SR Watson,DR Smith,0,0,"",""
ball,1,7.2,Australia,BJ Haddin,SR Watson,DR Smith,1,0,"",""
ball,1,7.3,Australia,SR Watson,BJ Haddin,DR Smith,1,0,"",""
ball,1,7.4,Australia,BJ Haddin,SR Watson,DR Smith,0,0,"",""
ball,1,7.5,Australia,BJ Haddin,SR Watson,DR Smith,0,0,"",""
ball,1,7.6,Australia,BJ Haddin,SR Watson,DR Smith,6,0,"",""
ball,1,8.1,Australia,SR Watson,BJ Haddin,NO Miller,0,0,"",""
ball,1,8.2,Australia,SR Watson,BJ Haddin,NO Miller,1,0,"",""
ball,1,8.3,Australia,BJ Haddin,SR Watson,NO Miller,1,0,"",""
ball,1,8.4,Australia,SR Watson,BJ Haddin,NO Miller,0,0,"",""
ball,1,8.5,Australia,SR Watson,BJ Haddin,NO Miller,0,0,"",""
ball,1,8.6,Australia,SR Watson,BJ Haddin,NO Miller,1,0,"",""
ball,1,9.1,Australia,SR Watson,BJ Haddin,DJG Sammy,0,0,"",""
ball,1,9.2,Australia,SR Watson,BJ Haddin,DJG Sammy,0,0,"",""
ball,1,9.3,Australia,SR Watson,BJ Haddin,DJG Sammy,0,0,"",""
ball,1,9.4,Australia,SR Watson,BJ Haddin,DJG Sammy,6,0,"",""
ball,1,9.5,Australia,SR Watson,BJ Haddin,DJG Sammy,1,0,"",""
ball,1,9.6,Australia,BJ Haddin,SR Watson,DJG Sammy,0,0,"",""
ball,1,10.1,Australia,SR Watson,BJ Haddin,NO Miller,0,0,"",""
ball,1,10.2,Australia,SR Watson,BJ Haddin,NO Miller,1,0,"",""
ball,1,10.3,Australia,BJ Haddin,SR Watson,NO Miller,0,0,"",""
ball,1,10.4,Australia,BJ Haddin,SR Watson,NO Miller,0,0,"",""
ball,1,10.5,Australia,BJ Haddin,SR Watson,NO Miller,1,0,"",""
ball,1,10.6,Australia,SR Watson,BJ Haddin,NO Miller,1,0,"",""
ball,1,11.1,Australia,SR Watson,BJ Haddin,DJG Sammy,0,0,"",""
ball,1,11.2,Australia,SR Watson,BJ Haddin,DJG Sammy,0,0,"",""
ball,1,11.3,Australia,SR Watson,BJ Haddin,DJG Sammy,0,0,"",""
ball,1,11.4,Australia,SR Watson,BJ Haddin,DJG Sammy,2,0,"",""
ball,1,11.5,Australia,SR Watson,BJ Haddin,DJG Sammy,1,0,"",""
ball,1,11.6,Australia,BJ Haddin,SR Watson,DJG Sammy,1,0,"",""
ball,1,12.1,Australia,BJ Haddin,SR Watson,NO Miller,1,0,"",""
ball,1,12.2,Australia,SR Watson,BJ Haddin,NO Miller,0,0,"",""
ball,1,12.3,Australia,SR Watson,BJ Haddin,NO Miller,0,0,"",""
ball,1,12.4,Australia,SR Watson,BJ Haddin,NO Miller,1,0,"",""
ball,1,12.5,Australia,BJ Haddin,SR Watson,NO Miller,6,0,"",""
ball,1,12.6,Australia,BJ Haddin,SR Watson,NO Miller,0,0,"",""
ball,1,13.1,Australia,SR Watson,BJ Haddin,DJG Sammy,6,0,"",""
ball,1,13.2,Australia,SR Watson,BJ Haddin,DJG Sammy,0,0,"",""
ball,1,13.3,Australia,SR Watson,BJ Haddin,DJG Sammy,0,0,caught,SR Watson
ball,1,13.4,Australia,BJ Haddin,RT Ponting,DJG Sammy,0,0,"",""
ball,1,13.5,Australia,BJ Haddin,RT Ponting,DJG Sammy,0,0,"",""
ball,1,13.6,Australia,BJ Haddin,RT Ponting,DJG Sammy,1,0,"",""
ball,1,14.1,Australia,BJ Haddin,RT Ponting,KA Pollard,1,0,"",""
ball,1,14.2,Australia,RT Ponting,BJ Haddin,KA Pollard,1,0,"",""
ball,1,14.3,Australia,BJ Haddin,RT Ponting,KA Pollard,0,0,"",""
ball,1,14.4,Australia,BJ Haddin,RT Ponting,KA Pollard,0,0,"",""
ball,1,14.5,Australia,BJ Haddin,RT Ponting,KA Pollard,1,0,"",""
ball,1,14.6,Australia,RT Ponting,BJ Haddin,KA Pollard,0,0,"",""
ball,1,15.1,Australia,BJ Haddin,RT Ponting,DJG Sammy,1,0,"",""
ball,1,15.2,Australia,RT Ponting,BJ Haddin,DJG Sammy,0,0,"",""
ball,1,15.3,Australia,RT Ponting,BJ Haddin,DJG Sammy,0,0,"",""
ball,1,15.4,Australia,RT Ponting,BJ Haddin,DJG Sammy,1,0,"",""
ball,1,15.5,Australia,BJ Haddin,RT Ponting,DJG Sammy,0,0,"",""
ball,1,15.6,Australia,BJ Haddin,RT Ponting,DJG Sammy,0,0,"",""
ball,1,16.1,Australia,RT Ponting,BJ Haddin,KA Pollard,1,0,"",""
ball,1,16.2,Australia,BJ Haddin,RT Ponting,KA Pollard,0,0,bowled,BJ Haddin
ball,1,16.3,Australia,MJ Clarke,RT Ponting,KA Pollard,0,1,"",""
ball,1,16.4,Australia,MJ Clarke,RT Ponting,KA Pollard,0,0,"",""
ball,1,16.5,Australia,MJ Clarke,RT Ponting,KA Pollard,0,0,"",""
ball,1,16.6,Australia,MJ Clarke,RT Ponting,KA Pollard,0,0,"",""
ball,1,16.7,Australia,MJ Clarke,RT Ponting,KA Pollard,0,0,"",""
ball,1,17.1,Australia,RT Ponting,MJ Clarke,DJG Sammy,1,0,"",""
ball,1,17.2,Australia,MJ Clarke,RT Ponting,DJG Sammy,0,0,"",""
ball,1,17.3,Australia,MJ Clarke,RT Ponting,DJG Sammy,0,0,"",""
ball,1,17.4,Australia,MJ Clarke,RT Ponting,DJG Sammy,3,0,"",""
ball,1,17.5,Australia,RT Ponting,MJ Clarke,DJG Sammy,0,0,"",""
ball,1,17.6,Australia,RT Ponting,MJ Clarke,DJG Sammy,1,0,"",""
ball,1,18.1,Australia,RT Ponting,MJ Clarke,KA Pollard,1,0,"",""
ball,1,18.2,Australia,MJ Clarke,RT Ponting,KA Pollard,1,0,"",""
ball,1,18.3,Australia,RT Ponting,MJ Clarke,KA Pollard,1,0,"",""
ball,1,18.4,Australia,MJ Clarke,RT Ponting,KA Pollard,1,0,"",""
ball,1,18.5,Australia,RT Ponting,MJ Clarke,KA Pollard,1,0,"",""
ball,1,18.6,Australia,MJ Clarke,RT Ponting,KA Pollard,1,0,"",""
ball,1,19.1,Australia,MJ Clarke,RT Ponting,DJG Sammy,1,0,"",""
ball,1,19.2,Australia,RT Ponting,MJ Clarke,DJG Sammy,0,0,"",""
ball,1,19.3,Australia,RT Ponting,MJ Clarke,DJG Sammy,1,0,"",""
ball,1,19.4,Australia,MJ Clarke,RT Ponting,DJG Sammy,1,0,"",""
ball,1,19.5,Australia,RT Ponting,MJ Clarke,DJG Sammy,1,0,"",""
ball,1,19.6,Australia,MJ Clarke,RT Ponting,DJG Sammy,0,0,"",""
ball,1,20.1,Australia,RT Ponting,MJ Clarke,KA Pollard,1,0,"",""
ball,1,20.2,Australia,MJ Clarke,RT Ponting,KA Pollard,1,0,"",""
ball,1,20.3,Australia,RT Ponting,MJ Clarke,KA Pollard,2,0,"",""
ball,1,20.4,Australia,RT Ponting,MJ Clarke,KA Pollard,1,0,"",""
ball,1,20.5,Australia,MJ Clarke,RT Ponting,KA Pollard,1,0,"",""
ball,1,20.6,Australia,RT Ponting,MJ Clarke,KA Pollard,1,0,"",""
ball,1,21.1,Australia,RT Ponting,MJ Clarke,DJG Sammy,2,0,"",""
ball,1,21.2,Australia,RT Ponting,MJ Clarke,DJG Sammy,1,0,"",""
ball,1,21.3,Australia,MJ Clarke,RT Ponting,DJG Sammy,1,0,"",""
ball,1,21.4,Australia,RT Ponting,MJ Clarke,DJG Sammy,1,0,"",""
ball,1,21.5,Australia,MJ Clarke,RT Ponting,DJG Sammy,1,0,"",""
ball,1,21.6,Australia,RT Ponting,MJ Clarke,DJG Sammy,0,0,"",""
ball,1,22.1,Australia,MJ Clarke,RT Ponting,KA Pollard,6,0,"",""
ball,1,22.2,Australia,MJ Clarke,RT Ponting,KA Pollard,0,0,"",""
ball,1,22.3,Australia,MJ Clarke,RT Ponting,KA Pollard,1,0,"",""
ball,1,22.4,Australia,RT Ponting,MJ Clarke,KA Pollard,1,0,"",""
ball,1,22.5,Australia,MJ Clarke,RT Ponting,KA Pollard,0,1,"",""
ball,1,22.6,Australia,MJ Clarke,RT Ponting,KA Pollard,1,0,"",""
ball,1,22.7,Australia,RT Ponting,MJ Clarke,KA Pollard,4,0,"",""
ball,1,23.1,Australia,MJ Clarke,RT Ponting,CH Gayle,1,0,"",""
ball,1,23.2,Australia,RT Ponting,MJ Clarke,CH Gayle,1,0,"",""
ball,1,23.3,Australia,MJ Clarke,RT Ponting,CH Gayle,1,0,"",""
ball,1,23.4,Australia,RT Ponting,MJ Clarke,CH Gayle,0,0,"",""
ball,1,23.5,Australia,RT Ponting,MJ Clarke,CH Gayle,1,0,"",""
ball,1,23.6,Australia,MJ Clarke,RT Ponting,CH Gayle,0,0,"",""
ball,1,24.1,Australia,RT Ponting,MJ Clarke,NO Miller,1,0,"",""
ball,1,24.2,Australia,MJ Clarke,RT Ponting,NO Miller,1,0,"",""
ball,1,24.3,Australia,RT Ponting,MJ Clarke,NO Miller,0,0,"",""
ball,1,24.4,Australia,RT Ponting,MJ Clarke,NO Miller,1,0,"",""
ball,1,24.5,Australia,MJ Clarke,RT Ponting,NO Miller,0,0,"",""
ball,1,24.6,Australia,MJ Clarke,RT Ponting,NO Miller,1,0,"",""
ball,1,25.1,Australia,MJ Clarke,RT Ponting,CH Gayle,1,0,"",""
ball,1,25.2,Australia,RT Ponting,MJ Clarke,CH Gayle,1,0,"",""
ball,1,25.3,Australia,MJ Clarke,RT Ponting,CH Gayle,1,0,"",""
ball,1,25.4,Australia,RT Ponting,MJ Clarke,CH Gayle,0,0,"",""
ball,1,25.5,Australia,RT Ponting,MJ Clarke,CH Gayle,2,0,"",""
ball,1,25.6,Australia,RT Ponting,MJ Clarke,CH Gayle,1,0,"",""
ball,1,26.1,Australia,RT Ponting,MJ Clarke,NO Miller,6,0,"",""
ball,1,26.2,Australia,RT Ponting,MJ Clarke,NO Miller,0,0,"",""
ball,1,26.3,Australia,RT Ponting,MJ Clarke,NO Miller,1,0,"",""
ball,1,26.4,Australia,MJ Clarke,RT Ponting,NO Miller,1,0,"",""
ball,1,26.5,Australia,RT Ponting,MJ Clarke,NO Miller,1,0,"",""
ball,1,26.6,Australia,MJ Clarke,RT Ponting,NO Miller,1,0,"",""
ball,1,27.1,Australia,MJ Clarke,RT Ponting,CH Gayle,2,0,"",""
ball,1,27.2,Australia,MJ Clarke,RT Ponting,CH Gayle,1,0,"",""
ball,1,27.3,Australia,RT Ponting,MJ Clarke,CH Gayle,1,0,"",""
ball,1,27.4,Australia,MJ Clarke,RT Ponting,CH Gayle,0,0,"",""
ball,1,27.5,Australia,MJ Clarke,RT Ponting,CH Gayle,1,0,"",""
ball,1,27.6,Australia,RT Ponting,MJ Clarke,CH Gayle,2,0,"",""
ball,1,28.1,Australia,MJ Clarke,RT Ponting,N Deonarine,1,0,"",""
ball,1,28.2,Australia,RT Ponting,MJ Clarke,N Deonarine,1,0,"",""
ball,1,28.3,Australia,MJ Clarke,RT Ponting,N Deonarine,1,0,"",""
ball,1,28.4,Australia,RT Ponting,MJ Clarke,N Deonarine,1,0,"",""
ball,1,28.5,Australia,MJ Clarke,RT Ponting,N Deonarine,0,0,"",""
ball,1,28.6,Australia,MJ Clarke,RT Ponting,N Deonarine,0,0,"",""
ball,1,29.1,Australia,RT Ponting,MJ Clarke,NO Miller,1,0,"",""
ball,1,29.2,Australia,MJ Clarke,RT Ponting,NO Miller,1,0,"",""
ball,1,29.3,Australia,RT Ponting,MJ Clarke,NO Miller,1,0,"",""
ball,1,29.4,Australia,MJ Clarke,RT Ponting,NO Miller,0,0,"",""
ball,1,29.5,Australia,MJ Clarke,RT Ponting,NO Miller,1,0,"",""
ball,1,29.6,Australia,RT Ponting,MJ Clarke,NO Miller,1,0,"",""
ball,1,30.1,Australia,RT Ponting,MJ Clarke,N Deonarine,1,0,"",""
ball,1,30.2,Australia,MJ Clarke,RT Ponting,N Deonarine,1,0,"",""
ball,1,30.3,Australia,RT Ponting,MJ Clarke,N Deonarine,1,0,"",""
ball,1,30.4,Australia,MJ Clarke,RT Ponting,N Deonarine,1,0,"",""
ball,1,30.5,Australia,RT Ponting,MJ Clarke,N Deonarine,1,0,"",""
ball,1,30.6,Australia,MJ Clarke,RT Ponting,N Deonarine,1,0,"",""
ball,1,31.1,Australia,MJ Clarke,RT Ponting,NO Miller,1,0,"",""
ball,1,31.2,Australia,RT Ponting,MJ Clarke,NO Miller,4,0,"",""
ball,1,31.3,Australia,RT Ponting,MJ Clarke,NO Miller,1,0,"",""
ball,1,31.4,Australia,MJ Clarke,RT Ponting,NO Miller,1,0,"",""
ball,1,31.5,Australia,RT Ponting,MJ Clarke,NO Miller,4,0,"",""
ball,1,31.6,Australia,RT Ponting,MJ Clarke,NO Miller,0,0,"",""
ball,1,32.1,Australia,MJ Clarke,RT Ponting,R Rampaul,0,0,"",""
ball,1,32.2,Australia,MJ Clarke,RT Ponting,R Rampaul,0,1,"",""
ball,1,32.3,Australia,RT Ponting,MJ Clarke,R Rampaul,1,0,"",""
ball,1,32.4,Australia,MJ Clarke,RT Ponting,R Rampaul,2,0,"",""
ball,1,32.5,Australia,MJ Clarke,RT Ponting,R Rampaul,0,0,"",""
ball,1,32.6,Australia,MJ Clarke,RT Ponting,R Rampaul,0,0,"",""
ball,1,33.1,Australia,RT Ponting,MJ Clarke,KA Pollard,0,0,caught,RT Ponting
ball,1,33.2,Australia,CL White,MJ Clarke,KA Pollard,0,0,"",""
ball,1,33.3,Australia,CL White,MJ Clarke,KA Pollard,0,0,"",""
ball,1,33.4,Australia,CL White,MJ Clarke,KA Pollard,4,0,"",""
ball,1,33.5,Australia,CL White,MJ Clarke,KA Pollard,0,0,"",""
ball,1,33.6,Australia,CL White,MJ Clarke,KA Pollard,0,0,"",""
ball,1,34.1,Australia,MJ Clarke,CL White,R Rampaul,1,0,"",""
ball,1,34.2,Australia,CL White,MJ Clarke,R Rampaul,0,0,"",""
ball,1,34.3,Australia,CL White,MJ Clarke,R Rampaul,0,0,"",""
ball,1,34.4,Australia,CL White,MJ Clarke,R Rampaul,1,0,"",""
ball,1,34.5,Australia,MJ Clarke,CL White,R Rampaul,1,0,"",""
ball,1,34.6,Australia,CL White,MJ Clarke,R Rampaul,0,0,"",""
ball,1,35.1,Australia,MJ Clarke,CL White,KA Pollard,1,0,"",""
ball,1,35.2,Australia,CL White,MJ Clarke,KA Pollard,2,0,"",""
ball,1,35.3,Australia,CL White,MJ Clarke,KA Pollard,1,0,"",""
ball,1,35.4,Australia,MJ Clarke,CL White,KA Pollard,1,0,"",""
ball,1,35.5,Australia,CL White,MJ Clarke,KA Pollard,0,0,"",""
ball,1,35.6,Australia,CL White,MJ Clarke,KA Pollard,1,0,"",""
ball,1,36.1,Australia,CL White,MJ Clarke,R Rampaul,1,0,"",""
ball,1,36.2,Australia,MJ Clarke,CL White,R Rampaul,0,0,"",""
ball,1,36.3,Australia,MJ Clarke,CL White,R Rampaul,0,0,caught,MJ Clarke
ball,1,36.4,Australia,CL White,AC Voges,R Rampaul,1,0,"",""
ball,1,36.5,Australia,AC Voges,CL White,R Rampaul,1,0,"",""
ball,1,36.6,Australia,CL White,AC Voges,R Rampaul,0,0,"",""
ball,1,37.1,Australia,AC Voges,CL White,KA Pollard,0,0,"",""
ball,1,37.2,Australia,AC Voges,CL White,KA Pollard,2,0,"",""
ball,1,37.3,Australia,AC Voges,CL White,KA Pollard,1,0,"",""
ball,1,37.4,Australia,CL White,AC Voges,KA Pollard,0,0,"",""
ball,1,37.5,Australia,CL White,AC Voges,KA Pollard,1,0,"",""
ball,1,37.6,Australia,AC Voges,CL White,KA Pollard,0,0,"",""
ball,1,38.1,Australia,CL White,AC Voges,DR Smith,0,0,"",""
ball,1,38.2,Australia,CL White,AC Voges,DR Smith,1,0,"",""
ball,1,38.3,Australia,AC Voges,CL White,DR Smith,0,1,"",""
ball,1,38.4,Australia,CL White,AC Voges,DR Smith,1,0,"",""
ball,1,38.5,Australia,AC Voges,CL White,DR Smith,0,0,"",""
ball,1,38.6,Australia,AC Voges,CL White,DR Smith,4,0,"",""
ball,1,39.1,Australia,CL White,AC Voges,DJG Sammy,1,0,"",""
ball,1,39.2,Australia,AC Voges,CL White,DJG Sammy,1,0,"",""
ball,1,39.3,Australia,CL White,AC Voges,DJG Sammy,0,0,"",""
ball,1,39.4,Australia,CL White,AC Voges,DJG Sammy,0,0,"",""
ball,1,39.5,Australia,CL White,AC Voges,DJG Sammy,1,0,"",""
ball,1,39.6,Australia,AC Voges,CL White,DJG Sammy,0,0,"",""
ball,1,40.1,Australia,CL White,AC Voges,DR Smith,1,0,"",""
ball,1,40.2,Australia,AC Voges,CL White,DR Smith,0,0,"",""
ball,1,40.3,Australia,AC Voges,CL White,DR Smith,4,0,"",""
ball,1,40.4,Australia,AC Voges,CL White,DR Smith,2,0,"",""
ball,1,40.5,Australia,AC Voges,CL White,DR Smith,0,1,"",""
ball,1,40.6,Australia,CL White,AC Voges,DR Smith,1,0,"",""
ball,1,41.1,Australia,CL White,AC Voges,DJG Sammy,1,0,"",""
ball,1,41.2,Australia,AC Voges,CL White,DJG Sammy,0,1,"",""
ball,1,41.3,Australia,CL White,AC Voges,DJG Sammy,1,0,"",""
ball,1,41.4,Australia,AC Voges,CL White,DJG Sammy,2,0,"",""
ball,1,41.5,Australia,AC Voges,CL White,DJG Sammy,1,0,"",""
ball,1,41.6,Australia,CL White,AC Voges,DJG Sammy,1,0,"",""
ball,1,42.1,Australia,CL White,AC Voges,R Rampaul,0,0,"",""
ball,1,42.2,Australia,CL White,AC Voges,R Rampaul,1,0,"",""
ball,1,42.3,Australia,AC Voges,CL White,R Rampaul,2,0,"",""
ball,1,42.4,Australia,AC Voges,CL White,R Rampaul,1,0,"",""
ball,1,42.5,Australia,CL White,AC Voges,R Rampaul,0,0,caught,CL White
ball,1,42.6,Australia,JR Hopes,AC Voges,R Rampaul,0,0,"",""
ball,1,43.1,Australia,AC Voges,JR Hopes,DJG Sammy,1,0,"",""
ball,1,43.2,Australia,JR Hopes,AC Voges,DJG Sammy,1,0,"",""
ball,1,43.3,Australia,AC Voges,JR Hopes,DJG Sammy,1,0,"",""
ball,1,43.4,Australia,JR Hopes,AC Voges,DJG Sammy,0,0,"",""
ball,1,43.5,Australia,JR Hopes,AC Voges,DJG Sammy,3,0,"",""
ball,1,43.6,Australia,AC Voges,JR Hopes,DJG Sammy,1,0,"",""
ball,1,44.1,Australia,AC Voges,JR Hopes,R Rampaul,1,0,"",""
ball,1,44.2,Australia,JR Hopes,AC Voges,R Rampaul,4,0,"",""
ball,1,44.3,Australia,JR Hopes,AC Voges,R Rampaul,1,0,"",""
ball,1,44.4,Australia,AC Voges,JR Hopes,R Rampaul,1,0,"",""
ball,1,44.5,Australia,JR Hopes,AC Voges,R Rampaul,1,0,"",""
ball,1,44.6,Australia,AC Voges,JR Hopes,R Rampaul,1,0,"",""
ball,1,45.1,Australia,AC Voges,JR Hopes,DR Smith,0,0,"",""
ball,1,45.2,Australia,AC Voges,JR Hopes,DR Smith,2,0,"",""
ball,1,45.3,Australia,AC Voges,JR Hopes,DR Smith,1,0,"",""
ball,1,45.4,Australia,JR Hopes,AC Voges,DR Smith,1,0,"",""
ball,1,45.5,Australia,AC Voges,JR Hopes,DR Smith,1,0,"",""
ball,1,45.6,Australia,JR Hopes,AC Voges,DR Smith,1,0,"",""
ball,1,46.1,Australia,JR Hopes,AC Voges,R Rampaul,4,0,"",""
ball,1,46.2,Australia,JR Hopes,AC Voges,R Rampaul,4,0,"",""
ball,1,46.3,Australia,JR Hopes,AC Voges,R Rampaul,4,0,"",""
ball,1,46.4,Australia,JR Hopes,AC Voges,R Rampaul,2,0,"",""
ball,1,46.5,Australia,JR Hopes,AC Voges,R Rampaul,4,0,"",""
ball,1,46.6,Australia,JR Hopes,AC Voges,R Rampaul,1,0,"",""
ball,1,47.1,Australia,JR Hopes,AC Voges,DR Smith,1,0,"",""
ball,1,47.2,Australia,AC Voges,JR Hopes,DR Smith,1,0,"",""
ball,1,47.3,Australia,JR Hopes,AC Voges,DR Smith,1,0,"",""
ball,1,47.4,Australia,AC Voges,JR Hopes,DR Smith,4,0,"",""
ball,1,47.5,Australia,AC Voges,JR Hopes,DR Smith,1,0,"",""
ball,1,47.6,Australia,JR Hopes,AC Voges,DR Smith,4,0,"",""
ball,1,48.1,Australia,AC Voges,JR Hopes,KA Pollard,1,0,"",""
ball,1,48.2,Australia,JR Hopes,AC Voges,KA Pollard,0,0,"",""
ball,1,48.3,Australia,JR Hopes,AC Voges,KA Pollard,4,0,"",""
ball,1,48.4,Australia,JR Hopes,AC Voges,KA Pollard,2,0,"",""
ball,1,48.5,Australia,JR Hopes,AC Voges,KA Pollard,4,0,"",""
ball,1,48.6,Australia,JR Hopes,AC Voges,KA Pollard,0,1,"",""
ball,1,48.7,Australia,JR Hopes,AC Voges,KA Pollard,1,0,"",""
ball,1,49.1,Australia,JR Hopes,AC Voges,NO Miller,4,0,"",""
ball,1,49.2,Australia,JR Hopes,AC Voges,NO Miller,4,0,"",""
ball,1,49.3,Australia,JR Hopes,AC Voges,NO Miller,1,0,"",""
ball,1,49.4,Australia,AC Voges,JR Hopes,NO Miller,0,0,"",""
ball,1,49.5,Australia,AC Voges,JR Hopes,NO Miller,6,0,"",""
ball,1,49.6,Australia,AC Voges,JR Hopes,NO Miller,1,0,"",""
ball,2,0.1,West Indies,CH Gayle,TM Dowlin,DE Bollinger,1,0,"",""
ball,2,0.2,West Indies,TM Dowlin,CH Gayle,DE Bollinger,0,0,lbw,TM Dowlin
ball,2,0.3,West Indies,N Deonarine,CH Gayle,DE Bollinger,1,0,"",""
ball,2,0.4,West Indies,CH Gayle,N Deonarine,DE Bollinger,1,0,"",""
ball,2,0.5,West Indies,N Deonarine,CH Gayle,DE Bollinger,0,1,"",""
ball,2,0.6,West Indies,N Deonarine,CH Gayle,DE Bollinger,0,0,"",""
ball,2,0.7,West Indies,N Deonarine,CH Gayle,DE Bollinger,1,0,"",""
ball,2,1.1,West Indies,N Deonarine,CH Gayle,RJ Harris,0,0,"",""
ball,2,1.2,West Indies,N Deonarine,CH Gayle,RJ Harris,0,0,"",""
ball,2,1.3,West Indies,N Deonarine,CH Gayle,RJ Harris,0,0,"",""
ball,2,1.4,West Indies,N Deonarine,CH Gayle,RJ Harris,0,0,"",""
ball,2,1.5,West Indies,N Deonarine,CH Gayle,RJ Harris,0,0,"",""
ball,2,1.6,West Indies,N Deonarine,CH Gayle,RJ Harris,0,0,"",""
ball,2,2.1,West Indies,CH Gayle,N Deonarine,DE Bollinger,6,0,"",""
ball,2,2.2,West Indies,CH Gayle,N Deonarine,DE Bollinger,6,0,"",""
ball,2,2.3,West Indies,CH Gayle,N Deonarine,DE Bollinger,0,0,caught,CH Gayle
ball,2,2.4,West Indies,KA Pollard,N Deonarine,DE Bollinger,0,0,"",""
ball,2,2.5,West Indies,KA Pollard,N Deonarine,DE Bollinger,0,0,"",""
ball,2,2.6,West Indies,KA Pollard,N Deonarine,DE Bollinger,0,0,"",""
ball,2,3.1,West Indies,N Deonarine,KA Pollard,RJ Harris,2,0,"",""
ball,2,3.2,West Indies,N Deonarine,KA Pollard,RJ Harris,0,0,"",""
ball,2,3.3,West Indies,N Deonarine,KA Pollard,RJ Harris,0,0,"",""
ball,2,3.4,West Indies,N Deonarine,KA Pollard,RJ Harris,0,0,"",""
ball,2,3.5,West Indies,N Deonarine,KA Pollard,RJ Harris,0,0,bowled,N Deonarine
ball,2,3.6,West Indies,WW Hinds,KA Pollard,RJ Harris,0,0,"",""
ball,2,4.1,West Indies,KA Pollard,WW Hinds,DE Bollinger,0,0,"",""
ball,2,4.2,West Indies,KA Pollard,WW Hinds,DE Bollinger,0,0,"",""
ball,2,4.3,West Indies,KA Pollard,WW Hinds,DE Bollinger,0,0,"",""
ball,2,4.4,West Indies,KA Pollard,WW Hinds,DE Bollinger,0,0,"",""
ball,2,4.5,West Indies,KA Pollard,WW Hinds,DE Bollinger,1,0,"",""
ball,2,4.6,West Indies,WW Hinds,KA Pollard,DE Bollinger,0,0,"",""
ball,2,5.1,West Indies,KA Pollard,WW Hinds,RJ Harris,0,1,"",""
ball,2,5.2,West Indies,KA Pollard,WW Hinds,RJ Harris,0,0,"",""
ball,2,5.3,West Indies,KA Pollard,WW Hinds,RJ Harris,0,0,"",""
ball,2,5.4,West Indies,KA Pollard,WW Hinds,RJ Harris,0,0,"",""
ball,2,5.5,West Indies,KA Pollard,WW Hinds,RJ Harris,0,0,"",""
ball,2,5.6,West Indies,KA Pollard,WW Hinds,RJ Harris,4,0,"",""
ball,2,5.7,West Indies,KA Pollard,WW Hinds,RJ Harris,0,0,"",""
ball,2,6.1,West Indies,WW Hinds,KA Pollard,DE Bollinger,0,0,"",""
ball,2,6.2,West Indies,WW Hinds,KA Pollard,DE Bollinger,3,0,"",""
ball,2,6.3,West Indies,KA Pollard,WW Hinds,DE Bollinger,0,0,"",""
ball,2,6.4,West Indies,KA Pollard,WW Hinds,DE Bollinger,0,0,"",""
ball,2,6.5,West Indies,KA Pollard,WW Hinds,DE Bollinger,0,0,"",""
ball,2,6.6,West Indies,KA Pollard,WW Hinds,DE Bollinger,0,0,"",""
ball,2,7.1,West Indies,WW Hinds,KA Pollard,RJ Harris,0,0,"",""
ball,2,7.2,West Indies,WW Hinds,KA Pollard,RJ Harris,0,0,"",""
ball,2,7.3,West Indies,WW Hinds,KA Pollard,RJ Harris,0,0,"",""
ball,2,7.4,West Indies,WW Hinds,KA Pollard,RJ Harris,0,0,"",""
ball,2,7.5,West Indies,WW Hinds,KA Pollard,RJ Harris,0,0,"",""
ball,2,7.6,West Indies,WW Hinds,KA Pollard,RJ Harris,0,0,"",""
ball,2,8.1,West Indies,KA Pollard,WW Hinds,CJ McKay,0,1,"",""
ball,2,8.2,West Indies,KA Pollard,WW Hinds,CJ McKay,1,0,"",""
ball,2,8.3,West Indies,WW Hinds,KA Pollard,CJ McKay,1,0,"",""
ball,2,8.4,West Indies,KA Pollard,WW Hinds,CJ McKay,0,0,"",""
ball,2,8.5,West Indies,KA Pollard,WW Hinds,CJ McKay,4,0,"",""
ball,2,8.6,West Indies,KA Pollard,WW Hinds,CJ McKay,0,0,"",""
ball,2,8.7,West Indies,KA Pollard,WW Hinds,CJ McKay,0,0,"",""
ball,2,9.1,West Indies,WW Hinds,KA Pollard,RJ Harris,1,0,"",""
ball,2,9.2,West Indies,KA Pollard,WW Hinds,RJ Harris,0,0,"",""
ball,2,9.3,West Indies,KA Pollard,WW Hinds,RJ Harris,3,0,"",""
ball,2,9.4,West Indies,WW Hinds,KA Pollard,RJ Harris,0,0,caught,WW Hinds
ball,2,9.5,West Indies,KA Pollard,LMP Simmons,RJ Harris,2,0,"",""
ball,2,9.6,West Indies,KA Pollard,LMP Simmons,RJ Harris,4,0,"",""
ball,2,10.1,West Indies,LMP Simmons,KA Pollard,CJ McKay,0,0,"",""
ball,2,10.2,West Indies,LMP Simmons,KA Pollard,CJ McKay,0,0,"",""
ball,2,10.3,West Indies,LMP Simmons,KA Pollard,CJ McKay,1,0,"",""
ball,2,10.4,West Indies,KA Pollard,LMP Simmons,CJ McKay,0,0,"",""
ball,2,10.5,West Indies,KA Pollard,LMP Simmons,CJ McKay,1,0,"",""
ball,2,10.6,West Indies,LMP Simmons,KA Pollard,CJ McKay,0,0,"",""
ball,2,11.1,West Indies,KA Pollard,LMP Simmons,JR Hopes,0,0,"",""
ball,2,11.2,West Indies,KA Pollard,LMP Simmons,JR Hopes,0,0,"",""
ball,2,11.3,West Indies,KA Pollard,LMP Simmons,JR Hopes,0,1,"",""
ball,2,11.4,West Indies,KA Pollard,LMP Simmons,JR Hopes,0,0,"",""
ball,2,11.5,West Indies,KA Pollard,LMP Simmons,JR Hopes,0,0,"",""
ball,2,11.6,West Indies,KA Pollard,LMP Simmons,JR Hopes,0,0,"",""
ball,2,11.7,West Indies,KA Pollard,LMP Simmons,JR Hopes,0,0,"",""
ball,2,12.1,West Indies,LMP Simmons,KA Pollard,CJ McKay,0,0,"",""
ball,2,12.2,West Indies,LMP Simmons,KA Pollard,CJ McKay,0,0,"",""
ball,2,12.3,West Indies,LMP Simmons,KA Pollard,CJ McKay,0,0,"",""
ball,2,12.4,West Indies,LMP Simmons,KA Pollard,CJ McKay,0,0,"",""
ball,2,12.5,West Indies,LMP Simmons,KA Pollard,CJ McKay,0,0,"",""
ball,2,12.6,West Indies,LMP Simmons,KA Pollard,CJ McKay,0,0,"",""
ball,2,13.1,West Indies,KA Pollard,LMP Simmons,JR Hopes,0,0,"",""
ball,2,13.2,West Indies,KA Pollard,LMP Simmons,JR Hopes,6,0,"",""
ball,2,13.3,West Indies,KA Pollard,LMP Simmons,JR Hopes,0,0,"",""
ball,2,13.4,West Indies,KA Pollard,LMP Simmons,JR Hopes,2,0,"",""
ball,2,13.5,West Indies,KA Pollard,LMP Simmons,JR Hopes,1,0,"",""
ball,2,13.6,West Indies,LMP Simmons,KA Pollard,JR Hopes,0,0,"",""
ball,2,14.1,West Indies,KA Pollard,LMP Simmons,CJ McKay,4,0,"",""
ball,2,14.2,West Indies,KA Pollard,LMP Simmons,CJ McKay,0,0,"",""
ball,2,14.3,West Indies,KA Pollard,LMP Simmons,CJ McKay,0,0,"",""
ball,2,14.4,West Indies,KA Pollard,LMP Simmons,CJ McKay,0,0,"",""
ball,2,14.5,West Indies,KA Pollard,LMP Simmons,CJ McKay,1,0,"",""
ball,2,14.6,West Indies,LMP Simmons,KA Pollard,CJ McKay,1,0,"",""
ball,2,15.1,West Indies,LMP Simmons,KA Pollard,JR Hopes,0,0,"",""
ball,2,15.2,West Indies,LMP Simmons,KA Pollard,JR Hopes,0,0,"",""
ball,2,15.3,West Indies,LMP Simmons,KA Pollard,JR Hopes,0,0,"",""
ball,2,15.4,West Indies,LMP Simmons,KA Pollard,JR Hopes,1,0,"",""
ball,2,15.5,West Indies,KA Pollard,LMP Simmons,JR Hopes,1,0,"",""
ball,2,15.6,West Indies,LMP Simmons,KA Pollard,JR Hopes,0,0,"",""
ball,2,16.1,West Indies,KA Pollard,LMP Simmons,CJ McKay,1,0,"",""
ball,2,16.2,West Indies,LMP Simmons,KA Pollard,CJ McKay,0,0,"",""
ball,2,16.3,West Indies,LMP Simmons,KA Pollard,CJ McKay,4,0,"",""
ball,2,16.4,West Indies,LMP Simmons,KA Pollard,CJ McKay,1,0,"",""
ball,2,16.5,West Indies,KA Pollard,LMP Simmons,CJ McKay,2,0,"",""
ball,2,16.6,West Indies,KA Pollard,LMP Simmons,CJ McKay,1,0,"",""
ball,2,17.1,West Indies,KA Pollard,LMP Simmons,JR Hopes,6,0,"",""
ball,2,17.2,West Indies,KA Pollard,LMP Simmons,JR Hopes,0,0,caught,KA Pollard
ball,2,17.3,West Indies,LMP Simmons,DR Smith,JR Hopes,0,0,"",""
ball,2,17.4,West Indies,LMP Simmons,DR Smith,JR Hopes,0,0,"",""
ball,2,17.5,West Indies,LMP Simmons,DR Smith,JR Hopes,0,0,"",""
ball,2,17.6,West Indies,LMP Simmons,DR Smith,JR Hopes,0,0,"",""
ball,2,18.1,West Indies,DR Smith,LMP Simmons,SPD Smith,0,0,"",""
ball,2,18.2,West Indies,DR Smith,LMP Simmons,SPD Smith,0,0,"",""
ball,2,18.3,West Indies,DR Smith,LMP Simmons,SPD Smith,4,0,"",""
ball,2,18.4,West Indies,DR Smith,LMP Simmons,SPD Smith,0,0,"",""
ball,2,18.5,West Indies,DR Smith,LMP Simmons,SPD Smith,1,0,"",""
ball,2,18.6,West Indies,LMP Simmons,DR Smith,SPD Smith,0,0,"",""
ball,2,19.1,West Indies,DR Smith,LMP Simmons,JR Hopes,0,0,"",""
ball,2,19.2,West Indies,DR Smith,LMP Simmons,JR Hopes,0,0,"",""
ball,2,19.3,West Indies,DR Smith,LMP Simmons,JR Hopes,0,0,"",""
ball,2,19.4,West Indies,DR Smith,LMP Simmons,JR Hopes,1,0,"",""
ball,2,19.5,West Indies,LMP Simmons,DR Smith,JR Hopes,1,0,"",""
ball,2,19.6,West Indies,DR Smith,LMP Simmons,JR Hopes,1,0,"",""
ball,2,20.1,West Indies,DR Smith,LMP Simmons,SPD Smith,0,0,"",""
ball,2,20.2,West Indies,DR Smith,LMP Simmons,SPD Smith,6,0,"",""
ball,2,20.3,West Indies,DR Smith,LMP Simmons,SPD Smith,0,0,"",""
ball,2,20.4,West Indies,DR Smith,LMP Simmons,SPD Smith,0,0,"",""
ball,2,20.5,West Indies,DR Smith,LMP Simmons,SPD Smith,1,0,"",""
ball,2,20.6,West Indies,LMP Simmons,DR Smith,SPD Smith,0,0,"",""
ball,2,21.1,West Indies,DR Smith,LMP Simmons,JR Hopes,1,0,"",""
ball,2,21.2,West Indies,LMP Simmons,DR Smith,JR Hopes,0,0,"",""
ball,2,21.3,West Indies,LMP Simmons,DR Smith,JR Hopes,4,0,"",""
ball,2,21.4,West Indies,LMP Simmons,DR Smith,JR Hopes,1,0,"",""
ball,2,21.5,West Indies,DR Smith,LMP Simmons,JR Hopes,0,0,"",""
ball,2,21.6,West Indies,DR Smith,LMP Simmons,JR Hopes,0,0,"",""
ball,2,22.1,West Indies,LMP Simmons,DR Smith,SPD Smith,4,0,"",""
ball,2,22.2,West Indies,LMP Simmons,DR Smith,SPD Smith,0,0,"",""
ball,2,22.3,West Indies,LMP Simmons,DR Smith,SPD Smith,1,0,"",""
ball,2,22.4,West Indies,DR Smith,LMP Simmons,SPD Smith,0,0,"",""
ball,2,22.5,West Indies,DR Smith,LMP Simmons,SPD Smith,2,0,"",""
ball,2,22.6,West Indies,DR Smith,LMP Simmons,SPD Smith,4,0,"",""
ball,2,23.1,West Indies,LMP Simmons,DR Smith,DE Bollinger,4,0,"",""
ball,2,23.2,West Indies,LMP Simmons,DR Smith,DE Bollinger,2,0,"",""
ball,2,23.3,West Indies,LMP Simmons,DR Smith,DE Bollinger,0,0,run out,DR Smith
ball,2,23.4,West Indies,LMP Simmons,D Ramdin,DE Bollinger,2,0,"",""
ball,2,23.5,West Indies,LMP Simmons,D Ramdin,DE Bollinger,0,0,"",""
ball,2,23.6,West Indies,LMP Simmons,D Ramdin,DE Bollinger,0,0,"",""
ball,2,24.1,West Indies,D Ramdin,LMP Simmons,SPD Smith,1,0,"",""
ball,2,24.2,West Indies,LMP Simmons,D Ramdin,SPD Smith,1,0,"",""
ball,2,24.3,West Indies,D Ramdin,LMP Simmons,SPD Smith,1,0,"",""
ball,2,24.4,West Indies,LMP Simmons,D Ramdin,SPD Smith,0,0,"",""
ball,2,24.5,West Indies,LMP Simmons,D Ramdin,SPD Smith,0,0,"",""
ball,2,24.6,West Indies,LMP Simmons,D Ramdin,SPD Smith,1,0,"",""
ball,2,25.1,West Indies,LMP Simmons,D Ramdin,DE Bollinger,0,0,caught,LMP Simmons
ball,2,25.2,West Indies,DJG Sammy,D Ramdin,DE Bollinger,0,1,"",""
ball,2,25.3,West Indies,DJG Sammy,D Ramdin,DE Bollinger,0,0,"",""
ball,2,25.4,West Indies,DJG Sammy,D Ramdin,DE Bollinger,0,0,"",""
ball,2,25.5,West Indies,DJG Sammy,D Ramdin,DE Bollinger,1,0,"",""
ball,2,25.6,West Indies,D Ramdin,DJG Sammy,DE Bollinger,1,0,"",""
ball,2,25.7,West Indies,DJG Sammy,D Ramdin,DE Bollinger,1,0,"",""
ball,2,26.1,West Indies,DJG Sammy,D Ramdin,SPD Smith,6,0,"",""
ball,2,26.2,West Indies,DJG Sammy,D Ramdin,SPD Smith,0,0,"",""
ball,2,26.3,West Indies,DJG Sammy,D Ramdin,SPD Smith,0,0,"",""
ball,2,26.4,West Indies,DJG Sammy,D Ramdin,SPD Smith,1,0,"",""
ball,2,26.5,West Indies,D Ramdin,DJG Sammy,SPD Smith,0,0,lbw,D Ramdin
ball,2,26.6,West Indies,NO Miller,DJG Sammy,SPD Smith,2,0,"",""
ball,2,27.1,West Indies,DJG Sammy,NO Miller,DE Bollinger,0,0,"",""
ball,2,27.2,West Indies,DJG Sammy,NO Miller,DE Bollinger,0,0,"",""
ball,2,27.3,West Indies,DJG Sammy,NO Miller,DE Bollinger,0,0,"",""
ball,2,27.4,West Indies,DJG Sammy,NO Miller,DE Bollinger,0,0,"",""
ball,2,27.5,West Indies,DJG Sammy,NO Miller,DE Bollinger,0,0,"",""
ball,2,27.6,West Indies,DJG Sammy,NO Miller,DE Bollinger,0,0,"",""
ball,2,28.1,West Indies,NO Miller,DJG Sammy,SPD Smith,4,0,"",""
ball,2,28.2,West Indies,NO Miller,DJG Sammy,SPD Smith,2,0,"",""
ball,2,28.3,West Indies,NO Miller,DJG Sammy,SPD Smith,0,0,"",""
ball,2,28.4,West Indies,NO Miller,DJG Sammy,SPD Smith,1,0,"",""
ball,2,28.5,West Indies,DJG Sammy,NO Miller,SPD Smith,1,0,"",""
ball,2,28.6,West Indies,NO Miller,DJG Sammy,SPD Smith,0,0,"",""
ball,2,29.1,West Indies,DJG Sammy,NO Miller,RJ Harris,0,0,"",""
ball,2,29.2,West Indies,DJG Sammy,NO Miller,RJ Harris,0,0,"",""
ball,2,29.3,West Indies,DJG Sammy,NO Miller,RJ Harris,0,0,"",""
ball,2,29.4,West Indies,DJG Sammy,NO Miller,RJ Harris,4,0,"",""
ball,2,29.5,West Indies,DJG Sammy,NO Miller,RJ Harris,0,0,"",""
ball,2,29.6,West Indies,DJG Sammy,NO Miller,RJ Harris,2,0,"",""
ball,2,30.1,West Indies,NO Miller,DJG Sammy,SPD Smith,1,0,"",""
ball,2,30.2,West Indies,DJG Sammy,NO Miller,SPD Smith,1,0,"",""
ball,2,30.3,West Indies,NO Miller,DJG Sammy,SPD Smith,1,0,"",""
ball,2,30.4,West Indies,DJG Sammy,NO Miller,SPD Smith,1,0,"",""
ball,2,30.5,West Indies,NO Miller,DJG Sammy,SPD Smith,0,0,"",""
ball,2,30.6,West Indies,NO Miller,DJG Sammy,SPD Smith,2,0,"",""
ball,2,31.1,West Indies,DJG Sammy,NO Miller,RJ Harris,1,0,"",""
ball,2,31.2,West Indies,NO Miller,DJG Sammy,RJ Harris,0,0,"",""
ball,2,31.3,West Indies,NO Miller,DJG Sammy,RJ Harris,0,0,"",""
ball,2,31.4,West Indies,NO Miller,DJG Sammy,RJ Harris,0,0,"",""
ball,2,31.5,West Indies,NO Miller,DJG Sammy,RJ Harris,2,0,"",""
ball,2,31.6,West Indies,NO Miller,DJG Sammy,RJ Harris,0,0,"",""
ball,2,32.1,West Indies,DJG Sammy,NO Miller,SPD Smith,0,0,"",""
ball,2,32.2,West Indies,DJG Sammy,NO Miller,SPD Smith,0,0,"",""
ball,2,32.3,West Indies,DJG Sammy,NO Miller,SPD Smith,6,0,"",""
ball,2,32.4,West Indies,DJG Sammy,NO Miller,SPD Smith,1,0,"",""
ball,2,32.5,West Indies,NO Miller,DJG Sammy,SPD Smith,2,0,"",""
ball,2,32.6,West Indies,NO Miller,DJG Sammy,SPD Smith,3,0,"",""
ball,2,33.1,West Indies,NO Miller,DJG Sammy,CJ McKay,1,0,"",""
ball,2,33.2,West Indies,DJG Sammy,NO Miller,CJ McKay,0,0,"",""
ball,2,33.3,West Indies,DJG Sammy,NO Miller,CJ McKay,0,0,"",""
ball,2,33.4,West Indies,DJG Sammy,NO Miller,CJ McKay,0,0,"",""
ball,2,33.5,West Indies,DJG Sammy,NO Miller,CJ McKay,4,0,"",""
ball,2,33.6,West Indies,DJG Sammy,NO Miller,CJ McKay,1,0,"",""
ball,2,34.1,West Indies,DJG Sammy,NO Miller,SPD Smith,1,0,"",""
ball,2,34.2,West Indies,NO Miller,DJG Sammy,SPD Smith,1,0,"",""
ball,2,34.3,West Indies,DJG Sammy,NO Miller,SPD Smith,0,0,"",""
ball,2,34.4,West Indies,DJG Sammy,NO Miller,SPD Smith,6,0,"",""
ball,2,34.5,West Indies,DJG Sammy,NO Miller,SPD Smith,2,0,"",""
ball,2,34.6,West Indies,DJG Sammy,NO Miller,SPD Smith,2,0,"",""
ball,2,35.1,West Indies,NO Miller,DJG Sammy,CJ McKay,0,0,caught,NO Miller
ball,2,35.2,West Indies,R Rampaul,DJG Sammy,CJ McKay,0,0,"",""
ball,2,35.3,West Indies,R Rampaul,DJG Sammy,CJ McKay,0,0,"",""
ball,2,35.4,West Indies,R Rampaul,DJG Sammy,CJ McKay,1,0,"",""
ball,2,35.5,West Indies,DJG Sammy,R Rampaul,CJ McKay,0,0,"",""
ball,2,35.6,West Indies,DJG Sammy,R Rampaul,CJ McKay,4,0,"",""
ball,2,36.1,West Indies,R Rampaul,DJG Sammy,SPD Smith,0,0,"",""
ball,2,36.2,West Indies,R Rampaul,DJG Sammy,SPD Smith,2,0,"",""
ball,2,36.3,West Indies,R Rampaul,DJG Sammy,SPD Smith,1,0,"",""
ball,2,36.4,West Indies,DJG Sammy,R Rampaul,SPD Smith,1,0,"",""
ball,2,36.5,West Indies,R Rampaul,DJG Sammy,SPD Smith,0,0,stumped,R Rampaul
