version,1.3.0
info,team,Australia
info,team,Pakistan
info,gender,male
info,season,2009/10
info,date,2010/01/24
info,series,Pakistan in Australia ODI Series
info,match_number,2
info,venue,Sydney Cricket Ground
info,city,
info,toss_winner,Pakistan
info,toss_decision,field
info,player_of_match,SR Watson
info,umpire,EAR de Silva
info,umpire,RJ Tucker
info,tv_umpire,PR Reiffel
info,match_referee,RS Madugalle
info,winner,Australia
info,winner_runs,140
ball,1,0.1,Australia,SR Watson,SE Marsh,Mohammad Amir,4,0,"",""
ball,1,0.2,Australia,SR Watson,SE Marsh,Mohammad Amir,0,1,"",""
ball,1,0.3,Australia,SR Watson,SE Marsh,Mohammad Amir,0,0,"",""
ball,1,0.4,Australia,SR Watson,SE Marsh,Mohammad Amir,0,0,"",""
ball,1,0.5,Australia,SR Watson,SE Marsh,Mohammad Amir,4,0,"",""
ball,1,0.6,Australia,SR Watson,SE Marsh,Mohammad Amir,0,0,"",""
ball,1,0.7,Australia,SR Watson,SE Marsh,Mohammad Amir,0,0,"",""
ball,1,1.1,Australia,SE Marsh,SR Watson,Umar Gul,1,0,"",""
ball,1,1.2,Australia,SR Watson,SE Marsh,Umar Gul,0,0,"",""
ball,1,1.3,Australia,SR Watson,SE Marsh,Umar Gul,4,0,"",""
ball,1,1.4,Australia,SR Watson,SE Marsh,Umar Gul,0,0,"",""
ball,1,1.5,Australia,SR Watson,SE Marsh,Umar Gul,2,0,"",""
ball,1,1.6,Australia,SR Watson,SE Marsh,Umar Gul,0,0,"",""
ball,1,2.1,Australia,SE Marsh,SR Watson,Mohammad Amir,0,0,"",""
ball,1,2.2,Australia,SE Marsh,SR Watson,Mohammad Amir,0,0,"",""
ball,1,2.3,Australia,SE Marsh,SR Watson,Mohammad Amir,0,0,"",""
ball,1,2.4,Australia,SE Marsh,SR Watson,Mohammad Amir,0,0,"",""
ball,1,2.5,Australia,SE Marsh,SR Watson,Mohammad Amir,4,0,"",""
ball,1,2.6,Australia,SE Marsh,SR Watson,Mohammad Amir,0,0,"",""
ball,1,3.1,Australia,SR Watson,SE Marsh,Umar Gul,4,0,"",""
ball,1,3.2,Australia,SR Watson,SE Marsh,Umar Gul,0,0,"",""
ball,1,3.3,Australia,SR Watson,SE Marsh,Umar Gul,4,0,"",""
ball,1,3.4,Australia,SR Watson,SE Marsh,Umar Gul,0,0,"",""
ball,1,3.5,Australia,SR Watson,SE Marsh,Umar Gul,1,0,"",""
ball,1,3.6,Australia,SE Marsh,SR Watson,Umar Gul,0,0,"",""
ball,1,4.1,Australia,SR Watson,SE Marsh,Mohammad Amir,4,0,"",""
ball,1,4.2,Australia,SR Watson,SE Marsh,Mohammad Amir,0,0,"",""
ball,1,4.3,Australia,SR Watson,SE Marsh,Mohammad Amir,2,0,"",""
ball,1,4.4,Australia,SR Watson,SE Marsh,Mohammad Amir,2,0,"",""
ball,1,4.5,Australia,SR Watson,SE Marsh,Mohammad Amir,0,0,"",""
ball,1,4.6,Australia,SR Watson,SE Marsh,Mohammad Amir,3,0,"",""
ball,1,5.1,Australia,SR Watson,SE Marsh,Umar Gul,0,0,"",""
ball,1,5.2,Australia,SR Watson,SE Marsh,Umar Gul,0,0,"",""
ball,1,5.3,Australia,SR Watson,SE Marsh,Umar Gul,1,0,"",""
ball,1,5.4,Australia,SE Marsh,SR Watson,Umar Gul,1,0,"",""
ball,1,5.5,Australia,SR Watson,SE Marsh,Umar Gul,0,0,"",""
ball,1,5.6,Australia,SR Watson,SE Marsh,Umar Gul,0,0,"",""
ball,1,6.1,Australia,SE Marsh,SR Watson,Mohammad Amir,1,0,"",""
ball,1,6.2,Australia,SR Watson,SE Marsh,Mohammad Amir,0,0,"",""
ball,1,6.3,Australia,SR Watson,SE Marsh,Mohammad Amir,0,0,"",""
ball,1,6.4,Australia,SR Watson,SE Marsh,Mohammad Amir,0,0,"",""
ball,1,6.5,Australia,SR Watson,SE Marsh,Mohammad Amir,0,1,"",""
ball,1,6.6,Australia,SE Marsh,SR Watson,Mohammad Amir,0,0,"",""
ball,1,7.1,Australia,SR Watson,SE Marsh,Umar Gul,0,0,"",""
ball,1,7.2,Australia,SR Watson,SE Marsh,Umar Gul,1,0,"",""
ball,1,7.3,Australia,SE Marsh,SR Watson,Umar Gul,0,0,"",""
ball,1,7.4,Australia,SE Marsh,SR Watson,Umar Gul,0,0,"",""
ball,1,7.5,Australia,SE Marsh,SR Watson,Umar Gul,0,0,"",""
ball,1,7.6,Australia,SE Marsh,SR Watson,Umar Gul,2,0,"",""
ball,1,8.1,Australia,SR Watson,SE Marsh,Naved-ul-Hasan,0,0,"",""
ball,1,8.2,Australia,SR Watson,SE Marsh,Naved-ul-Hasan,0,0,"",""
ball,1,8.3,Australia,SR Watson,SE Marsh,Naved-ul-Hasan,1,0,"",""
ball,1,8.4,Australia,SE Marsh,SR Watson,Naved-ul-Hasan,0,0,"",""
ball,1,8.5,Australia,SE Marsh,SR Watson,Naved-ul-Hasan,1,0,"",""
ball,1,8.6,Australia,SR Watson,SE Marsh,Naved-ul-Hasan,6,0,"",""
ball,1,9.1,Australia,SE Marsh,SR Watson,Umar Gul,1,0,"",""
ball,1,9.2,Australia,SR Watson,SE Marsh,Umar Gul,4,0,"",""
ball,1,9.3,Australia,SR Watson,SE Marsh,Umar Gul,0,0,"",""
ball,1,9.4,Australia,SR Watson,SE Marsh,Umar Gul,1,0,"",""
ball,1,9.5,Australia,SE Marsh,SR Watson,Umar Gul,0,0,"",""
ball,1,9.6,Australia,SE Marsh,SR Watson,Umar Gul,4,0,"",""
ball,1,10.1,Australia,SR Watson,SE Marsh,Naved-ul-Hasan,0,0,"",""
ball,1,10.2,Australia,SR Watson,SE Marsh,Naved-ul-Hasan,2,0,"",""
ball,1,10.3,Australia,SR Watson,SE Marsh,Naved-ul-Hasan,0,0,"",""
ball,1,10.4,Australia,SR Watson,SE Marsh,Naved-ul-Hasan,1,0,"",""
ball,1,10.5,Australia,SE Marsh,SR Watson,Naved-ul-Hasan,0,0,"",""
ball,1,10.6,Australia,SE Marsh,SR Watson,Naved-ul-Hasan,1,0,"",""
ball,1,11.1,Australia,SE Marsh,SR Watson,Shahid Afridi,0,0,"",""
ball,1,11.2,Australia,SE Marsh,SR Watson,Shahid Afridi,1,0,"",""
ball,1,11.3,Australia,SR Watson,SE Marsh,Shahid Afridi,0,0,"",""
ball,1,11.4,Australia,SR Watson,SE Marsh,Shahid Afridi,0,0,"",""
ball,1,11.5,Australia,SR Watson,SE Marsh,Shahid Afridi,0,0,"",""
ball,1,11.6,Australia,SR Watson,SE Marsh,Shahid Afridi,3,0,"",""
ball,1,12.1,Australia,SR Watson,SE Marsh,Naved-ul-Hasan,0,0,"",""
ball,1,12.2,Australia,SR Watson,SE Marsh,Naved-ul-Hasan,4,0,"",""
ball,1,12.3,Australia,SR Watson,SE Marsh,Naved-ul-Hasan,2,0,"",""
ball,1,12.4,Australia,SR Watson,SE Marsh,Naved-ul-Hasan,1,0,"",""
ball,1,12.5,Australia,SE Marsh,SR Watson,Naved-ul-Hasan,0,0,"",""
ball,1,12.6,Australia,SE Marsh,SR Watson,Naved-ul-Hasan,0,0,"",""
ball,1,13.1,Australia,SR Watson,SE Marsh,Shahid Afridi,0,0,"",""
ball,1,13.2,Australia,SR Watson,SE Marsh,Shahid Afridi,1,0,"",""
ball,1,13.3,Australia,SE Marsh,SR Watson,Shahid Afridi,0,0,"",""
ball,1,13.4,Australia,SE Marsh,SR Watson,Shahid Afridi,1,0,"",""
ball,1,13.5,Australia,SR Watson,SE Marsh,Shahid Afridi,0,0,"",""
ball,1,13.6,Australia,SR Watson,SE Marsh,Shahid Afridi,0,0,"",""
ball,1,14.1,Australia,SE Marsh,SR Watson,Saeed Ajmal,3,0,"",""
ball,1,14.2,Australia,SR Watson,SE Marsh,Saeed Ajmal,0,0,"",""
ball,1,14.3,Australia,SR Watson,SE Marsh,Saeed Ajmal,4,0,"",""
ball,1,14.4,Australia,SR Watson,SE Marsh,Saeed Ajmal,1,0,"",""
ball,1,14.5,Australia,SE Marsh,SR Watson,Saeed Ajmal,1,0,"",""
ball,1,14.6,Australia,SR Watson,SE Marsh,Saeed Ajmal,0,0,"",""
ball,1,15.1,Australia,SE Marsh,SR Watson,Shahid Afridi,0,0,"",""
ball,1,15.2,Australia,SE Marsh,SR Watson,Shahid Afridi,0,0,"",""
ball,1,15.3,Australia,SE Marsh,SR Watson,Shahid Afridi,2,0,"",""
ball,1,15.4,Australia,SE Marsh,SR Watson,Shahid Afridi,0,0,"",""
ball,1,15.5,Australia,SE Marsh,SR Watson,Shahid Afridi,1,0,"",""
ball,1,15.6,Australia,SR Watson,SE Marsh,Shahid Afridi,0,0,"",""
ball,1,16.1,Australia,SE Marsh,SR Watson,Saeed Ajmal,0,0,"",""
ball,1,16.2,Australia,SE Marsh,SR Watson,Saeed Ajmal,0,0,"",""
ball,1,16.3,Australia,SE Marsh,SR Watson,Saeed Ajmal,0,0,"",""
ball,1,16.4,Australia,SE Marsh,SR Watson,Saeed Ajmal,0,0,"",""
ball,1,16.5,Australia,SE Marsh,SR Watson,Saeed Ajmal,0,0,"",""
ball,1,16.6,Australia,SE Marsh,SR Watson,Saeed Ajmal,0,0,"",""
ball,1,17.1,Australia,SR Watson,SE Marsh,Shahid Afridi,0,0,"",""
ball,1,17.2,Australia,SR Watson,SE Marsh,Shahid Afridi,0,0,"",""
ball,1,17.3,Australia,SR Watson,SE Marsh,Shahid Afridi,0,0,"",""
ball,1,17.4,Australia,SR Watson,SE Marsh,Shahid Afridi,0,0,"",""
ball,1,17.5,Australia,SR Watson,SE Marsh,Shahid Afridi,1,0,"",""
ball,1,17.6,Australia,SE Marsh,SR Watson,Shahid Afridi,1,0,"",""
ball,1,18.1,Australia,SE Marsh,SR Watson,Saeed Ajmal,1,0,"",""
ball,1,18.2,Australia,SR Watson,SE Marsh,Saeed Ajmal,0,0,"",""
ball,1,18.3,Australia,SR Watson,SE Marsh,Saeed Ajmal,1,0,"",""
ball,1,18.4,Australia,SE Marsh,SR Watson,Saeed Ajmal,0,0,"",""
ball,1,18.5,Australia,SE Marsh,SR Watson,Saeed Ajmal,0,0,"",""
ball,1,18.6,Australia,SE Marsh,SR Watson,Saeed Ajmal,1,0,"",""
ball,1,19.1,Australia,SE Marsh,SR Watson,Shahid Afridi,0,0,"",""
ball,1,19.2,Australia,SE Marsh,SR Watson,Shahid Afridi,1,0,"",""
ball,1,19.3,Australia,SR Watson,SE Marsh,Shahid Afridi,0,0,"",""
ball,1,19.4,Australia,SR Watson,SE Marsh,Shahid Afridi,0,0,"",""
ball,1,19.5,Australia,SR Watson,SE Marsh,Shahid Afridi,0,0,caught,SR Watson
ball,1,19.6,Australia,SE Marsh,RT Ponting,Shahid Afridi,1,0,"",""
ball,1,20.1,Australia,SE Marsh,RT Ponting,Saeed Ajmal,0,0,"",""
ball,1,20.2,Australia,SE Marsh,RT Ponting,Saeed Ajmal,0,0,"",""
ball,1,20.3,Australia,SE Marsh,RT Ponting,Saeed Ajmal,4,0,"",""
ball,1,20.4,Australia,SE Marsh,RT Ponting,Saeed Ajmal,1,0,"",""
ball,1,20.5,Australia,RT Ponting,SE Marsh,Saeed Ajmal,0,0,"",""
ball,1,20.6,Australia,RT Ponting,SE Marsh,Saeed Ajmal,0,0,"",""
ball,1,21.1,Australia,SE Marsh,RT Ponting,Shahid Afridi,0,0,"",""
ball,1,21.2,Australia,SE Marsh,RT Ponting,Shahid Afridi,4,0,"",""
ball,1,21.3,Australia,SE Marsh,RT Ponting,Shahid Afridi,1,0,"",""
ball,1,21.4,Australia,RT Ponting,SE Marsh,Shahid Afridi,0,0,"",""
ball,1,21.5,Australia,RT Ponting,SE Marsh,Shahid Afridi,0,0,"",""
ball,1,21.6,Australia,RT Ponting,SE Marsh,Shahid Afridi,0,0,"",""
ball,1,22.1,Australia,SE Marsh,RT Ponting,Saeed Ajmal,1,0,"",""
ball,1,22.2,Australia,RT Ponting,SE Marsh,Saeed Ajmal,0,0,"",""
ball,1,22.3,Australia,RT Ponting,SE Marsh,Saeed Ajmal,0,0,"",""
ball,1,22.4,Australia,RT Ponting,SE Marsh,Saeed Ajmal,0,0,"",""
ball,1,22.5,Australia,RT Ponting,SE Marsh,Saeed Ajmal,1,0,"",""
ball,1,22.6,Australia,SE Marsh,RT Ponting,Saeed Ajmal,0,0,"",""
ball,1,23.1,Australia,RT Ponting,SE Marsh,Shahid Afridi,1,0,"",""
ball,1,23.2,Australia,SE Marsh,RT Ponting,Shahid Afridi,0,0,"",""
ball,1,23.3,Australia,SE Marsh,RT Ponting,Shahid Afridi,0,0,caught,SE Marsh
ball,1,23.4,Australia,RT Ponting,MJ Clarke,Shahid Afridi,1,0,"",""
ball,1,23.5,Australia,MJ Clarke,RT Ponting,Shahid Afridi,0,0,"",""
ball,1,23.6,Australia,MJ Clarke,RT Ponting,Shahid Afridi,0,0,"",""
ball,1,24.1,Australia,RT Ponting,MJ Clarke,Saeed Ajmal,0,0,"",""
ball,1,24.2,Australia,RT Ponting,MJ Clarke,Saeed Ajmal,1,0,"",""
ball,1,24.3,Australia,MJ Clarke,RT Ponting,Saeed Ajmal,2,0,"",""
ball,1,24.4,Australia,MJ Clarke,RT Ponting,Saeed Ajmal,0,0,"",""
ball,1,24.5,Australia,MJ Clarke,RT Ponting,Saeed Ajmal,0,0,"",""
ball,1,24.6,Australia,MJ Clarke,RT Ponting,Saeed Ajmal,1,0,"",""
ball,1,25.1,Australia,MJ Clarke,RT Ponting,Shahid Afridi,1,0,"",""
ball,1,25.2,Australia,RT Ponting,MJ Clarke,Shahid Afridi,0,0,"",""
ball,1,25.3,Australia,RT Ponting,MJ Clarke,Shahid Afridi,1,0,"",""
ball,1,25.4,Australia,MJ Clarke,RT Ponting,Shahid Afridi,2,0,"",""
ball,1,25.5,Australia,MJ Clarke,RT Ponting,Shahid Afridi,0,0,"",""
ball,1,25.6,Australia,MJ Clarke,RT Ponting,Shahid Afridi,1,0,"",""
ball,1,26.1,Australia,MJ Clarke,RT Ponting,Saeed Ajmal,1,0,"",""
ball,1,26.2,Australia,RT Ponting,MJ Clarke,Saeed Ajmal,1,0,"",""
ball,1,26.3,Australia,MJ Clarke,RT Ponting,Saeed Ajmal,0,0,"",""
ball,1,26.4,Australia,MJ Clarke,RT Ponting,Saeed Ajmal,1,0,"",""
ball,1,26.5,Australia,RT Ponting,MJ Clarke,Saeed Ajmal,1,0,"",""
ball,1,26.6,Australia,MJ Clarke,RT Ponting,Saeed Ajmal,0,0,"",""
ball,1,27.1,Australia,RT Ponting,MJ Clarke,Mohammad Amir,1,0,"",""
ball,1,27.2,Australia,MJ Clarke,RT Ponting,Mohammad Amir,0,2,"",""
ball,1,27.3,Australia,MJ Clarke,RT Ponting,Mohammad Amir,1,0,"",""
ball,1,27.4,Australia,RT Ponting,MJ Clarke,Mohammad Amir,0,0,"",""
ball,1,27.5,Australia,RT Ponting,MJ Clarke,Mohammad Amir,0,0,"",""
ball,1,27.6,Australia,RT Ponting,MJ Clarke,Mohammad Amir,1,0,"",""
ball,1,28.1,Australia,RT Ponting,MJ Clarke,Shoaib Malik,1,0,"",""
ball,1,28.2,Australia,MJ Clarke,RT Ponting,Shoaib Malik,0,0,"",""
ball,1,28.3,Australia,MJ Clarke,RT Ponting,Shoaib Malik,1,0,"",""
ball,1,28.4,Australia,RT Ponting,MJ Clarke,Shoaib Malik,0,0,"",""
ball,1,28.5,Australia,RT Ponting,MJ Clarke,Shoaib Malik,1,0,"",""
ball,1,28.6,Australia,MJ Clarke,RT Ponting,Shoaib Malik,0,0,"",""
ball,1,29.1,Australia,RT Ponting,MJ Clarke,Mohammad Amir,0,0,"",""
ball,1,29.2,Australia,RT Ponting,MJ Clarke,Mohammad Amir,0,0,"",""
ball,1,29.3,Australia,RT Ponting,MJ Clarke,Mohammad Amir,2,0,"",""
ball,1,29.4,Australia,RT Ponting,MJ Clarke,Mohammad Amir,0,0,caught,RT Ponting
ball,1,29.5,Australia,CL White,MJ Clarke,Mohammad Amir,0,0,"",""
ball,1,29.6,Australia,CL White,MJ Clarke,Mohammad Amir,0,0,"",""
ball,1,30.1,Australia,MJ Clarke,CL White,Shoaib Malik,0,0,"",""
ball,1,30.2,Australia,MJ Clarke,CL White,Shoaib Malik,1,0,"",""
ball,1,30.3,Australia,CL White,MJ Clarke,Shoaib Malik,0,0,"",""
ball,1,30.4,Australia,CL White,MJ Clarke,Shoaib Malik,0,0,"",""
ball,1,30.5,Australia,CL White,MJ Clarke,Shoaib Malik,1,0,"",""
ball,1,30.6,Australia,MJ Clarke,CL White,Shoaib Malik,0,0,"",""
ball,1,31.1,Australia,CL White,MJ Clarke,Naved-ul-Hasan,0,0,"",""
ball,1,31.2,Australia,CL White,MJ Clarke,Naved-ul-Hasan,1,0,"",""
ball,1,31.3,Australia,MJ Clarke,CL White,Naved-ul-Hasan,0,0,"",""
ball,1,31.4,Australia,MJ Clarke,CL White,Naved-ul-Hasan,0,1,"",""
ball,1,31.5,Australia,CL White,MJ Clarke,Naved-ul-Hasan,0,0,"",""
ball,1,31.6,Australia,CL White,MJ Clarke,Naved-ul-Hasan,0,0,"",""
ball,1,32.1,Australia,MJ Clarke,CL White,Shoaib Malik,0,0,"",""
ball,1,32.2,Australia,MJ Clarke,CL White,Shoaib Malik,1,0,"",""
ball,1,32.3,Australia,CL White,MJ Clarke,Shoaib Malik,1,0,"",""
ball,1,32.4,Australia,MJ Clarke,CL White,Shoaib Malik,0,0,"",""
ball,1,32.5,Australia,MJ Clarke,CL White,Shoaib Malik,1,0,"",""
ball,1,32.6,Australia,CL White,MJ Clarke,Shoaib Malik,1,0,"",""
ball,1,33.1,Australia,CL White,MJ Clarke,Naved-ul-Hasan,0,0,"",""
ball,1,33.2,Australia,CL White,MJ Clarke,Naved-ul-Hasan,4,0,"",""
ball,1,33.3,Australia,CL White,MJ Clarke,Naved-ul-Hasan,0,0,"",""
ball,1,33.4,Australia,CL White,MJ Clarke,Naved-ul-Hasan,0,0,"",""
ball,1,33.5,Australia,CL White,MJ Clarke,Naved-ul-Hasan,1,1,"",""
ball,1,33.6,Australia,MJ Clarke,CL White,Naved-ul-Hasan,4,0,"",""
ball,1,33.7,Australia,MJ Clarke,CL White,Naved-ul-Hasan,1,0,"",""
ball,1,34.1,Australia,MJ Clarke,CL White,Shoaib Malik,1,0,"",""
ball,1,34.2,Australia,CL White,MJ Clarke,Shoaib Malik,1,0,"",""
ball,1,34.3,Australia,MJ Clarke,CL White,Shoaib Malik,0,0,"",""
ball,1,34.4,Australia,MJ Clarke,CL White,Shoaib Malik,1,0,"",""
ball,1,34.5,Australia,CL White,MJ Clarke,Shoaib Malik,1,0,"",""
ball,1,34.6,Australia,MJ Clarke,CL White,Shoaib Malik,4,0,"",""
ball,1,35.1,Australia,CL White,MJ Clarke,Umar Gul,0,0,"",""
ball,1,35.2,Australia,CL White,MJ Clarke,Umar Gul,0,0,"",""
ball,1,35.3,Australia,CL White,MJ Clarke,Umar Gul,1,0,"",""
ball,1,35.4,Australia,MJ Clarke,CL White,Umar Gul,0,0,caught,MJ Clarke
ball,1,35.5,Australia,MEK Hussey,CL White,Umar Gul,0,0,"",""
ball,1,35.6,Australia,MEK Hussey,CL White,Umar Gul,1,0,"",""
ball,1,36.1,Australia,MEK Hussey,CL White,Shahid Afridi,1,0,"",""
ball,1,36.2,Australia,CL White,MEK Hussey,Shahid Afridi,0,0,"",""
ball,1,36.3,Australia,CL White,MEK Hussey,Shahid Afridi,1,0,"",""
ball,1,36.4,Australia,MEK Hussey,CL White,Shahid Afridi,1,0,"",""
ball,1,36.5,Australia,CL White,MEK Hussey,Shahid Afridi,2,0,"",""
ball,1,36.6,Australia,CL White,MEK Hussey,Shahid Afridi,0,0,"",""
ball,1,37.1,Australia,MEK Hussey,CL White,Umar Gul,0,1,"",""
ball,1,37.2,Australia,MEK Hussey,CL White,Umar Gul,1,0,"",""
ball,1,37.3,Australia,CL White,MEK Hussey,Umar Gul,3,0,"",""
ball,1,37.4,Australia,MEK Hussey,CL White,Umar Gul,1,0,"",""
ball,1,37.5,Australia,CL White,MEK Hussey,Umar Gul,1,0,"",""
ball,1,37.6,Australia,MEK Hussey,CL White,Umar Gul,0,0,"",""
ball,1,37.7,Australia,MEK Hussey,CL White,Umar Gul,1,0,"",""
ball,1,38.1,Australia,MEK Hussey,CL White,Shahid Afridi,1,0,"",""
ball,1,38.2,Australia,CL White,MEK Hussey,Shahid Afridi,0,0,"",""
ball,1,38.3,Australia,CL White,MEK Hussey,Shahid Afridi,1,0,"",""
ball,1,38.4,Australia,MEK Hussey,CL White,Shahid Afridi,2,0,"",""
ball,1,38.5,Australia,MEK Hussey,CL White,Shahid Afridi,0,0,"",""
ball,1,38.6,Australia,MEK Hussey,CL White,Shahid Afridi,1,0,"",""
ball,1,39.1,Australia,MEK Hussey,CL White,Umar Gul,2,0,"",""
ball,1,39.2,Australia,MEK Hussey,CL White,Umar Gul,1,0,"",""
ball,1,39.3,Australia,CL White,MEK Hussey,Umar Gul,1,0,"",""
ball,1,39.4,Australia,MEK Hussey,CL White,Umar Gul,0,0,"",""
ball,1,39.5,Australia,MEK Hussey,CL White,Umar Gul,1,0,"",""
ball,1,39.6,Australia,CL White,MEK Hussey,Umar Gul,0,0,"",""
ball,1,40.1,Australia,MEK Hussey,CL White,Saeed Ajmal,0,0,"",""
ball,1,40.2,Australia,MEK Hussey,CL White,Saeed Ajmal,0,0,"",""
ball,1,40.3,Australia,MEK Hussey,CL White,Saeed Ajmal,1,0,"",""
ball,1,40.4,Australia,CL White,MEK Hussey,Saeed Ajmal,0,0,"",""
ball,1,40.5,Australia,CL White,MEK Hussey,Saeed Ajmal,0,0,"",""
ball,1,40.6,Australia,CL White,MEK Hussey,Saeed Ajmal,0,0,"",""
ball,1,41.1,Australia,MEK Hussey,CL White,Naved-ul-Hasan,0,0,"",""
ball,1,41.2,Australia,MEK Hussey,CL White,Naved-ul-Hasan,1,0,"",""
ball,1,41.3,Australia,CL White,MEK Hussey,Naved-ul-Hasan,1,0,"",""
ball,1,41.4,Australia,MEK Hussey,CL White,Naved-ul-Hasan,0,0,"",""
ball,1,41.5,Australia,MEK Hussey,CL White,Naved-ul-Hasan,0,0,"",""
ball,1,41.6,Australia,MEK Hussey,CL White,Naved-ul-Hasan,1,0,"",""
ball,1,42.1,Australia,MEK Hussey,CL White,Saeed Ajmal,0,0,"",""
ball,1,42.2,Australia,MEK Hussey,CL White,Saeed Ajmal,4,0,"",""
ball,1,42.3,Australia,MEK Hussey,CL White,Saeed Ajmal,1,0,"",""
ball,1,42.4,Australia,CL White,MEK Hussey,Saeed Ajmal,1,0,"",""
ball,1,42.5,Australia,MEK Hussey,CL White,Saeed Ajmal,1,0,"",""
ball,1,42.6,Australia,CL White,MEK Hussey,Saeed Ajmal,0,0,"",""
ball,1,43.1,Australia,MEK Hussey,CL White,Naved-ul-Hasan,1,0,"",""
ball,1,43.2,Australia,CL White,MEK Hussey,Naved-ul-Hasan,1,0,"",""
ball,1,43.3,Australia,MEK Hussey,CL White,Naved-ul-Hasan,1,0,"",""
ball,1,43.4,Australia,CL White,MEK Hussey,Naved-ul-Hasan,6,0,"",""
ball,1,43.5,Australia,CL White,MEK Hussey,Naved-ul-Hasan,0,0,"",""
ball,1,43.6,Australia,CL White,MEK Hussey,Naved-ul-Hasan,4,0,"",""
ball,1,44.1,Australia,MEK Hussey,CL White,Saeed Ajmal,3,0,"",""
ball,1,44.2,Australia,CL White,MEK Hussey,Saeed Ajmal,0,0,"",""
ball,1,44.3,Australia,CL White,MEK Hussey,Saeed Ajmal,1,0,"",""
ball,1,44.4,Australia,MEK Hussey,CL White,Saeed Ajmal,0,0,"",""
ball,1,44.5,Australia,MEK Hussey,CL White,Saeed Ajmal,1,0,"",""
ball,1,44.6,Australia,CL White,MEK Hussey,Saeed Ajmal,1,0,"",""
ball,1,45.1,Australia,CL White,MEK Hussey,Mohammad Amir,1,0,"",""
ball,1,45.2,Australia,MEK Hussey,CL White,Mohammad Amir,0,0,caught,MEK Hussey
ball,1,45.3,Australia,CL White,BJ Haddin,Mohammad Amir,1,0,"",""
ball,1,45.4,Australia,BJ Haddin,CL White,Mohammad Amir,1,0,"",""
ball,1,45.5,Australia,CL White,BJ Haddin,Mohammad Amir,1,0,"",""
ball,1,45.6,Australia,BJ Haddin,CL White,Mohammad Amir,1,0,"",""
ball,1,46.1,Australia,BJ Haddin,CL White,Umar Gul,2,0,"",""
ball,1,46.2,Australia,BJ Haddin,CL White,Umar Gul,1,0,"",""
ball,1,46.3,Australia,CL White,BJ Haddin,Umar Gul,1,0,"",""
ball,1,46.4,Australia,BJ Haddin,CL White,Umar Gul,1,0,"",""
ball,1,46.5,Australia,CL White,BJ Haddin,Umar Gul,1,0,"",""
ball,1,46.6,Australia,BJ Haddin,CL White,Umar Gul,2,0,"",""
ball,1,47.1,Australia,CL White,BJ Haddin,Mohammad Amir,0,0,"",""
ball,1,47.2,Australia,CL White,BJ Haddin,Mohammad Amir,0,0,"",""
ball,1,47.3,Australia,CL White,BJ Haddin,Mohammad Amir,1,0,"",""
ball,1,47.4,Australia,BJ Haddin,CL White,Mohammad Amir,4,0,"",""
ball,1,47.5,Australia,BJ Haddin,CL White,Mohammad Amir,1,0,"",""
ball,1,47.6,Australia,CL White,BJ Haddin,Mohammad Amir,4,0,"",""
ball,1,48.1,Australia,BJ Haddin,CL White,Umar Gul,2,0,"",""
ball,1,48.2,Australia,BJ Haddin,CL White,Umar Gul,2,0,"",""
ball,1,48.3,Australia,BJ Haddin,CL White,Umar Gul,4,0,"",""
ball,1,48.4,Australia,BJ Haddin,CL White,Umar Gul,1,0,"",""
ball,1,48.5,Australia,CL White,BJ Haddin,Umar Gul,4,0,"",""
ball,1,48.6,Australia,CL White,BJ Haddin,Umar Gul,3,0,"",""
ball,1,49.1,Australia,CL White,BJ Haddin,Mohammad Amir,0,0,"",""
ball,1,49.2,Australia,CL White,BJ Haddin,Mohammad Amir,2,0,"",""
ball,1,49.3,Australia,CL White,BJ Haddin,Mohammad Amir,0,0,caught,CL White
ball,1,49.4,Australia,BJ Haddin,NM Hauritz,Mohammad Amir,1,0,"",""
ball,1,49.5,Australia,NM Hauritz,BJ Haddin,Mohammad Amir,1,0,"",""
ball,1,49.6,Australia,BJ Haddin,NM Hauritz,Mohammad Amir,4,0,"",""
ball,2,0.1,Pakistan,Salman Butt,Kamran Akmal,DE Bollinger,0,0,"",""
ball,2,0.2,Pakistan,Salman Butt,Kamran Akmal,DE Bollinger,0,0,"",""
ball,2,0.3,Pakistan,Salman Butt,Kamran Akmal,DE Bollinger,1,0,"",""
ball,2,0.4,Pakistan,Kamran Akmal,Salman Butt,DE Bollinger,0,0,"",""
ball,2,0.5,Pakistan,Kamran Akmal,Salman Butt,DE Bollinger,0,0,"",""
ball,2,0.6,Pakistan,Kamran Akmal,Salman Butt,DE Bollinger,0,0,"",""
ball,2,1.1,Pakistan,Salman Butt,Kamran Akmal,PM Siddle,0,0,"",""
ball,2,1.2,Pakistan,Salman Butt,Kamran Akmal,PM Siddle,0,0,"",""
ball,2,1.3,Pakistan,Salman Butt,Kamran Akmal,PM Siddle,0,0,"",""
ball,2,1.4,Pakistan,Salman Butt,Kamran Akmal,PM Siddle,1,0,"",""
ball,2,1.5,Pakistan,Kamran Akmal,Salman Butt,PM Siddle,0,1,"",""
ball,2,1.6,Pakistan,Kamran Akmal,Salman Butt,PM Siddle,0,0,"",""
ball,2,1.7,Pakistan,Kamran Akmal,Salman Butt,PM Siddle,0,0,"",""
ball,2,2.1,Pakistan,Salman Butt,Kamran Akmal,DE Bollinger,0,0,"",""
ball,2,2.2,Pakistan,Salman Butt,Kamran Akmal,DE Bollinger,0,0,"",""
ball,2,2.3,Pakistan,Salman Butt,Kamran Akmal,DE Bollinger,0,0,"",""
ball,2,2.4,Pakistan,Salman Butt,Kamran Akmal,DE Bollinger,0,0,"",""
ball,2,2.5,Pakistan,Salman Butt,Kamran Akmal,DE Bollinger,0,0,"",""
ball,2,2.6,Pakistan,Salman Butt,Kamran Akmal,DE Bollinger,0,0,"",""
ball,2,3.1,Pakistan,Kamran Akmal,Salman Butt,PM Siddle,0,0,"",""
ball,2,3.2,Pakistan,Kamran Akmal,Salman Butt,PM Siddle,0,0,"",""
ball,2,3.3,Pakistan,Kamran Akmal,Salman Butt,PM Siddle,0,0,"",""
ball,2,3.4,Pakistan,Kamran Akmal,Salman Butt,PM Siddle,0,0,"",""
ball,2,3.5,Pakistan,Kamran Akmal,Salman Butt,PM Siddle,3,0,"",""
ball,2,3.6,Pakistan,Salman Butt,Kamran Akmal,PM Siddle,0,0,"",""
ball,2,4.1,Pakistan,Kamran Akmal,Salman Butt,DE Bollinger,0,0,"",""
ball,2,4.2,Pakistan,Kamran Akmal,Salman Butt,DE Bollinger,1,0,"",""
ball,2,4.3,Pakistan,Salman Butt,Kamran Akmal,DE Bollinger,0,0,caught,Salman Butt
ball,2,4.4,Pakistan,Younis Khan,Kamran Akmal,DE Bollinger,0,0,"",""
ball,2,4.5,Pakistan,Younis Khan,Kamran Akmal,DE Bollinger,0,0,"",""
ball,2,4.6,Pakistan,Younis Khan,Kamran Akmal,DE Bollinger,0,0,caught,Younis Khan
ball,2,5.1,Pakistan,Kamran Akmal,Mohammad Yousuf,PM Siddle,0,0,"",""
ball,2,5.2,Pakistan,Kamran Akmal,Mohammad Yousuf,PM Siddle,0,0,"",""
ball,2,5.3,Pakistan,Kamran Akmal,Mohammad Yousuf,PM Siddle,0,0,"",""
ball,2,5.4,Pakistan,Kamran Akmal,Mohammad Yousuf,PM Siddle,0,0,"",""
ball,2,5.5,Pakistan,Kamran Akmal,Mohammad Yousuf,PM Siddle,0,0,"",""
ball,2,5.6,Pakistan,Kamran Akmal,Mohammad Yousuf,PM Siddle,0,0,"",""
ball,2,6.1,Pakistan,Mohammad Yousuf,Kamran Akmal,DE Bollinger,0,0,"",""
ball,2,6.2,Pakistan,Mohammad Yousuf,Kamran Akmal,DE Bollinger,0,0,"",""
ball,2,6.3,Pakistan,Mohammad Yousuf,Kamran Akmal,DE Bollinger,0,0,"",""
ball,2,6.4,Pakistan,Mohammad Yousuf,Kamran Akmal,DE Bollinger,0,1,"",""
ball,2,6.5,Pakistan,Mohammad Yousuf,Kamran Akmal,DE Bollinger,2,0,"",""
ball,2,6.6,Pakistan,Mohammad Yousuf,Kamran Akmal,DE Bollinger,0,0,"",""
ball,2,6.7,Pakistan,Mohammad Yousuf,Kamran Akmal,DE Bollinger,4,0,"",""
ball,2,7.1,Pakistan,Kamran Akmal,Mohammad Yousuf,PM Siddle,6,0,"",""
ball,2,7.2,Pakistan,Kamran Akmal,Mohammad Yousuf,PM Siddle,1,0,"",""
ball,2,7.3,Pakistan,Mohammad Yousuf,Kamran Akmal,PM Siddle,0,0,"",""
ball,2,7.4,Pakistan,Mohammad Yousuf,Kamran Akmal,PM Siddle,0,0,"",""
ball,2,7.5,Pakistan,Mohammad Yousuf,Kamran Akmal,PM Siddle,1,0,"",""
ball,2,7.6,Pakistan,Kamran Akmal,Mohammad Yousuf,PM Siddle,0,0,"",""
ball,2,8.1,Pakistan,Mohammad Yousuf,Kamran Akmal,CJ McKay,1,0,"",""
ball,2,8.2,Pakistan,Kamran Akmal,Mohammad Yousuf,CJ McKay,0,0,"",""
ball,2,8.3,Pakistan,Kamran Akmal,Mohammad Yousuf,CJ McKay,0,0,"",""
ball,2,8.4,Pakistan,Kamran Akmal,Mohammad Yousuf,CJ McKay,4,0,"",""
ball,2,8.5,Pakistan,Kamran Akmal,Mohammad Yousuf,CJ McKay,0,0,"",""
ball,2,8.6,Pakistan,Kamran Akmal,Mohammad Yousuf,CJ McKay,0,0,"",""
ball,2,9.1,Pakistan,Mohammad Yousuf,Kamran Akmal,PM Siddle,0,0,"",""
ball,2,9.2,Pakistan,Mohammad Yousuf,Kamran Akmal,PM Siddle,1,0,"",""
ball,2,9.3,Pakistan,Kamran Akmal,Mohammad Yousuf,PM Siddle,0,1,"",""
ball,2,9.4,Pakistan,Mohammad Yousuf,Kamran Akmal,PM Siddle,0,0,"",""
ball,2,9.5,Pakistan,Mohammad Yousuf,Kamran Akmal,PM Siddle,2,0,"",""
ball,2,9.6,Pakistan,Mohammad Yousuf,Kamran Akmal,PM Siddle,0,0,"",""
ball,2,10.1,Pakistan,Kamran Akmal,Mohammad Yousuf,CJ McKay,0,0,"",""
ball,2,10.2,Pakistan,Kamran Akmal,Mohammad Yousuf,CJ McKay,0,0,"",""
ball,2,10.3,Pakistan,Kamran Akmal,Mohammad Yousuf,CJ McKay,0,0,"",""
ball,2,10.4,Pakistan,Kamran Akmal,Mohammad Yousuf,CJ McKay,1,0,"",""
ball,2,10.5,Pakistan,Mohammad Yousuf,Kamran Akmal,CJ McKay,0,0,"",""
ball,2,10.6,Pakistan,Mohammad Yousuf,Kamran Akmal,CJ McKay,0,0,run out,Kamran Akmal
ball,2,11.1,Pakistan,Umar Akmal,Mohammad Yousuf,PM Siddle,0,0,"",""
ball,2,11.2,Pakistan,Umar Akmal,Mohammad Yousuf,PM Siddle,0,0,bowled,Umar Akmal
ball,2,11.3,Pakistan,Shoaib Malik,Mohammad Yousuf,PM Siddle,0,0,"",""
ball,2,11.4,Pakistan,Shoaib Malik,Mohammad Yousuf,PM Siddle,0,0,"",""
ball,2,11.5,Pakistan,Shoaib Malik,Mohammad Yousuf,PM Siddle,1,0,"",""
ball,2,11.6,Pakistan,Mohammad Yousuf,Shoaib Malik,PM Siddle,0,0,"",""
ball,2,12.1,Pakistan,Shoaib Malik,Mohammad Yousuf,CJ McKay,0,0,"",""
ball,2,12.2,Pakistan,Shoaib Malik,Mohammad Yousuf,CJ McKay,0,0,"",""
ball,2,12.3,Pakistan,Shoaib Malik,Mohammad Yousuf,CJ McKay,0,0,"",""
ball,2,12.4,Pakistan,Shoaib Malik,Mohammad Yousuf,CJ McKay,0,0,"",""
ball,2,12.5,Pakistan,Shoaib Malik,Mohammad Yousuf,CJ McKay,0,0,"",""
ball,2,12.6,Pakistan,Shoaib Malik,Mohammad Yousuf,CJ McKay,0,1,"",""
ball,2,12.7,Pakistan,Shoaib Malik,Mohammad Yousuf,CJ McKay,0,0,"",""
ball,2,13.1,Pakistan,Mohammad Yousuf,Shoaib Malik,DE Bollinger,2,0,"",""
ball,2,13.2,Pakistan,Mohammad Yousuf,Shoaib Malik,DE Bollinger,0,0,"",""
ball,2,13.3,Pakistan,Mohammad Yousuf,Shoaib Malik,DE Bollinger,0,0,"",""
ball,2,13.4,Pakistan,Mohammad Yousuf,Shoaib Malik,DE Bollinger,1,0,"",""
ball,2,13.5,Pakistan,Shoaib Malik,Mohammad Yousuf,DE Bollinger,0,0,"",""
ball,2,13.6,Pakistan,Shoaib Malik,Mohammad Yousuf,DE Bollinger,0,0,"",""
ball,2,14.1,Pakistan,Mohammad Yousuf,Shoaib Malik,CJ McKay,1,0,"",""
ball,2,14.2,Pakistan,Shoaib Malik,Mohammad Yousuf,CJ McKay,0,0,"",""
ball,2,14.3,Pakistan,Shoaib Malik,Mohammad Yousuf,CJ McKay,0,0,"",""
ball,2,14.4,Pakistan,Shoaib Malik,Mohammad Yousuf,CJ McKay,0,0,"",""
ball,2,14.5,Pakistan,Shoaib Malik,Mohammad Yousuf,CJ McKay,0,0,"",""
ball,2,14.6,Pakistan,Shoaib Malik,Mohammad Yousuf,CJ McKay,0,0,"",""
ball,2,15.1,Pakistan,Mohammad Yousuf,Shoaib Malik,DE Bollinger,0,0,"",""
ball,2,15.2,Pakistan,Mohammad Yousuf,Shoaib Malik,DE Bollinger,1,0,"",""
ball,2,15.3,Pakistan,Shoaib Malik,Mohammad Yousuf,DE Bollinger,0,0,"",""
ball,2,15.4,Pakistan,Shoaib Malik,Mohammad Yousuf,DE Bollinger,0,0,"",""
ball,2,15.5,Pakistan,Shoaib Malik,Mohammad Yousuf,DE Bollinger,0,0,"",""
ball,2,15.6,Pakistan,Shoaib Malik,Mohammad Yousuf,DE Bollinger,0,0,"",""
ball,2,16.1,Pakistan,Mohammad Yousuf,Shoaib Malik,CJ McKay,1,0,"",""
ball,2,16.2,Pakistan,Shoaib Malik,Mohammad Yousuf,CJ McKay,1,0,"",""
ball,2,16.3,Pakistan,Mohammad Yousuf,Shoaib Malik,CJ McKay,1,0,"",""
ball,2,16.4,Pakistan,Shoaib Malik,Mohammad Yousuf,CJ McKay,0,0,"",""
ball,2,16.5,Pakistan,Shoaib Malik,Mohammad Yousuf,CJ McKay,0,0,"",""
ball,2,16.6,Pakistan,Shoaib Malik,Mohammad Yousuf,CJ McKay,0,0,caught,Shoaib Malik
ball,2,17.1,Pakistan,Mohammad Yousuf,Shahid Afridi,DE Bollinger,0,0,"",""
ball,2,17.2,Pakistan,Mohammad Yousuf,Shahid Afridi,DE Bollinger,1,0,"",""
ball,2,17.3,Pakistan,Shahid Afridi,Mohammad Yousuf,DE Bollinger,1,0,"",""
ball,2,17.4,Pakistan,Mohammad Yousuf,Shahid Afridi,DE Bollinger,0,0,"",""
ball,2,17.5,Pakistan,Mohammad Yousuf,Shahid Afridi,DE Bollinger,1,0,"",""
ball,2,17.6,Pakistan,Shahid Afridi,Mohammad Yousuf,DE Bollinger,0,0,"",""
ball,2,18.1,Pakistan,Mohammad Yousuf,Shahid Afridi,CJ McKay,0,0,"",""
ball,2,18.2,Pakistan,Mohammad Yousuf,Shahid Afridi,CJ McKay,0,0,"",""
ball,2,18.3,Pakistan,Mohammad Yousuf,Shahid Afridi,CJ McKay,0,0,"",""
ball,2,18.4,Pakistan,Mohammad Yousuf,Shahid Afridi,CJ McKay,0,0,"",""
ball,2,18.5,Pakistan,Mohammad Yousuf,Shahid Afridi,CJ McKay,0,1,"",""
ball,2,18.6,Pakistan,Mohammad Yousuf,Shahid Afridi,CJ McKay,0,0,"",""
ball,2,18.7,Pakistan,Mohammad Yousuf,Shahid Afridi,CJ McKay,1,0,"",""
ball,2,19.1,Pakistan,Mohammad Yousuf,Shahid Afridi,SR Watson,0,0,"",""
ball,2,19.2,Pakistan,Mohammad Yousuf,Shahid Afridi,SR Watson,0,0,"",""
ball,2,19.3,Pakistan,Mohammad Yousuf,Shahid Afridi,SR Watson,1,0,"",""
ball,2,19.4,Pakistan,Shahid Afridi,Mohammad Yousuf,SR Watson,0,0,"",""
ball,2,19.5,Pakistan,Shahid Afridi,Mohammad Yousuf,SR Watson,1,0,"",""
ball,2,19.6,Pakistan,Mohammad Yousuf,Shahid Afridi,SR Watson,0,0,"",""
ball,2,20.1,Pakistan,Shahid Afridi,Mohammad Yousuf,NM Hauritz,6,0,"",""
ball,2,20.2,Pakistan,Shahid Afridi,Mohammad Yousuf,NM Hauritz,1,0,"",""
ball,2,20.3,Pakistan,Mohammad Yousuf,Shahid Afridi,NM Hauritz,0,0,"",""
ball,2,20.4,Pakistan,Mohammad Yousuf,Shahid Afridi,NM Hauritz,0,0,"",""
ball,2,20.5,Pakistan,Mohammad Yousuf,Shahid Afridi,NM Hauritz,0,0,"",""
ball,2,20.6,Pakistan,Mohammad Yousuf,Shahid Afridi,NM Hauritz,1,0,"",""
ball,2,21.1,Pakistan,Mohammad Yousuf,Shahid Afridi,SR Watson,0,0,"",""
ball,2,21.2,Pakistan,Mohammad Yousuf,Shahid Afridi,SR Watson,0,0,"",""
ball,2,21.3,Pakistan,Mohammad Yousuf,Shahid Afridi,SR Watson,1,0,"",""
ball,2,21.4,Pakistan,Shahid Afridi,Mohammad Yousuf,SR Watson,0,0,caught and bowled,Shahid Afridi
ball,2,21.5,Pakistan,Mohammad Amir,Mohammad Yousuf,SR Watson,0,0,"",""
ball,2,21.6,Pakistan,Mohammad Amir,Mohammad Yousuf,SR Watson,0,0,"",""
ball,2,22.1,Pakistan,Mohammad Yousuf,Mohammad Amir,NM Hauritz,0,0,"",""
ball,2,22.2,Pakistan,Mohammad Yousuf,Mohammad Amir,NM Hauritz,0,0,"",""
ball,2,22.3,Pakistan,Mohammad Yousuf,Mohammad Amir,NM Hauritz,0,0,"",""
ball,2,22.4,Pakistan,Mohammad Yousuf,Mohammad Amir,NM Hauritz,1,0,"",""
ball,2,22.5,Pakistan,Mohammad Amir,Mohammad Yousuf,NM Hauritz,0,0,"",""
ball,2,22.6,Pakistan,Mohammad Amir,Mohammad Yousuf,NM Hauritz,0,0,"",""
ball,2,23.1,Pakistan,Mohammad Yousuf,Mohammad Amir,SR Watson,6,0,"",""
ball,2,23.2,Pakistan,Mohammad Yousuf,Mohammad Amir,SR Watson,0,0,"",""
ball,2,23.3,Pakistan,Mohammad Yousuf,Mohammad Amir,SR Watson,0,0,"",""
ball,2,23.4,Pakistan,Mohammad Yousuf,Mohammad Amir,SR Watson,0,0,"",""
ball,2,23.5,Pakistan,Mohammad Yousuf,Mohammad Amir,SR Watson,1,0,"",""
ball,2,23.6,Pakistan,Mohammad Amir,Mohammad Yousuf,SR Watson,0,0,"",""
ball,2,24.1,Pakistan,Mohammad Yousuf,Mohammad Amir,NM Hauritz,0,0,"",""
ball,2,24.2,Pakistan,Mohammad Yousuf,Mohammad Amir,NM Hauritz,1,0,"",""
ball,2,24.3,Pakistan,Mohammad Amir,Mohammad Yousuf,NM Hauritz,2,0,"",""
ball,2,24.4,Pakistan,Mohammad Amir,Mohammad Yousuf,NM Hauritz,2,0,"",""
ball,2,24.5,Pakistan,Mohammad Amir,Mohammad Yousuf,NM Hauritz,0,0,"",""
ball,2,24.6,Pakistan,Mohammad Amir,Mohammad Yousuf,NM Hauritz,0,0,caught and bowled,Mohammad Amir
ball,2,25.1,Pakistan,Mohammad Yousuf,Naved-ul-Hasan,PM Siddle,0,0,"",""
ball,2,25.2,Pakistan,Mohammad Yousuf,Naved-ul-Hasan,PM Siddle,0,0,"",""
ball,2,25.3,Pakistan,Mohammad Yousuf,Naved-ul-Hasan,PM Siddle,0,0,"",""
ball,2,25.4,Pakistan,Mohammad Yousuf,Naved-ul-Hasan,PM Siddle,0,0,"",""
ball,2,25.5,Pakistan,Mohammad Yousuf,Naved-ul-Hasan,PM Siddle,1,0,"",""
ball,2,25.6,Pakistan,Naved-ul-Hasan,Mohammad Yousuf,PM Siddle,0,0,"",""
ball,2,26.1,Pakistan,Mohammad Yousuf,Naved-ul-Hasan,NM Hauritz,0,0,"",""
ball,2,26.2,Pakistan,Mohammad Yousuf,Naved-ul-Hasan,NM Hauritz,1,0,"",""
ball,2,26.3,Pakistan,Naved-ul-Hasan,Mohammad Yousuf,NM Hauritz,0,0,"",""
ball,2,26.4,Pakistan,Naved-ul-Hasan,Mohammad Yousuf,NM Hauritz,6,0,"",""
ball,2,26.5,Pakistan,Naved-ul-Hasan,Mohammad Yousuf,NM Hauritz,2,0,"",""
ball,2,26.6,Pakistan,Naved-ul-Hasan,Mohammad Yousuf,NM Hauritz,1,0,"",""
ball,2,27.1,Pakistan,Naved-ul-Hasan,Mohammad Yousuf,PM Siddle,0,0,"",""
ball,2,27.2,Pakistan,Naved-ul-Hasan,Mohammad Yousuf,PM Siddle,0,0,"",""
ball,2,27.3,Pakistan,Naved-ul-Hasan,Mohammad Yousuf,PM Siddle,0,0,"",""
ball,2,27.4,Pakistan,Naved-ul-Hasan,Mohammad Yousuf,PM Siddle,1,0,"",""
ball,2,27.5,Pakistan,Mohammad Yousuf,Naved-ul-Hasan,PM Siddle,0,0,"",""
ball,2,27.6,Pakistan,Mohammad Yousuf,Naved-ul-Hasan,PM Siddle,4,0,"",""
ball,2,28.1,Pakistan,Naved-ul-Hasan,Mohammad Yousuf,NM Hauritz,1,0,"",""
ball,2,28.2,Pakistan,Mohammad Yousuf,Naved-ul-Hasan,NM Hauritz,2,0,"",""
ball,2,28.3,Pakistan,Mohammad Yousuf,Naved-ul-Hasan,NM Hauritz,0,0,"",""
ball,2,28.4,Pakistan,Mohammad Yousuf,Naved-ul-Hasan,NM Hauritz,0,0,"",""
ball,2,28.5,Pakistan,Mohammad Yousuf,Naved-ul-Hasan,NM Hauritz,0,0,"",""
ball,2,28.6,Pakistan,Mohammad Yousuf,Naved-ul-Hasan,NM Hauritz,0,0,"",""
ball,2,29.1,Pakistan,Naved-ul-Hasan,Mohammad Yousuf,MJ Clarke,1,0,"",""
ball,2,29.2,Pakistan,Mohammad Yousuf,Naved-ul-Hasan,MJ Clarke,2,0,"",""
ball,2,29.3,Pakistan,Mohammad Yousuf,Naved-ul-Hasan,MJ Clarke,0,0,"",""
ball,2,29.4,Pakistan,Mohammad Yousuf,Naved-ul-Hasan,MJ Clarke,0,0,"",""
ball,2,29.5,Pakistan,Mohammad Yousuf,Naved-ul-Hasan,MJ Clarke,1,0,"",""
ball,2,29.6,Pakistan,Naved-ul-Hasan,Mohammad Yousuf,MJ Clarke,0,0,"",""
ball,2,30.1,Pakistan,Mohammad Yousuf,Naved-ul-Hasan,NM Hauritz,1,0,"",""
ball,2,30.2,Pakistan,Naved-ul-Hasan,Mohammad Yousuf,NM Hauritz,1,0,"",""
ball,2,30.3,Pakistan,Mohammad Yousuf,Naved-ul-Hasan,NM Hauritz,0,0,"",""
ball,2,30.4,Pakistan,Mohammad Yousuf,Naved-ul-Hasan,NM Hauritz,1,0,"",""
ball,2,30.5,Pakistan,Naved-ul-Hasan,Mohammad Yousuf,NM Hauritz,2,0,"",""
ball,2,30.6,Pakistan,Naved-ul-Hasan,Mohammad Yousuf,NM Hauritz,0,0,"",""
ball,2,31.1,Pakistan,Mohammad Yousuf,Naved-ul-Hasan,MJ Clarke,1,0,"",""
ball,2,31.2,Pakistan,Naved-ul-Hasan,Mohammad Yousuf,MJ Clarke,1,0,"",""
ball,2,31.3,Pakistan,Mohammad Yousuf,Naved-ul-Hasan,MJ Clarke,1,0,"",""
ball,2,31.4,Pakistan,Naved-ul-Hasan,Mohammad Yousuf,MJ Clarke,1,0,"",""
ball,2,31.5,Pakistan,Mohammad Yousuf,Naved-ul-Hasan,MJ Clarke,1,0,"",""
ball,2,31.6,Pakistan,Naved-ul-Hasan,Mohammad Yousuf,MJ Clarke,0,0,"",""
ball,2,32.1,Pakistan,Mohammad Yousuf,Naved-ul-Hasan,NM Hauritz,2,0,"",""
ball,2,32.2,Pakistan,Mohammad Yousuf,Naved-ul-Hasan,NM Hauritz,1,0,"",""
ball,2,32.3,Pakistan,Naved-ul-Hasan,Mohammad Yousuf,NM Hauritz,6,0,"",""
ball,2,32.4,Pakistan,Naved-ul-Hasan,Mohammad Yousuf,NM Hauritz,4,0,"",""
ball,2,32.5,Pakistan,Naved-ul-Hasan,Mohammad Yousuf,NM Hauritz,0,0,"",""
ball,2,32.6,Pakistan,Naved-ul-Hasan,Mohammad Yousuf,NM Hauritz,0,0,stumped,Naved-ul-Hasan
ball,2,33.1,Pakistan,Mohammad Yousuf,Umar Gul,MJ Clarke,4,0,"",""
ball,2,33.2,Pakistan,Mohammad Yousuf,Umar Gul,MJ Clarke,0,0,"",""
ball,2,33.3,Pakistan,Mohammad Yousuf,Umar Gul,MJ Clarke,1,0,"",""
ball,2,33.4,Pakistan,Umar Gul,Mohammad Yousuf,MJ Clarke,0,0,"",""
ball,2,33.5,Pakistan,Umar Gul,Mohammad Yousuf,MJ Clarke,0,0,"",""
ball,2,33.6,Pakistan,Umar Gul,Mohammad Yousuf,MJ Clarke,0,0,"",""
ball,2,34.1,Pakistan,Mohammad Yousuf,Umar Gul,DE Bollinger,0,0,"",""
ball,2,34.2,Pakistan,Mohammad Yousuf,Umar Gul,DE Bollinger,0,0,"",""
ball,2,34.3,Pakistan,Mohammad Yousuf,Umar Gul,DE Bollinger,0,0,"",""
ball,2,34.4,Pakistan,Mohammad Yousuf,Umar Gul,DE Bollinger,1,0,"",""
ball,2,34.5,Pakistan,Umar Gul,Mohammad Yousuf,DE Bollinger,0,0,"",""
ball,2,34.6,Pakistan,Umar Gul,Mohammad Yousuf,DE Bollinger,0,0,"",""
ball,2,35.1,Pakistan,Mohammad Yousuf,Umar Gul,CJ McKay,0,0,"",""
ball,2,35.2,Pakistan,Mohammad Yousuf,Umar Gul,CJ McKay,0,0,caught,Mohammad Yousuf
ball,2,35.3,Pakistan,Saeed Ajmal,Umar Gul,CJ McKay,0,0,"",""
ball,2,35.4,Pakistan,Saeed Ajmal,Umar Gul,CJ McKay,0,0,"",""
ball,2,35.5,Pakistan,Saeed Ajmal,Umar Gul,CJ McKay,0,0,"",""
ball,2,35.6,Pakistan,Saeed Ajmal,Umar Gul,CJ McKay,1,0,"",""
ball,2,36.1,Pakistan,Saeed Ajmal,Umar Gul,DE Bollinger,0,0,"",""
ball,2,36.2,Pakistan,Saeed Ajmal,Umar Gul,DE Bollinger,0,0,"",""
ball,2,36.3,Pakistan,Saeed Ajmal,Umar Gul,DE Bollinger,0,0,"",""
ball,2,36.4,Pakistan,Saeed Ajmal,Umar Gul,DE Bollinger,0,0,"",""
ball,2,36.5,Pakistan,Saeed Ajmal,Umar Gul,DE Bollinger,0,0,"",""
ball,2,36.6,Pakistan,Saeed Ajmal,Umar Gul,DE Bollinger,2,0,"",""
ball,2,37.1,Pakistan,Umar Gul,Saeed Ajmal,CJ McKay,0,0,"",""
ball,2,37.2,Pakistan,Umar Gul,Saeed Ajmal,CJ McKay,1,0,"",""
ball,2,37.3,Pakistan,Saeed Ajmal,Umar Gul,CJ McKay,0,0,caught,Saeed Ajmal
