version,1.3.0
info,team,Zimbabwe
info,team,Bangladesh
info,gender,male
info,season,2009
info,date,2009/08/09
info,series,Bangladesh in Zimbabwe ODI Series
info,match_number,1
info,venue,Queens Sports Club
info,city,Bulawayo
info,toss_winner,Bangladesh
info,toss_decision,field
info,player_of_match,Mohammad Ashraful
info,umpire,AM Saheba
info,umpire,RB Tiffin
info,reserve_umpire,T Phiri
info,tv_umpire,KC Barbour
info,match_referee,J Srinath
info,winner,Bangladesh
info,winner_wickets,8
ball,1,0.1,Zimbabwe,H Masakadza,MA Vermeulen,Syed Rasel,0,0,"",""
ball,1,0.2,Zimbabwe,H Masakadza,MA Vermeulen,Syed Rasel,0,0,"",""
ball,1,0.3,Zimbabwe,H Masakadza,MA Vermeulen,Syed Rasel,0,0,"",""
ball,1,0.4,Zimbabwe,H Masakadza,MA Vermeulen,Syed Rasel,0,0,"",""
ball,1,0.5,Zimbabwe,H Masakadza,MA Vermeulen,Syed Rasel,0,0,"",""
ball,1,0.6,Zimbabwe,H Masakadza,MA Vermeulen,Syed Rasel,0,0,caught,H Masakadza
ball,1,1.1,Zimbabwe,MA Vermeulen,CJ Chibhabha,Nazmul Hossain,0,0,"",""
ball,1,1.2,Zimbabwe,MA Vermeulen,CJ Chibhabha,Nazmul Hossain,0,0,"",""
ball,1,1.3,Zimbabwe,MA Vermeulen,CJ Chibhabha,Nazmul Hossain,0,0,"",""
ball,1,1.4,Zimbabwe,MA Vermeulen,CJ Chibhabha,Nazmul Hossain,1,0,"",""
ball,1,1.5,Zimbabwe,CJ Chibhabha,MA Vermeulen,Nazmul Hossain,1,0,"",""
ball,1,1.6,Zimbabwe,MA Vermeulen,CJ Chibhabha,Nazmul Hossain,0,0,"",""
ball,1,2.1,Zimbabwe,CJ Chibhabha,MA Vermeulen,Syed Rasel,1,0,"",""
ball,1,2.2,Zimbabwe,MA Vermeulen,CJ Chibhabha,Syed Rasel,0,0,"",""
ball,1,2.3,Zimbabwe,MA Vermeulen,CJ Chibhabha,Syed Rasel,1,0,"",""
ball,1,2.4,Zimbabwe,CJ Chibhabha,MA Vermeulen,Syed Rasel,0,0,"",""
ball,1,2.5,Zimbabwe,CJ Chibhabha,MA Vermeulen,Syed Rasel,0,0,"",""
ball,1,2.6,Zimbabwe,CJ Chibhabha,MA Vermeulen,Syed Rasel,0,0,"",""
ball,1,3.1,Zimbabwe,MA Vermeulen,CJ Chibhabha,Nazmul Hossain,0,0,"",""
ball,1,3.2,Zimbabwe,MA Vermeulen,CJ Chibhabha,Nazmul Hossain,0,0,"",""
ball,1,3.3,Zimbabwe,MA Vermeulen,CJ Chibhabha,Nazmul Hossain,0,0,"",""
ball,1,3.4,Zimbabwe,MA Vermeulen,CJ Chibhabha,Nazmul Hossain,0,0,"",""
ball,1,3.5,Zimbabwe,MA Vermeulen,CJ Chibhabha,Nazmul Hossain,0,0,"",""
ball,1,3.6,Zimbabwe,MA Vermeulen,CJ Chibhabha,Nazmul Hossain,4,0,"",""
ball,1,4.1,Zimbabwe,CJ Chibhabha,MA Vermeulen,Syed Rasel,0,0,"",""
ball,1,4.2,Zimbabwe,CJ Chibhabha,MA Vermeulen,Syed Rasel,0,0,"",""
ball,1,4.3,Zimbabwe,CJ Chibhabha,MA Vermeulen,Syed Rasel,4,0,"",""
ball,1,4.4,Zimbabwe,CJ Chibhabha,MA Vermeulen,Syed Rasel,1,0,"",""
ball,1,4.5,Zimbabwe,MA Vermeulen,CJ Chibhabha,Syed Rasel,0,0,"",""
ball,1,4.6,Zimbabwe,MA Vermeulen,CJ Chibhabha,Syed Rasel,1,0,"",""
ball,1,5.1,Zimbabwe,MA Vermeulen,CJ Chibhabha,Nazmul Hossain,0,0,"",""
ball,1,5.2,Zimbabwe,MA Vermeulen,CJ Chibhabha,Nazmul Hossain,4,0,"",""
ball,1,5.3,Zimbabwe,MA Vermeulen,CJ Chibhabha,Nazmul Hossain,2,0,"",""
ball,1,5.4,Zimbabwe,MA Vermeulen,CJ Chibhabha,Nazmul Hossain,2,0,"",""
ball,1,5.5,Zimbabwe,MA Vermeulen,CJ Chibhabha,Nazmul Hossain,0,0,"",""
ball,1,5.6,Zimbabwe,MA Vermeulen,CJ Chibhabha,Nazmul Hossain,0,0,"",""
ball,1,6.1,Zimbabwe,CJ Chibhabha,MA Vermeulen,Syed Rasel,0,0,"",""
ball,1,6.2,Zimbabwe,CJ Chibhabha,MA Vermeulen,Syed Rasel,0,0,"",""
ball,1,6.3,Zimbabwe,CJ Chibhabha,MA Vermeulen,Syed Rasel,0,1,"",""
ball,1,6.4,Zimbabwe,MA Vermeulen,CJ Chibhabha,Syed Rasel,2,0,"",""
ball,1,6.5,Zimbabwe,MA Vermeulen,CJ Chibhabha,Syed Rasel,0,0,"",""
ball,1,6.6,Zimbabwe,MA Vermeulen,CJ Chibhabha,Syed Rasel,0,0,"",""
ball,1,7.1,Zimbabwe,CJ Chibhabha,MA Vermeulen,Nazmul Hossain,0,0,caught,CJ Chibhabha
ball,1,7.2,Zimbabwe,BRM Taylor,MA Vermeulen,Nazmul Hossain,0,0,"",""
ball,1,7.3,Zimbabwe,BRM Taylor,MA Vermeulen,Nazmul Hossain,0,0,"",""
ball,1,7.4,Zimbabwe,BRM Taylor,MA Vermeulen,Nazmul Hossain,1,0,"",""
ball,1,7.5,Zimbabwe,MA Vermeulen,BRM Taylor,Nazmul Hossain,0,0,"",""
ball,1,7.6,Zimbabwe,MA Vermeulen,BRM Taylor,Nazmul Hossain,1,0,"",""
ball,1,8.1,Zimbabwe,MA Vermeulen,BRM Taylor,Syed Rasel,0,0,"",""
ball,1,8.2,Zimbabwe,MA Vermeulen,BRM Taylor,Syed Rasel,1,0,"",""
ball,1,8.3,Zimbabwe,BRM Taylor,MA Vermeulen,Syed Rasel,4,0,"",""
ball,1,8.4,Zimbabwe,BRM Taylor,MA Vermeulen,Syed Rasel,0,0,"",""
ball,1,8.5,Zimbabwe,BRM Taylor,MA Vermeulen,Syed Rasel,0,0,"",""
ball,1,8.6,Zimbabwe,BRM Taylor,MA Vermeulen,Syed Rasel,0,0,"",""
ball,1,9.1,Zimbabwe,MA Vermeulen,BRM Taylor,Nazmul Hossain,1,0,"",""
ball,1,9.2,Zimbabwe,BRM Taylor,MA Vermeulen,Nazmul Hossain,0,0,"",""
ball,1,9.3,Zimbabwe,BRM Taylor,MA Vermeulen,Nazmul Hossain,0,0,"",""
ball,1,9.4,Zimbabwe,BRM Taylor,MA Vermeulen,Nazmul Hossain,0,0,"",""
ball,1,9.5,Zimbabwe,BRM Taylor,MA Vermeulen,Nazmul Hossain,0,0,"",""
ball,1,9.6,Zimbabwe,BRM Taylor,MA Vermeulen,Nazmul Hossain,2,0,"",""
ball,1,10.1,Zimbabwe,MA Vermeulen,BRM Taylor,Syed Rasel,0,0,"",""
ball,1,10.2,Zimbabwe,MA Vermeulen,BRM Taylor,Syed Rasel,0,0,"",""
ball,1,10.3,Zimbabwe,MA Vermeulen,BRM Taylor,Syed Rasel,1,0,"",""
ball,1,10.4,Zimbabwe,BRM Taylor,MA Vermeulen,Syed Rasel,3,0,"",""
ball,1,10.5,Zimbabwe,MA Vermeulen,BRM Taylor,Syed Rasel,1,0,"",""
ball,1,10.6,Zimbabwe,BRM Taylor,MA Vermeulen,Syed Rasel,0,0,"",""
ball,1,11.1,Zimbabwe,MA Vermeulen,BRM Taylor,Nazmul Hossain,0,0,"",""
ball,1,11.2,Zimbabwe,MA Vermeulen,BRM Taylor,Nazmul Hossain,4,0,"",""
ball,1,11.3,Zimbabwe,MA Vermeulen,BRM Taylor,Nazmul Hossain,0,0,"",""
ball,1,11.4,Zimbabwe,MA Vermeulen,BRM Taylor,Nazmul Hossain,0,0,"",""
ball,1,11.5,Zimbabwe,MA Vermeulen,BRM Taylor,Nazmul Hossain,0,0,"",""
ball,1,11.6,Zimbabwe,MA Vermeulen,BRM Taylor,Nazmul Hossain,0,0,"",""
ball,1,12.1,Zimbabwe,BRM Taylor,MA Vermeulen,Shakib Al Hasan,0,0,"",""
ball,1,12.2,Zimbabwe,BRM Taylor,MA Vermeulen,Shakib Al Hasan,1,0,"",""
ball,1,12.3,Zimbabwe,MA Vermeulen,BRM Taylor,Shakib Al Hasan,0,0,"",""
ball,1,12.4,Zimbabwe,MA Vermeulen,BRM Taylor,Shakib Al Hasan,0,0,"",""
ball,1,12.5,Zimbabwe,MA Vermeulen,BRM Taylor,Shakib Al Hasan,0,0,"",""
ball,1,12.6,Zimbabwe,MA Vermeulen,BRM Taylor,Shakib Al Hasan,0,0,"",""
ball,1,13.1,Zimbabwe,BRM Taylor,MA Vermeulen,Enamul Haque jnr,0,0,"",""
ball,1,13.2,Zimbabwe,BRM Taylor,MA Vermeulen,Enamul Haque jnr,1,0,"",""
ball,1,13.3,Zimbabwe,MA Vermeulen,BRM Taylor,Enamul Haque jnr,0,0,"",""
ball,1,13.4,Zimbabwe,MA Vermeulen,BRM Taylor,Enamul Haque jnr,0,0,"",""
ball,1,13.5,Zimbabwe,MA Vermeulen,BRM Taylor,Enamul Haque jnr,0,0,"",""
ball,1,13.6,Zimbabwe,MA Vermeulen,BRM Taylor,Enamul Haque jnr,1,0,"",""
ball,1,14.1,Zimbabwe,MA Vermeulen,BRM Taylor,Shakib Al Hasan,1,0,"",""
ball,1,14.2,Zimbabwe,BRM Taylor,MA Vermeulen,Shakib Al Hasan,1,0,"",""
ball,1,14.3,Zimbabwe,MA Vermeulen,BRM Taylor,Shakib Al Hasan,2,0,"",""
ball,1,14.4,Zimbabwe,MA Vermeulen,BRM Taylor,Shakib Al Hasan,1,0,"",""
ball,1,14.5,Zimbabwe,BRM Taylor,MA Vermeulen,Shakib Al Hasan,0,0,"",""
ball,1,14.6,Zimbabwe,BRM Taylor,MA Vermeulen,Shakib Al Hasan,3,0,"",""
ball,1,15.1,Zimbabwe,BRM Taylor,MA Vermeulen,Enamul Haque jnr,1,0,"",""
ball,1,15.2,Zimbabwe,MA Vermeulen,BRM Taylor,Enamul Haque jnr,1,0,"",""
ball,1,15.3,Zimbabwe,BRM Taylor,MA Vermeulen,Enamul Haque jnr,0,0,"",""
ball,1,15.4,Zimbabwe,BRM Taylor,MA Vermeulen,Enamul Haque jnr,1,0,"",""
ball,1,15.5,Zimbabwe,MA Vermeulen,BRM Taylor,Enamul Haque jnr,1,0,"",""
ball,1,15.6,Zimbabwe,BRM Taylor,MA Vermeulen,Enamul Haque jnr,0,0,"",""
ball,1,16.1,Zimbabwe,MA Vermeulen,BRM Taylor,Shakib Al Hasan,2,0,"",""
ball,1,16.2,Zimbabwe,MA Vermeulen,BRM Taylor,Shakib Al Hasan,0,0,"",""
ball,1,16.3,Zimbabwe,MA Vermeulen,BRM Taylor,Shakib Al Hasan,0,0,"",""
ball,1,16.4,Zimbabwe,MA Vermeulen,BRM Taylor,Shakib Al Hasan,0,0,"",""
ball,1,16.5,Zimbabwe,MA Vermeulen,BRM Taylor,Shakib Al Hasan,4,0,"",""
ball,1,16.6,Zimbabwe,MA Vermeulen,BRM Taylor,Shakib Al Hasan,0,0,"",""
ball,1,17.1,Zimbabwe,BRM Taylor,MA Vermeulen,Enamul Haque jnr,1,0,"",""
ball,1,17.2,Zimbabwe,MA Vermeulen,BRM Taylor,Enamul Haque jnr,4,0,"",""
ball,1,17.3,Zimbabwe,MA Vermeulen,BRM Taylor,Enamul Haque jnr,1,0,"",""
ball,1,17.4,Zimbabwe,BRM Taylor,MA Vermeulen,Enamul Haque jnr,0,0,"",""
ball,1,17.5,Zimbabwe,BRM Taylor,MA Vermeulen,Enamul Haque jnr,1,0,"",""
ball,1,17.6,Zimbabwe,MA Vermeulen,BRM Taylor,Enamul Haque jnr,0,0,"",""
ball,1,18.1,Zimbabwe,BRM Taylor,MA Vermeulen,Shakib Al Hasan,0,0,"",""
ball,1,18.2,Zimbabwe,BRM Taylor,MA Vermeulen,Shakib Al Hasan,0,0,"",""
ball,1,18.3,Zimbabwe,BRM Taylor,MA Vermeulen,Shakib Al Hasan,0,0,"",""
ball,1,18.4,Zimbabwe,BRM Taylor,MA Vermeulen,Shakib Al Hasan,0,0,"",""
ball,1,18.5,Zimbabwe,BRM Taylor,MA Vermeulen,Shakib Al Hasan,0,0,"",""
ball,1,18.6,Zimbabwe,BRM Taylor,MA Vermeulen,Shakib Al Hasan,0,0,"",""
ball,1,19.1,Zimbabwe,MA Vermeulen,BRM Taylor,Enamul Haque jnr,0,0,"",""
ball,1,19.2,Zimbabwe,MA Vermeulen,BRM Taylor,Enamul Haque jnr,0,0,"",""
ball,1,19.3,Zimbabwe,MA Vermeulen,BRM Taylor,Enamul Haque jnr,0,0,"",""
ball,1,19.4,Zimbabwe,MA Vermeulen,BRM Taylor,Enamul Haque jnr,0,0,"",""
ball,1,19.5,Zimbabwe,MA Vermeulen,BRM Taylor,Enamul Haque jnr,1,0,"",""
ball,1,19.6,Zimbabwe,BRM Taylor,MA Vermeulen,Enamul Haque jnr,0,0,"",""
ball,1,20.1,Zimbabwe,MA Vermeulen,BRM Taylor,Shakib Al Hasan,0,1,"",""
ball,1,20.2,Zimbabwe,BRM Taylor,MA Vermeulen,Shakib Al Hasan,0,0,"",""
ball,1,20.3,Zimbabwe,BRM Taylor,MA Vermeulen,Shakib Al Hasan,0,0,"",""
ball,1,20.4,Zimbabwe,BRM Taylor,MA Vermeulen,Shakib Al Hasan,0,0,"",""
ball,1,20.5,Zimbabwe,BRM Taylor,MA Vermeulen,Shakib Al Hasan,0,0,lbw,BRM Taylor
ball,1,20.6,Zimbabwe,CK Coventry,MA Vermeulen,Shakib Al Hasan,0,0,"",""
ball,1,21.1,Zimbabwe,MA Vermeulen,CK Coventry,Enamul Haque jnr,0,0,"",""
ball,1,21.2,Zimbabwe,MA Vermeulen,CK Coventry,Enamul Haque jnr,1,0,"",""
ball,1,21.3,Zimbabwe,CK Coventry,MA Vermeulen,Enamul Haque jnr,0,0,"",""
ball,1,21.4,Zimbabwe,CK Coventry,MA Vermeulen,Enamul Haque jnr,4,0,"",""
ball,1,21.5,Zimbabwe,CK Coventry,MA Vermeulen,Enamul Haque jnr,0,0,"",""
ball,1,21.6,Zimbabwe,CK Coventry,MA Vermeulen,Enamul Haque jnr,0,0,"",""
ball,1,22.1,Zimbabwe,MA Vermeulen,CK Coventry,Shakib Al Hasan,1,0,"",""
ball,1,22.2,Zimbabwe,CK Coventry,MA Vermeulen,Shakib Al Hasan,0,0,"",""
ball,1,22.3,Zimbabwe,CK Coventry,MA Vermeulen,Shakib Al Hasan,0,0,"",""
ball,1,22.4,Zimbabwe,CK Coventry,MA Vermeulen,Shakib Al Hasan,0,0,"",""
ball,1,22.5,Zimbabwe,CK Coventry,MA Vermeulen,Shakib Al Hasan,0,0,"",""
ball,1,22.6,Zimbabwe,CK Coventry,MA Vermeulen,Shakib Al Hasan,0,0,"",""
ball,1,23.1,Zimbabwe,MA Vermeulen,CK Coventry,Enamul Haque jnr,1,0,"",""
ball,1,23.2,Zimbabwe,CK Coventry,MA Vermeulen,Enamul Haque jnr,0,0,"",""
ball,1,23.3,Zimbabwe,CK Coventry,MA Vermeulen,Enamul Haque jnr,1,0,"",""
ball,1,23.4,Zimbabwe,MA Vermeulen,CK Coventry,Enamul Haque jnr,0,0,"",""
ball,1,23.5,Zimbabwe,MA Vermeulen,CK Coventry,Enamul Haque jnr,2,0,"",""
ball,1,23.6,Zimbabwe,MA Vermeulen,CK Coventry,Enamul Haque jnr,0,0,"",""
ball,1,24.1,Zimbabwe,CK Coventry,MA Vermeulen,Mahmudullah,0,0,"",""
ball,1,24.2,Zimbabwe,CK Coventry,MA Vermeulen,Mahmudullah,0,0,"",""
ball,1,24.3,Zimbabwe,CK Coventry,MA Vermeulen,Mahmudullah,1,0,"",""
ball,1,24.4,Zimbabwe,MA Vermeulen,CK Coventry,Mahmudullah,1,0,"",""
ball,1,24.5,Zimbabwe,CK Coventry,MA Vermeulen,Mahmudullah,1,0,"",""
ball,1,24.6,Zimbabwe,MA Vermeulen,CK Coventry,Mahmudullah,1,0,"",""
ball,1,25.1,Zimbabwe,MA Vermeulen,CK Coventry,Enamul Haque jnr,1,0,"",""
ball,1,25.2,Zimbabwe,CK Coventry,MA Vermeulen,Enamul Haque jnr,6,0,"",""
ball,1,25.3,Zimbabwe,CK Coventry,MA Vermeulen,Enamul Haque jnr,1,0,"",""
ball,1,25.4,Zimbabwe,MA Vermeulen,CK Coventry,Enamul Haque jnr,0,0,"",""
ball,1,25.5,Zimbabwe,MA Vermeulen,CK Coventry,Enamul Haque jnr,0,0,"",""
ball,1,25.6,Zimbabwe,MA Vermeulen,CK Coventry,Enamul Haque jnr,1,0,"",""
ball,1,26.1,Zimbabwe,MA Vermeulen,CK Coventry,Mahmudullah,1,0,"",""
ball,1,26.2,Zimbabwe,CK Coventry,MA Vermeulen,Mahmudullah,1,0,"",""
ball,1,26.3,Zimbabwe,MA Vermeulen,CK Coventry,Mahmudullah,1,0,"",""
ball,1,26.4,Zimbabwe,CK Coventry,MA Vermeulen,Mahmudullah,1,0,"",""
ball,1,26.5,Zimbabwe,MA Vermeulen,CK Coventry,Mahmudullah,2,0,"",""
ball,1,26.6,Zimbabwe,MA Vermeulen,CK Coventry,Mahmudullah,1,0,"",""
ball,1,27.1,Zimbabwe,MA Vermeulen,CK Coventry,Naeem Islam,1,0,"",""
ball,1,27.2,Zimbabwe,CK Coventry,MA Vermeulen,Naeem Islam,1,0,"",""
ball,1,27.3,Zimbabwe,MA Vermeulen,CK Coventry,Naeem Islam,1,0,"",""
ball,1,27.4,Zimbabwe,CK Coventry,MA Vermeulen,Naeem Islam,1,0,"",""
ball,1,27.5,Zimbabwe,MA Vermeulen,CK Coventry,Naeem Islam,1,0,"",""
ball,1,27.6,Zimbabwe,CK Coventry,MA Vermeulen,Naeem Islam,1,0,"",""
ball,1,28.1,Zimbabwe,CK Coventry,MA Vermeulen,Mohammad Ashraful,0,0,caught,CK Coventry
ball,1,28.2,Zimbabwe,MA Vermeulen,SC Williams,Mohammad Ashraful,1,0,"",""
ball,1,28.3,Zimbabwe,SC Williams,MA Vermeulen,Mohammad Ashraful,0,0,"",""
ball,1,28.4,Zimbabwe,SC Williams,MA Vermeulen,Mohammad Ashraful,0,0,"",""
ball,1,28.5,Zimbabwe,SC Williams,MA Vermeulen,Mohammad Ashraful,1,0,"",""
ball,1,28.6,Zimbabwe,MA Vermeulen,SC Williams,Mohammad Ashraful,0,0,"",""
ball,1,29.1,Zimbabwe,SC Williams,MA Vermeulen,Naeem Islam,1,0,"",""
ball,1,29.2,Zimbabwe,MA Vermeulen,SC Williams,Naeem Islam,0,0,"",""
ball,1,29.3,Zimbabwe,MA Vermeulen,SC Williams,Naeem Islam,0,0,"",""
ball,1,29.4,Zimbabwe,MA Vermeulen,SC Williams,Naeem Islam,0,0,"",""
ball,1,29.5,Zimbabwe,MA Vermeulen,SC Williams,Naeem Islam,1,0,"",""
ball,1,29.6,Zimbabwe,SC Williams,MA Vermeulen,Naeem Islam,0,0,"",""
ball,1,30.1,Zimbabwe,MA Vermeulen,SC Williams,Mahmudullah,1,0,"",""
ball,1,30.2,Zimbabwe,SC Williams,MA Vermeulen,Mahmudullah,0,0,"",""
ball,1,30.3,Zimbabwe,SC Williams,MA Vermeulen,Mahmudullah,0,0,"",""
ball,1,30.4,Zimbabwe,SC Williams,MA Vermeulen,Mahmudullah,0,0,"",""
ball,1,30.5,Zimbabwe,SC Williams,MA Vermeulen,Mahmudullah,1,0,"",""
ball,1,30.6,Zimbabwe,MA Vermeulen,SC Williams,Mahmudullah,1,0,"",""
ball,1,31.1,Zimbabwe,MA Vermeulen,SC Williams,Naeem Islam,1,0,"",""
ball,1,31.2,Zimbabwe,SC Williams,MA Vermeulen,Naeem Islam,1,0,"",""
ball,1,31.3,Zimbabwe,MA Vermeulen,SC Williams,Naeem Islam,1,0,"",""
ball,1,31.4,Zimbabwe,SC Williams,MA Vermeulen,Naeem Islam,1,0,"",""
ball,1,31.5,Zimbabwe,MA Vermeulen,SC Williams,Naeem Islam,1,0,"",""
ball,1,31.6,Zimbabwe,SC Williams,MA Vermeulen,Naeem Islam,0,0,"",""
ball,1,32.1,Zimbabwe,MA Vermeulen,SC Williams,Mahmudullah,1,0,"",""
ball,1,32.2,Zimbabwe,SC Williams,MA Vermeulen,Mahmudullah,1,0,"",""
ball,1,32.3,Zimbabwe,MA Vermeulen,SC Williams,Mahmudullah,1,0,"",""
ball,1,32.4,Zimbabwe,SC Williams,MA Vermeulen,Mahmudullah,0,0,lbw,SC Williams
ball,1,32.5,Zimbabwe,S Matsikenyeri,MA Vermeulen,Mahmudullah,0,0,"",""
ball,1,32.6,Zimbabwe,S Matsikenyeri,MA Vermeulen,Mahmudullah,0,0,"",""
ball,1,33.1,Zimbabwe,MA Vermeulen,S Matsikenyeri,Enamul Haque jnr,1,0,"",""
ball,1,33.2,Zimbabwe,S Matsikenyeri,MA Vermeulen,Enamul Haque jnr,1,0,"",""
ball,1,33.3,Zimbabwe,MA Vermeulen,S Matsikenyeri,Enamul Haque jnr,0,0,"",""
ball,1,33.4,Zimbabwe,MA Vermeulen,S Matsikenyeri,Enamul Haque jnr,1,0,"",""
ball,1,33.5,Zimbabwe,S Matsikenyeri,MA Vermeulen,Enamul Haque jnr,0,0,"",""
ball,1,33.6,Zimbabwe,S Matsikenyeri,MA Vermeulen,Enamul Haque jnr,0,0,"",""
ball,1,34.1,Zimbabwe,MA Vermeulen,S Matsikenyeri,Mahmudullah,0,0,"",""
ball,1,34.2,Zimbabwe,MA Vermeulen,S Matsikenyeri,Mahmudullah,0,0,"",""
ball,1,34.3,Zimbabwe,MA Vermeulen,S Matsikenyeri,Mahmudullah,0,0,"",""
ball,1,34.4,Zimbabwe,MA Vermeulen,S Matsikenyeri,Mahmudullah,1,0,"",""
ball,1,34.5,Zimbabwe,S Matsikenyeri,MA Vermeulen,Mahmudullah,1,0,"",""
ball,1,34.6,Zimbabwe,MA Vermeulen,S Matsikenyeri,Mahmudullah,1,0,"",""
ball,1,35.1,Zimbabwe,MA Vermeulen,S Matsikenyeri,Enamul Haque jnr,0,0,"",""
ball,1,35.2,Zimbabwe,MA Vermeulen,S Matsikenyeri,Enamul Haque jnr,0,0,"",""
ball,1,35.3,Zimbabwe,MA Vermeulen,S Matsikenyeri,Enamul Haque jnr,0,0,"",""
ball,1,35.4,Zimbabwe,MA Vermeulen,S Matsikenyeri,Enamul Haque jnr,1,0,"",""
ball,1,35.5,Zimbabwe,S Matsikenyeri,MA Vermeulen,Enamul Haque jnr,1,0,"",""
ball,1,35.6,Zimbabwe,MA Vermeulen,S Matsikenyeri,Enamul Haque jnr,4,0,"",""
ball,1,36.1,Zimbabwe,S Matsikenyeri,MA Vermeulen,Mahmudullah,0,0,"",""
ball,1,36.2,Zimbabwe,S Matsikenyeri,MA Vermeulen,Mahmudullah,4,0,"",""
ball,1,36.3,Zimbabwe,S Matsikenyeri,MA Vermeulen,Mahmudullah,1,0,"",""
ball,1,36.4,Zimbabwe,MA Vermeulen,S Matsikenyeri,Mahmudullah,0,0,"",""
ball,1,36.5,Zimbabwe,MA Vermeulen,S Matsikenyeri,Mahmudullah,1,0,"",""
ball,1,36.6,Zimbabwe,S Matsikenyeri,MA Vermeulen,Mahmudullah,0,0,"",""
ball,1,37.1,Zimbabwe,MA Vermeulen,S Matsikenyeri,Enamul Haque jnr,0,0,"",""
ball,1,37.2,Zimbabwe,MA Vermeulen,S Matsikenyeri,Enamul Haque jnr,1,0,"",""
ball,1,37.3,Zimbabwe,S Matsikenyeri,MA Vermeulen,Enamul Haque jnr,1,0,"",""
ball,1,37.4,Zimbabwe,MA Vermeulen,S Matsikenyeri,Enamul Haque jnr,0,0,"",""
ball,1,37.5,Zimbabwe,MA Vermeulen,S Matsikenyeri,Enamul Haque jnr,0,0,"",""
ball,1,37.6,Zimbabwe,MA Vermeulen,S Matsikenyeri,Enamul Haque jnr,0,0,"",""
ball,1,38.1,Zimbabwe,S Matsikenyeri,MA Vermeulen,Mahmudullah,0,0,"",""
ball,1,38.2,Zimbabwe,S Matsikenyeri,MA Vermeulen,Mahmudullah,0,0,caught,S Matsikenyeri
ball,1,38.3,Zimbabwe,E Chigumbura,MA Vermeulen,Mahmudullah,0,0,"",""
ball,1,38.4,Zimbabwe,E Chigumbura,MA Vermeulen,Mahmudullah,0,0,"",""
ball,1,38.5,Zimbabwe,E Chigumbura,MA Vermeulen,Mahmudullah,0,0,"",""
ball,1,38.6,Zimbabwe,E Chigumbura,MA Vermeulen,Mahmudullah,0,0,"",""
ball,1,39.1,Zimbabwe,MA Vermeulen,E Chigumbura,Shakib Al Hasan,1,0,"",""
ball,1,39.2,Zimbabwe,E Chigumbura,MA Vermeulen,Shakib Al Hasan,0,0,"",""
ball,1,39.3,Zimbabwe,E Chigumbura,MA Vermeulen,Shakib Al Hasan,4,0,"",""
ball,1,39.4,Zimbabwe,E Chigumbura,MA Vermeulen,Shakib Al Hasan,4,0,"",""
ball,1,39.5,Zimbabwe,E Chigumbura,MA Vermeulen,Shakib Al Hasan,1,0,"",""
ball,1,39.6,Zimbabwe,MA Vermeulen,E Chigumbura,Shakib Al Hasan,1,0,"",""
ball,1,40.1,Zimbabwe,MA Vermeulen,E Chigumbura,Mahmudullah,0,0,"",""
ball,1,40.2,Zimbabwe,MA Vermeulen,E Chigumbura,Mahmudullah,2,0,"",""
ball,1,40.3,Zimbabwe,MA Vermeulen,E Chigumbura,Mahmudullah,1,0,"",""
ball,1,40.4,Zimbabwe,E Chigumbura,MA Vermeulen,Mahmudullah,6,0,"",""
ball,1,40.5,Zimbabwe,E Chigumbura,MA Vermeulen,Mahmudullah,1,0,"",""
ball,1,40.6,Zimbabwe,MA Vermeulen,E Chigumbura,Mahmudullah,3,0,"",""
ball,1,41.1,Zimbabwe,MA Vermeulen,E Chigumbura,Shakib Al Hasan,1,0,"",""
ball,1,41.2,Zimbabwe,E Chigumbura,MA Vermeulen,Shakib Al Hasan,0,0,"",""
ball,1,41.3,Zimbabwe,E Chigumbura,MA Vermeulen,Shakib Al Hasan,0,4,"",""
ball,1,41.4,Zimbabwe,E Chigumbura,MA Vermeulen,Shakib Al Hasan,1,0,"",""
ball,1,41.5,Zimbabwe,MA Vermeulen,E Chigumbura,Shakib Al Hasan,1,0,"",""
ball,1,41.6,Zimbabwe,E Chigumbura,MA Vermeulen,Shakib Al Hasan,1,0,"",""
ball,1,42.1,Zimbabwe,E Chigumbura,MA Vermeulen,Syed Rasel,0,0,"",""
ball,1,42.2,Zimbabwe,E Chigumbura,MA Vermeulen,Syed Rasel,1,0,run out,MA Vermeulen
ball,1,42.3,Zimbabwe,E Chigumbura,P Utseya,Syed Rasel,1,0,"",""
ball,1,42.4,Zimbabwe,P Utseya,E Chigumbura,Syed Rasel,0,0,"",""
ball,1,42.5,Zimbabwe,P Utseya,E Chigumbura,Syed Rasel,2,0,"",""
ball,1,42.6,Zimbabwe,P Utseya,E Chigumbura,Syed Rasel,1,0,"",""
ball,1,43.1,Zimbabwe,P Utseya,E Chigumbura,Shakib Al Hasan,1,0,"",""
ball,1,43.2,Zimbabwe,E Chigumbura,P Utseya,Shakib Al Hasan,0,0,bowled,E Chigumbura
ball,1,43.3,Zimbabwe,RW Price,P Utseya,Shakib Al Hasan,0,0,"",""
ball,1,43.4,Zimbabwe,RW Price,P Utseya,Shakib Al Hasan,1,0,"",""
ball,1,43.5,Zimbabwe,P Utseya,RW Price,Shakib Al Hasan,1,0,"",""
ball,1,43.6,Zimbabwe,RW Price,P Utseya,Shakib Al Hasan,0,0,"",""
ball,1,44.1,Zimbabwe,P Utseya,RW Price,Syed Rasel,1,0,"",""
ball,1,44.2,Zimbabwe,RW Price,P Utseya,Syed Rasel,0,0,"",""
ball,1,44.3,Zimbabwe,RW Price,P Utseya,Syed Rasel,0,0,"",""
ball,1,44.4,Zimbabwe,RW Price,P Utseya,Syed Rasel,1,0,"",""
ball,1,44.5,Zimbabwe,P Utseya,RW Price,Syed Rasel,0,0,"",""
ball,1,44.6,Zimbabwe,P Utseya,RW Price,Syed Rasel,1,0,"",""
ball,1,45.1,Zimbabwe,P Utseya,RW Price,Shakib Al Hasan,1,0,"",""
ball,1,45.2,Zimbabwe,RW Price,P Utseya,Shakib Al Hasan,6,0,"",""
ball,1,45.3,Zimbabwe,RW Price,P Utseya,Shakib Al Hasan,0,0,"",""
ball,1,45.4,Zimbabwe,RW Price,P Utseya,Shakib Al Hasan,1,0,"",""
ball,1,45.5,Zimbabwe,P Utseya,RW Price,Shakib Al Hasan,0,0,"",""
ball,1,45.6,Zimbabwe,P Utseya,RW Price,Shakib Al Hasan,0,0,"",""
ball,1,46.1,Zimbabwe,RW Price,P Utseya,Syed Rasel,1,0,"",""
ball,1,46.2,Zimbabwe,P Utseya,RW Price,Syed Rasel,1,0,"",""
ball,1,46.3,Zimbabwe,RW Price,P Utseya,Syed Rasel,0,0,"",""
ball,1,46.4,Zimbabwe,RW Price,P Utseya,Syed Rasel,0,0,"",""
ball,1,46.5,Zimbabwe,RW Price,P Utseya,Syed Rasel,0,1,"",""
ball,1,46.6,Zimbabwe,P Utseya,RW Price,Syed Rasel,2,0,"",""
ball,1,47.1,Zimbabwe,RW Price,P Utseya,Nazmul Hossain,1,0,"",""
ball,1,47.2,Zimbabwe,P Utseya,RW Price,Nazmul Hossain,1,1,"",""
ball,1,47.3,Zimbabwe,RW Price,P Utseya,Nazmul Hossain,0,0,bowled,RW Price
ball,1,47.4,Zimbabwe,AG Cremer,P Utseya,Nazmul Hossain,1,0,"",""
ball,1,47.5,Zimbabwe,P Utseya,AG Cremer,Nazmul Hossain,2,0,"",""
ball,1,47.6,Zimbabwe,P Utseya,AG Cremer,Nazmul Hossain,0,0,bowled,P Utseya
ball,2,0.1,Bangladesh,Tamim Iqbal,Junaid Siddique,E Chigumbura,0,0,"",""
ball,2,0.2,Bangladesh,Tamim Iqbal,Junaid Siddique,E Chigumbura,4,0,"",""
ball,2,0.3,Bangladesh,Tamim Iqbal,Junaid Siddique,E Chigumbura,0,0,"",""
ball,2,0.4,Bangladesh,Tamim Iqbal,Junaid Siddique,E Chigumbura,4,0,"",""
ball,2,0.5,Bangladesh,Tamim Iqbal,Junaid Siddique,E Chigumbura,0,0,"",""
ball,2,0.6,Bangladesh,Tamim Iqbal,Junaid Siddique,E Chigumbura,0,0,"",""
ball,2,1.1,Bangladesh,Junaid Siddique,Tamim Iqbal,CJ Chibhabha,0,0,"",""
ball,2,1.2,Bangladesh,Junaid Siddique,Tamim Iqbal,CJ Chibhabha,0,0,"",""
ball,2,1.3,Bangladesh,Junaid Siddique,Tamim Iqbal,CJ Chibhabha,0,0,"",""
ball,2,1.4,Bangladesh,Junaid Siddique,Tamim Iqbal,CJ Chibhabha,4,0,"",""
ball,2,1.5,Bangladesh,Junaid Siddique,Tamim Iqbal,CJ Chibhabha,4,0,"",""
ball,2,1.6,Bangladesh,Junaid Siddique,Tamim Iqbal,CJ Chibhabha,4,0,"",""
ball,2,2.1,Bangladesh,Tamim Iqbal,Junaid Siddique,E Chigumbura,0,0,"",""
ball,2,2.2,Bangladesh,Tamim Iqbal,Junaid Siddique,E Chigumbura,0,0,"",""
ball,2,2.3,Bangladesh,Tamim Iqbal,Junaid Siddique,E Chigumbura,1,0,"",""
ball,2,2.4,Bangladesh,Junaid Siddique,Tamim Iqbal,E Chigumbura,1,0,"",""
ball,2,2.5,Bangladesh,Tamim Iqbal,Junaid Siddique,E Chigumbura,0,0,"",""
ball,2,2.6,Bangladesh,Tamim Iqbal,Junaid Siddique,E Chigumbura,0,0,"",""
ball,2,3.1,Bangladesh,Junaid Siddique,Tamim Iqbal,CJ Chibhabha,0,0,"",""
ball,2,3.2,Bangladesh,Junaid Siddique,Tamim Iqbal,CJ Chibhabha,0,0,"",""
ball,2,3.3,Bangladesh,Junaid Siddique,Tamim Iqbal,CJ Chibhabha,4,0,"",""
ball,2,3.4,Bangladesh,Junaid Siddique,Tamim Iqbal,CJ Chibhabha,4,0,"",""
ball,2,3.5,Bangladesh,Junaid Siddique,Tamim Iqbal,CJ Chibhabha,0,0,caught,Junaid Siddique
ball,2,3.6,Bangladesh,Mohammad Ashraful,Tamim Iqbal,CJ Chibhabha,2,0,"",""
ball,2,4.1,Bangladesh,Tamim Iqbal,Mohammad Ashraful,E Chigumbura,4,0,"",""
ball,2,4.2,Bangladesh,Tamim Iqbal,Mohammad Ashraful,E Chigumbura,0,0,"",""
ball,2,4.3,Bangladesh,Tamim Iqbal,Mohammad Ashraful,E Chigumbura,1,0,"",""
ball,2,4.4,Bangladesh,Mohammad Ashraful,Tamim Iqbal,E Chigumbura,0,0,"",""
ball,2,4.5,Bangladesh,Mohammad Ashraful,Tamim Iqbal,E Chigumbura,0,0,"",""
ball,2,4.6,Bangladesh,Mohammad Ashraful,Tamim Iqbal,E Chigumbura,0,0,"",""
ball,2,5.1,Bangladesh,Tamim Iqbal,Mohammad Ashraful,P Utseya,0,1,"",""
ball,2,5.2,Bangladesh,Tamim Iqbal,Mohammad Ashraful,P Utseya,1,0,"",""
ball,2,5.3,Bangladesh,Mohammad Ashraful,Tamim Iqbal,P Utseya,0,0,"",""
ball,2,5.4,Bangladesh,Mohammad Ashraful,Tamim Iqbal,P Utseya,1,0,"",""
ball,2,5.5,Bangladesh,Tamim Iqbal,Mohammad Ashraful,P Utseya,0,0,"",""
ball,2,5.6,Bangladesh,Tamim Iqbal,Mohammad Ashraful,P Utseya,4,0,"",""
ball,2,5.7,Bangladesh,Tamim Iqbal,Mohammad Ashraful,P Utseya,0,0,"",""
ball,2,6.1,Bangladesh,Mohammad Ashraful,Tamim Iqbal,E Chigumbura,0,0,"",""
ball,2,6.2,Bangladesh,Mohammad Ashraful,Tamim Iqbal,E Chigumbura,0,0,"",""
ball,2,6.3,Bangladesh,Mohammad Ashraful,Tamim Iqbal,E Chigumbura,0,1,"",""
ball,2,6.4,Bangladesh,Mohammad Ashraful,Tamim Iqbal,E Chigumbura,0,0,"",""
ball,2,6.5,Bangladesh,Mohammad Ashraful,Tamim Iqbal,E Chigumbura,0,0,"",""
ball,2,6.6,Bangladesh,Mohammad Ashraful,Tamim Iqbal,E Chigumbura,0,0,"",""
ball,2,6.7,Bangladesh,Mohammad Ashraful,Tamim Iqbal,E Chigumbura,0,0,"",""
ball,2,7.1,Bangladesh,Tamim Iqbal,Mohammad Ashraful,P Utseya,0,0,"",""
ball,2,7.2,Bangladesh,Tamim Iqbal,Mohammad Ashraful,P Utseya,0,0,"",""
ball,2,7.3,Bangladesh,Tamim Iqbal,Mohammad Ashraful,P Utseya,1,0,"",""
ball,2,7.4,Bangladesh,Mohammad Ashraful,Tamim Iqbal,P Utseya,0,0,"",""
ball,2,7.5,Bangladesh,Mohammad Ashraful,Tamim Iqbal,P Utseya,4,0,"",""
ball,2,7.6,Bangladesh,Mohammad Ashraful,Tamim Iqbal,P Utseya,4,0,"",""
ball,2,8.1,Bangladesh,Tamim Iqbal,Mohammad Ashraful,E Chigumbura,0,0,"",""
ball,2,8.2,Bangladesh,Tamim Iqbal,Mohammad Ashraful,E Chigumbura,0,0,"",""
ball,2,8.3,Bangladesh,Tamim Iqbal,Mohammad Ashraful,E Chigumbura,0,0,"",""
ball,2,8.4,Bangladesh,Tamim Iqbal,Mohammad Ashraful,E Chigumbura,0,0,"",""
ball,2,8.5,Bangladesh,Tamim Iqbal,Mohammad Ashraful,E Chigumbura,1,0,"",""
ball,2,8.6,Bangladesh,Mohammad Ashraful,Tamim Iqbal,E Chigumbura,0,0,"",""
ball,2,9.1,Bangladesh,Tamim Iqbal,Mohammad Ashraful,CJ Chibhabha,0,0,"",""
ball,2,9.2,Bangladesh,Tamim Iqbal,Mohammad Ashraful,CJ Chibhabha,4,0,"",""
ball,2,9.3,Bangladesh,Tamim Iqbal,Mohammad Ashraful,CJ Chibhabha,1,0,"",""
ball,2,9.4,Bangladesh,Mohammad Ashraful,Tamim Iqbal,CJ Chibhabha,0,0,"",""
ball,2,9.5,Bangladesh,Mohammad Ashraful,Tamim Iqbal,CJ Chibhabha,0,0,"",""
ball,2,9.6,Bangladesh,Mohammad Ashraful,Tamim Iqbal,CJ Chibhabha,3,0,"",""
ball,2,10.1,Bangladesh,Mohammad Ashraful,Tamim Iqbal,RW Price,0,0,"",""
ball,2,10.2,Bangladesh,Mohammad Ashraful,Tamim Iqbal,RW Price,0,0,"",""
ball,2,10.3,Bangladesh,Mohammad Ashraful,Tamim Iqbal,RW Price,1,0,"",""
ball,2,10.4,Bangladesh,Tamim Iqbal,Mohammad Ashraful,RW Price,0,0,"",""
ball,2,10.5,Bangladesh,Tamim Iqbal,Mohammad Ashraful,RW Price,1,0,"",""
ball,2,10.6,Bangladesh,Mohammad Ashraful,Tamim Iqbal,RW Price,0,0,"",""
ball,2,11.1,Bangladesh,Tamim Iqbal,Mohammad Ashraful,CJ Chibhabha,1,0,"",""
ball,2,11.2,Bangladesh,Mohammad Ashraful,Tamim Iqbal,CJ Chibhabha,1,0,"",""
ball,2,11.3,Bangladesh,Tamim Iqbal,Mohammad Ashraful,CJ Chibhabha,0,0,"",""
ball,2,11.4,Bangladesh,Tamim Iqbal,Mohammad Ashraful,CJ Chibhabha,1,0,"",""
ball,2,11.5,Bangladesh,Mohammad Ashraful,Tamim Iqbal,CJ Chibhabha,1,0,"",""
ball,2,11.6,Bangladesh,Tamim Iqbal,Mohammad Ashraful,CJ Chibhabha,2,0,"",""
ball,2,12.1,Bangladesh,Mohammad Ashraful,Tamim Iqbal,RW Price,0,0,"",""
ball,2,12.2,Bangladesh,Mohammad Ashraful,Tamim Iqbal,RW Price,0,1,"",""
ball,2,12.3,Bangladesh,Mohammad Ashraful,Tamim Iqbal,RW Price,0,0,"",""
ball,2,12.4,Bangladesh,Mohammad Ashraful,Tamim Iqbal,RW Price,0,0,"",""
ball,2,12.5,Bangladesh,Mohammad Ashraful,Tamim Iqbal,RW Price,0,0,"",""
ball,2,12.6,Bangladesh,Mohammad Ashraful,Tamim Iqbal,RW Price,0,0,"",""
ball,2,12.7,Bangladesh,Mohammad Ashraful,Tamim Iqbal,RW Price,0,0,"",""
ball,2,13.1,Bangladesh,Tamim Iqbal,Mohammad Ashraful,CJ Chibhabha,3,0,"",""
ball,2,13.2,Bangladesh,Mohammad Ashraful,Tamim Iqbal,CJ Chibhabha,0,0,"",""
ball,2,13.3,Bangladesh,Mohammad Ashraful,Tamim Iqbal,CJ Chibhabha,0,0,"",""
ball,2,13.4,Bangladesh,Mohammad Ashraful,Tamim Iqbal,CJ Chibhabha,4,0,"",""
ball,2,13.5,Bangladesh,Mohammad Ashraful,Tamim Iqbal,CJ Chibhabha,1,0,"",""
ball,2,13.6,Bangladesh,Tamim Iqbal,Mohammad Ashraful,CJ Chibhabha,0,0,"",""
ball,2,14.1,Bangladesh,Mohammad Ashraful,Tamim Iqbal,RW Price,0,0,"",""
ball,2,14.2,Bangladesh,Mohammad Ashraful,Tamim Iqbal,RW Price,6,0,"",""
ball,2,14.3,Bangladesh,Mohammad Ashraful,Tamim Iqbal,RW Price,4,0,"",""
ball,2,14.4,Bangladesh,Mohammad Ashraful,Tamim Iqbal,RW Price,4,0,"",""
ball,2,14.5,Bangladesh,Mohammad Ashraful,Tamim Iqbal,RW Price,4,0,"",""
ball,2,14.6,Bangladesh,Mohammad Ashraful,Tamim Iqbal,RW Price,1,0,"",""
ball,2,15.1,Bangladesh,Mohammad Ashraful,Tamim Iqbal,AG Cremer,1,0,"",""
ball,2,15.2,Bangladesh,Tamim Iqbal,Mohammad Ashraful,AG Cremer,2,0,"",""
ball,2,15.3,Bangladesh,Tamim Iqbal,Mohammad Ashraful,AG Cremer,0,0,"",""
ball,2,15.4,Bangladesh,Tamim Iqbal,Mohammad Ashraful,AG Cremer,0,0,"",""
ball,2,15.5,Bangladesh,Tamim Iqbal,Mohammad Ashraful,AG Cremer,1,0,"",""
ball,2,15.6,Bangladesh,Mohammad Ashraful,Tamim Iqbal,AG Cremer,0,0,"",""
ball,2,16.1,Bangladesh,Tamim Iqbal,Mohammad Ashraful,P Utseya,1,0,"",""
ball,2,16.2,Bangladesh,Mohammad Ashraful,Tamim Iqbal,P Utseya,1,0,"",""
ball,2,16.3,Bangladesh,Tamim Iqbal,Mohammad Ashraful,P Utseya,0,0,"",""
ball,2,16.4,Bangladesh,Tamim Iqbal,Mohammad Ashraful,P Utseya,0,0,"",""
ball,2,16.5,Bangladesh,Tamim Iqbal,Mohammad Ashraful,P Utseya,1,0,"",""
ball,2,16.6,Bangladesh,Mohammad Ashraful,Tamim Iqbal,P Utseya,0,0,"",""
ball,2,17.1,Bangladesh,Tamim Iqbal,Mohammad Ashraful,AG Cremer,1,0,"",""
ball,2,17.2,Bangladesh,Mohammad Ashraful,Tamim Iqbal,AG Cremer,3,0,"",""
ball,2,17.3,Bangladesh,Tamim Iqbal,Mohammad Ashraful,AG Cremer,1,0,"",""
ball,2,17.4,Bangladesh,Mohammad Ashraful,Tamim Iqbal,AG Cremer,1,0,"",""
ball,2,17.5,Bangladesh,Tamim Iqbal,Mohammad Ashraful,AG Cremer,1,0,"",""
ball,2,17.6,Bangladesh,Mohammad Ashraful,Tamim Iqbal,AG Cremer,1,0,"",""
ball,2,18.1,Bangladesh,Mohammad Ashraful,Tamim Iqbal,P Utseya,0,0,"",""
ball,2,18.2,Bangladesh,Mohammad Ashraful,Tamim Iqbal,P Utseya,0,0,"",""
ball,2,18.3,Bangladesh,Mohammad Ashraful,Tamim Iqbal,P Utseya,1,0,"",""
ball,2,18.4,Bangladesh,Tamim Iqbal,Mohammad Ashraful,P Utseya,0,0,"",""
ball,2,18.5,Bangladesh,Tamim Iqbal,Mohammad Ashraful,P Utseya,1,0,"",""
ball,2,18.6,Bangladesh,Mohammad Ashraful,Tamim Iqbal,P Utseya,2,0,"",""
ball,2,19.1,Bangladesh,Tamim Iqbal,Mohammad Ashraful,AG Cremer,1,0,"",""
ball,2,19.2,Bangladesh,Mohammad Ashraful,Tamim Iqbal,AG Cremer,0,0,"",""
ball,2,19.3,Bangladesh,Mohammad Ashraful,Tamim Iqbal,AG Cremer,1,0,"",""
ball,2,19.4,Bangladesh,Tamim Iqbal,Mohammad Ashraful,AG Cremer,0,0,"",""
ball,2,19.5,Bangladesh,Tamim Iqbal,Mohammad Ashraful,AG Cremer,4,0,"",""
ball,2,19.6,Bangladesh,Tamim Iqbal,Mohammad Ashraful,AG Cremer,1,0,"",""
ball,2,20.1,Bangladesh,Tamim Iqbal,Mohammad Ashraful,P Utseya,1,0,"",""
ball,2,20.2,Bangladesh,Mohammad Ashraful,Tamim Iqbal,P Utseya,0,0,"",""
ball,2,20.3,Bangladesh,Mohammad Ashraful,Tamim Iqbal,P Utseya,0,0,"",""
ball,2,20.4,Bangladesh,Mohammad Ashraful,Tamim Iqbal,P Utseya,1,0,"",""
ball,2,20.5,Bangladesh,Tamim Iqbal,Mohammad Ashraful,P Utseya,1,0,"",""
ball,2,20.6,Bangladesh,Mohammad Ashraful,Tamim Iqbal,P Utseya,1,0,"",""
ball,2,21.1,Bangladesh,Mohammad Ashraful,Tamim Iqbal,H Masakadza,0,0,"",""
ball,2,21.2,Bangladesh,Mohammad Ashraful,Tamim Iqbal,H Masakadza,1,0,"",""
ball,2,21.3,Bangladesh,Tamim Iqbal,Mohammad Ashraful,H Masakadza,4,0,"",""
ball,2,21.4,Bangladesh,Tamim Iqbal,Mohammad Ashraful,H Masakadza,0,0,"",""
ball,2,21.5,Bangladesh,Tamim Iqbal,Mohammad Ashraful,H Masakadza,2,0,"",""
ball,2,21.6,Bangladesh,Tamim Iqbal,Mohammad Ashraful,H Masakadza,2,0,"",""
ball,2,22.1,Bangladesh,Mohammad Ashraful,Tamim Iqbal,RW Price,4,0,"",""
ball,2,22.2,Bangladesh,Mohammad Ashraful,Tamim Iqbal,RW Price,0,0,"",""
ball,2,22.3,Bangladesh,Mohammad Ashraful,Tamim Iqbal,RW Price,1,0,"",""
ball,2,22.4,Bangladesh,Tamim Iqbal,Mohammad Ashraful,RW Price,0,0,"",""
ball,2,22.5,Bangladesh,Tamim Iqbal,Mohammad Ashraful,RW Price,1,0,"",""
ball,2,22.6,Bangladesh,Mohammad Ashraful,Tamim Iqbal,RW Price,0,0,"",""
ball,2,23.1,Bangladesh,Tamim Iqbal,Mohammad Ashraful,H Masakadza,1,0,"",""
ball,2,23.2,Bangladesh,Mohammad Ashraful,Tamim Iqbal,H Masakadza,4,0,"",""
ball,2,23.3,Bangladesh,Mohammad Ashraful,Tamim Iqbal,H Masakadza,0,0,"",""
ball,2,23.4,Bangladesh,Mohammad Ashraful,Tamim Iqbal,H Masakadza,1,0,"",""
ball,2,23.5,Bangladesh,Tamim Iqbal,Mohammad Ashraful,H Masakadza,0,0,"",""
ball,2,23.6,Bangladesh,Tamim Iqbal,Mohammad Ashraful,H Masakadza,0,0,"",""
ball,2,24.1,Bangladesh,Mohammad Ashraful,Tamim Iqbal,RW Price,2,0,"",""
ball,2,24.2,Bangladesh,Mohammad Ashraful,Tamim Iqbal,RW Price,0,1,"",""
ball,2,24.3,Bangladesh,Mohammad Ashraful,Tamim Iqbal,RW Price,0,0,"",""
ball,2,24.4,Bangladesh,Mohammad Ashraful,Tamim Iqbal,RW Price,0,1,"",""
ball,2,24.5,Bangladesh,Mohammad Ashraful,Tamim Iqbal,RW Price,2,0,"",""
ball,2,24.6,Bangladesh,Mohammad Ashraful,Tamim Iqbal,RW Price,0,1,"",""
ball,2,24.7,Bangladesh,Mohammad Ashraful,Tamim Iqbal,RW Price,4,0,"",""
ball,2,24.8,Bangladesh,Mohammad Ashraful,Tamim Iqbal,RW Price,0,1,"",""
ball,2,24.9,Bangladesh,Mohammad Ashraful,Tamim Iqbal,RW Price,0,0,"",""
ball,2,24.1,Bangladesh,Mohammad Ashraful,Tamim Iqbal,RW Price,1,0,"",""
ball,2,25.1,Bangladesh,Mohammad Ashraful,Tamim Iqbal,E Chigumbura,0,1,"",""
ball,2,25.2,Bangladesh,Mohammad Ashraful,Tamim Iqbal,E Chigumbura,1,0,"",""
ball,2,25.3,Bangladesh,Tamim Iqbal,Mohammad Ashraful,E Chigumbura,0,0,"",""
ball,2,25.4,Bangladesh,Tamim Iqbal,Mohammad Ashraful,E Chigumbura,2,0,"",""
ball,2,25.5,Bangladesh,Tamim Iqbal,Mohammad Ashraful,E Chigumbura,0,0,caught,Tamim Iqbal
ball,2,25.6,Bangladesh,Mohammad Ashraful,Raqibul Hasan,E Chigumbura,0,0,"",""
ball,2,25.7,Bangladesh,Mohammad Ashraful,Raqibul Hasan,E Chigumbura,4,0,"",""
ball,2,26.1,Bangladesh,Raqibul Hasan,Mohammad Ashraful,RW Price,0,0,"",""
ball,2,26.2,Bangladesh,Raqibul Hasan,Mohammad Ashraful,RW Price,1,0,"",""
ball,2,26.3,Bangladesh,Mohammad Ashraful,Raqibul Hasan,RW Price,1,0,"",""
ball,2,26.4,Bangladesh,Raqibul Hasan,Mohammad Ashraful,RW Price,0,0,"",""
ball,2,26.5,Bangladesh,Raqibul Hasan,Mohammad Ashraful,RW Price,0,1,"",""
ball,2,26.6,Bangladesh,Raqibul Hasan,Mohammad Ashraful,RW Price,1,0,"",""
ball,2,26.7,Bangladesh,Mohammad Ashraful,Raqibul Hasan,RW Price,1,0,"",""
ball,2,27.1,Bangladesh,Mohammad Ashraful,Raqibul Hasan,E Chigumbura,0,0,"",""
ball,2,27.2,Bangladesh,Mohammad Ashraful,Raqibul Hasan,E Chigumbura,6,0,"",""
ball,2,27.3,Bangladesh,Mohammad Ashraful,Raqibul Hasan,E Chigumbura,1,0,"",""
ball,2,27.4,Bangladesh,Raqibul Hasan,Mohammad Ashraful,E Chigumbura,0,1,"",""
ball,2,27.5,Bangladesh,Raqibul Hasan,Mohammad Ashraful,E Chigumbura,0,0,"",""
ball,2,27.6,Bangladesh,Raqibul Hasan,Mohammad Ashraful,E Chigumbura,0,0,"",""
ball,2,27.7,Bangladesh,Raqibul Hasan,Mohammad Ashraful,E Chigumbura,0,0,"",""
ball,2,28.1,Bangladesh,Mohammad Ashraful,Raqibul Hasan,RW Price,0,0,"",""
ball,2,28.2,Bangladesh,Mohammad Ashraful,Raqibul Hasan,RW Price,0,0,"",""
ball,2,28.3,Bangladesh,Mohammad Ashraful,Raqibul Hasan,RW Price,1,0,"",""
ball,2,28.4,Bangladesh,Raqibul Hasan,Mohammad Ashraful,RW Price,0,0,"",""
ball,2,28.5,Bangladesh,Raqibul Hasan,Mohammad Ashraful,RW Price,1,0,"",""
ball,2,28.6,Bangladesh,Mohammad Ashraful,Raqibul Hasan,RW Price,0,0,"",""
ball,2,29.1,Bangladesh,Raqibul Hasan,Mohammad Ashraful,AG Cremer,1,0,"",""
ball,2,29.2,Bangladesh,Mohammad Ashraful,Raqibul Hasan,AG Cremer,0,0,"",""
ball,2,29.3,Bangladesh,Mohammad Ashraful,Raqibul Hasan,AG Cremer,1,0,"",""
ball,2,29.4,Bangladesh,Raqibul Hasan,Mohammad Ashraful,AG Cremer,0,0,"",""
ball,2,29.5,Bangladesh,Raqibul Hasan,Mohammad Ashraful,AG Cremer,0,2,"",""
ball,2,29.6,Bangladesh,Mohammad Ashraful,Raqibul Hasan,AG Cremer,4,0,"",""
ball,2,29.7,Bangladesh,Mohammad Ashraful,Raqibul Hasan,AG Cremer,0,0,"",""
ball,2,30.1,Bangladesh,Raqibul Hasan,Mohammad Ashraful,P Utseya,1,0,"",""
ball,2,30.2,Bangladesh,Mohammad Ashraful,Raqibul Hasan,P Utseya,0,0,"",""
ball,2,30.3,Bangladesh,Mohammad Ashraful,Raqibul Hasan,P Utseya,1,0,"",""
ball,2,30.4,Bangladesh,Raqibul Hasan,Mohammad Ashraful,P Utseya,0,0,"",""
ball,2,30.5,Bangladesh,Raqibul Hasan,Mohammad Ashraful,P Utseya,1,0,"",""
ball,2,30.6,Bangladesh,Mohammad Ashraful,Raqibul Hasan,P Utseya,1,0,"",""
ball,2,31.1,Bangladesh,Mohammad Ashraful,Raqibul Hasan,AG Cremer,1,0,"",""
ball,2,31.2,Bangladesh,Raqibul Hasan,Mohammad Ashraful,AG Cremer,0,0,"",""
ball,2,31.3,Bangladesh,Raqibul Hasan,Mohammad Ashraful,AG Cremer,1,0,"",""
ball,2,31.4,Bangladesh,Mohammad Ashraful,Raqibul Hasan,AG Cremer,0,0,"",""
ball,2,31.5,Bangladesh,Mohammad Ashraful,Raqibul Hasan,AG Cremer,0,0,"",""
ball,2,31.6,Bangladesh,Mohammad Ashraful,Raqibul Hasan,AG Cremer,1,0,"",""
ball,2,32.1,Bangladesh,Mohammad Ashraful,Raqibul Hasan,CJ Chibhabha,1,0,"",""
ball,2,32.2,Bangladesh,Raqibul Hasan,Mohammad Ashraful,CJ Chibhabha,0,0,"",""
ball,2,32.3,Bangladesh,Raqibul Hasan,Mohammad Ashraful,CJ Chibhabha,0,0,"",""
ball,2,32.4,Bangladesh,Raqibul Hasan,Mohammad Ashraful,CJ Chibhabha,0,0,"",""
ball,2,32.5,Bangladesh,Raqibul Hasan,Mohammad Ashraful,CJ Chibhabha,0,0,"",""
ball,2,32.6,Bangladesh,Raqibul Hasan,Mohammad Ashraful,CJ Chibhabha,0,0,"",""
ball,2,33.1,Bangladesh,Mohammad Ashraful,Raqibul Hasan,H Masakadza,0,0,"",""
ball,2,33.2,Bangladesh,Mohammad Ashraful,Raqibul Hasan,H Masakadza,0,0,"",""
ball,2,33.3,Bangladesh,Mohammad Ashraful,Raqibul Hasan,H Masakadza,0,0,"",""
ball,2,33.4,Bangladesh,Mohammad Ashraful,Raqibul Hasan,H Masakadza,0,0,"",""
ball,2,33.5,Bangladesh,Mohammad Ashraful,Raqibul Hasan,H Masakadza,4,0,"",""
ball,2,33.6,Bangladesh,Mohammad Ashraful,Raqibul Hasan,H Masakadza,0,0,"",""
ball,2,34.1,Bangladesh,Raqibul Hasan,Mohammad Ashraful,CJ Chibhabha,0,0,"",""
ball,2,34.2,Bangladesh,Raqibul Hasan,Mohammad Ashraful,CJ Chibhabha,0,0,"",""
ball,2,34.3,Bangladesh,Raqibul Hasan,Mohammad Ashraful,CJ Chibhabha,0,1,"",""
ball,2,34.4,Bangladesh,Raqibul Hasan,Mohammad Ashraful,CJ Chibhabha,4,0,"",""
