version,1.3.0
info,team,India
info,team,Pakistan
info,gender,male
info,season,2009/10
info,date,2009/09/26
info,competition,ICC Champions Trophy
info,match_number,6
info,venue,SuperSport Park
info,city,Centurion
info,neutralvenue,true
info,toss_winner,Pakistan
info,toss_decision,bat
info,player_of_match,Shoaib Malik
info,umpire,SJ Davis
info,umpire,SJA Taufel
info,reserve_umpire,DJ Harper
info,tv_umpire,IJ Gould
info,match_referee,RS Mahanama
info,winner,Pakistan
info,winner_runs,54
ball,1,0.1,Pakistan,Imran Nazir,Kamran Akmal,A Nehra,0,0,"",""
ball,1,0.2,Pakistan,Imran Nazir,Kamran Akmal,A Nehra,1,0,"",""
ball,1,0.3,Pakistan,Kamran Akmal,Imran Nazir,A Nehra,0,0,"",""
ball,1,0.4,Pakistan,Kamran Akmal,Imran Nazir,A Nehra,0,0,"",""
ball,1,0.5,Pakistan,Kamran Akmal,Imran Nazir,A Nehra,0,0,"",""
ball,1,0.6,Pakistan,Kamran Akmal,Imran Nazir,A Nehra,0,0,"",""
ball,1,1.1,Pakistan,Imran Nazir,Kamran Akmal,RP Singh,4,0,"",""
ball,1,1.2,Pakistan,Imran Nazir,Kamran Akmal,RP Singh,0,1,"",""
ball,1,1.3,Pakistan,Kamran Akmal,Imran Nazir,RP Singh,4,0,"",""
ball,1,1.4,Pakistan,Kamran Akmal,Imran Nazir,RP Singh,0,0,"",""
ball,1,1.5,Pakistan,Kamran Akmal,Imran Nazir,RP Singh,2,0,"",""
ball,1,1.6,Pakistan,Kamran Akmal,Imran Nazir,RP Singh,0,1,"",""
ball,1,1.7,Pakistan,Kamran Akmal,Imran Nazir,RP Singh,0,0,"",""
ball,1,2.1,Pakistan,Imran Nazir,Kamran Akmal,A Nehra,0,0,"",""
ball,1,2.2,Pakistan,Imran Nazir,Kamran Akmal,A Nehra,4,0,"",""
ball,1,2.3,Pakistan,Imran Nazir,Kamran Akmal,A Nehra,0,0,"",""
ball,1,2.4,Pakistan,Imran Nazir,Kamran Akmal,A Nehra,0,0,"",""
ball,1,2.5,Pakistan,Imran Nazir,Kamran Akmal,A Nehra,0,0,"",""
ball,1,2.6,Pakistan,Imran Nazir,Kamran Akmal,A Nehra,1,0,"",""
ball,1,3.1,Pakistan,Imran Nazir,Kamran Akmal,RP Singh,0,0,"",""
ball,1,3.2,Pakistan,Imran Nazir,Kamran Akmal,RP Singh,0,0,"",""
ball,1,3.3,Pakistan,Imran Nazir,Kamran Akmal,RP Singh,4,0,"",""
ball,1,3.4,Pakistan,Imran Nazir,Kamran Akmal,RP Singh,2,0,"",""
ball,1,3.5,Pakistan,Imran Nazir,Kamran Akmal,RP Singh,0,0,"",""
ball,1,3.6,Pakistan,Imran Nazir,Kamran Akmal,RP Singh,4,0,"",""
ball,1,4.1,Pakistan,Kamran Akmal,Imran Nazir,A Nehra,1,0,"",""
ball,1,4.2,Pakistan,Imran Nazir,Kamran Akmal,A Nehra,0,0,caught,Imran Nazir
ball,1,4.3,Pakistan,Kamran Akmal,Younis Khan,A Nehra,0,0,"",""
ball,1,4.4,Pakistan,Kamran Akmal,Younis Khan,A Nehra,0,0,"",""
ball,1,4.5,Pakistan,Kamran Akmal,Younis Khan,A Nehra,0,0,"",""
ball,1,4.6,Pakistan,Kamran Akmal,Younis Khan,A Nehra,4,0,"",""
ball,1,5.1,Pakistan,Younis Khan,Kamran Akmal,I Sharma,0,0,"",""
ball,1,5.2,Pakistan,Younis Khan,Kamran Akmal,I Sharma,0,0,"",""
ball,1,5.3,Pakistan,Younis Khan,Kamran Akmal,I Sharma,4,0,"",""
ball,1,5.4,Pakistan,Younis Khan,Kamran Akmal,I Sharma,4,0,"",""
ball,1,5.5,Pakistan,Younis Khan,Kamran Akmal,I Sharma,0,0,"",""
ball,1,5.6,Pakistan,Younis Khan,Kamran Akmal,I Sharma,1,0,"",""
ball,1,6.1,Pakistan,Younis Khan,Kamran Akmal,A Nehra,1,0,"",""
ball,1,6.2,Pakistan,Kamran Akmal,Younis Khan,A Nehra,0,0,"",""
ball,1,6.3,Pakistan,Kamran Akmal,Younis Khan,A Nehra,2,0,"",""
ball,1,6.4,Pakistan,Kamran Akmal,Younis Khan,A Nehra,4,0,"",""
ball,1,6.5,Pakistan,Kamran Akmal,Younis Khan,A Nehra,0,0,"",""
ball,1,6.6,Pakistan,Kamran Akmal,Younis Khan,A Nehra,2,0,"",""
ball,1,7.1,Pakistan,Younis Khan,Kamran Akmal,I Sharma,0,0,"",""
ball,1,7.2,Pakistan,Younis Khan,Kamran Akmal,I Sharma,0,0,"",""
ball,1,7.3,Pakistan,Younis Khan,Kamran Akmal,I Sharma,0,0,"",""
ball,1,7.4,Pakistan,Younis Khan,Kamran Akmal,I Sharma,0,0,"",""
ball,1,7.5,Pakistan,Younis Khan,Kamran Akmal,I Sharma,0,0,"",""
ball,1,7.6,Pakistan,Younis Khan,Kamran Akmal,I Sharma,1,0,"",""
ball,1,8.1,Pakistan,Younis Khan,Kamran Akmal,A Nehra,1,0,"",""
ball,1,8.2,Pakistan,Kamran Akmal,Younis Khan,A Nehra,0,0,"",""
ball,1,8.3,Pakistan,Kamran Akmal,Younis Khan,A Nehra,0,0,"",""
ball,1,8.4,Pakistan,Kamran Akmal,Younis Khan,A Nehra,0,0,"",""
ball,1,8.5,Pakistan,Kamran Akmal,Younis Khan,A Nehra,0,0,bowled,Kamran Akmal
ball,1,8.6,Pakistan,Shoaib Malik,Younis Khan,A Nehra,0,0,"",""
ball,1,9.1,Pakistan,Younis Khan,Shoaib Malik,I Sharma,0,0,"",""
ball,1,9.2,Pakistan,Younis Khan,Shoaib Malik,I Sharma,0,0,"",""
ball,1,9.3,Pakistan,Younis Khan,Shoaib Malik,I Sharma,0,0,"",""
ball,1,9.4,Pakistan,Younis Khan,Shoaib Malik,I Sharma,0,0,"",""
ball,1,9.5,Pakistan,Younis Khan,Shoaib Malik,I Sharma,0,0,"",""
ball,1,9.6,Pakistan,Younis Khan,Shoaib Malik,I Sharma,0,0,"",""
ball,1,10.1,Pakistan,Shoaib Malik,Younis Khan,A Nehra,0,0,"",""
ball,1,10.2,Pakistan,Shoaib Malik,Younis Khan,A Nehra,0,0,"",""
ball,1,10.3,Pakistan,Shoaib Malik,Younis Khan,A Nehra,0,0,"",""
ball,1,10.4,Pakistan,Shoaib Malik,Younis Khan,A Nehra,0,0,"",""
ball,1,10.5,Pakistan,Shoaib Malik,Younis Khan,A Nehra,0,0,"",""
ball,1,10.6,Pakistan,Shoaib Malik,Younis Khan,A Nehra,1,0,"",""
ball,1,11.1,Pakistan,Shoaib Malik,Younis Khan,I Sharma,0,0,"",""
ball,1,11.2,Pakistan,Shoaib Malik,Younis Khan,I Sharma,0,0,"",""
ball,1,11.3,Pakistan,Shoaib Malik,Younis Khan,I Sharma,0,0,"",""
ball,1,11.4,Pakistan,Shoaib Malik,Younis Khan,I Sharma,0,0,"",""
ball,1,11.5,Pakistan,Shoaib Malik,Younis Khan,I Sharma,0,0,"",""
ball,1,11.6,Pakistan,Shoaib Malik,Younis Khan,I Sharma,0,0,"",""
ball,1,12.1,Pakistan,Younis Khan,Shoaib Malik,RP Singh,0,1,"",""
ball,1,12.2,Pakistan,Younis Khan,Shoaib Malik,RP Singh,2,0,"",""
ball,1,12.3,Pakistan,Younis Khan,Shoaib Malik,RP Singh,0,0,"",""
ball,1,12.4,Pakistan,Younis Khan,Shoaib Malik,RP Singh,0,0,"",""
ball,1,12.5,Pakistan,Younis Khan,Shoaib Malik,RP Singh,0,0,"",""
ball,1,12.6,Pakistan,Younis Khan,Shoaib Malik,RP Singh,0,0,"",""
ball,1,12.7,Pakistan,Younis Khan,Shoaib Malik,RP Singh,0,0,"",""
ball,1,13.1,Pakistan,Shoaib Malik,Younis Khan,I Sharma,1,0,"",""
ball,1,13.2,Pakistan,Younis Khan,Shoaib Malik,I Sharma,0,0,"",""
ball,1,13.3,Pakistan,Younis Khan,Shoaib Malik,I Sharma,2,0,"",""
ball,1,13.4,Pakistan,Younis Khan,Shoaib Malik,I Sharma,0,0,"",""
ball,1,13.5,Pakistan,Younis Khan,Shoaib Malik,I Sharma,0,0,"",""
ball,1,13.6,Pakistan,Younis Khan,Shoaib Malik,I Sharma,4,0,"",""
ball,1,14.1,Pakistan,Shoaib Malik,Younis Khan,RP Singh,0,0,"",""
ball,1,14.2,Pakistan,Shoaib Malik,Younis Khan,RP Singh,1,0,"",""
ball,1,14.3,Pakistan,Younis Khan,Shoaib Malik,RP Singh,0,0,"",""
ball,1,14.4,Pakistan,Younis Khan,Shoaib Malik,RP Singh,0,0,caught,Younis Khan
ball,1,14.5,Pakistan,Mohammad Yousuf,Shoaib Malik,RP Singh,0,0,"",""
ball,1,14.6,Pakistan,Mohammad Yousuf,Shoaib Malik,RP Singh,0,0,"",""
ball,1,15.1,Pakistan,Shoaib Malik,Mohammad Yousuf,I Sharma,0,0,"",""
ball,1,15.2,Pakistan,Shoaib Malik,Mohammad Yousuf,I Sharma,4,0,"",""
ball,1,15.3,Pakistan,Shoaib Malik,Mohammad Yousuf,I Sharma,1,0,"",""
ball,1,15.4,Pakistan,Mohammad Yousuf,Shoaib Malik,I Sharma,0,0,"",""
ball,1,15.5,Pakistan,Mohammad Yousuf,Shoaib Malik,I Sharma,0,0,"",""
ball,1,15.6,Pakistan,Mohammad Yousuf,Shoaib Malik,I Sharma,0,1,"",""
ball,1,15.7,Pakistan,Mohammad Yousuf,Shoaib Malik,I Sharma,0,0,"",""
ball,1,16.1,Pakistan,Shoaib Malik,Mohammad Yousuf,RP Singh,0,0,"",""
ball,1,16.2,Pakistan,Shoaib Malik,Mohammad Yousuf,RP Singh,0,0,"",""
ball,1,16.3,Pakistan,Shoaib Malik,Mohammad Yousuf,RP Singh,0,0,"",""
ball,1,16.4,Pakistan,Shoaib Malik,Mohammad Yousuf,RP Singh,0,0,"",""
ball,1,16.5,Pakistan,Shoaib Malik,Mohammad Yousuf,RP Singh,0,0,"",""
ball,1,16.6,Pakistan,Shoaib Malik,Mohammad Yousuf,RP Singh,0,0,"",""
ball,1,17.1,Pakistan,Mohammad Yousuf,Shoaib Malik,V Kohli,1,0,"",""
ball,1,17.2,Pakistan,Shoaib Malik,Mohammad Yousuf,V Kohli,1,0,"",""
ball,1,17.3,Pakistan,Mohammad Yousuf,Shoaib Malik,V Kohli,0,0,"",""
ball,1,17.4,Pakistan,Mohammad Yousuf,Shoaib Malik,V Kohli,1,0,"",""
ball,1,17.5,Pakistan,Shoaib Malik,Mohammad Yousuf,V Kohli,1,0,"",""
ball,1,17.6,Pakistan,Mohammad Yousuf,Shoaib Malik,V Kohli,1,0,"",""
ball,1,18.1,Pakistan,Mohammad Yousuf,Shoaib Malik,YK Pathan,0,0,"",""
ball,1,18.2,Pakistan,Mohammad Yousuf,Shoaib Malik,YK Pathan,1,0,"",""
ball,1,18.3,Pakistan,Shoaib Malik,Mohammad Yousuf,YK Pathan,0,0,"",""
ball,1,18.4,Pakistan,Shoaib Malik,Mohammad Yousuf,YK Pathan,0,0,"",""
ball,1,18.5,Pakistan,Shoaib Malik,Mohammad Yousuf,YK Pathan,0,0,"",""
ball,1,18.6,Pakistan,Shoaib Malik,Mohammad Yousuf,YK Pathan,0,0,"",""
ball,1,19.1,Pakistan,Mohammad Yousuf,Shoaib Malik,V Kohli,0,0,"",""
ball,1,19.2,Pakistan,Mohammad Yousuf,Shoaib Malik,V Kohli,1,0,"",""
ball,1,19.3,Pakistan,Shoaib Malik,Mohammad Yousuf,V Kohli,4,0,"",""
ball,1,19.4,Pakistan,Shoaib Malik,Mohammad Yousuf,V Kohli,1,0,"",""
ball,1,19.5,Pakistan,Mohammad Yousuf,Shoaib Malik,V Kohli,2,0,"",""
ball,1,19.6,Pakistan,Mohammad Yousuf,Shoaib Malik,V Kohli,1,0,"",""
ball,1,20.1,Pakistan,Mohammad Yousuf,Shoaib Malik,YK Pathan,0,0,"",""
ball,1,20.2,Pakistan,Mohammad Yousuf,Shoaib Malik,YK Pathan,1,0,"",""
ball,1,20.3,Pakistan,Shoaib Malik,Mohammad Yousuf,YK Pathan,0,0,"",""
ball,1,20.4,Pakistan,Shoaib Malik,Mohammad Yousuf,YK Pathan,0,0,"",""
ball,1,20.5,Pakistan,Shoaib Malik,Mohammad Yousuf,YK Pathan,0,0,"",""
ball,1,20.6,Pakistan,Shoaib Malik,Mohammad Yousuf,YK Pathan,0,0,"",""
ball,1,21.1,Pakistan,Mohammad Yousuf,Shoaib Malik,V Kohli,4,0,"",""
ball,1,21.2,Pakistan,Mohammad Yousuf,Shoaib Malik,V Kohli,1,0,"",""
ball,1,21.3,Pakistan,Shoaib Malik,Mohammad Yousuf,V Kohli,1,0,"",""
ball,1,21.4,Pakistan,Mohammad Yousuf,Shoaib Malik,V Kohli,0,0,"",""
ball,1,21.5,Pakistan,Mohammad Yousuf,Shoaib Malik,V Kohli,1,0,"",""
ball,1,21.6,Pakistan,Shoaib Malik,Mohammad Yousuf,V Kohli,0,0,"",""
ball,1,22.1,Pakistan,Mohammad Yousuf,Shoaib Malik,YK Pathan,1,0,"",""
ball,1,22.2,Pakistan,Shoaib Malik,Mohammad Yousuf,YK Pathan,0,0,"",""
ball,1,22.3,Pakistan,Shoaib Malik,Mohammad Yousuf,YK Pathan,1,0,"",""
ball,1,22.4,Pakistan,Mohammad Yousuf,Shoaib Malik,YK Pathan,1,0,"",""
ball,1,22.5,Pakistan,Shoaib Malik,Mohammad Yousuf,YK Pathan,1,0,"",""
ball,1,22.6,Pakistan,Mohammad Yousuf,Shoaib Malik,YK Pathan,1,0,"",""
ball,1,23.1,Pakistan,Mohammad Yousuf,Shoaib Malik,RP Singh,1,0,"",""
ball,1,23.2,Pakistan,Shoaib Malik,Mohammad Yousuf,RP Singh,0,0,"",""
ball,1,23.3,Pakistan,Shoaib Malik,Mohammad Yousuf,RP Singh,1,0,"",""
ball,1,23.4,Pakistan,Mohammad Yousuf,Shoaib Malik,RP Singh,1,0,"",""
ball,1,23.5,Pakistan,Shoaib Malik,Mohammad Yousuf,RP Singh,1,0,"",""
ball,1,23.6,Pakistan,Mohammad Yousuf,Shoaib Malik,RP Singh,0,0,"",""
ball,1,24.1,Pakistan,Shoaib Malik,Mohammad Yousuf,YK Pathan,1,0,"",""
ball,1,24.2,Pakistan,Mohammad Yousuf,Shoaib Malik,YK Pathan,1,0,"",""
ball,1,24.3,Pakistan,Shoaib Malik,Mohammad Yousuf,YK Pathan,0,0,"",""
ball,1,24.4,Pakistan,Shoaib Malik,Mohammad Yousuf,YK Pathan,1,0,"",""
ball,1,24.5,Pakistan,Mohammad Yousuf,Shoaib Malik,YK Pathan,1,0,"",""
ball,1,24.6,Pakistan,Shoaib Malik,Mohammad Yousuf,YK Pathan,1,0,"",""
ball,1,25.1,Pakistan,Shoaib Malik,Mohammad Yousuf,Harbhajan Singh,0,0,"",""
ball,1,25.2,Pakistan,Shoaib Malik,Mohammad Yousuf,Harbhajan Singh,1,0,"",""
ball,1,25.3,Pakistan,Mohammad Yousuf,Shoaib Malik,Harbhajan Singh,0,0,"",""
ball,1,25.4,Pakistan,Mohammad Yousuf,Shoaib Malik,Harbhajan Singh,1,0,"",""
ball,1,25.5,Pakistan,Shoaib Malik,Mohammad Yousuf,Harbhajan Singh,1,0,"",""
ball,1,25.6,Pakistan,Mohammad Yousuf,Shoaib Malik,Harbhajan Singh,1,0,"",""
ball,1,26.1,Pakistan,Mohammad Yousuf,Shoaib Malik,YK Pathan,1,0,"",""
ball,1,26.2,Pakistan,Shoaib Malik,Mohammad Yousuf,YK Pathan,1,0,"",""
ball,1,26.3,Pakistan,Mohammad Yousuf,Shoaib Malik,YK Pathan,1,0,"",""
ball,1,26.4,Pakistan,Shoaib Malik,Mohammad Yousuf,YK Pathan,1,0,"",""
ball,1,26.5,Pakistan,Mohammad Yousuf,Shoaib Malik,YK Pathan,0,0,"",""
ball,1,26.6,Pakistan,Mohammad Yousuf,Shoaib Malik,YK Pathan,1,0,"",""
ball,1,27.1,Pakistan,Mohammad Yousuf,Shoaib Malik,Harbhajan Singh,1,0,"",""
ball,1,27.2,Pakistan,Shoaib Malik,Mohammad Yousuf,Harbhajan Singh,1,0,"",""
ball,1,27.3,Pakistan,Mohammad Yousuf,Shoaib Malik,Harbhajan Singh,1,0,"",""
ball,1,27.4,Pakistan,Shoaib Malik,Mohammad Yousuf,Harbhajan Singh,0,0,"",""
ball,1,27.5,Pakistan,Shoaib Malik,Mohammad Yousuf,Harbhajan Singh,0,0,"",""
ball,1,27.6,Pakistan,Shoaib Malik,Mohammad Yousuf,Harbhajan Singh,0,5,"",""
ball,1,27.7,Pakistan,Shoaib Malik,Mohammad Yousuf,Harbhajan Singh,0,0,"",""
ball,1,28.1,Pakistan,Mohammad Yousuf,Shoaib Malik,YK Pathan,1,0,"",""
ball,1,28.2,Pakistan,Shoaib Malik,Mohammad Yousuf,YK Pathan,0,0,"",""
ball,1,28.3,Pakistan,Shoaib Malik,Mohammad Yousuf,YK Pathan,1,0,"",""
ball,1,28.4,Pakistan,Mohammad Yousuf,Shoaib Malik,YK Pathan,1,0,"",""
ball,1,28.5,Pakistan,Shoaib Malik,Mohammad Yousuf,YK Pathan,0,0,"",""
ball,1,28.6,Pakistan,Shoaib Malik,Mohammad Yousuf,YK Pathan,1,0,"",""
ball,1,29.1,Pakistan,Shoaib Malik,Mohammad Yousuf,Harbhajan Singh,0,0,"",""
ball,1,29.2,Pakistan,Shoaib Malik,Mohammad Yousuf,Harbhajan Singh,1,0,"",""
ball,1,29.3,Pakistan,Mohammad Yousuf,Shoaib Malik,Harbhajan Singh,0,0,"",""
ball,1,29.4,Pakistan,Mohammad Yousuf,Shoaib Malik,Harbhajan Singh,0,1,"",""
ball,1,29.5,Pakistan,Mohammad Yousuf,Shoaib Malik,Harbhajan Singh,0,1,"",""
ball,1,29.6,Pakistan,Mohammad Yousuf,Shoaib Malik,Harbhajan Singh,1,0,"",""
ball,1,29.7,Pakistan,Shoaib Malik,Mohammad Yousuf,Harbhajan Singh,0,0,"",""
ball,1,29.8,Pakistan,Shoaib Malik,Mohammad Yousuf,Harbhajan Singh,1,0,"",""
ball,1,30.1,Pakistan,Shoaib Malik,Mohammad Yousuf,A Nehra,0,0,"",""
ball,1,30.2,Pakistan,Shoaib Malik,Mohammad Yousuf,A Nehra,1,0,"",""
ball,1,30.3,Pakistan,Mohammad Yousuf,Shoaib Malik,A Nehra,2,0,"",""
ball,1,30.4,Pakistan,Mohammad Yousuf,Shoaib Malik,A Nehra,0,0,"",""
ball,1,30.5,Pakistan,Mohammad Yousuf,Shoaib Malik,A Nehra,1,0,"",""
ball,1,30.6,Pakistan,Shoaib Malik,Mohammad Yousuf,A Nehra,1,0,"",""
ball,1,31.1,Pakistan,Shoaib Malik,Mohammad Yousuf,YK Pathan,0,0,"",""
ball,1,31.2,Pakistan,Shoaib Malik,Mohammad Yousuf,YK Pathan,1,0,"",""
ball,1,31.3,Pakistan,Mohammad Yousuf,Shoaib Malik,YK Pathan,4,0,"",""
ball,1,31.4,Pakistan,Mohammad Yousuf,Shoaib Malik,YK Pathan,1,0,"",""
ball,1,31.5,Pakistan,Shoaib Malik,Mohammad Yousuf,YK Pathan,1,0,"",""
ball,1,31.6,Pakistan,Mohammad Yousuf,Shoaib Malik,YK Pathan,1,0,"",""
ball,1,32.1,Pakistan,Mohammad Yousuf,Shoaib Malik,Harbhajan Singh,0,0,"",""
ball,1,32.2,Pakistan,Mohammad Yousuf,Shoaib Malik,Harbhajan Singh,1,0,"",""
ball,1,32.3,Pakistan,Shoaib Malik,Mohammad Yousuf,Harbhajan Singh,1,0,"",""
ball,1,32.4,Pakistan,Mohammad Yousuf,Shoaib Malik,Harbhajan Singh,1,0,"",""
ball,1,32.5,Pakistan,Shoaib Malik,Mohammad Yousuf,Harbhajan Singh,4,0,"",""
ball,1,32.6,Pakistan,Shoaib Malik,Mohammad Yousuf,Harbhajan Singh,0,0,"",""
ball,1,33.1,Pakistan,Mohammad Yousuf,Shoaib Malik,YK Pathan,4,0,"",""
ball,1,33.2,Pakistan,Mohammad Yousuf,Shoaib Malik,YK Pathan,1,0,"",""
ball,1,33.3,Pakistan,Shoaib Malik,Mohammad Yousuf,YK Pathan,1,0,"",""
ball,1,33.4,Pakistan,Mohammad Yousuf,Shoaib Malik,YK Pathan,1,0,"",""
ball,1,33.5,Pakistan,Shoaib Malik,Mohammad Yousuf,YK Pathan,4,0,"",""
ball,1,33.6,Pakistan,Shoaib Malik,Mohammad Yousuf,YK Pathan,1,0,"",""
ball,1,34.1,Pakistan,Shoaib Malik,Mohammad Yousuf,Harbhajan Singh,1,0,"",""
ball,1,34.2,Pakistan,Mohammad Yousuf,Shoaib Malik,Harbhajan Singh,1,0,"",""
ball,1,34.3,Pakistan,Shoaib Malik,Mohammad Yousuf,Harbhajan Singh,1,0,"",""
ball,1,34.4,Pakistan,Mohammad Yousuf,Shoaib Malik,Harbhajan Singh,0,0,"",""
ball,1,34.5,Pakistan,Mohammad Yousuf,Shoaib Malik,Harbhajan Singh,0,0,"",""
ball,1,34.6,Pakistan,Mohammad Yousuf,Shoaib Malik,Harbhajan Singh,0,0,"",""
ball,1,35.1,Pakistan,Shoaib Malik,Mohammad Yousuf,I Sharma,4,0,"",""
ball,1,35.2,Pakistan,Shoaib Malik,Mohammad Yousuf,I Sharma,1,0,"",""
ball,1,35.3,Pakistan,Mohammad Yousuf,Shoaib Malik,I Sharma,1,0,"",""
ball,1,35.4,Pakistan,Shoaib Malik,Mohammad Yousuf,I Sharma,4,0,"",""
ball,1,35.5,Pakistan,Shoaib Malik,Mohammad Yousuf,I Sharma,0,0,"",""
ball,1,35.6,Pakistan,Shoaib Malik,Mohammad Yousuf,I Sharma,4,0,"",""
ball,1,36.1,Pakistan,Mohammad Yousuf,Shoaib Malik,Harbhajan Singh,1,0,"",""
ball,1,36.2,Pakistan,Shoaib Malik,Mohammad Yousuf,Harbhajan Singh,1,0,"",""
ball,1,36.3,Pakistan,Mohammad Yousuf,Shoaib Malik,Harbhajan Singh,0,0,"",""
ball,1,36.4,Pakistan,Mohammad Yousuf,Shoaib Malik,Harbhajan Singh,1,0,"",""
ball,1,36.5,Pakistan,Shoaib Malik,Mohammad Yousuf,Harbhajan Singh,0,0,"",""
ball,1,36.6,Pakistan,Shoaib Malik,Mohammad Yousuf,Harbhajan Singh,4,0,"",""
ball,1,37.1,Pakistan,Mohammad Yousuf,Shoaib Malik,RP Singh,2,0,"",""
ball,1,37.2,Pakistan,Mohammad Yousuf,Shoaib Malik,RP Singh,4,0,"",""
ball,1,37.3,Pakistan,Mohammad Yousuf,Shoaib Malik,RP Singh,1,0,"",""
ball,1,37.4,Pakistan,Shoaib Malik,Mohammad Yousuf,RP Singh,1,0,"",""
ball,1,37.5,Pakistan,Mohammad Yousuf,Shoaib Malik,RP Singh,1,0,"",""
ball,1,37.6,Pakistan,Shoaib Malik,Mohammad Yousuf,RP Singh,1,0,"",""
ball,1,38.1,Pakistan,Shoaib Malik,Mohammad Yousuf,Harbhajan Singh,0,0,"",""
ball,1,38.2,Pakistan,Shoaib Malik,Mohammad Yousuf,Harbhajan Singh,0,0,"",""
ball,1,38.3,Pakistan,Shoaib Malik,Mohammad Yousuf,Harbhajan Singh,4,0,"",""
ball,1,38.4,Pakistan,Shoaib Malik,Mohammad Yousuf,Harbhajan Singh,2,0,"",""
ball,1,38.5,Pakistan,Shoaib Malik,Mohammad Yousuf,Harbhajan Singh,1,0,"",""
ball,1,38.6,Pakistan,Mohammad Yousuf,Shoaib Malik,Harbhajan Singh,1,0,"",""
ball,1,39.1,Pakistan,Mohammad Yousuf,Shoaib Malik,RP Singh,0,0,"",""
ball,1,39.2,Pakistan,Mohammad Yousuf,Shoaib Malik,RP Singh,0,0,"",""
ball,1,39.3,Pakistan,Mohammad Yousuf,Shoaib Malik,RP Singh,1,0,"",""
ball,1,39.4,Pakistan,Shoaib Malik,Mohammad Yousuf,RP Singh,0,0,"",""
ball,1,39.5,Pakistan,Shoaib Malik,Mohammad Yousuf,RP Singh,4,0,"",""
ball,1,39.6,Pakistan,Shoaib Malik,Mohammad Yousuf,RP Singh,4,0,"",""
ball,1,40.1,Pakistan,Mohammad Yousuf,Shoaib Malik,YK Pathan,0,0,"",""
ball,1,40.2,Pakistan,Mohammad Yousuf,Shoaib Malik,YK Pathan,1,0,"",""
ball,1,40.3,Pakistan,Shoaib Malik,Mohammad Yousuf,YK Pathan,2,0,"",""
ball,1,40.4,Pakistan,Shoaib Malik,Mohammad Yousuf,YK Pathan,4,0,"",""
ball,1,40.5,Pakistan,Shoaib Malik,Mohammad Yousuf,YK Pathan,1,0,"",""
ball,1,40.6,Pakistan,Mohammad Yousuf,Shoaib Malik,YK Pathan,0,0,"",""
ball,1,41.1,Pakistan,Shoaib Malik,Mohammad Yousuf,A Nehra,0,0,"",""
ball,1,41.2,Pakistan,Shoaib Malik,Mohammad Yousuf,A Nehra,1,0,"",""
ball,1,41.3,Pakistan,Mohammad Yousuf,Shoaib Malik,A Nehra,1,0,"",""
ball,1,41.4,Pakistan,Shoaib Malik,Mohammad Yousuf,A Nehra,1,0,"",""
ball,1,41.5,Pakistan,Mohammad Yousuf,Shoaib Malik,A Nehra,1,0,"",""
ball,1,41.6,Pakistan,Shoaib Malik,Mohammad Yousuf,A Nehra,1,0,"",""
ball,1,42.1,Pakistan,Shoaib Malik,Mohammad Yousuf,Harbhajan Singh,1,0,"",""
ball,1,42.2,Pakistan,Mohammad Yousuf,Shoaib Malik,Harbhajan Singh,1,0,"",""
ball,1,42.3,Pakistan,Shoaib Malik,Mohammad Yousuf,Harbhajan Singh,1,0,"",""
ball,1,42.4,Pakistan,Mohammad Yousuf,Shoaib Malik,Harbhajan Singh,0,1,"",""
ball,1,42.5,Pakistan,Mohammad Yousuf,Shoaib Malik,Harbhajan Singh,1,0,"",""
ball,1,42.6,Pakistan,Shoaib Malik,Mohammad Yousuf,Harbhajan Singh,4,0,"",""
ball,1,42.7,Pakistan,Shoaib Malik,Mohammad Yousuf,Harbhajan Singh,2,0,"",""
ball,1,43.1,Pakistan,Mohammad Yousuf,Shoaib Malik,RP Singh,4,0,"",""
ball,1,43.2,Pakistan,Mohammad Yousuf,Shoaib Malik,RP Singh,1,0,"",""
ball,1,43.3,Pakistan,Shoaib Malik,Mohammad Yousuf,RP Singh,0,0,"",""
ball,1,43.4,Pakistan,Shoaib Malik,Mohammad Yousuf,RP Singh,1,0,"",""
ball,1,43.5,Pakistan,Mohammad Yousuf,Shoaib Malik,RP Singh,1,0,"",""
ball,1,43.6,Pakistan,Shoaib Malik,Mohammad Yousuf,RP Singh,4,0,"",""
ball,1,44.1,Pakistan,Mohammad Yousuf,Shoaib Malik,Harbhajan Singh,2,0,"",""
ball,1,44.2,Pakistan,Mohammad Yousuf,Shoaib Malik,Harbhajan Singh,0,0,"",""
ball,1,44.3,Pakistan,Mohammad Yousuf,Shoaib Malik,Harbhajan Singh,4,0,"",""
ball,1,44.4,Pakistan,Mohammad Yousuf,Shoaib Malik,Harbhajan Singh,1,0,"",""
ball,1,44.5,Pakistan,Shoaib Malik,Mohammad Yousuf,Harbhajan Singh,1,0,"",""
ball,1,44.6,Pakistan,Mohammad Yousuf,Shoaib Malik,Harbhajan Singh,1,0,"",""
ball,1,45.1,Pakistan,Mohammad Yousuf,Shoaib Malik,A Nehra,1,0,"",""
ball,1,45.2,Pakistan,Shoaib Malik,Mohammad Yousuf,A Nehra,2,0,"",""
ball,1,45.3,Pakistan,Shoaib Malik,Mohammad Yousuf,A Nehra,2,0,"",""
ball,1,45.4,Pakistan,Shoaib Malik,Mohammad Yousuf,A Nehra,1,0,"",""
ball,1,45.5,Pakistan,Mohammad Yousuf,Shoaib Malik,A Nehra,4,0,"",""
ball,1,45.6,Pakistan,Mohammad Yousuf,Shoaib Malik,A Nehra,0,0,bowled,Mohammad Yousuf
ball,1,46.1,Pakistan,Shoaib Malik,Shahid Afridi,YK Pathan,0,0,"",""
ball,1,46.2,Pakistan,Shoaib Malik,Shahid Afridi,YK Pathan,0,0,"",""
ball,1,46.3,Pakistan,Shoaib Malik,Shahid Afridi,YK Pathan,2,0,"",""
ball,1,46.4,Pakistan,Shoaib Malik,Shahid Afridi,YK Pathan,1,0,"",""
ball,1,46.5,Pakistan,Shahid Afridi,Shoaib Malik,YK Pathan,4,0,"",""
ball,1,46.6,Pakistan,Shahid Afridi,Shoaib Malik,YK Pathan,0,0,caught,Shahid Afridi
ball,1,47.1,Pakistan,Shoaib Malik,Umar Akmal,A Nehra,4,0,"",""
ball,1,47.2,Pakistan,Shoaib Malik,Umar Akmal,A Nehra,4,0,"",""
ball,1,47.3,Pakistan,Shoaib Malik,Umar Akmal,A Nehra,2,0,"",""
ball,1,47.4,Pakistan,Shoaib Malik,Umar Akmal,A Nehra,1,0,"",""
ball,1,47.5,Pakistan,Umar Akmal,Shoaib Malik,A Nehra,0,0,caught,Umar Akmal
ball,1,47.6,Pakistan,Naved-ul-Hasan,Shoaib Malik,A Nehra,2,0,"",""
ball,1,48.1,Pakistan,Shoaib Malik,Naved-ul-Hasan,Harbhajan Singh,1,0,"",""
ball,1,48.2,Pakistan,Naved-ul-Hasan,Shoaib Malik,Harbhajan Singh,4,0,"",""
ball,1,48.3,Pakistan,Naved-ul-Hasan,Shoaib Malik,Harbhajan Singh,0,0,"",""
ball,1,48.4,Pakistan,Naved-ul-Hasan,Shoaib Malik,Harbhajan Singh,2,0,"",""
ball,1,48.5,Pakistan,Naved-ul-Hasan,Shoaib Malik,Harbhajan Singh,1,0,"",""
ball,1,48.6,Pakistan,Shoaib Malik,Naved-ul-Hasan,Harbhajan Singh,0,1,"",""
ball,1,48.7,Pakistan,Shoaib Malik,Naved-ul-Hasan,Harbhajan Singh,0,0,caught,Shoaib Malik
ball,1,49.1,Pakistan,Naved-ul-Hasan,Umar Gul,I Sharma,1,0,"",""
ball,1,49.2,Pakistan,Umar Gul,Naved-ul-Hasan,I Sharma,0,0,"",""
ball,1,49.3,Pakistan,Umar Gul,Naved-ul-Hasan,I Sharma,0,0,caught,Umar Gul
ball,1,49.4,Pakistan,Naved-ul-Hasan,Mohammad Amir,I Sharma,1,0,"",""
ball,1,49.5,Pakistan,Mohammad Amir,Naved-ul-Hasan,I Sharma,0,0,caught,Mohammad Amir
ball,1,49.6,Pakistan,Naved-ul-Hasan,Saeed Ajmal,I Sharma,0,0,"",""
ball,2,0.1,India,G Gambhir,SR Tendulkar,Mohammad Amir,0,0,"",""
ball,2,0.2,India,G Gambhir,SR Tendulkar,Mohammad Amir,0,0,"",""
ball,2,0.3,India,G Gambhir,SR Tendulkar,Mohammad Amir,1,0,"",""
ball,2,0.4,India,SR Tendulkar,G Gambhir,Mohammad Amir,0,0,"",""
ball,2,0.5,India,SR Tendulkar,G Gambhir,Mohammad Amir,0,0,"",""
ball,2,0.6,India,SR Tendulkar,G Gambhir,Mohammad Amir,0,1,"",""
ball,2,0.7,India,SR Tendulkar,G Gambhir,Mohammad Amir,1,0,"",""
ball,2,1.1,India,SR Tendulkar,G Gambhir,Naved-ul-Hasan,0,0,"",""
ball,2,1.2,India,SR Tendulkar,G Gambhir,Naved-ul-Hasan,0,0,"",""
ball,2,1.3,India,SR Tendulkar,G Gambhir,Naved-ul-Hasan,0,0,"",""
ball,2,1.4,India,SR Tendulkar,G Gambhir,Naved-ul-Hasan,1,0,"",""
ball,2,1.5,India,G Gambhir,SR Tendulkar,Naved-ul-Hasan,1,0,"",""
ball,2,1.6,India,SR Tendulkar,G Gambhir,Naved-ul-Hasan,4,0,"",""
ball,2,2.1,India,G Gambhir,SR Tendulkar,Mohammad Amir,0,0,"",""
ball,2,2.2,India,G Gambhir,SR Tendulkar,Mohammad Amir,4,0,"",""
ball,2,2.3,India,G Gambhir,SR Tendulkar,Mohammad Amir,1,0,"",""
ball,2,2.4,India,SR Tendulkar,G Gambhir,Mohammad Amir,1,0,"",""
ball,2,2.5,India,G Gambhir,SR Tendulkar,Mohammad Amir,0,1,"",""
ball,2,2.6,India,G Gambhir,SR Tendulkar,Mohammad Amir,0,0,"",""
ball,2,2.7,India,G Gambhir,SR Tendulkar,Mohammad Amir,1,0,"",""
ball,2,3.1,India,G Gambhir,SR Tendulkar,Naved-ul-Hasan,1,0,"",""
ball,2,3.2,India,SR Tendulkar,G Gambhir,Naved-ul-Hasan,0,0,"",""
ball,2,3.3,India,SR Tendulkar,G Gambhir,Naved-ul-Hasan,0,0,"",""
ball,2,3.4,India,SR Tendulkar,G Gambhir,Naved-ul-Hasan,0,0,"",""
ball,2,3.5,India,SR Tendulkar,G Gambhir,Naved-ul-Hasan,1,0,"",""
ball,2,3.6,India,G Gambhir,SR Tendulkar,Naved-ul-Hasan,4,0,"",""
ball,2,4.1,India,SR Tendulkar,G Gambhir,Mohammad Amir,0,0,caught,SR Tendulkar
ball,2,4.2,India,R Dravid,G Gambhir,Mohammad Amir,0,0,"",""
ball,2,4.3,India,R Dravid,G Gambhir,Mohammad Amir,0,1,"",""
ball,2,4.4,India,R Dravid,G Gambhir,Mohammad Amir,0,0,"",""
ball,2,4.5,India,R Dravid,G Gambhir,Mohammad Amir,0,0,"",""
ball,2,4.6,India,R Dravid,G Gambhir,Mohammad Amir,0,0,"",""
ball,2,4.7,India,R Dravid,G Gambhir,Mohammad Amir,4,0,"",""
ball,2,5.1,India,G Gambhir,R Dravid,Naved-ul-Hasan,0,0,"",""
ball,2,5.2,India,G Gambhir,R Dravid,Naved-ul-Hasan,0,0,"",""
ball,2,5.3,India,G Gambhir,R Dravid,Naved-ul-Hasan,2,0,"",""
ball,2,5.4,India,G Gambhir,R Dravid,Naved-ul-Hasan,0,0,"",""
ball,2,5.5,India,G Gambhir,R Dravid,Naved-ul-Hasan,2,0,"",""
ball,2,5.6,India,G Gambhir,R Dravid,Naved-ul-Hasan,0,5,"",""
ball,2,5.7,India,G Gambhir,R Dravid,Naved-ul-Hasan,0,0,"",""
ball,2,6.1,India,R Dravid,G Gambhir,Mohammad Amir,1,1,"",""
ball,2,6.2,India,G Gambhir,R Dravid,Mohammad Amir,4,0,"",""
ball,2,6.3,India,G Gambhir,R Dravid,Mohammad Amir,0,0,"",""
ball,2,6.4,India,G Gambhir,R Dravid,Mohammad Amir,1,0,"",""
ball,2,6.5,India,R Dravid,G Gambhir,Mohammad Amir,0,0,"",""
ball,2,6.6,India,R Dravid,G Gambhir,Mohammad Amir,0,0,"",""
ball,2,6.7,India,R Dravid,G Gambhir,Mohammad Amir,0,0,"",""
ball,2,7.1,India,G Gambhir,R Dravid,Naved-ul-Hasan,0,0,"",""
ball,2,7.2,India,G Gambhir,R Dravid,Naved-ul-Hasan,0,0,"",""
ball,2,7.3,India,G Gambhir,R Dravid,Naved-ul-Hasan,0,0,"",""
ball,2,7.4,India,G Gambhir,R Dravid,Naved-ul-Hasan,4,0,"",""
ball,2,7.5,India,G Gambhir,R Dravid,Naved-ul-Hasan,0,0,"",""
ball,2,7.6,India,G Gambhir,R Dravid,Naved-ul-Hasan,0,0,"",""
ball,2,8.1,India,R Dravid,G Gambhir,Mohammad Amir,1,0,"",""
ball,2,8.2,India,G Gambhir,R Dravid,Mohammad Amir,4,0,"",""
ball,2,8.3,India,G Gambhir,R Dravid,Mohammad Amir,0,1,"",""
ball,2,8.4,India,G Gambhir,R Dravid,Mohammad Amir,6,1,"",""
ball,2,8.5,India,G Gambhir,R Dravid,Mohammad Amir,0,0,"",""
ball,2,8.6,India,G Gambhir,R Dravid,Mohammad Amir,1,0,"",""
ball,2,8.7,India,R Dravid,G Gambhir,Mohammad Amir,0,0,"",""
ball,2,8.8,India,R Dravid,G Gambhir,Mohammad Amir,0,0,"",""
ball,2,9.1,India,G Gambhir,R Dravid,Naved-ul-Hasan,1,0,"",""
ball,2,9.2,India,R Dravid,G Gambhir,Naved-ul-Hasan,0,0,"",""
ball,2,9.3,India,R Dravid,G Gambhir,Naved-ul-Hasan,2,0,"",""
ball,2,9.4,India,R Dravid,G Gambhir,Naved-ul-Hasan,0,0,"",""
ball,2,9.5,India,R Dravid,G Gambhir,Naved-ul-Hasan,0,0,"",""
ball,2,9.6,India,R Dravid,G Gambhir,Naved-ul-Hasan,0,0,"",""
ball,2,10.1,India,G Gambhir,R Dravid,Umar Gul,4,0,"",""
ball,2,10.2,India,G Gambhir,R Dravid,Umar Gul,2,0,"",""
ball,2,10.3,India,G Gambhir,R Dravid,Umar Gul,0,1,"",""
ball,2,10.4,India,G Gambhir,R Dravid,Umar Gul,6,0,"",""
ball,2,10.5,India,G Gambhir,R Dravid,Umar Gul,1,0,"",""
ball,2,10.6,India,R Dravid,G Gambhir,Umar Gul,2,0,"",""
ball,2,10.7,India,R Dravid,G Gambhir,Umar Gul,0,0,"",""
ball,2,11.1,India,G Gambhir,R Dravid,Naved-ul-Hasan,0,0,"",""
ball,2,11.2,India,G Gambhir,R Dravid,Naved-ul-Hasan,0,0,"",""
ball,2,11.3,India,G Gambhir,R Dravid,Naved-ul-Hasan,0,0,"",""
ball,2,11.4,India,G Gambhir,R Dravid,Naved-ul-Hasan,1,0,"",""
ball,2,11.5,India,R Dravid,G Gambhir,Naved-ul-Hasan,0,0,"",""
ball,2,11.6,India,R Dravid,G Gambhir,Naved-ul-Hasan,1,0,"",""
ball,2,12.1,India,R Dravid,G Gambhir,Saeed Ajmal,0,0,"",""
ball,2,12.2,India,R Dravid,G Gambhir,Saeed Ajmal,0,0,"",""
ball,2,12.3,India,R Dravid,G Gambhir,Saeed Ajmal,0,0,"",""
ball,2,12.4,India,R Dravid,G Gambhir,Saeed Ajmal,1,0,"",""
ball,2,12.5,India,G Gambhir,R Dravid,Saeed Ajmal,0,0,"",""
ball,2,12.6,India,G Gambhir,R Dravid,Saeed Ajmal,0,0,"",""
ball,2,13.1,India,R Dravid,G Gambhir,Umar Gul,1,0,"",""
ball,2,13.2,India,G Gambhir,R Dravid,Umar Gul,4,0,"",""
ball,2,13.3,India,G Gambhir,R Dravid,Umar Gul,0,0,"",""
ball,2,13.4,India,G Gambhir,R Dravid,Umar Gul,1,0,"",""
ball,2,13.5,India,R Dravid,G Gambhir,Umar Gul,0,0,run out,G Gambhir
ball,2,13.6,India,R Dravid,V Kohli,Umar Gul,1,0,"",""
ball,2,14.1,India,R Dravid,V Kohli,Saeed Ajmal,4,0,"",""
ball,2,14.2,India,R Dravid,V Kohli,Saeed Ajmal,0,0,"",""
ball,2,14.3,India,R Dravid,V Kohli,Saeed Ajmal,0,0,"",""
ball,2,14.4,India,R Dravid,V Kohli,Saeed Ajmal,1,0,"",""
ball,2,14.5,India,V Kohli,R Dravid,Saeed Ajmal,1,0,"",""
ball,2,14.6,India,R Dravid,V Kohli,Saeed Ajmal,0,0,"",""
ball,2,15.1,India,V Kohli,R Dravid,Umar Gul,0,0,"",""
ball,2,15.2,India,V Kohli,R Dravid,Umar Gul,0,0,"",""
ball,2,15.3,India,V Kohli,R Dravid,Umar Gul,1,1,"",""
ball,2,15.4,India,R Dravid,V Kohli,Umar Gul,4,0,"",""
ball,2,15.5,India,R Dravid,V Kohli,Umar Gul,0,0,"",""
ball,2,15.6,India,R Dravid,V Kohli,Umar Gul,1,0,"",""
ball,2,15.7,India,V Kohli,R Dravid,Umar Gul,1,0,"",""
ball,2,16.1,India,V Kohli,R Dravid,Saeed Ajmal,1,0,"",""
ball,2,16.2,India,R Dravid,V Kohli,Saeed Ajmal,1,0,"",""
ball,2,16.3,India,V Kohli,R Dravid,Saeed Ajmal,0,0,"",""
ball,2,16.4,India,V Kohli,R Dravid,Saeed Ajmal,2,0,"",""
ball,2,16.5,India,V Kohli,R Dravid,Saeed Ajmal,1,0,"",""
ball,2,16.6,India,R Dravid,V Kohli,Saeed Ajmal,0,0,"",""
ball,2,17.1,India,V Kohli,R Dravid,Umar Gul,0,0,"",""
ball,2,17.2,India,V Kohli,R Dravid,Umar Gul,0,0,"",""
ball,2,17.3,India,V Kohli,R Dravid,Umar Gul,1,0,"",""
ball,2,17.4,India,R Dravid,V Kohli,Umar Gul,1,0,"",""
ball,2,17.5,India,V Kohli,R Dravid,Umar Gul,4,0,"",""
ball,2,17.6,India,V Kohli,R Dravid,Umar Gul,0,0,"",""
ball,2,18.1,India,R Dravid,V Kohli,Saeed Ajmal,1,0,"",""
ball,2,18.2,India,V Kohli,R Dravid,Saeed Ajmal,1,0,"",""
ball,2,18.3,India,R Dravid,V Kohli,Saeed Ajmal,1,0,"",""
ball,2,18.4,India,V Kohli,R Dravid,Saeed Ajmal,0,0,"",""
ball,2,18.5,India,V Kohli,R Dravid,Saeed Ajmal,1,0,"",""
ball,2,18.6,India,R Dravid,V Kohli,Saeed Ajmal,0,0,"",""
ball,2,19.1,India,V Kohli,R Dravid,Shahid Afridi,1,0,"",""
ball,2,19.2,India,R Dravid,V Kohli,Shahid Afridi,0,0,"",""
ball,2,19.3,India,R Dravid,V Kohli,Shahid Afridi,0,0,"",""
ball,2,19.4,India,R Dravid,V Kohli,Shahid Afridi,0,0,"",""
ball,2,19.5,India,R Dravid,V Kohli,Shahid Afridi,1,0,"",""
ball,2,19.6,India,V Kohli,R Dravid,Shahid Afridi,0,0,"",""
ball,2,20.1,India,R Dravid,V Kohli,Saeed Ajmal,0,1,"",""
ball,2,20.2,India,V Kohli,R Dravid,Saeed Ajmal,0,0,"",""
ball,2,20.3,India,V Kohli,R Dravid,Saeed Ajmal,0,0,"",""
ball,2,20.4,India,V Kohli,R Dravid,Saeed Ajmal,1,0,"",""
ball,2,20.5,India,R Dravid,V Kohli,Saeed Ajmal,1,0,"",""
ball,2,20.6,India,V Kohli,R Dravid,Saeed Ajmal,0,0,"",""
ball,2,21.1,India,R Dravid,V Kohli,Shahid Afridi,0,0,"",""
ball,2,21.2,India,R Dravid,V Kohli,Shahid Afridi,1,0,"",""
ball,2,21.3,India,V Kohli,R Dravid,Shahid Afridi,0,0,caught,V Kohli
ball,2,21.4,India,R Dravid,MS Dhoni,Shahid Afridi,0,0,"",""
ball,2,21.5,India,R Dravid,MS Dhoni,Shahid Afridi,1,0,"",""
ball,2,21.6,India,MS Dhoni,R Dravid,Shahid Afridi,0,0,"",""
ball,2,22.1,India,R Dravid,MS Dhoni,Saeed Ajmal,1,0,"",""
ball,2,22.2,India,MS Dhoni,R Dravid,Saeed Ajmal,0,0,"",""
ball,2,22.3,India,MS Dhoni,R Dravid,Saeed Ajmal,0,0,"",""
ball,2,22.4,India,MS Dhoni,R Dravid,Saeed Ajmal,0,0,"",""
ball,2,22.5,India,MS Dhoni,R Dravid,Saeed Ajmal,2,0,"",""
ball,2,22.6,India,MS Dhoni,R Dravid,Saeed Ajmal,1,0,"",""
ball,2,23.1,India,MS Dhoni,R Dravid,Shahid Afridi,0,1,"",""
ball,2,23.2,India,R Dravid,MS Dhoni,Shahid Afridi,0,0,"",""
ball,2,23.3,India,R Dravid,MS Dhoni,Shahid Afridi,1,0,"",""
ball,2,23.4,India,MS Dhoni,R Dravid,Shahid Afridi,0,0,"",""
ball,2,23.5,India,MS Dhoni,R Dravid,Shahid Afridi,0,0,lbw,MS Dhoni
ball,2,23.6,India,SK Raina,R Dravid,Shahid Afridi,0,1,"",""
ball,2,24.1,India,SK Raina,R Dravid,Shoaib Malik,0,0,"",""
ball,2,24.2,India,SK Raina,R Dravid,Shoaib Malik,1,0,"",""
ball,2,24.3,India,R Dravid,SK Raina,Shoaib Malik,0,0,"",""
ball,2,24.4,India,R Dravid,SK Raina,Shoaib Malik,2,0,"",""
ball,2,24.5,India,R Dravid,SK Raina,Shoaib Malik,0,0,"",""
ball,2,24.6,India,R Dravid,SK Raina,Shoaib Malik,1,0,"",""
ball,2,25.1,India,R Dravid,SK Raina,Shahid Afridi,1,0,"",""
ball,2,25.2,India,SK Raina,R Dravid,Shahid Afridi,1,0,"",""
ball,2,25.3,India,R Dravid,SK Raina,Shahid Afridi,1,0,"",""
ball,2,25.4,India,SK Raina,R Dravid,Shahid Afridi,1,0,"",""
ball,2,25.5,India,R Dravid,SK Raina,Shahid Afridi,1,0,"",""
ball,2,25.6,India,SK Raina,R Dravid,Shahid Afridi,0,0,"",""
ball,2,26.1,India,R Dravid,SK Raina,Shoaib Malik,2,0,"",""
ball,2,26.2,India,R Dravid,SK Raina,Shoaib Malik,0,1,"",""
ball,2,26.3,India,R Dravid,SK Raina,Shoaib Malik,0,0,"",""
ball,2,26.4,India,R Dravid,SK Raina,Shoaib Malik,1,0,"",""
ball,2,26.5,India,SK Raina,R Dravid,Shoaib Malik,1,0,"",""
ball,2,26.6,India,R Dravid,SK Raina,Shoaib Malik,1,0,"",""
ball,2,26.7,India,SK Raina,R Dravid,Shoaib Malik,1,0,"",""
ball,2,27.1,India,SK Raina,R Dravid,Shahid Afridi,0,0,"",""
ball,2,27.2,India,SK Raina,R Dravid,Shahid Afridi,0,1,"",""
ball,2,27.3,India,R Dravid,SK Raina,Shahid Afridi,1,0,"",""
ball,2,27.4,India,SK Raina,R Dravid,Shahid Afridi,1,0,"",""
ball,2,27.5,India,R Dravid,SK Raina,Shahid Afridi,1,0,"",""
ball,2,27.6,India,SK Raina,R Dravid,Shahid Afridi,1,0,"",""
ball,2,28.1,India,SK Raina,R Dravid,Umar Gul,0,0,"",""
ball,2,28.2,India,SK Raina,R Dravid,Umar Gul,0,1,"",""
ball,2,28.3,India,SK Raina,R Dravid,Umar Gul,0,0,"",""
ball,2,28.4,India,SK Raina,R Dravid,Umar Gul,4,0,"",""
ball,2,28.5,India,SK Raina,R Dravid,Umar Gul,0,0,"",""
ball,2,28.6,India,SK Raina,R Dravid,Umar Gul,6,0,"",""
ball,2,28.7,India,SK Raina,R Dravid,Umar Gul,0,0,"",""
ball,2,29.1,India,R Dravid,SK Raina,Shahid Afridi,1,0,"",""
ball,2,29.2,India,SK Raina,R Dravid,Shahid Afridi,0,0,"",""
ball,2,29.3,India,SK Raina,R Dravid,Shahid Afridi,1,0,"",""
ball,2,29.4,India,R Dravid,SK Raina,Shahid Afridi,1,0,"",""
ball,2,29.5,India,SK Raina,R Dravid,Shahid Afridi,4,0,"",""
ball,2,29.6,India,SK Raina,R Dravid,Shahid Afridi,1,0,"",""
ball,2,30.1,India,SK Raina,R Dravid,Umar Gul,1,0,"",""
ball,2,30.2,India,R Dravid,SK Raina,Umar Gul,0,0,"",""
ball,2,30.3,India,R Dravid,SK Raina,Umar Gul,1,0,"",""
ball,2,30.4,India,SK Raina,R Dravid,Umar Gul,0,1,"",""
ball,2,30.5,India,SK Raina,R Dravid,Umar Gul,4,0,"",""
ball,2,30.6,India,SK Raina,R Dravid,Umar Gul,0,0,"",""
ball,2,30.7,India,SK Raina,R Dravid,Umar Gul,0,0,"",""
ball,2,31.1,India,R Dravid,SK Raina,Shahid Afridi,1,0,"",""
ball,2,31.2,India,SK Raina,R Dravid,Shahid Afridi,1,0,"",""
ball,2,31.3,India,R Dravid,SK Raina,Shahid Afridi,0,0,"",""
ball,2,31.4,India,R Dravid,SK Raina,Shahid Afridi,2,0,"",""
ball,2,31.5,India,R Dravid,SK Raina,Shahid Afridi,0,0,"",""
ball,2,31.6,India,R Dravid,SK Raina,Shahid Afridi,0,0,"",""
ball,2,32.1,India,SK Raina,R Dravid,Shoaib Malik,0,0,"",""
ball,2,32.2,India,SK Raina,R Dravid,Shoaib Malik,0,0,"",""
ball,2,32.3,India,SK Raina,R Dravid,Shoaib Malik,4,0,"",""
ball,2,32.4,India,SK Raina,R Dravid,Shoaib Malik,4,0,"",""
ball,2,32.5,India,SK Raina,R Dravid,Shoaib Malik,6,0,"",""
ball,2,32.6,India,SK Raina,R Dravid,Shoaib Malik,0,0,"",""
ball,2,33.1,India,R Dravid,SK Raina,Shahid Afridi,0,0,"",""
ball,2,33.2,India,R Dravid,SK Raina,Shahid Afridi,1,0,"",""
ball,2,33.3,India,SK Raina,R Dravid,Shahid Afridi,0,0,"",""
ball,2,33.4,India,SK Raina,R Dravid,Shahid Afridi,1,0,"",""
ball,2,33.5,India,R Dravid,SK Raina,Shahid Afridi,1,0,"",""
ball,2,33.6,India,SK Raina,R Dravid,Shahid Afridi,1,0,"",""
ball,2,34.1,India,SK Raina,R Dravid,Saeed Ajmal,1,0,"",""
ball,2,34.2,India,R Dravid,SK Raina,Saeed Ajmal,0,0,"",""
ball,2,34.3,India,R Dravid,SK Raina,Saeed Ajmal,1,0,"",""
ball,2,34.4,India,SK Raina,R Dravid,Saeed Ajmal,0,0,"",""
ball,2,34.5,India,SK Raina,R Dravid,Saeed Ajmal,0,0,"",""
ball,2,34.6,India,SK Raina,R Dravid,Saeed Ajmal,0,0,lbw,SK Raina
ball,2,35.1,India,R Dravid,YK Pathan,Shahid Afridi,0,0,"",""
ball,2,35.2,India,R Dravid,YK Pathan,Shahid Afridi,1,0,"",""
ball,2,35.3,India,YK Pathan,R Dravid,Shahid Afridi,0,0,"",""
ball,2,35.4,India,YK Pathan,R Dravid,Shahid Afridi,0,1,"",""
ball,2,35.5,India,YK Pathan,R Dravid,Shahid Afridi,1,0,"",""
ball,2,35.6,India,R Dravid,YK Pathan,Shahid Afridi,0,0,"",""
ball,2,35.7,India,R Dravid,YK Pathan,Shahid Afridi,0,0,"",""
ball,2,36.1,India,YK Pathan,R Dravid,Mohammad Amir,1,0,"",""
ball,2,36.2,India,R Dravid,YK Pathan,Mohammad Amir,0,0,"",""
ball,2,36.3,India,R Dravid,YK Pathan,Mohammad Amir,2,0,"",""
ball,2,36.4,India,R Dravid,YK Pathan,Mohammad Amir,1,0,"",""
ball,2,36.5,India,YK Pathan,R Dravid,Mohammad Amir,0,0,"",""
ball,2,36.6,India,YK Pathan,R Dravid,Mohammad Amir,0,0,"",""
ball,2,37.1,India,R Dravid,YK Pathan,Shahid Afridi,1,0,"",""
ball,2,37.2,India,YK Pathan,R Dravid,Shahid Afridi,1,0,"",""
ball,2,37.3,India,R Dravid,YK Pathan,Shahid Afridi,1,0,"",""
ball,2,37.4,India,YK Pathan,R Dravid,Shahid Afridi,1,0,"",""
ball,2,37.5,India,R Dravid,YK Pathan,Shahid Afridi,1,0,"",""
ball,2,37.6,India,YK Pathan,R Dravid,Shahid Afridi,1,0,"",""
ball,2,38.1,India,YK Pathan,R Dravid,Mohammad Amir,0,0,"",""
ball,2,38.2,India,YK Pathan,R Dravid,Mohammad Amir,0,0,caught,YK Pathan
ball,2,38.3,India,Harbhajan Singh,R Dravid,Mohammad Amir,0,0,"",""
ball,2,38.4,India,Harbhajan Singh,R Dravid,Mohammad Amir,0,0,"",""
ball,2,38.5,India,Harbhajan Singh,R Dravid,Mohammad Amir,1,0,"",""
ball,2,38.6,India,R Dravid,Harbhajan Singh,Mohammad Amir,1,0,"",""
ball,2,39.1,India,R Dravid,Harbhajan Singh,Naved-ul-Hasan,1,0,"",""
ball,2,39.2,India,Harbhajan Singh,R Dravid,Naved-ul-Hasan,1,0,"",""
ball,2,39.3,India,R Dravid,Harbhajan Singh,Naved-ul-Hasan,4,0,"",""
ball,2,39.4,India,R Dravid,Harbhajan Singh,Naved-ul-Hasan,1,0,"",""
ball,2,39.5,India,Harbhajan Singh,R Dravid,Naved-ul-Hasan,1,0,"",""
ball,2,39.6,India,R Dravid,Harbhajan Singh,Naved-ul-Hasan,1,0,"",""
ball,2,40.1,India,R Dravid,Harbhajan Singh,Mohammad Amir,0,0,"",""
ball,2,40.2,India,R Dravid,Harbhajan Singh,Mohammad Amir,1,0,"",""
ball,2,40.3,India,Harbhajan Singh,R Dravid,Mohammad Amir,0,0,"",""
ball,2,40.4,India,Harbhajan Singh,R Dravid,Mohammad Amir,0,0,"",""
ball,2,40.5,India,Harbhajan Singh,R Dravid,Mohammad Amir,0,0,"",""
ball,2,40.6,India,Harbhajan Singh,R Dravid,Mohammad Amir,2,0,"",""
ball,2,41.1,India,R Dravid,Harbhajan Singh,Naved-ul-Hasan,2,0,"",""
ball,2,41.2,India,R Dravid,Harbhajan Singh,Naved-ul-Hasan,1,0,"",""
ball,2,41.3,India,Harbhajan Singh,R Dravid,Naved-ul-Hasan,0,0,"",""
ball,2,41.4,India,Harbhajan Singh,R Dravid,Naved-ul-Hasan,0,0,"",""
ball,2,41.5,India,Harbhajan Singh,R Dravid,Naved-ul-Hasan,1,0,"",""
ball,2,41.6,India,R Dravid,Harbhajan Singh,Naved-ul-Hasan,2,0,run out,R Dravid
ball,2,42.1,India,Harbhajan Singh,RP Singh,Saeed Ajmal,0,1,"",""
ball,2,42.2,India,Harbhajan Singh,RP Singh,Saeed Ajmal,0,0,"",""
ball,2,42.3,India,Harbhajan Singh,RP Singh,Saeed Ajmal,1,0,"",""
ball,2,42.4,India,RP Singh,Harbhajan Singh,Saeed Ajmal,0,0,"",""
ball,2,42.5,India,RP Singh,Harbhajan Singh,Saeed Ajmal,0,0,"",""
ball,2,42.6,India,RP Singh,Harbhajan Singh,Saeed Ajmal,0,0,"",""
ball,2,42.7,India,RP Singh,Harbhajan Singh,Saeed Ajmal,1,0,"",""
ball,2,43.1,India,RP Singh,Harbhajan Singh,Naved-ul-Hasan,1,0,"",""
ball,2,43.2,India,Harbhajan Singh,RP Singh,Naved-ul-Hasan,0,0,"",""
ball,2,43.3,India,Harbhajan Singh,RP Singh,Naved-ul-Hasan,1,0,"",""
ball,2,43.4,India,RP Singh,Harbhajan Singh,Naved-ul-Hasan,0,0,caught,RP Singh
ball,2,43.5,India,Harbhajan Singh,I Sharma,Naved-ul-Hasan,1,0,"",""
ball,2,43.6,India,I Sharma,Harbhajan Singh,Naved-ul-Hasan,0,0,bowled,I Sharma
ball,2,44.1,India,Harbhajan Singh,A Nehra,Saeed Ajmal,0,0,"",""
ball,2,44.2,India,Harbhajan Singh,A Nehra,Saeed Ajmal,0,0,"",""
ball,2,44.3,India,Harbhajan Singh,A Nehra,Saeed Ajmal,4,0,"",""
ball,2,44.4,India,Harbhajan Singh,A Nehra,Saeed Ajmal,0,0,"",""
ball,2,44.5,India,Harbhajan Singh,A Nehra,Saeed Ajmal,0,0,bowled,Harbhajan Singh
