version,1.3.0
info,team,New Zealand
info,team,Sri Lanka
info,gender,male
info,season,2009/10
info,date,2009/09/27
info,competition,ICC Champions Trophy
info,match_number,7
info,venue,New Wanderers Stadium
info,city,Johannesburg
info,neutralvenue,true
info,toss_winner,Sri Lanka
info,toss_decision,field
info,player_of_match,DL Vettori
info,umpire,IJ Gould
info,umpire,DJ Harper
info,reserve_umpire,SJA Taufel
info,tv_umpire,Aleem Dar
info,match_referee,J Srinath
info,winner,New Zealand
info,winner_runs,38
ball,1,0.1,New Zealand,BB McCullum,JD Ryder,KMDN Kulasekara,0,0,"",""
ball,1,0.2,New Zealand,BB McCullum,JD Ryder,KMDN Kulasekara,0,0,"",""
ball,1,0.3,New Zealand,BB McCullum,JD Ryder,KMDN Kulasekara,0,0,"",""
ball,1,0.4,New Zealand,BB McCullum,JD Ryder,KMDN Kulasekara,0,0,"",""
ball,1,0.5,New Zealand,BB McCullum,JD Ryder,KMDN Kulasekara,0,0,"",""
ball,1,0.6,New Zealand,BB McCullum,JD Ryder,KMDN Kulasekara,2,0,"",""
ball,1,1.1,New Zealand,JD Ryder,BB McCullum,T Thushara,0,0,"",""
ball,1,1.2,New Zealand,JD Ryder,BB McCullum,T Thushara,1,0,"",""
ball,1,1.3,New Zealand,BB McCullum,JD Ryder,T Thushara,0,0,"",""
ball,1,1.4,New Zealand,BB McCullum,JD Ryder,T Thushara,0,1,"",""
ball,1,1.5,New Zealand,BB McCullum,JD Ryder,T Thushara,4,0,"",""
ball,1,1.6,New Zealand,BB McCullum,JD Ryder,T Thushara,0,0,"",""
ball,1,1.7,New Zealand,BB McCullum,JD Ryder,T Thushara,1,0,"",""
ball,1,2.1,New Zealand,BB McCullum,JD Ryder,KMDN Kulasekara,0,0,"",""
ball,1,2.2,New Zealand,BB McCullum,JD Ryder,KMDN Kulasekara,0,0,"",""
ball,1,2.3,New Zealand,BB McCullum,JD Ryder,KMDN Kulasekara,0,0,"",""
ball,1,2.4,New Zealand,BB McCullum,JD Ryder,KMDN Kulasekara,0,0,"",""
ball,1,2.5,New Zealand,BB McCullum,JD Ryder,KMDN Kulasekara,0,0,"",""
ball,1,2.6,New Zealand,BB McCullum,JD Ryder,KMDN Kulasekara,1,0,"",""
ball,1,3.1,New Zealand,BB McCullum,JD Ryder,T Thushara,0,1,"",""
ball,1,3.2,New Zealand,BB McCullum,JD Ryder,T Thushara,1,0,"",""
ball,1,3.3,New Zealand,JD Ryder,BB McCullum,T Thushara,1,0,"",""
ball,1,3.4,New Zealand,BB McCullum,JD Ryder,T Thushara,0,0,"",""
ball,1,3.5,New Zealand,BB McCullum,JD Ryder,T Thushara,0,1,"",""
ball,1,3.6,New Zealand,BB McCullum,JD Ryder,T Thushara,1,0,"",""
ball,1,3.7,New Zealand,JD Ryder,BB McCullum,T Thushara,0,1,"",""
ball,1,3.8,New Zealand,JD Ryder,BB McCullum,T Thushara,0,0,"",""
ball,1,3.9,New Zealand,JD Ryder,BB McCullum,T Thushara,0,0,"",""
ball,1,4.1,New Zealand,BB McCullum,JD Ryder,KMDN Kulasekara,4,0,"",""
ball,1,4.2,New Zealand,BB McCullum,JD Ryder,KMDN Kulasekara,0,0,"",""
ball,1,4.3,New Zealand,BB McCullum,JD Ryder,KMDN Kulasekara,1,0,"",""
ball,1,4.4,New Zealand,JD Ryder,BB McCullum,KMDN Kulasekara,4,0,"",""
ball,1,4.5,New Zealand,JD Ryder,BB McCullum,KMDN Kulasekara,1,0,"",""
ball,1,4.6,New Zealand,BB McCullum,JD Ryder,KMDN Kulasekara,0,0,"",""
ball,1,5.1,New Zealand,JD Ryder,BB McCullum,T Thushara,4,0,"",""
ball,1,5.2,New Zealand,JD Ryder,BB McCullum,T Thushara,1,0,"",""
ball,1,5.3,New Zealand,BB McCullum,JD Ryder,T Thushara,0,0,"",""
ball,1,5.4,New Zealand,BB McCullum,JD Ryder,T Thushara,1,0,"",""
ball,1,5.5,New Zealand,JD Ryder,BB McCullum,T Thushara,4,0,"",""
ball,1,5.6,New Zealand,JD Ryder,BB McCullum,T Thushara,1,0,"",""
ball,1,6.1,New Zealand,JD Ryder,BB McCullum,KMDN Kulasekara,0,1,"",""
ball,1,6.2,New Zealand,JD Ryder,BB McCullum,KMDN Kulasekara,0,0,"",""
ball,1,6.3,New Zealand,JD Ryder,BB McCullum,KMDN Kulasekara,4,0,"",""
ball,1,6.4,New Zealand,JD Ryder,BB McCullum,KMDN Kulasekara,2,0,"",""
ball,1,6.5,New Zealand,JD Ryder,BB McCullum,KMDN Kulasekara,6,0,"",""
ball,1,6.6,New Zealand,JD Ryder,BB McCullum,KMDN Kulasekara,0,0,"",""
ball,1,6.7,New Zealand,JD Ryder,BB McCullum,KMDN Kulasekara,1,0,"",""
ball,1,7.1,New Zealand,JD Ryder,BB McCullum,SL Malinga,4,0,"",""
ball,1,7.2,New Zealand,JD Ryder,BB McCullum,SL Malinga,0,0,"",""
ball,1,7.3,New Zealand,JD Ryder,BB McCullum,SL Malinga,0,0,"",""
ball,1,7.4,New Zealand,JD Ryder,BB McCullum,SL Malinga,4,0,"",""
ball,1,7.5,New Zealand,JD Ryder,BB McCullum,SL Malinga,0,0,"",""
ball,1,7.6,New Zealand,JD Ryder,BB McCullum,SL Malinga,0,0,"",""
ball,1,8.1,New Zealand,BB McCullum,JD Ryder,BAW Mendis,0,0,"",""
ball,1,8.2,New Zealand,BB McCullum,JD Ryder,BAW Mendis,4,0,"",""
ball,1,8.3,New Zealand,BB McCullum,JD Ryder,BAW Mendis,0,0,"",""
ball,1,8.4,New Zealand,BB McCullum,JD Ryder,BAW Mendis,0,0,"",""
ball,1,8.5,New Zealand,BB McCullum,JD Ryder,BAW Mendis,0,0,"",""
ball,1,8.6,New Zealand,BB McCullum,JD Ryder,BAW Mendis,0,0,"",""
ball,1,9.1,New Zealand,JD Ryder,BB McCullum,SL Malinga,2,0,"",""
ball,1,9.2,New Zealand,JD Ryder,BB McCullum,SL Malinga,1,0,"",""
ball,1,9.3,New Zealand,BB McCullum,JD Ryder,SL Malinga,1,0,"",""
ball,1,9.4,New Zealand,JD Ryder,BB McCullum,SL Malinga,4,0,"",""
ball,1,9.5,New Zealand,JD Ryder,BB McCullum,SL Malinga,4,0,"",""
ball,1,9.6,New Zealand,JD Ryder,BB McCullum,SL Malinga,1,0,"",""
ball,1,10.1,New Zealand,JD Ryder,BB McCullum,BAW Mendis,1,0,"",""
ball,1,10.2,New Zealand,BB McCullum,JD Ryder,BAW Mendis,1,0,"",""
ball,1,10.3,New Zealand,JD Ryder,BB McCullum,BAW Mendis,2,0,"",""
ball,1,10.4,New Zealand,JD Ryder,BB McCullum,BAW Mendis,1,0,"",""
ball,1,10.5,New Zealand,BB McCullum,JD Ryder,BAW Mendis,1,0,"",""
ball,1,10.6,New Zealand,JD Ryder,BB McCullum,BAW Mendis,0,0,"",""
ball,1,11.1,New Zealand,BB McCullum,JD Ryder,SL Malinga,0,0,"",""
ball,1,11.2,New Zealand,BB McCullum,JD Ryder,SL Malinga,1,0,"",""
ball,1,11.3,New Zealand,JD Ryder,BB McCullum,SL Malinga,0,0,"",""
ball,1,11.4,New Zealand,JD Ryder,BB McCullum,SL Malinga,0,0,"",""
ball,1,11.5,New Zealand,JD Ryder,BB McCullum,SL Malinga,1,0,"",""
ball,1,11.6,New Zealand,BB McCullum,JD Ryder,SL Malinga,0,0,"",""
ball,1,12.1,New Zealand,JD Ryder,BB McCullum,BAW Mendis,1,0,"",""
ball,1,12.2,New Zealand,BB McCullum,JD Ryder,BAW Mendis,0,0,"",""
ball,1,12.3,New Zealand,BB McCullum,JD Ryder,BAW Mendis,1,0,"",""
ball,1,12.4,New Zealand,JD Ryder,BB McCullum,BAW Mendis,0,0,"",""
ball,1,12.5,New Zealand,JD Ryder,BB McCullum,BAW Mendis,1,0,"",""
ball,1,12.6,New Zealand,BB McCullum,JD Ryder,BAW Mendis,1,0,"",""
ball,1,13.1,New Zealand,BB McCullum,JD Ryder,SL Malinga,1,0,"",""
ball,1,13.2,New Zealand,JD Ryder,BB McCullum,SL Malinga,0,0,"",""
ball,1,13.3,New Zealand,JD Ryder,BB McCullum,SL Malinga,0,1,"",""
ball,1,13.4,New Zealand,BB McCullum,JD Ryder,SL Malinga,1,0,"",""
ball,1,13.5,New Zealand,JD Ryder,BB McCullum,SL Malinga,0,0,"",""
ball,1,13.6,New Zealand,JD Ryder,BB McCullum,SL Malinga,0,0,"",""
ball,1,14.1,New Zealand,BB McCullum,JD Ryder,BAW Mendis,0,0,"",""
ball,1,14.2,New Zealand,BB McCullum,JD Ryder,BAW Mendis,0,0,"",""
ball,1,14.3,New Zealand,BB McCullum,JD Ryder,BAW Mendis,0,0,"",""
ball,1,14.4,New Zealand,BB McCullum,JD Ryder,BAW Mendis,0,0,"",""
ball,1,14.5,New Zealand,BB McCullum,JD Ryder,BAW Mendis,0,0,"",""
ball,1,14.6,New Zealand,BB McCullum,JD Ryder,BAW Mendis,0,0,"",""
ball,1,15.1,New Zealand,JD Ryder,BB McCullum,SL Malinga,1,0,"",""
ball,1,15.2,New Zealand,BB McCullum,JD Ryder,SL Malinga,1,0,"",""
ball,1,15.3,New Zealand,JD Ryder,BB McCullum,SL Malinga,0,0,"",""
ball,1,15.4,New Zealand,JD Ryder,BB McCullum,SL Malinga,2,0,"",""
ball,1,15.5,New Zealand,JD Ryder,BB McCullum,SL Malinga,1,0,"",""
ball,1,15.6,New Zealand,BB McCullum,JD Ryder,SL Malinga,4,0,"",""
ball,1,16.1,New Zealand,JD Ryder,BB McCullum,AD Mathews,1,0,"",""
ball,1,16.2,New Zealand,BB McCullum,JD Ryder,AD Mathews,4,0,"",""
ball,1,16.3,New Zealand,BB McCullum,JD Ryder,AD Mathews,0,0,"",""
ball,1,16.4,New Zealand,BB McCullum,JD Ryder,AD Mathews,0,0,"",""
ball,1,16.5,New Zealand,BB McCullum,JD Ryder,AD Mathews,0,0,"",""
ball,1,16.6,New Zealand,BB McCullum,JD Ryder,AD Mathews,0,0,"",""
ball,1,17.1,New Zealand,JD Ryder,BB McCullum,KMDN Kulasekara,0,0,"",""
ball,1,17.2,New Zealand,JD Ryder,BB McCullum,KMDN Kulasekara,1,0,"",""
ball,1,17.3,New Zealand,BB McCullum,JD Ryder,KMDN Kulasekara,1,0,"",""
ball,1,17.4,New Zealand,JD Ryder,BB McCullum,KMDN Kulasekara,1,0,"",""
ball,1,17.5,New Zealand,BB McCullum,JD Ryder,KMDN Kulasekara,1,0,"",""
ball,1,17.6,New Zealand,JD Ryder,BB McCullum,KMDN Kulasekara,1,0,"",""
ball,1,18.1,New Zealand,JD Ryder,BB McCullum,AD Mathews,0,1,"",""
ball,1,18.2,New Zealand,BB McCullum,JD Ryder,AD Mathews,2,0,"",""
ball,1,18.3,New Zealand,BB McCullum,JD Ryder,AD Mathews,0,0,"",""
ball,1,18.4,New Zealand,BB McCullum,JD Ryder,AD Mathews,1,0,"",""
ball,1,18.5,New Zealand,JD Ryder,BB McCullum,AD Mathews,0,0,"",""
ball,1,18.6,New Zealand,JD Ryder,BB McCullum,AD Mathews,4,0,"",""
ball,1,19.1,New Zealand,BB McCullum,JD Ryder,KMDN Kulasekara,1,0,"",""
ball,1,19.2,New Zealand,JD Ryder,BB McCullum,KMDN Kulasekara,0,0,"",""
ball,1,19.3,New Zealand,JD Ryder,BB McCullum,KMDN Kulasekara,4,0,"",""
ball,1,19.4,New Zealand,JD Ryder,BB McCullum,KMDN Kulasekara,1,0,"",""
ball,1,19.5,New Zealand,BB McCullum,JD Ryder,KMDN Kulasekara,1,0,"",""
ball,1,19.6,New Zealand,JD Ryder,BB McCullum,KMDN Kulasekara,0,0,caught,JD Ryder
ball,1,20.1,New Zealand,BB McCullum,MJ Guptill,ST Jayasuriya,0,0,"",""
ball,1,20.2,New Zealand,BB McCullum,MJ Guptill,ST Jayasuriya,0,0,"",""
ball,1,20.3,New Zealand,BB McCullum,MJ Guptill,ST Jayasuriya,0,0,"",""
ball,1,20.4,New Zealand,BB McCullum,MJ Guptill,ST Jayasuriya,0,0,"",""
ball,1,20.5,New Zealand,BB McCullum,MJ Guptill,ST Jayasuriya,0,0,"",""
ball,1,20.6,New Zealand,BB McCullum,MJ Guptill,ST Jayasuriya,1,0,"",""
ball,1,21.1,New Zealand,BB McCullum,MJ Guptill,AD Mathews,1,0,"",""
ball,1,21.2,New Zealand,MJ Guptill,BB McCullum,AD Mathews,0,0,"",""
ball,1,21.3,New Zealand,MJ Guptill,BB McCullum,AD Mathews,1,0,"",""
ball,1,21.4,New Zealand,BB McCullum,MJ Guptill,AD Mathews,0,0,"",""
ball,1,21.5,New Zealand,BB McCullum,MJ Guptill,AD Mathews,0,0,caught,BB McCullum
ball,1,21.6,New Zealand,LRPL Taylor,MJ Guptill,AD Mathews,4,0,"",""
ball,1,22.1,New Zealand,MJ Guptill,LRPL Taylor,ST Jayasuriya,0,0,"",""
ball,1,22.2,New Zealand,MJ Guptill,LRPL Taylor,ST Jayasuriya,0,0,"",""
ball,1,22.3,New Zealand,MJ Guptill,LRPL Taylor,ST Jayasuriya,0,0,"",""
ball,1,22.4,New Zealand,MJ Guptill,LRPL Taylor,ST Jayasuriya,1,0,"",""
ball,1,22.5,New Zealand,LRPL Taylor,MJ Guptill,ST Jayasuriya,0,0,caught,LRPL Taylor
ball,1,22.6,New Zealand,GD Elliott,MJ Guptill,ST Jayasuriya,0,0,"",""
ball,1,23.1,New Zealand,MJ Guptill,GD Elliott,AD Mathews,2,0,"",""
ball,1,23.2,New Zealand,MJ Guptill,GD Elliott,AD Mathews,4,0,"",""
ball,1,23.3,New Zealand,MJ Guptill,GD Elliott,AD Mathews,1,0,"",""
ball,1,23.4,New Zealand,GD Elliott,MJ Guptill,AD Mathews,0,0,"",""
ball,1,23.5,New Zealand,GD Elliott,MJ Guptill,AD Mathews,0,0,lbw,GD Elliott
ball,1,23.6,New Zealand,NT Broom,MJ Guptill,AD Mathews,0,0,"",""
ball,1,24.1,New Zealand,MJ Guptill,NT Broom,ST Jayasuriya,0,0,"",""
ball,1,24.2,New Zealand,MJ Guptill,NT Broom,ST Jayasuriya,1,0,"",""
ball,1,24.3,New Zealand,NT Broom,MJ Guptill,ST Jayasuriya,0,0,"",""
ball,1,24.4,New Zealand,NT Broom,MJ Guptill,ST Jayasuriya,0,0,"",""
ball,1,24.5,New Zealand,NT Broom,MJ Guptill,ST Jayasuriya,0,0,"",""
ball,1,24.6,New Zealand,NT Broom,MJ Guptill,ST Jayasuriya,0,0,"",""
ball,1,25.1,New Zealand,MJ Guptill,NT Broom,AD Mathews,0,0,"",""
ball,1,25.2,New Zealand,MJ Guptill,NT Broom,AD Mathews,1,0,"",""
ball,1,25.3,New Zealand,NT Broom,MJ Guptill,AD Mathews,1,0,"",""
ball,1,25.4,New Zealand,MJ Guptill,NT Broom,AD Mathews,1,0,"",""
ball,1,25.5,New Zealand,NT Broom,MJ Guptill,AD Mathews,0,0,"",""
ball,1,25.6,New Zealand,NT Broom,MJ Guptill,AD Mathews,0,0,"",""
ball,1,26.1,New Zealand,MJ Guptill,NT Broom,ST Jayasuriya,0,0,"",""
ball,1,26.2,New Zealand,MJ Guptill,NT Broom,ST Jayasuriya,0,0,"",""
ball,1,26.3,New Zealand,MJ Guptill,NT Broom,ST Jayasuriya,0,0,"",""
ball,1,26.4,New Zealand,MJ Guptill,NT Broom,ST Jayasuriya,1,0,"",""
ball,1,26.5,New Zealand,NT Broom,MJ Guptill,ST Jayasuriya,1,0,"",""
ball,1,26.6,New Zealand,MJ Guptill,NT Broom,ST Jayasuriya,0,0,"",""
ball,1,27.1,New Zealand,NT Broom,MJ Guptill,AD Mathews,4,0,"",""
ball,1,27.2,New Zealand,NT Broom,MJ Guptill,AD Mathews,1,0,"",""
ball,1,27.3,New Zealand,MJ Guptill,NT Broom,AD Mathews,0,0,"",""
ball,1,27.4,New Zealand,MJ Guptill,NT Broom,AD Mathews,0,0,"",""
ball,1,27.5,New Zealand,MJ Guptill,NT Broom,AD Mathews,0,0,"",""
ball,1,27.6,New Zealand,MJ Guptill,NT Broom,AD Mathews,0,0,"",""
ball,1,28.1,New Zealand,NT Broom,MJ Guptill,ST Jayasuriya,4,0,"",""
ball,1,28.2,New Zealand,NT Broom,MJ Guptill,ST Jayasuriya,2,0,"",""
ball,1,28.3,New Zealand,NT Broom,MJ Guptill,ST Jayasuriya,1,0,"",""
ball,1,28.4,New Zealand,MJ Guptill,NT Broom,ST Jayasuriya,0,0,"",""
ball,1,28.5,New Zealand,MJ Guptill,NT Broom,ST Jayasuriya,0,0,"",""
ball,1,28.6,New Zealand,MJ Guptill,NT Broom,ST Jayasuriya,1,0,"",""
ball,1,29.1,New Zealand,MJ Guptill,NT Broom,SHT Kandamby,1,0,"",""
ball,1,29.2,New Zealand,NT Broom,MJ Guptill,SHT Kandamby,0,0,"",""
ball,1,29.3,New Zealand,NT Broom,MJ Guptill,SHT Kandamby,0,0,"",""
ball,1,29.4,New Zealand,NT Broom,MJ Guptill,SHT Kandamby,0,0,"",""
ball,1,29.5,New Zealand,NT Broom,MJ Guptill,SHT Kandamby,0,0,"",""
ball,1,29.6,New Zealand,NT Broom,MJ Guptill,SHT Kandamby,1,0,"",""
ball,1,30.1,New Zealand,NT Broom,MJ Guptill,ST Jayasuriya,0,0,"",""
ball,1,30.2,New Zealand,NT Broom,MJ Guptill,ST Jayasuriya,0,0,caught,NT Broom
ball,1,30.3,New Zealand,DL Vettori,MJ Guptill,ST Jayasuriya,0,0,"",""
ball,1,30.4,New Zealand,DL Vettori,MJ Guptill,ST Jayasuriya,1,0,"",""
ball,1,30.5,New Zealand,MJ Guptill,DL Vettori,ST Jayasuriya,1,0,"",""
ball,1,30.6,New Zealand,DL Vettori,MJ Guptill,ST Jayasuriya,1,0,"",""
ball,1,31.1,New Zealand,DL Vettori,MJ Guptill,SL Malinga,2,0,"",""
ball,1,31.2,New Zealand,DL Vettori,MJ Guptill,SL Malinga,0,0,"",""
ball,1,31.3,New Zealand,DL Vettori,MJ Guptill,SL Malinga,1,0,"",""
ball,1,31.4,New Zealand,MJ Guptill,DL Vettori,SL Malinga,0,0,"",""
ball,1,31.5,New Zealand,MJ Guptill,DL Vettori,SL Malinga,1,0,"",""
ball,1,31.6,New Zealand,DL Vettori,MJ Guptill,SL Malinga,0,0,"",""
ball,1,32.1,New Zealand,MJ Guptill,DL Vettori,ST Jayasuriya,1,0,"",""
ball,1,32.2,New Zealand,DL Vettori,MJ Guptill,ST Jayasuriya,0,0,"",""
ball,1,32.3,New Zealand,DL Vettori,MJ Guptill,ST Jayasuriya,0,0,"",""
ball,1,32.4,New Zealand,DL Vettori,MJ Guptill,ST Jayasuriya,1,0,"",""
ball,1,32.5,New Zealand,MJ Guptill,DL Vettori,ST Jayasuriya,1,0,"",""
ball,1,32.6,New Zealand,DL Vettori,MJ Guptill,ST Jayasuriya,1,0,"",""
ball,1,33.1,New Zealand,DL Vettori,MJ Guptill,SL Malinga,2,0,"",""
ball,1,33.2,New Zealand,DL Vettori,MJ Guptill,SL Malinga,1,0,"",""
ball,1,33.3,New Zealand,MJ Guptill,DL Vettori,SL Malinga,1,0,"",""
ball,1,33.4,New Zealand,DL Vettori,MJ Guptill,SL Malinga,6,0,"",""
ball,1,33.5,New Zealand,DL Vettori,MJ Guptill,SL Malinga,4,0,"",""
ball,1,33.6,New Zealand,DL Vettori,MJ Guptill,SL Malinga,1,0,"",""
ball,1,34.1,New Zealand,DL Vettori,MJ Guptill,BAW Mendis,0,1,"",""
ball,1,34.2,New Zealand,MJ Guptill,DL Vettori,BAW Mendis,1,0,"",""
ball,1,34.3,New Zealand,DL Vettori,MJ Guptill,BAW Mendis,1,0,"",""
ball,1,34.4,New Zealand,MJ Guptill,DL Vettori,BAW Mendis,0,0,"",""
ball,1,34.5,New Zealand,MJ Guptill,DL Vettori,BAW Mendis,1,0,"",""
ball,1,34.6,New Zealand,DL Vettori,MJ Guptill,BAW Mendis,1,0,"",""
ball,1,35.1,New Zealand,DL Vettori,MJ Guptill,T Thushara,1,0,"",""
ball,1,35.2,New Zealand,MJ Guptill,DL Vettori,T Thushara,0,0,"",""
ball,1,35.3,New Zealand,MJ Guptill,DL Vettori,T Thushara,0,0,"",""
ball,1,35.4,New Zealand,MJ Guptill,DL Vettori,T Thushara,1,0,"",""
ball,1,35.5,New Zealand,DL Vettori,MJ Guptill,T Thushara,0,0,"",""
ball,1,35.6,New Zealand,DL Vettori,MJ Guptill,T Thushara,1,0,"",""
ball,1,36.1,New Zealand,DL Vettori,MJ Guptill,ST Jayasuriya,4,0,"",""
ball,1,36.2,New Zealand,DL Vettori,MJ Guptill,ST Jayasuriya,0,0,"",""
ball,1,36.3,New Zealand,DL Vettori,MJ Guptill,ST Jayasuriya,0,0,"",""
ball,1,36.4,New Zealand,DL Vettori,MJ Guptill,ST Jayasuriya,4,0,"",""
ball,1,36.5,New Zealand,DL Vettori,MJ Guptill,ST Jayasuriya,0,0,"",""
ball,1,36.6,New Zealand,DL Vettori,MJ Guptill,ST Jayasuriya,1,0,"",""
ball,1,37.1,New Zealand,DL Vettori,MJ Guptill,T Thushara,1,0,"",""
ball,1,37.2,New Zealand,MJ Guptill,DL Vettori,T Thushara,0,0,"",""
ball,1,37.3,New Zealand,MJ Guptill,DL Vettori,T Thushara,0,0,"",""
ball,1,37.4,New Zealand,MJ Guptill,DL Vettori,T Thushara,0,0,"",""
ball,1,37.5,New Zealand,MJ Guptill,DL Vettori,T Thushara,1,1,"",""
ball,1,37.6,New Zealand,DL Vettori,MJ Guptill,T Thushara,1,0,"",""
ball,1,37.7,New Zealand,MJ Guptill,DL Vettori,T Thushara,0,0,"",""
ball,1,38.1,New Zealand,DL Vettori,MJ Guptill,ST Jayasuriya,0,0,"",""
ball,1,38.2,New Zealand,DL Vettori,MJ Guptill,ST Jayasuriya,1,0,"",""
ball,1,38.3,New Zealand,MJ Guptill,DL Vettori,ST Jayasuriya,0,0,"",""
ball,1,38.4,New Zealand,MJ Guptill,DL Vettori,ST Jayasuriya,1,0,"",""
ball,1,38.5,New Zealand,DL Vettori,MJ Guptill,ST Jayasuriya,1,0,"",""
ball,1,38.6,New Zealand,MJ Guptill,DL Vettori,ST Jayasuriya,1,0,"",""
ball,1,39.1,New Zealand,MJ Guptill,DL Vettori,T Thushara,1,0,"",""
ball,1,39.2,New Zealand,DL Vettori,MJ Guptill,T Thushara,0,1,"",""
ball,1,39.3,New Zealand,DL Vettori,MJ Guptill,T Thushara,4,0,"",""
ball,1,39.4,New Zealand,DL Vettori,MJ Guptill,T Thushara,2,0,"",""
ball,1,39.5,New Zealand,DL Vettori,MJ Guptill,T Thushara,0,0,"",""
ball,1,39.6,New Zealand,DL Vettori,MJ Guptill,T Thushara,1,0,"",""
ball,1,39.7,New Zealand,MJ Guptill,DL Vettori,T Thushara,0,0,"",""
ball,1,40.1,New Zealand,DL Vettori,MJ Guptill,BAW Mendis,1,0,"",""
ball,1,40.2,New Zealand,MJ Guptill,DL Vettori,BAW Mendis,1,0,"",""
ball,1,40.3,New Zealand,DL Vettori,MJ Guptill,BAW Mendis,0,0,"",""
ball,1,40.4,New Zealand,DL Vettori,MJ Guptill,BAW Mendis,0,0,"",""
ball,1,40.5,New Zealand,DL Vettori,MJ Guptill,BAW Mendis,0,2,"",""
ball,1,40.6,New Zealand,DL Vettori,MJ Guptill,BAW Mendis,1,0,"",""
ball,1,41.1,New Zealand,DL Vettori,MJ Guptill,ST Jayasuriya,1,0,"",""
ball,1,41.2,New Zealand,MJ Guptill,DL Vettori,ST Jayasuriya,2,0,"",""
ball,1,41.3,New Zealand,MJ Guptill,DL Vettori,ST Jayasuriya,1,0,"",""
ball,1,41.4,New Zealand,DL Vettori,MJ Guptill,ST Jayasuriya,0,0,caught,DL Vettori
ball,1,41.5,New Zealand,MJ Guptill,JEC Franklin,ST Jayasuriya,1,0,"",""
ball,1,41.6,New Zealand,JEC Franklin,MJ Guptill,ST Jayasuriya,1,0,"",""
ball,1,42.1,New Zealand,JEC Franklin,MJ Guptill,BAW Mendis,1,0,"",""
ball,1,42.2,New Zealand,MJ Guptill,JEC Franklin,BAW Mendis,0,0,"",""
ball,1,42.3,New Zealand,MJ Guptill,JEC Franklin,BAW Mendis,1,0,"",""
ball,1,42.4,New Zealand,JEC Franklin,MJ Guptill,BAW Mendis,2,0,"",""
ball,1,42.5,New Zealand,JEC Franklin,MJ Guptill,BAW Mendis,1,0,"",""
ball,1,42.6,New Zealand,MJ Guptill,JEC Franklin,BAW Mendis,1,0,"",""
ball,1,43.1,New Zealand,MJ Guptill,JEC Franklin,T Thushara,1,0,"",""
ball,1,43.2,New Zealand,JEC Franklin,MJ Guptill,T Thushara,1,0,"",""
ball,1,43.3,New Zealand,MJ Guptill,JEC Franklin,T Thushara,1,0,"",""
ball,1,43.4,New Zealand,JEC Franklin,MJ Guptill,T Thushara,0,0,"",""
ball,1,43.5,New Zealand,JEC Franklin,MJ Guptill,T Thushara,1,0,"",""
ball,1,43.6,New Zealand,MJ Guptill,JEC Franklin,T Thushara,6,0,"",""
ball,1,44.1,New Zealand,JEC Franklin,MJ Guptill,BAW Mendis,1,0,"",""
ball,1,44.2,New Zealand,MJ Guptill,JEC Franklin,BAW Mendis,0,0,"",""
ball,1,44.3,New Zealand,MJ Guptill,JEC Franklin,BAW Mendis,2,0,"",""
ball,1,44.4,New Zealand,MJ Guptill,JEC Franklin,BAW Mendis,1,0,"",""
ball,1,44.5,New Zealand,JEC Franklin,MJ Guptill,BAW Mendis,1,0,"",""
ball,1,44.6,New Zealand,MJ Guptill,JEC Franklin,BAW Mendis,1,0,"",""
ball,1,45.1,New Zealand,MJ Guptill,JEC Franklin,SL Malinga,0,1,"",""
ball,1,45.2,New Zealand,MJ Guptill,JEC Franklin,SL Malinga,4,0,"",""
ball,1,45.3,New Zealand,MJ Guptill,JEC Franklin,SL Malinga,1,0,"",""
ball,1,45.4,New Zealand,JEC Franklin,MJ Guptill,SL Malinga,0,0,"",""
ball,1,45.5,New Zealand,JEC Franklin,MJ Guptill,SL Malinga,1,0,"",""
ball,1,45.6,New Zealand,MJ Guptill,JEC Franklin,SL Malinga,0,0,"",""
ball,1,45.7,New Zealand,MJ Guptill,JEC Franklin,SL Malinga,1,0,"",""
ball,1,46.1,New Zealand,MJ Guptill,JEC Franklin,BAW Mendis,4,0,"",""
ball,1,46.2,New Zealand,MJ Guptill,JEC Franklin,BAW Mendis,2,0,"",""
ball,1,46.3,New Zealand,MJ Guptill,JEC Franklin,BAW Mendis,2,0,"",""
ball,1,46.4,New Zealand,MJ Guptill,JEC Franklin,BAW Mendis,1,0,"",""
ball,1,46.5,New Zealand,JEC Franklin,MJ Guptill,BAW Mendis,1,0,"",""
ball,1,46.6,New Zealand,MJ Guptill,JEC Franklin,BAW Mendis,1,1,"",""
ball,1,46.7,New Zealand,JEC Franklin,MJ Guptill,BAW Mendis,4,0,"",""
ball,1,47.1,New Zealand,MJ Guptill,JEC Franklin,SL Malinga,2,0,"",""
ball,1,47.2,New Zealand,MJ Guptill,JEC Franklin,SL Malinga,1,0,"",""
ball,1,47.3,New Zealand,JEC Franklin,MJ Guptill,SL Malinga,1,0,"",""
ball,1,47.4,New Zealand,MJ Guptill,JEC Franklin,SL Malinga,1,0,"",""
ball,1,47.5,New Zealand,JEC Franklin,MJ Guptill,SL Malinga,1,0,"",""
ball,1,47.6,New Zealand,MJ Guptill,JEC Franklin,SL Malinga,0,0,bowled,MJ Guptill
ball,1,48.1,New Zealand,JEC Franklin,KD Mills,KMDN Kulasekara,1,0,"",""
ball,1,48.2,New Zealand,KD Mills,JEC Franklin,KMDN Kulasekara,1,0,"",""
ball,1,48.3,New Zealand,JEC Franklin,KD Mills,KMDN Kulasekara,4,0,"",""
ball,1,48.4,New Zealand,JEC Franklin,KD Mills,KMDN Kulasekara,0,0,"",""
ball,1,48.5,New Zealand,JEC Franklin,KD Mills,KMDN Kulasekara,1,0,"",""
ball,1,48.6,New Zealand,KD Mills,JEC Franklin,KMDN Kulasekara,6,0,"",""
ball,1,49.1,New Zealand,JEC Franklin,KD Mills,SL Malinga,4,0,"",""
ball,1,49.2,New Zealand,JEC Franklin,KD Mills,SL Malinga,0,2,"",""
ball,1,49.3,New Zealand,KD Mills,JEC Franklin,SL Malinga,2,0,"",""
ball,1,49.4,New Zealand,KD Mills,JEC Franklin,SL Malinga,4,0,"",""
ball,1,49.5,New Zealand,KD Mills,JEC Franklin,SL Malinga,4,0,"",""
ball,1,49.6,New Zealand,KD Mills,JEC Franklin,SL Malinga,1,0,"",""
ball,1,49.7,New Zealand,JEC Franklin,KD Mills,SL Malinga,1,0,"",""
ball,2,0.1,Sri Lanka,TM Dilshan,ST Jayasuriya,KD Mills,0,0,"",""
ball,2,0.2,Sri Lanka,TM Dilshan,ST Jayasuriya,KD Mills,0,0,"",""
ball,2,0.3,Sri Lanka,TM Dilshan,ST Jayasuriya,KD Mills,0,0,"",""
ball,2,0.4,Sri Lanka,TM Dilshan,ST Jayasuriya,KD Mills,4,0,"",""
ball,2,0.5,Sri Lanka,TM Dilshan,ST Jayasuriya,KD Mills,6,0,"",""
ball,2,0.6,Sri Lanka,TM Dilshan,ST Jayasuriya,KD Mills,0,0,"",""
ball,2,1.1,Sri Lanka,ST Jayasuriya,TM Dilshan,SE Bond,4,0,"",""
ball,2,1.2,Sri Lanka,ST Jayasuriya,TM Dilshan,SE Bond,1,0,"",""
ball,2,1.3,Sri Lanka,TM Dilshan,ST Jayasuriya,SE Bond,4,0,"",""
ball,2,1.4,Sri Lanka,TM Dilshan,ST Jayasuriya,SE Bond,4,0,"",""
ball,2,1.5,Sri Lanka,TM Dilshan,ST Jayasuriya,SE Bond,0,0,"",""
ball,2,1.6,Sri Lanka,TM Dilshan,ST Jayasuriya,SE Bond,4,0,"",""
ball,2,2.1,Sri Lanka,ST Jayasuriya,TM Dilshan,KD Mills,1,0,"",""
ball,2,2.2,Sri Lanka,TM Dilshan,ST Jayasuriya,KD Mills,0,1,"",""
ball,2,2.3,Sri Lanka,ST Jayasuriya,TM Dilshan,KD Mills,0,0,"",""
ball,2,2.4,Sri Lanka,ST Jayasuriya,TM Dilshan,KD Mills,0,0,"",""
ball,2,2.5,Sri Lanka,ST Jayasuriya,TM Dilshan,KD Mills,1,0,"",""
ball,2,2.6,Sri Lanka,TM Dilshan,ST Jayasuriya,KD Mills,1,0,"",""
ball,2,3.1,Sri Lanka,TM Dilshan,ST Jayasuriya,SE Bond,0,0,"",""
ball,2,3.2,Sri Lanka,TM Dilshan,ST Jayasuriya,SE Bond,0,0,"",""
ball,2,3.3,Sri Lanka,TM Dilshan,ST Jayasuriya,SE Bond,1,0,"",""
ball,2,3.4,Sri Lanka,ST Jayasuriya,TM Dilshan,SE Bond,0,0,"",""
ball,2,3.5,Sri Lanka,ST Jayasuriya,TM Dilshan,SE Bond,4,0,"",""
ball,2,3.6,Sri Lanka,ST Jayasuriya,TM Dilshan,SE Bond,0,0,"",""
ball,2,4.1,Sri Lanka,TM Dilshan,ST Jayasuriya,KD Mills,0,0,"",""
ball,2,4.2,Sri Lanka,TM Dilshan,ST Jayasuriya,KD Mills,2,0,"",""
ball,2,4.3,Sri Lanka,TM Dilshan,ST Jayasuriya,KD Mills,4,0,"",""
ball,2,4.4,Sri Lanka,TM Dilshan,ST Jayasuriya,KD Mills,4,0,"",""
ball,2,4.5,Sri Lanka,TM Dilshan,ST Jayasuriya,KD Mills,0,0,"",""
ball,2,4.6,Sri Lanka,TM Dilshan,ST Jayasuriya,KD Mills,0,0,"",""
ball,2,5.1,Sri Lanka,ST Jayasuriya,TM Dilshan,SE Bond,1,0,"",""
ball,2,5.2,Sri Lanka,TM Dilshan,ST Jayasuriya,SE Bond,0,0,"",""
ball,2,5.3,Sri Lanka,TM Dilshan,ST Jayasuriya,SE Bond,1,0,"",""
ball,2,5.4,Sri Lanka,ST Jayasuriya,TM Dilshan,SE Bond,1,0,"",""
ball,2,5.5,Sri Lanka,TM Dilshan,ST Jayasuriya,SE Bond,4,0,"",""
ball,2,5.6,Sri Lanka,TM Dilshan,ST Jayasuriya,SE Bond,0,0,"",""
ball,2,6.1,Sri Lanka,ST Jayasuriya,TM Dilshan,KD Mills,4,0,"",""
ball,2,6.2,Sri Lanka,ST Jayasuriya,TM Dilshan,KD Mills,1,0,"",""
ball,2,6.3,Sri Lanka,TM Dilshan,ST Jayasuriya,KD Mills,0,0,"",""
ball,2,6.4,Sri Lanka,TM Dilshan,ST Jayasuriya,KD Mills,0,0,"",""
ball,2,6.5,Sri Lanka,TM Dilshan,ST Jayasuriya,KD Mills,2,0,"",""
ball,2,6.6,Sri Lanka,TM Dilshan,ST Jayasuriya,KD Mills,0,0,"",""
ball,2,7.1,Sri Lanka,ST Jayasuriya,TM Dilshan,DR Tuffey,2,0,"",""
ball,2,7.2,Sri Lanka,ST Jayasuriya,TM Dilshan,DR Tuffey,4,0,"",""
ball,2,7.3,Sri Lanka,ST Jayasuriya,TM Dilshan,DR Tuffey,0,0,"",""
ball,2,7.4,Sri Lanka,ST Jayasuriya,TM Dilshan,DR Tuffey,0,0,"",""
ball,2,7.5,Sri Lanka,ST Jayasuriya,TM Dilshan,DR Tuffey,0,0,caught,ST Jayasuriya
ball,2,7.6,Sri Lanka,TM Dilshan,KC Sangakkara,DR Tuffey,0,0,"",""
ball,2,8.1,Sri Lanka,KC Sangakkara,TM Dilshan,KD Mills,0,0,"",""
ball,2,8.2,Sri Lanka,KC Sangakkara,TM Dilshan,KD Mills,0,0,"",""
ball,2,8.3,Sri Lanka,KC Sangakkara,TM Dilshan,KD Mills,0,0,"",""
ball,2,8.4,Sri Lanka,KC Sangakkara,TM Dilshan,KD Mills,1,0,"",""
ball,2,8.5,Sri Lanka,TM Dilshan,KC Sangakkara,KD Mills,0,0,caught,TM Dilshan
ball,2,8.6,Sri Lanka,KC Sangakkara,DPMD Jayawardene,KD Mills,2,0,"",""
ball,2,9.1,Sri Lanka,DPMD Jayawardene,KC Sangakkara,DR Tuffey,0,0,"",""
ball,2,9.2,Sri Lanka,DPMD Jayawardene,KC Sangakkara,DR Tuffey,0,0,"",""
ball,2,9.3,Sri Lanka,DPMD Jayawardene,KC Sangakkara,DR Tuffey,0,0,"",""
ball,2,9.4,Sri Lanka,DPMD Jayawardene,KC Sangakkara,DR Tuffey,0,0,"",""
ball,2,9.5,Sri Lanka,DPMD Jayawardene,KC Sangakkara,DR Tuffey,0,0,"",""
ball,2,9.6,Sri Lanka,DPMD Jayawardene,KC Sangakkara,DR Tuffey,0,0,"",""
ball,2,10.1,Sri Lanka,KC Sangakkara,DPMD Jayawardene,KD Mills,1,0,"",""
ball,2,10.2,Sri Lanka,DPMD Jayawardene,KC Sangakkara,KD Mills,0,0,"",""
ball,2,10.3,Sri Lanka,DPMD Jayawardene,KC Sangakkara,KD Mills,0,0,"",""
ball,2,10.4,Sri Lanka,DPMD Jayawardene,KC Sangakkara,KD Mills,1,0,"",""
ball,2,10.5,Sri Lanka,KC Sangakkara,DPMD Jayawardene,KD Mills,1,0,"",""
ball,2,10.6,Sri Lanka,DPMD Jayawardene,KC Sangakkara,KD Mills,0,0,"",""
ball,2,11.1,Sri Lanka,KC Sangakkara,DPMD Jayawardene,DR Tuffey,0,0,"",""
ball,2,11.2,Sri Lanka,KC Sangakkara,DPMD Jayawardene,DR Tuffey,0,0,"",""
ball,2,11.3,Sri Lanka,KC Sangakkara,DPMD Jayawardene,DR Tuffey,0,1,"",""
ball,2,11.4,Sri Lanka,KC Sangakkara,DPMD Jayawardene,DR Tuffey,1,0,"",""
ball,2,11.5,Sri Lanka,DPMD Jayawardene,KC Sangakkara,DR Tuffey,0,0,"",""
ball,2,11.6,Sri Lanka,DPMD Jayawardene,KC Sangakkara,DR Tuffey,0,0,"",""
ball,2,11.7,Sri Lanka,DPMD Jayawardene,KC Sangakkara,DR Tuffey,4,0,"",""
ball,2,12.1,Sri Lanka,KC Sangakkara,DPMD Jayawardene,JEC Franklin,1,0,"",""
ball,2,12.2,Sri Lanka,DPMD Jayawardene,KC Sangakkara,JEC Franklin,1,1,"",""
ball,2,12.3,Sri Lanka,KC Sangakkara,DPMD Jayawardene,JEC Franklin,4,0,"",""
ball,2,12.4,Sri Lanka,KC Sangakkara,DPMD Jayawardene,JEC Franklin,0,0,caught,KC Sangakkara
ball,2,12.5,Sri Lanka,TT Samaraweera,DPMD Jayawardene,JEC Franklin,0,0,"",""
ball,2,12.6,Sri Lanka,TT Samaraweera,DPMD Jayawardene,JEC Franklin,0,0,"",""
ball,2,12.7,Sri Lanka,TT Samaraweera,DPMD Jayawardene,JEC Franklin,0,0,"",""
ball,2,13.1,Sri Lanka,DPMD Jayawardene,TT Samaraweera,DR Tuffey,0,0,"",""
ball,2,13.2,Sri Lanka,DPMD Jayawardene,TT Samaraweera,DR Tuffey,1,0,"",""
ball,2,13.3,Sri Lanka,TT Samaraweera,DPMD Jayawardene,DR Tuffey,0,0,"",""
ball,2,13.4,Sri Lanka,TT Samaraweera,DPMD Jayawardene,DR Tuffey,1,0,"",""
ball,2,13.5,Sri Lanka,DPMD Jayawardene,TT Samaraweera,DR Tuffey,1,0,"",""
ball,2,13.6,Sri Lanka,TT Samaraweera,DPMD Jayawardene,DR Tuffey,0,0,"",""
ball,2,14.1,Sri Lanka,DPMD Jayawardene,TT Samaraweera,JEC Franklin,0,0,"",""
ball,2,14.2,Sri Lanka,DPMD Jayawardene,TT Samaraweera,JEC Franklin,0,0,"",""
ball,2,14.3,Sri Lanka,DPMD Jayawardene,TT Samaraweera,JEC Franklin,0,0,"",""
ball,2,14.4,Sri Lanka,DPMD Jayawardene,TT Samaraweera,JEC Franklin,0,0,"",""
ball,2,14.5,Sri Lanka,DPMD Jayawardene,TT Samaraweera,JEC Franklin,4,0,"",""
ball,2,14.6,Sri Lanka,DPMD Jayawardene,TT Samaraweera,JEC Franklin,0,0,"",""
ball,2,15.1,Sri Lanka,TT Samaraweera,DPMD Jayawardene,DR Tuffey,0,0,"",""
ball,2,15.2,Sri Lanka,TT Samaraweera,DPMD Jayawardene,DR Tuffey,0,1,"",""
ball,2,15.3,Sri Lanka,TT Samaraweera,DPMD Jayawardene,DR Tuffey,0,0,"",""
ball,2,15.4,Sri Lanka,TT Samaraweera,DPMD Jayawardene,DR Tuffey,4,0,"",""
ball,2,15.5,Sri Lanka,TT Samaraweera,DPMD Jayawardene,DR Tuffey,0,0,"",""
ball,2,15.6,Sri Lanka,TT Samaraweera,DPMD Jayawardene,DR Tuffey,1,0,"",""
ball,2,15.7,Sri Lanka,DPMD Jayawardene,TT Samaraweera,DR Tuffey,0,0,"",""
ball,2,16.1,Sri Lanka,TT Samaraweera,DPMD Jayawardene,JEC Franklin,4,0,"",""
ball,2,16.2,Sri Lanka,TT Samaraweera,DPMD Jayawardene,JEC Franklin,1,0,"",""
ball,2,16.3,Sri Lanka,DPMD Jayawardene,TT Samaraweera,JEC Franklin,1,0,"",""
ball,2,16.4,Sri Lanka,TT Samaraweera,DPMD Jayawardene,JEC Franklin,0,1,"",""
ball,2,16.5,Sri Lanka,DPMD Jayawardene,TT Samaraweera,JEC Franklin,0,0,"",""
ball,2,16.6,Sri Lanka,DPMD Jayawardene,TT Samaraweera,JEC Franklin,1,0,"",""
ball,2,17.1,Sri Lanka,DPMD Jayawardene,TT Samaraweera,SE Bond,0,0,"",""
ball,2,17.2,Sri Lanka,DPMD Jayawardene,TT Samaraweera,SE Bond,0,0,"",""
ball,2,17.3,Sri Lanka,DPMD Jayawardene,TT Samaraweera,SE Bond,0,0,"",""
ball,2,17.4,Sri Lanka,DPMD Jayawardene,TT Samaraweera,SE Bond,1,0,"",""
ball,2,17.5,Sri Lanka,TT Samaraweera,DPMD Jayawardene,SE Bond,2,0,"",""
ball,2,17.6,Sri Lanka,TT Samaraweera,DPMD Jayawardene,SE Bond,0,0,"",""
ball,2,18.1,Sri Lanka,DPMD Jayawardene,TT Samaraweera,DL Vettori,0,0,"",""
ball,2,18.2,Sri Lanka,DPMD Jayawardene,TT Samaraweera,DL Vettori,1,0,"",""
ball,2,18.3,Sri Lanka,TT Samaraweera,DPMD Jayawardene,DL Vettori,4,0,"",""
ball,2,18.4,Sri Lanka,TT Samaraweera,DPMD Jayawardene,DL Vettori,0,0,caught,TT Samaraweera
ball,2,18.5,Sri Lanka,SHT Kandamby,DPMD Jayawardene,DL Vettori,0,0,"",""
ball,2,18.6,Sri Lanka,SHT Kandamby,DPMD Jayawardene,DL Vettori,1,0,"",""
ball,2,19.1,Sri Lanka,SHT Kandamby,DPMD Jayawardene,SE Bond,0,1,"",""
ball,2,19.2,Sri Lanka,SHT Kandamby,DPMD Jayawardene,SE Bond,0,0,"",""
ball,2,19.3,Sri Lanka,SHT Kandamby,DPMD Jayawardene,SE Bond,1,0,"",""
ball,2,19.4,Sri Lanka,DPMD Jayawardene,SHT Kandamby,SE Bond,1,0,"",""
ball,2,19.5,Sri Lanka,SHT Kandamby,DPMD Jayawardene,SE Bond,4,0,"",""
ball,2,19.6,Sri Lanka,SHT Kandamby,DPMD Jayawardene,SE Bond,0,0,"",""
ball,2,19.7,Sri Lanka,SHT Kandamby,DPMD Jayawardene,SE Bond,1,0,"",""
ball,2,20.1,Sri Lanka,SHT Kandamby,DPMD Jayawardene,DL Vettori,0,0,"",""
ball,2,20.2,Sri Lanka,SHT Kandamby,DPMD Jayawardene,DL Vettori,1,0,"",""
ball,2,20.3,Sri Lanka,DPMD Jayawardene,SHT Kandamby,DL Vettori,0,0,"",""
ball,2,20.4,Sri Lanka,DPMD Jayawardene,SHT Kandamby,DL Vettori,1,0,"",""
ball,2,20.5,Sri Lanka,SHT Kandamby,DPMD Jayawardene,DL Vettori,0,0,"",""
ball,2,20.6,Sri Lanka,SHT Kandamby,DPMD Jayawardene,DL Vettori,0,0,"",""
ball,2,21.1,Sri Lanka,DPMD Jayawardene,SHT Kandamby,SE Bond,0,0,"",""
ball,2,21.2,Sri Lanka,DPMD Jayawardene,SHT Kandamby,SE Bond,1,0,"",""
ball,2,21.3,Sri Lanka,SHT Kandamby,DPMD Jayawardene,SE Bond,0,0,"",""
ball,2,21.4,Sri Lanka,SHT Kandamby,DPMD Jayawardene,SE Bond,0,0,"",""
ball,2,21.5,Sri Lanka,SHT Kandamby,DPMD Jayawardene,SE Bond,1,0,"",""
ball,2,21.6,Sri Lanka,DPMD Jayawardene,SHT Kandamby,SE Bond,0,0,"",""
ball,2,22.1,Sri Lanka,SHT Kandamby,DPMD Jayawardene,DL Vettori,1,0,"",""
ball,2,22.2,Sri Lanka,DPMD Jayawardene,SHT Kandamby,DL Vettori,0,0,"",""
ball,2,22.3,Sri Lanka,DPMD Jayawardene,SHT Kandamby,DL Vettori,0,0,"",""
ball,2,22.4,Sri Lanka,DPMD Jayawardene,SHT Kandamby,DL Vettori,0,0,"",""
ball,2,22.5,Sri Lanka,DPMD Jayawardene,SHT Kandamby,DL Vettori,0,0,"",""
ball,2,22.6,Sri Lanka,DPMD Jayawardene,SHT Kandamby,DL Vettori,1,0,"",""
ball,2,23.1,Sri Lanka,DPMD Jayawardene,SHT Kandamby,JEC Franklin,1,0,"",""
ball,2,23.2,Sri Lanka,SHT Kandamby,DPMD Jayawardene,JEC Franklin,0,0,"",""
ball,2,23.3,Sri Lanka,SHT Kandamby,DPMD Jayawardene,JEC Franklin,0,0,"",""
ball,2,23.4,Sri Lanka,SHT Kandamby,DPMD Jayawardene,JEC Franklin,0,0,"",""
ball,2,23.5,Sri Lanka,SHT Kandamby,DPMD Jayawardene,JEC Franklin,1,0,"",""
ball,2,23.6,Sri Lanka,DPMD Jayawardene,SHT Kandamby,JEC Franklin,1,0,"",""
ball,2,24.1,Sri Lanka,DPMD Jayawardene,SHT Kandamby,DL Vettori,0,0,"",""
ball,2,24.2,Sri Lanka,DPMD Jayawardene,SHT Kandamby,DL Vettori,4,0,"",""
ball,2,24.3,Sri Lanka,DPMD Jayawardene,SHT Kandamby,DL Vettori,1,0,run out,SHT Kandamby
ball,2,24.4,Sri Lanka,DPMD Jayawardene,AD Mathews,DL Vettori,0,0,"",""
ball,2,24.5,Sri Lanka,DPMD Jayawardene,AD Mathews,DL Vettori,0,0,"",""
ball,2,24.6,Sri Lanka,DPMD Jayawardene,AD Mathews,DL Vettori,0,0,"",""
ball,2,25.1,Sri Lanka,AD Mathews,DPMD Jayawardene,JEC Franklin,0,0,"",""
ball,2,25.2,Sri Lanka,AD Mathews,DPMD Jayawardene,JEC Franklin,0,0,"",""
ball,2,25.3,Sri Lanka,AD Mathews,DPMD Jayawardene,JEC Franklin,0,0,"",""
ball,2,25.4,Sri Lanka,AD Mathews,DPMD Jayawardene,JEC Franklin,1,0,"",""
ball,2,25.5,Sri Lanka,DPMD Jayawardene,AD Mathews,JEC Franklin,0,0,"",""
ball,2,25.6,Sri Lanka,DPMD Jayawardene,AD Mathews,JEC Franklin,1,0,"",""
ball,2,26.1,Sri Lanka,DPMD Jayawardene,AD Mathews,DL Vettori,1,0,"",""
ball,2,26.2,Sri Lanka,AD Mathews,DPMD Jayawardene,DL Vettori,0,0,"",""
ball,2,26.3,Sri Lanka,AD Mathews,DPMD Jayawardene,DL Vettori,0,0,"",""
ball,2,26.4,Sri Lanka,AD Mathews,DPMD Jayawardene,DL Vettori,0,0,"",""
ball,2,26.5,Sri Lanka,AD Mathews,DPMD Jayawardene,DL Vettori,0,0,"",""
ball,2,26.6,Sri Lanka,AD Mathews,DPMD Jayawardene,DL Vettori,1,0,"",""
ball,2,27.1,Sri Lanka,AD Mathews,DPMD Jayawardene,JEC Franklin,0,0,"",""
ball,2,27.2,Sri Lanka,AD Mathews,DPMD Jayawardene,JEC Franklin,0,0,caught,AD Mathews
ball,2,27.3,Sri Lanka,KMDN Kulasekara,DPMD Jayawardene,JEC Franklin,0,0,"",""
ball,2,27.4,Sri Lanka,KMDN Kulasekara,DPMD Jayawardene,JEC Franklin,0,0,"",""
ball,2,27.5,Sri Lanka,KMDN Kulasekara,DPMD Jayawardene,JEC Franklin,0,0,"",""
ball,2,27.6,Sri Lanka,KMDN Kulasekara,DPMD Jayawardene,JEC Franklin,1,0,"",""
ball,2,28.1,Sri Lanka,KMDN Kulasekara,DPMD Jayawardene,DL Vettori,0,0,"",""
ball,2,28.2,Sri Lanka,KMDN Kulasekara,DPMD Jayawardene,DL Vettori,0,0,"",""
ball,2,28.3,Sri Lanka,KMDN Kulasekara,DPMD Jayawardene,DL Vettori,1,0,"",""
ball,2,28.4,Sri Lanka,DPMD Jayawardene,KMDN Kulasekara,DL Vettori,1,0,"",""
ball,2,28.5,Sri Lanka,KMDN Kulasekara,DPMD Jayawardene,DL Vettori,0,0,"",""
ball,2,28.6,Sri Lanka,KMDN Kulasekara,DPMD Jayawardene,DL Vettori,0,0,"",""
ball,2,29.1,Sri Lanka,DPMD Jayawardene,KMDN Kulasekara,SE Bond,6,0,"",""
ball,2,29.2,Sri Lanka,DPMD Jayawardene,KMDN Kulasekara,SE Bond,1,0,"",""
ball,2,29.3,Sri Lanka,KMDN Kulasekara,DPMD Jayawardene,SE Bond,0,0,"",""
ball,2,29.4,Sri Lanka,KMDN Kulasekara,DPMD Jayawardene,SE Bond,1,0,"",""
ball,2,29.5,Sri Lanka,DPMD Jayawardene,KMDN Kulasekara,SE Bond,4,0,"",""
ball,2,29.6,Sri Lanka,DPMD Jayawardene,KMDN Kulasekara,SE Bond,1,0,"",""
ball,2,30.1,Sri Lanka,DPMD Jayawardene,KMDN Kulasekara,KD Mills,1,0,"",""
ball,2,30.2,Sri Lanka,KMDN Kulasekara,DPMD Jayawardene,KD Mills,1,0,"",""
ball,2,30.3,Sri Lanka,DPMD Jayawardene,KMDN Kulasekara,KD Mills,3,0,"",""
ball,2,30.4,Sri Lanka,KMDN Kulasekara,DPMD Jayawardene,KD Mills,0,0,"",""
ball,2,30.5,Sri Lanka,KMDN Kulasekara,DPMD Jayawardene,KD Mills,1,0,"",""
ball,2,30.6,Sri Lanka,DPMD Jayawardene,KMDN Kulasekara,KD Mills,1,0,"",""
ball,2,31.1,Sri Lanka,DPMD Jayawardene,KMDN Kulasekara,SE Bond,0,0,"",""
ball,2,31.2,Sri Lanka,DPMD Jayawardene,KMDN Kulasekara,SE Bond,6,0,"",""
ball,2,31.3,Sri Lanka,DPMD Jayawardene,KMDN Kulasekara,SE Bond,4,0,"",""
ball,2,31.4,Sri Lanka,DPMD Jayawardene,KMDN Kulasekara,SE Bond,1,0,"",""
ball,2,31.5,Sri Lanka,KMDN Kulasekara,DPMD Jayawardene,SE Bond,1,0,"",""
ball,2,31.6,Sri Lanka,DPMD Jayawardene,KMDN Kulasekara,SE Bond,2,0,"",""
ball,2,32.1,Sri Lanka,KMDN Kulasekara,DPMD Jayawardene,KD Mills,0,0,"",""
ball,2,32.2,Sri Lanka,KMDN Kulasekara,DPMD Jayawardene,KD Mills,6,0,"",""
ball,2,32.3,Sri Lanka,KMDN Kulasekara,DPMD Jayawardene,KD Mills,0,1,"",""
ball,2,32.4,Sri Lanka,KMDN Kulasekara,DPMD Jayawardene,KD Mills,1,0,"",""
ball,2,32.5,Sri Lanka,DPMD Jayawardene,KMDN Kulasekara,KD Mills,1,0,"",""
ball,2,32.6,Sri Lanka,KMDN Kulasekara,DPMD Jayawardene,KD Mills,0,0,"",""
ball,2,32.7,Sri Lanka,KMDN Kulasekara,DPMD Jayawardene,KD Mills,6,0,"",""
ball,2,33.1,Sri Lanka,DPMD Jayawardene,KMDN Kulasekara,DR Tuffey,0,0,"",""
ball,2,33.2,Sri Lanka,DPMD Jayawardene,KMDN Kulasekara,DR Tuffey,1,0,"",""
ball,2,33.3,Sri Lanka,KMDN Kulasekara,DPMD Jayawardene,DR Tuffey,1,0,"",""
ball,2,33.4,Sri Lanka,DPMD Jayawardene,KMDN Kulasekara,DR Tuffey,1,0,"",""
ball,2,33.5,Sri Lanka,KMDN Kulasekara,DPMD Jayawardene,DR Tuffey,1,0,"",""
ball,2,33.6,Sri Lanka,DPMD Jayawardene,KMDN Kulasekara,DR Tuffey,1,0,"",""
ball,2,34.1,Sri Lanka,DPMD Jayawardene,KMDN Kulasekara,DL Vettori,0,0,"",""
ball,2,34.2,Sri Lanka,DPMD Jayawardene,KMDN Kulasekara,DL Vettori,2,0,"",""
ball,2,34.3,Sri Lanka,DPMD Jayawardene,KMDN Kulasekara,DL Vettori,1,0,"",""
ball,2,34.4,Sri Lanka,KMDN Kulasekara,DPMD Jayawardene,DL Vettori,0,0,"",""
ball,2,34.5,Sri Lanka,KMDN Kulasekara,DPMD Jayawardene,DL Vettori,1,0,"",""
ball,2,34.6,Sri Lanka,DPMD Jayawardene,KMDN Kulasekara,DL Vettori,1,0,"",""
ball,2,35.1,Sri Lanka,DPMD Jayawardene,KMDN Kulasekara,DR Tuffey,4,0,"",""
ball,2,35.2,Sri Lanka,DPMD Jayawardene,KMDN Kulasekara,DR Tuffey,1,0,"",""
ball,2,35.3,Sri Lanka,KMDN Kulasekara,DPMD Jayawardene,DR Tuffey,0,0,"",""
ball,2,35.4,Sri Lanka,KMDN Kulasekara,DPMD Jayawardene,DR Tuffey,0,0,"",""
ball,2,35.5,Sri Lanka,KMDN Kulasekara,DPMD Jayawardene,DR Tuffey,4,0,"",""
ball,2,35.6,Sri Lanka,KMDN Kulasekara,DPMD Jayawardene,DR Tuffey,0,0,"",""
ball,2,36.1,Sri Lanka,DPMD Jayawardene,KMDN Kulasekara,DL Vettori,1,0,"",""
ball,2,36.2,Sri Lanka,KMDN Kulasekara,DPMD Jayawardene,DL Vettori,1,0,"",""
ball,2,36.3,Sri Lanka,DPMD Jayawardene,KMDN Kulasekara,DL Vettori,1,0,"",""
ball,2,36.4,Sri Lanka,KMDN Kulasekara,DPMD Jayawardene,DL Vettori,1,0,"",""
ball,2,36.5,Sri Lanka,DPMD Jayawardene,KMDN Kulasekara,DL Vettori,1,0,"",""
ball,2,36.6,Sri Lanka,KMDN Kulasekara,DPMD Jayawardene,DL Vettori,0,0,"",""
ball,2,37.1,Sri Lanka,DPMD Jayawardene,KMDN Kulasekara,DR Tuffey,1,0,"",""
ball,2,37.2,Sri Lanka,KMDN Kulasekara,DPMD Jayawardene,DR Tuffey,0,0,"",""
ball,2,37.3,Sri Lanka,KMDN Kulasekara,DPMD Jayawardene,DR Tuffey,0,0,"",""
ball,2,37.4,Sri Lanka,KMDN Kulasekara,DPMD Jayawardene,DR Tuffey,0,0,"",""
ball,2,37.5,Sri Lanka,KMDN Kulasekara,DPMD Jayawardene,DR Tuffey,0,1,"",""
ball,2,37.6,Sri Lanka,KMDN Kulasekara,DPMD Jayawardene,DR Tuffey,0,0,"",""
ball,2,37.7,Sri Lanka,KMDN Kulasekara,DPMD Jayawardene,DR Tuffey,0,0,"",""
ball,2,38.1,Sri Lanka,DPMD Jayawardene,KMDN Kulasekara,DL Vettori,0,0,"",""
ball,2,38.2,Sri Lanka,DPMD Jayawardene,KMDN Kulasekara,DL Vettori,0,0,bowled,DPMD Jayawardene
ball,2,38.3,Sri Lanka,T Thushara,KMDN Kulasekara,DL Vettori,0,0,"",""
ball,2,38.4,Sri Lanka,T Thushara,KMDN Kulasekara,DL Vettori,0,0,"",""
ball,2,38.5,Sri Lanka,T Thushara,KMDN Kulasekara,DL Vettori,1,0,"",""
ball,2,38.6,Sri Lanka,KMDN Kulasekara,T Thushara,DL Vettori,0,0,"",""
ball,2,39.1,Sri Lanka,T Thushara,KMDN Kulasekara,JEC Franklin,0,0,"",""
ball,2,39.2,Sri Lanka,T Thushara,KMDN Kulasekara,JEC Franklin,0,0,"",""
ball,2,39.3,Sri Lanka,T Thushara,KMDN Kulasekara,JEC Franklin,1,0,"",""
ball,2,39.4,Sri Lanka,KMDN Kulasekara,T Thushara,JEC Franklin,1,0,"",""
ball,2,39.5,Sri Lanka,T Thushara,KMDN Kulasekara,JEC Franklin,1,0,"",""
ball,2,39.6,Sri Lanka,KMDN Kulasekara,T Thushara,JEC Franklin,1,0,"",""
ball,2,40.1,Sri Lanka,KMDN Kulasekara,T Thushara,DL Vettori,1,0,"",""
ball,2,40.2,Sri Lanka,T Thushara,KMDN Kulasekara,DL Vettori,1,0,"",""
ball,2,40.3,Sri Lanka,KMDN Kulasekara,T Thushara,DL Vettori,6,0,"",""
ball,2,40.4,Sri Lanka,KMDN Kulasekara,T Thushara,DL Vettori,1,0,"",""
ball,2,40.5,Sri Lanka,T Thushara,KMDN Kulasekara,DL Vettori,6,0,"",""
ball,2,40.6,Sri Lanka,T Thushara,KMDN Kulasekara,DL Vettori,0,0,"",""
ball,2,41.1,Sri Lanka,KMDN Kulasekara,T Thushara,JEC Franklin,2,0,"",""
ball,2,41.2,Sri Lanka,KMDN Kulasekara,T Thushara,JEC Franklin,0,0,"",""
ball,2,41.3,Sri Lanka,KMDN Kulasekara,T Thushara,JEC Franklin,1,0,"",""
ball,2,41.4,Sri Lanka,T Thushara,KMDN Kulasekara,JEC Franklin,0,0,"",""
ball,2,41.5,Sri Lanka,T Thushara,KMDN Kulasekara,JEC Franklin,0,0,"",""
ball,2,41.6,Sri Lanka,T Thushara,KMDN Kulasekara,JEC Franklin,1,0,"",""
ball,2,42.1,Sri Lanka,T Thushara,KMDN Kulasekara,KD Mills,0,0,caught,T Thushara
ball,2,42.2,Sri Lanka,KMDN Kulasekara,SL Malinga,KD Mills,0,0,"",""
ball,2,42.3,Sri Lanka,KMDN Kulasekara,SL Malinga,KD Mills,0,0,"",""
ball,2,42.4,Sri Lanka,KMDN Kulasekara,SL Malinga,KD Mills,1,0,"",""
ball,2,42.5,Sri Lanka,SL Malinga,KMDN Kulasekara,KD Mills,0,0,"",""
ball,2,42.6,Sri Lanka,SL Malinga,KMDN Kulasekara,KD Mills,2,0,"",""
ball,2,43.1,Sri Lanka,KMDN Kulasekara,SL Malinga,JEC Franklin,1,0,"",""
ball,2,43.2,Sri Lanka,SL Malinga,KMDN Kulasekara,JEC Franklin,4,0,"",""
ball,2,43.3,Sri Lanka,SL Malinga,KMDN Kulasekara,JEC Franklin,0,0,"",""
ball,2,43.4,Sri Lanka,SL Malinga,KMDN Kulasekara,JEC Franklin,1,0,"",""
ball,2,43.5,Sri Lanka,KMDN Kulasekara,SL Malinga,JEC Franklin,1,0,"",""
ball,2,43.6,Sri Lanka,SL Malinga,KMDN Kulasekara,JEC Franklin,1,0,"",""
ball,2,44.1,Sri Lanka,SL Malinga,KMDN Kulasekara,KD Mills,1,0,"",""
ball,2,44.2,Sri Lanka,KMDN Kulasekara,SL Malinga,KD Mills,0,0,"",""
ball,2,44.3,Sri Lanka,KMDN Kulasekara,SL Malinga,KD Mills,1,0,"",""
ball,2,44.4,Sri Lanka,SL Malinga,KMDN Kulasekara,KD Mills,6,0,"",""
ball,2,44.5,Sri Lanka,SL Malinga,KMDN Kulasekara,KD Mills,0,0,"",""
ball,2,44.6,Sri Lanka,SL Malinga,KMDN Kulasekara,KD Mills,0,0,caught,SL Malinga
ball,2,45.1,Sri Lanka,BAW Mendis,KMDN Kulasekara,SE Bond,1,0,"",""
ball,2,45.2,Sri Lanka,KMDN Kulasekara,BAW Mendis,SE Bond,1,0,"",""
ball,2,45.3,Sri Lanka,BAW Mendis,KMDN Kulasekara,SE Bond,0,0,"",""
ball,2,45.4,Sri Lanka,BAW Mendis,KMDN Kulasekara,SE Bond,1,0,"",""
ball,2,45.5,Sri Lanka,KMDN Kulasekara,BAW Mendis,SE Bond,6,0,"",""
ball,2,45.6,Sri Lanka,KMDN Kulasekara,BAW Mendis,SE Bond,4,0,"",""
ball,2,46.1,Sri Lanka,BAW Mendis,KMDN Kulasekara,DR Tuffey,0,0,"",""
ball,2,46.2,Sri Lanka,BAW Mendis,KMDN Kulasekara,DR Tuffey,1,0,"",""
ball,2,46.3,Sri Lanka,KMDN Kulasekara,BAW Mendis,DR Tuffey,1,0,"",""
ball,2,46.4,Sri Lanka,BAW Mendis,KMDN Kulasekara,DR Tuffey,0,0,caught,BAW Mendis
