version,1.3.0
info,team,India
info,team,Australia
info,gender,male
info,season,2009/10
info,date,2009/10/28
info,series,Australia in India ODI Series
info,match_number,2
info,venue,"Vidarbha Cricket Association Stadium, Jamtha"
info,city,Nagpur
info,toss_winner,Australia
info,toss_decision,field
info,player_of_match,MS Dhoni
info,umpire,AM Saheba
info,umpire,SK Tarapore
info,reserve_umpire,S Asnani
info,tv_umpire,SS Hazare
info,match_referee,BC Broad
info,winner,India
info,winner_runs,99
ball,1,0.1,India,V Sehwag,SR Tendulkar,BW Hilfenhaus,0,0,"",""
ball,1,0.2,India,V Sehwag,SR Tendulkar,BW Hilfenhaus,4,0,"",""
ball,1,0.3,India,V Sehwag,SR Tendulkar,BW Hilfenhaus,0,0,"",""
ball,1,0.4,India,V Sehwag,SR Tendulkar,BW Hilfenhaus,0,0,"",""
ball,1,0.5,India,V Sehwag,SR Tendulkar,BW Hilfenhaus,0,0,"",""
ball,1,0.6,India,V Sehwag,SR Tendulkar,BW Hilfenhaus,4,0,"",""
ball,1,1.1,India,SR Tendulkar,V Sehwag,PM Siddle,0,1,"",""
ball,1,1.2,India,SR Tendulkar,V Sehwag,PM Siddle,0,0,"",""
ball,1,1.3,India,SR Tendulkar,V Sehwag,PM Siddle,0,0,"",""
ball,1,1.4,India,SR Tendulkar,V Sehwag,PM Siddle,0,0,"",""
ball,1,1.5,India,SR Tendulkar,V Sehwag,PM Siddle,0,0,"",""
ball,1,1.6,India,SR Tendulkar,V Sehwag,PM Siddle,4,0,"",""
ball,1,1.7,India,SR Tendulkar,V Sehwag,PM Siddle,0,0,"",""
ball,1,2.1,India,V Sehwag,SR Tendulkar,BW Hilfenhaus,4,0,"",""
ball,1,2.2,India,V Sehwag,SR Tendulkar,BW Hilfenhaus,0,0,"",""
ball,1,2.3,India,V Sehwag,SR Tendulkar,BW Hilfenhaus,0,0,"",""
ball,1,2.4,India,V Sehwag,SR Tendulkar,BW Hilfenhaus,0,0,"",""
ball,1,2.5,India,V Sehwag,SR Tendulkar,BW Hilfenhaus,0,1,"",""
ball,1,2.6,India,V Sehwag,SR Tendulkar,BW Hilfenhaus,0,0,"",""
ball,1,2.7,India,V Sehwag,SR Tendulkar,BW Hilfenhaus,0,1,"",""
ball,1,2.8,India,V Sehwag,SR Tendulkar,BW Hilfenhaus,1,0,"",""
ball,1,3.1,India,V Sehwag,SR Tendulkar,PM Siddle,1,0,"",""
ball,1,3.2,India,SR Tendulkar,V Sehwag,PM Siddle,0,0,"",""
ball,1,3.3,India,SR Tendulkar,V Sehwag,PM Siddle,0,0,caught,SR Tendulkar
ball,1,3.4,India,G Gambhir,V Sehwag,PM Siddle,0,0,"",""
ball,1,3.5,India,G Gambhir,V Sehwag,PM Siddle,0,0,"",""
ball,1,3.6,India,G Gambhir,V Sehwag,PM Siddle,0,0,"",""
ball,1,4.1,India,V Sehwag,G Gambhir,BW Hilfenhaus,4,0,"",""
ball,1,4.2,India,V Sehwag,G Gambhir,BW Hilfenhaus,1,0,"",""
ball,1,4.3,India,G Gambhir,V Sehwag,BW Hilfenhaus,0,0,"",""
ball,1,4.4,India,G Gambhir,V Sehwag,BW Hilfenhaus,1,0,"",""
ball,1,4.5,India,V Sehwag,G Gambhir,BW Hilfenhaus,0,1,"",""
ball,1,4.6,India,V Sehwag,G Gambhir,BW Hilfenhaus,4,0,"",""
ball,1,4.7,India,V Sehwag,G Gambhir,BW Hilfenhaus,0,0,"",""
ball,1,5.1,India,G Gambhir,V Sehwag,PM Siddle,0,0,"",""
ball,1,5.2,India,G Gambhir,V Sehwag,PM Siddle,0,0,"",""
ball,1,5.3,India,G Gambhir,V Sehwag,PM Siddle,4,0,"",""
ball,1,5.4,India,G Gambhir,V Sehwag,PM Siddle,1,0,"",""
ball,1,5.5,India,V Sehwag,G Gambhir,PM Siddle,0,0,"",""
ball,1,5.6,India,V Sehwag,G Gambhir,PM Siddle,0,0,"",""
ball,1,6.1,India,G Gambhir,V Sehwag,MG Johnson,1,0,"",""
ball,1,6.2,India,V Sehwag,G Gambhir,MG Johnson,1,0,"",""
ball,1,6.3,India,G Gambhir,V Sehwag,MG Johnson,0,0,"",""
ball,1,6.4,India,G Gambhir,V Sehwag,MG Johnson,4,0,"",""
ball,1,6.5,India,G Gambhir,V Sehwag,MG Johnson,0,0,"",""
ball,1,6.6,India,G Gambhir,V Sehwag,MG Johnson,0,0,"",""
ball,1,7.1,India,V Sehwag,G Gambhir,PM Siddle,0,0,"",""
ball,1,7.2,India,V Sehwag,G Gambhir,PM Siddle,3,0,"",""
ball,1,7.3,India,G Gambhir,V Sehwag,PM Siddle,0,1,"",""
ball,1,7.4,India,V Sehwag,G Gambhir,PM Siddle,0,1,"",""
ball,1,7.5,India,V Sehwag,G Gambhir,PM Siddle,1,0,"",""
ball,1,7.6,India,G Gambhir,V Sehwag,PM Siddle,0,0,"",""
ball,1,7.7,India,G Gambhir,V Sehwag,PM Siddle,0,0,"",""
ball,1,8.1,India,V Sehwag,G Gambhir,MG Johnson,1,0,"",""
ball,1,8.2,India,G Gambhir,V Sehwag,MG Johnson,1,0,"",""
ball,1,8.3,India,V Sehwag,G Gambhir,MG Johnson,0,0,"",""
ball,1,8.4,India,V Sehwag,G Gambhir,MG Johnson,6,0,"",""
ball,1,8.5,India,V Sehwag,G Gambhir,MG Johnson,0,0,"",""
ball,1,8.6,India,V Sehwag,G Gambhir,MG Johnson,0,0,"",""
ball,1,9.1,India,G Gambhir,V Sehwag,PM Siddle,1,0,"",""
ball,1,9.2,India,V Sehwag,G Gambhir,PM Siddle,4,0,"",""
ball,1,9.3,India,V Sehwag,G Gambhir,PM Siddle,1,0,"",""
ball,1,9.4,India,G Gambhir,V Sehwag,PM Siddle,0,0,"",""
ball,1,9.5,India,G Gambhir,V Sehwag,PM Siddle,4,0,"",""
ball,1,9.6,India,G Gambhir,V Sehwag,PM Siddle,0,0,"",""
ball,1,10.1,India,V Sehwag,G Gambhir,MG Johnson,0,0,caught,V Sehwag
ball,1,10.2,India,Yuvraj Singh,G Gambhir,MG Johnson,0,0,"",""
ball,1,10.3,India,Yuvraj Singh,G Gambhir,MG Johnson,0,0,"",""
ball,1,10.4,India,Yuvraj Singh,G Gambhir,MG Johnson,0,0,"",""
ball,1,10.5,India,Yuvraj Singh,G Gambhir,MG Johnson,0,0,"",""
ball,1,10.6,India,Yuvraj Singh,G Gambhir,MG Johnson,1,0,"",""
ball,1,11.1,India,Yuvraj Singh,G Gambhir,BW Hilfenhaus,0,0,"",""
ball,1,11.2,India,Yuvraj Singh,G Gambhir,BW Hilfenhaus,2,0,"",""
ball,1,11.3,India,Yuvraj Singh,G Gambhir,BW Hilfenhaus,0,0,"",""
ball,1,11.4,India,Yuvraj Singh,G Gambhir,BW Hilfenhaus,4,0,"",""
ball,1,11.5,India,Yuvraj Singh,G Gambhir,BW Hilfenhaus,1,0,"",""
ball,1,11.6,India,G Gambhir,Yuvraj Singh,BW Hilfenhaus,0,0,"",""
ball,1,12.1,India,Yuvraj Singh,G Gambhir,MG Johnson,4,0,"",""
ball,1,12.2,India,Yuvraj Singh,G Gambhir,MG Johnson,1,0,"",""
ball,1,12.3,India,G Gambhir,Yuvraj Singh,MG Johnson,1,0,"",""
ball,1,12.4,India,Yuvraj Singh,G Gambhir,MG Johnson,0,1,"",""
ball,1,12.5,India,Yuvraj Singh,G Gambhir,MG Johnson,0,0,"",""
ball,1,12.6,India,Yuvraj Singh,G Gambhir,MG Johnson,0,0,"",""
ball,1,12.7,India,Yuvraj Singh,G Gambhir,MG Johnson,0,0,"",""
ball,1,13.1,India,G Gambhir,Yuvraj Singh,BW Hilfenhaus,2,0,"",""
ball,1,13.2,India,G Gambhir,Yuvraj Singh,BW Hilfenhaus,2,0,"",""
ball,1,13.3,India,G Gambhir,Yuvraj Singh,BW Hilfenhaus,1,0,"",""
ball,1,13.4,India,Yuvraj Singh,G Gambhir,BW Hilfenhaus,0,0,"",""
ball,1,13.5,India,Yuvraj Singh,G Gambhir,BW Hilfenhaus,1,0,"",""
ball,1,13.6,India,G Gambhir,Yuvraj Singh,BW Hilfenhaus,0,0,"",""
ball,1,14.1,India,Yuvraj Singh,G Gambhir,NM Hauritz,0,0,"",""
ball,1,14.2,India,Yuvraj Singh,G Gambhir,NM Hauritz,0,0,"",""
ball,1,14.3,India,Yuvraj Singh,G Gambhir,NM Hauritz,2,0,"",""
ball,1,14.4,India,Yuvraj Singh,G Gambhir,NM Hauritz,0,0,"",""
ball,1,14.5,India,Yuvraj Singh,G Gambhir,NM Hauritz,6,0,"",""
ball,1,14.6,India,Yuvraj Singh,G Gambhir,NM Hauritz,1,0,"",""
ball,1,15.1,India,Yuvraj Singh,G Gambhir,BW Hilfenhaus,0,0,caught and bowled,Yuvraj Singh
ball,1,15.2,India,MS Dhoni,G Gambhir,BW Hilfenhaus,0,1,"",""
ball,1,15.3,India,G Gambhir,MS Dhoni,BW Hilfenhaus,0,1,"",""
ball,1,15.4,India,G Gambhir,MS Dhoni,BW Hilfenhaus,1,0,"",""
ball,1,15.5,India,MS Dhoni,G Gambhir,BW Hilfenhaus,1,0,"",""
ball,1,15.6,India,G Gambhir,MS Dhoni,BW Hilfenhaus,1,0,"",""
ball,1,15.7,India,MS Dhoni,G Gambhir,BW Hilfenhaus,1,0,"",""
ball,1,16.1,India,MS Dhoni,G Gambhir,NM Hauritz,0,0,"",""
ball,1,16.2,India,MS Dhoni,G Gambhir,NM Hauritz,2,0,"",""
ball,1,16.3,India,MS Dhoni,G Gambhir,NM Hauritz,0,0,"",""
ball,1,16.4,India,MS Dhoni,G Gambhir,NM Hauritz,0,0,"",""
ball,1,16.5,India,MS Dhoni,G Gambhir,NM Hauritz,0,0,"",""
ball,1,16.6,India,MS Dhoni,G Gambhir,NM Hauritz,4,0,"",""
ball,1,17.1,India,G Gambhir,MS Dhoni,AC Voges,0,1,"",""
ball,1,17.2,India,G Gambhir,MS Dhoni,AC Voges,1,0,"",""
ball,1,17.3,India,MS Dhoni,G Gambhir,AC Voges,2,0,"",""
ball,1,17.4,India,MS Dhoni,G Gambhir,AC Voges,1,0,"",""
ball,1,17.5,India,G Gambhir,MS Dhoni,AC Voges,1,0,"",""
ball,1,17.6,India,MS Dhoni,G Gambhir,AC Voges,1,0,"",""
ball,1,17.7,India,G Gambhir,MS Dhoni,AC Voges,1,0,"",""
ball,1,18.1,India,G Gambhir,MS Dhoni,NM Hauritz,1,0,"",""
ball,1,18.2,India,MS Dhoni,G Gambhir,NM Hauritz,0,0,"",""
ball,1,18.3,India,MS Dhoni,G Gambhir,NM Hauritz,1,0,"",""
ball,1,18.4,India,G Gambhir,MS Dhoni,NM Hauritz,1,0,"",""
ball,1,18.5,India,MS Dhoni,G Gambhir,NM Hauritz,1,0,"",""
ball,1,18.6,India,G Gambhir,MS Dhoni,NM Hauritz,0,0,"",""
ball,1,19.1,India,MS Dhoni,G Gambhir,AC Voges,1,0,"",""
ball,1,19.2,India,G Gambhir,MS Dhoni,AC Voges,1,0,"",""
ball,1,19.3,India,MS Dhoni,G Gambhir,AC Voges,0,0,"",""
ball,1,19.4,India,MS Dhoni,G Gambhir,AC Voges,0,0,"",""
ball,1,19.5,India,MS Dhoni,G Gambhir,AC Voges,2,0,"",""
ball,1,19.6,India,MS Dhoni,G Gambhir,AC Voges,0,0,"",""
ball,1,20.1,India,G Gambhir,MS Dhoni,NM Hauritz,1,0,"",""
ball,1,20.2,India,MS Dhoni,G Gambhir,NM Hauritz,0,0,"",""
ball,1,20.3,India,MS Dhoni,G Gambhir,NM Hauritz,1,0,"",""
ball,1,20.4,India,G Gambhir,MS Dhoni,NM Hauritz,1,0,"",""
ball,1,20.5,India,MS Dhoni,G Gambhir,NM Hauritz,1,0,"",""
ball,1,20.6,India,G Gambhir,MS Dhoni,NM Hauritz,0,0,"",""
ball,1,21.1,India,MS Dhoni,G Gambhir,AC Voges,1,0,"",""
ball,1,21.2,India,G Gambhir,MS Dhoni,AC Voges,2,0,"",""
ball,1,21.3,India,G Gambhir,MS Dhoni,AC Voges,0,0,"",""
ball,1,21.4,India,G Gambhir,MS Dhoni,AC Voges,1,0,"",""
ball,1,21.5,India,MS Dhoni,G Gambhir,AC Voges,1,0,"",""
ball,1,21.6,India,G Gambhir,MS Dhoni,AC Voges,0,0,"",""
ball,1,22.1,India,MS Dhoni,G Gambhir,NM Hauritz,1,0,"",""
ball,1,22.2,India,G Gambhir,MS Dhoni,NM Hauritz,1,0,"",""
ball,1,22.3,India,MS Dhoni,G Gambhir,NM Hauritz,0,0,"",""
ball,1,22.4,India,MS Dhoni,G Gambhir,NM Hauritz,0,0,"",""
ball,1,22.5,India,MS Dhoni,G Gambhir,NM Hauritz,4,0,"",""
ball,1,22.6,India,MS Dhoni,G Gambhir,NM Hauritz,1,0,"",""
ball,1,23.1,India,MS Dhoni,G Gambhir,AC Voges,1,0,"",""
ball,1,23.2,India,G Gambhir,MS Dhoni,AC Voges,4,0,"",""
ball,1,23.3,India,G Gambhir,MS Dhoni,AC Voges,1,0,"",""
ball,1,23.4,India,MS Dhoni,G Gambhir,AC Voges,1,0,"",""
ball,1,23.5,India,G Gambhir,MS Dhoni,AC Voges,1,0,"",""
ball,1,23.6,India,MS Dhoni,G Gambhir,AC Voges,1,0,"",""
ball,1,24.1,India,MS Dhoni,G Gambhir,NM Hauritz,1,0,"",""
ball,1,24.2,India,G Gambhir,MS Dhoni,NM Hauritz,0,0,"",""
ball,1,24.3,India,G Gambhir,MS Dhoni,NM Hauritz,4,0,"",""
ball,1,24.4,India,G Gambhir,MS Dhoni,NM Hauritz,1,0,"",""
ball,1,24.5,India,MS Dhoni,G Gambhir,NM Hauritz,0,0,"",""
ball,1,24.6,India,MS Dhoni,G Gambhir,NM Hauritz,0,1,"",""
ball,1,25.1,India,MS Dhoni,G Gambhir,MG Johnson,0,1,"",""
ball,1,25.2,India,MS Dhoni,G Gambhir,MG Johnson,1,0,"",""
ball,1,25.3,India,G Gambhir,MS Dhoni,MG Johnson,0,2,"",""
ball,1,25.4,India,G Gambhir,MS Dhoni,MG Johnson,1,0,"",""
ball,1,25.5,India,MS Dhoni,G Gambhir,MG Johnson,1,0,"",""
ball,1,25.6,India,G Gambhir,MS Dhoni,MG Johnson,0,1,"",""
ball,1,25.7,India,G Gambhir,MS Dhoni,MG Johnson,1,0,"",""
ball,1,25.8,India,MS Dhoni,G Gambhir,MG Johnson,1,0,"",""
ball,1,26.1,India,MS Dhoni,G Gambhir,NM Hauritz,0,1,"",""
ball,1,26.2,India,G Gambhir,MS Dhoni,NM Hauritz,1,0,"",""
ball,1,26.3,India,MS Dhoni,G Gambhir,NM Hauritz,1,0,"",""
ball,1,26.4,India,G Gambhir,MS Dhoni,NM Hauritz,2,0,"",""
ball,1,26.5,India,G Gambhir,MS Dhoni,NM Hauritz,0,0,"",""
ball,1,26.6,India,G Gambhir,MS Dhoni,NM Hauritz,1,0,"",""
ball,1,27.1,India,G Gambhir,MS Dhoni,MG Johnson,1,0,"",""
ball,1,27.2,India,MS Dhoni,G Gambhir,MG Johnson,1,0,"",""
ball,1,27.3,India,G Gambhir,MS Dhoni,MG Johnson,1,0,"",""
ball,1,27.4,India,MS Dhoni,G Gambhir,MG Johnson,1,0,"",""
ball,1,27.5,India,G Gambhir,MS Dhoni,MG Johnson,1,0,"",""
ball,1,27.6,India,MS Dhoni,G Gambhir,MG Johnson,1,0,"",""
ball,1,28.1,India,MS Dhoni,G Gambhir,SR Watson,2,0,"",""
ball,1,28.2,India,MS Dhoni,G Gambhir,SR Watson,1,0,"",""
ball,1,28.3,India,G Gambhir,MS Dhoni,SR Watson,1,0,"",""
ball,1,28.4,India,MS Dhoni,G Gambhir,SR Watson,1,0,"",""
ball,1,28.5,India,G Gambhir,MS Dhoni,SR Watson,1,0,"",""
ball,1,28.6,India,MS Dhoni,G Gambhir,SR Watson,4,0,"",""
ball,1,29.1,India,G Gambhir,MS Dhoni,BW Hilfenhaus,4,0,"",""
ball,1,29.2,India,G Gambhir,MS Dhoni,BW Hilfenhaus,2,0,"",""
ball,1,29.3,India,G Gambhir,MS Dhoni,BW Hilfenhaus,0,0,"",""
ball,1,29.4,India,G Gambhir,MS Dhoni,BW Hilfenhaus,0,0,"",""
ball,1,29.5,India,G Gambhir,MS Dhoni,BW Hilfenhaus,1,0,"",""
ball,1,29.6,India,MS Dhoni,G Gambhir,BW Hilfenhaus,0,0,"",""
ball,1,30.1,India,G Gambhir,MS Dhoni,SR Watson,2,0,"",""
ball,1,30.2,India,G Gambhir,MS Dhoni,SR Watson,2,0,"",""
ball,1,30.3,India,G Gambhir,MS Dhoni,SR Watson,1,0,"",""
ball,1,30.4,India,MS Dhoni,G Gambhir,SR Watson,0,0,"",""
ball,1,30.5,India,MS Dhoni,G Gambhir,SR Watson,1,0,"",""
ball,1,30.6,India,G Gambhir,MS Dhoni,SR Watson,0,0,"",""
ball,1,31.1,India,MS Dhoni,G Gambhir,BW Hilfenhaus,1,0,"",""
ball,1,31.2,India,G Gambhir,MS Dhoni,BW Hilfenhaus,1,0,"",""
ball,1,31.3,India,MS Dhoni,G Gambhir,BW Hilfenhaus,1,0,"",""
ball,1,31.4,India,G Gambhir,MS Dhoni,BW Hilfenhaus,0,0,"",""
ball,1,31.5,India,G Gambhir,MS Dhoni,BW Hilfenhaus,1,0,"",""
ball,1,31.6,India,MS Dhoni,G Gambhir,BW Hilfenhaus,0,1,"",""
ball,1,31.7,India,MS Dhoni,G Gambhir,BW Hilfenhaus,0,0,"",""
ball,1,32.1,India,G Gambhir,MS Dhoni,SR Watson,1,0,"",""
ball,1,32.2,India,MS Dhoni,G Gambhir,SR Watson,2,0,"",""
ball,1,32.3,India,MS Dhoni,G Gambhir,SR Watson,1,0,"",""
ball,1,32.4,India,G Gambhir,MS Dhoni,SR Watson,0,1,"",""
ball,1,32.5,India,MS Dhoni,G Gambhir,SR Watson,0,0,"",""
ball,1,32.6,India,MS Dhoni,G Gambhir,SR Watson,0,0,"",""
ball,1,33.1,India,G Gambhir,MS Dhoni,PM Siddle,1,0,"",""
ball,1,33.2,India,MS Dhoni,G Gambhir,PM Siddle,2,0,"",""
ball,1,33.3,India,MS Dhoni,G Gambhir,PM Siddle,1,0,"",""
ball,1,33.4,India,G Gambhir,MS Dhoni,PM Siddle,1,0,"",""
ball,1,33.5,India,MS Dhoni,G Gambhir,PM Siddle,0,0,"",""
ball,1,33.6,India,MS Dhoni,G Gambhir,PM Siddle,0,0,run out,G Gambhir
ball,1,34.1,India,SK Raina,MS Dhoni,NM Hauritz,1,0,"",""
ball,1,34.2,India,MS Dhoni,SK Raina,NM Hauritz,4,0,"",""
ball,1,34.3,India,MS Dhoni,SK Raina,NM Hauritz,1,0,"",""
ball,1,34.4,India,SK Raina,MS Dhoni,NM Hauritz,0,0,"",""
ball,1,34.5,India,SK Raina,MS Dhoni,NM Hauritz,1,0,"",""
ball,1,34.6,India,MS Dhoni,SK Raina,NM Hauritz,1,0,"",""
ball,1,35.1,India,MS Dhoni,SK Raina,PM Siddle,0,0,"",""
ball,1,35.2,India,MS Dhoni,SK Raina,PM Siddle,1,0,"",""
ball,1,35.3,India,SK Raina,MS Dhoni,PM Siddle,0,1,"",""
ball,1,35.4,India,SK Raina,MS Dhoni,PM Siddle,0,0,"",""
ball,1,35.5,India,SK Raina,MS Dhoni,PM Siddle,0,0,"",""
ball,1,35.6,India,SK Raina,MS Dhoni,PM Siddle,0,0,"",""
ball,1,35.7,India,SK Raina,MS Dhoni,PM Siddle,0,0,"",""
ball,1,36.1,India,MS Dhoni,SK Raina,NM Hauritz,1,0,"",""
ball,1,36.2,India,SK Raina,MS Dhoni,NM Hauritz,1,0,"",""
ball,1,36.3,India,MS Dhoni,SK Raina,NM Hauritz,1,0,"",""
ball,1,36.4,India,SK Raina,MS Dhoni,NM Hauritz,0,0,"",""
ball,1,36.5,India,SK Raina,MS Dhoni,NM Hauritz,0,0,"",""
ball,1,36.6,India,SK Raina,MS Dhoni,NM Hauritz,0,0,"",""
ball,1,37.1,India,MS Dhoni,SK Raina,AC Voges,1,0,"",""
ball,1,37.2,India,SK Raina,MS Dhoni,AC Voges,1,0,"",""
ball,1,37.3,India,MS Dhoni,SK Raina,AC Voges,1,0,"",""
ball,1,37.4,India,SK Raina,MS Dhoni,AC Voges,2,0,"",""
ball,1,37.5,India,SK Raina,MS Dhoni,AC Voges,1,0,"",""
ball,1,37.6,India,MS Dhoni,SK Raina,AC Voges,1,0,"",""
ball,1,38.1,India,MS Dhoni,SK Raina,NM Hauritz,0,0,"",""
ball,1,38.2,India,MS Dhoni,SK Raina,NM Hauritz,1,0,"",""
ball,1,38.3,India,SK Raina,MS Dhoni,NM Hauritz,0,0,"",""
ball,1,38.4,India,SK Raina,MS Dhoni,NM Hauritz,1,0,"",""
ball,1,38.5,India,MS Dhoni,SK Raina,NM Hauritz,0,0,"",""
ball,1,38.6,India,MS Dhoni,SK Raina,NM Hauritz,0,0,"",""
ball,1,39.1,India,SK Raina,MS Dhoni,MG Johnson,0,2,"",""
ball,1,39.2,India,MS Dhoni,SK Raina,MG Johnson,1,0,"",""
ball,1,39.3,India,SK Raina,MS Dhoni,MG Johnson,1,0,"",""
ball,1,39.4,India,MS Dhoni,SK Raina,MG Johnson,0,0,"",""
ball,1,39.5,India,MS Dhoni,SK Raina,MG Johnson,0,0,"",""
ball,1,39.6,India,MS Dhoni,SK Raina,MG Johnson,1,0,"",""
ball,1,39.7,India,SK Raina,MS Dhoni,MG Johnson,3,0,"",""
ball,1,40.1,India,SK Raina,MS Dhoni,PM Siddle,0,0,"",""
ball,1,40.2,India,SK Raina,MS Dhoni,PM Siddle,0,0,"",""
ball,1,40.3,India,SK Raina,MS Dhoni,PM Siddle,0,0,"",""
ball,1,40.4,India,SK Raina,MS Dhoni,PM Siddle,1,0,"",""
ball,1,40.5,India,MS Dhoni,SK Raina,PM Siddle,0,0,"",""
ball,1,40.6,India,MS Dhoni,SK Raina,PM Siddle,4,0,"",""
ball,1,41.1,India,SK Raina,MS Dhoni,MG Johnson,4,0,"",""
ball,1,41.2,India,SK Raina,MS Dhoni,MG Johnson,0,0,"",""
ball,1,41.3,India,SK Raina,MS Dhoni,MG Johnson,4,0,"",""
ball,1,41.4,India,SK Raina,MS Dhoni,MG Johnson,1,0,"",""
ball,1,41.5,India,MS Dhoni,SK Raina,MG Johnson,0,0,"",""
ball,1,41.6,India,MS Dhoni,SK Raina,MG Johnson,0,0,"",""
ball,1,42.1,India,SK Raina,MS Dhoni,PM Siddle,1,0,"",""
ball,1,42.2,India,MS Dhoni,SK Raina,PM Siddle,1,0,"",""
ball,1,42.3,India,SK Raina,MS Dhoni,PM Siddle,1,0,"",""
ball,1,42.4,India,MS Dhoni,SK Raina,PM Siddle,1,0,"",""
ball,1,42.5,India,SK Raina,MS Dhoni,PM Siddle,1,0,"",""
ball,1,42.6,India,MS Dhoni,SK Raina,PM Siddle,2,0,"",""
ball,1,43.1,India,SK Raina,MS Dhoni,MG Johnson,4,0,"",""
ball,1,43.2,India,SK Raina,MS Dhoni,MG Johnson,1,0,"",""
ball,1,43.3,India,MS Dhoni,SK Raina,MG Johnson,4,1,"",""
ball,1,43.4,India,MS Dhoni,SK Raina,MG Johnson,4,0,"",""
ball,1,43.5,India,MS Dhoni,SK Raina,MG Johnson,3,0,"",""
ball,1,43.6,India,SK Raina,MS Dhoni,MG Johnson,0,0,"",""
ball,1,43.7,India,SK Raina,MS Dhoni,MG Johnson,1,0,"",""
ball,1,44.1,India,SK Raina,MS Dhoni,BW Hilfenhaus,1,0,"",""
ball,1,44.2,India,MS Dhoni,SK Raina,BW Hilfenhaus,1,0,"",""
ball,1,44.3,India,SK Raina,MS Dhoni,BW Hilfenhaus,0,0,"",""
ball,1,44.4,India,SK Raina,MS Dhoni,BW Hilfenhaus,1,0,"",""
ball,1,44.5,India,MS Dhoni,SK Raina,BW Hilfenhaus,6,0,"",""
ball,1,44.6,India,MS Dhoni,SK Raina,BW Hilfenhaus,0,0,"",""
ball,1,45.1,India,SK Raina,MS Dhoni,SR Watson,1,0,"",""
ball,1,45.2,India,MS Dhoni,SK Raina,SR Watson,6,0,"",""
ball,1,45.3,India,MS Dhoni,SK Raina,SR Watson,6,0,"",""
ball,1,45.4,India,MS Dhoni,SK Raina,SR Watson,2,0,"",""
ball,1,45.5,India,MS Dhoni,SK Raina,SR Watson,1,0,"",""
ball,1,45.6,India,SK Raina,MS Dhoni,SR Watson,1,0,"",""
ball,1,46.1,India,SK Raina,MS Dhoni,BW Hilfenhaus,4,0,"",""
ball,1,46.2,India,SK Raina,MS Dhoni,BW Hilfenhaus,6,0,"",""
ball,1,46.3,India,SK Raina,MS Dhoni,BW Hilfenhaus,2,0,"",""
ball,1,46.4,India,SK Raina,MS Dhoni,BW Hilfenhaus,4,0,"",""
ball,1,46.5,India,SK Raina,MS Dhoni,BW Hilfenhaus,1,0,"",""
ball,1,46.6,India,MS Dhoni,SK Raina,BW Hilfenhaus,1,0,"",""
ball,1,47.1,India,MS Dhoni,SK Raina,SR Watson,1,0,"",""
ball,1,47.2,India,SK Raina,MS Dhoni,SR Watson,1,0,"",""
ball,1,47.3,India,MS Dhoni,SK Raina,SR Watson,4,0,"",""
ball,1,47.4,India,MS Dhoni,SK Raina,SR Watson,1,0,"",""
ball,1,47.5,India,SK Raina,MS Dhoni,SR Watson,2,0,"",""
ball,1,47.6,India,SK Raina,MS Dhoni,SR Watson,1,0,"",""
ball,1,48.1,India,SK Raina,MS Dhoni,PM Siddle,1,0,"",""
ball,1,48.2,India,MS Dhoni,SK Raina,PM Siddle,4,0,"",""
ball,1,48.3,India,MS Dhoni,SK Raina,PM Siddle,0,0,"",""
ball,1,48.4,India,MS Dhoni,SK Raina,PM Siddle,0,0,"",""
ball,1,48.5,India,MS Dhoni,SK Raina,PM Siddle,1,0,"",""
ball,1,48.6,India,SK Raina,MS Dhoni,PM Siddle,4,0,"",""
ball,1,49.1,India,MS Dhoni,SK Raina,MG Johnson,0,1,"",""
ball,1,49.2,India,MS Dhoni,SK Raina,MG Johnson,1,0,"",""
ball,1,49.3,India,SK Raina,MS Dhoni,MG Johnson,1,0,"",""
ball,1,49.4,India,MS Dhoni,SK Raina,MG Johnson,0,0,caught,MS Dhoni
ball,1,49.5,India,Harbhajan Singh,SK Raina,MG Johnson,1,0,"",""
ball,1,49.6,India,SK Raina,Harbhajan Singh,MG Johnson,0,0,caught,SK Raina
ball,1,49.7,India,P Kumar,Harbhajan Singh,MG Johnson,1,0,run out,P Kumar
ball,2,0.1,Australia,SR Watson,TD Paine,P Kumar,0,0,"",""
ball,2,0.2,Australia,SR Watson,TD Paine,P Kumar,0,0,"",""
ball,2,0.3,Australia,SR Watson,TD Paine,P Kumar,0,0,"",""
ball,2,0.4,Australia,SR Watson,TD Paine,P Kumar,0,0,"",""
ball,2,0.5,Australia,SR Watson,TD Paine,P Kumar,4,0,"",""
ball,2,0.6,Australia,SR Watson,TD Paine,P Kumar,1,0,"",""
ball,2,1.1,Australia,SR Watson,TD Paine,A Nehra,0,0,"",""
ball,2,1.2,Australia,SR Watson,TD Paine,A Nehra,0,0,"",""
ball,2,1.3,Australia,SR Watson,TD Paine,A Nehra,0,0,"",""
ball,2,1.4,Australia,SR Watson,TD Paine,A Nehra,1,0,"",""
ball,2,1.5,Australia,TD Paine,SR Watson,A Nehra,1,0,"",""
ball,2,1.6,Australia,SR Watson,TD Paine,A Nehra,0,0,"",""
ball,2,2.1,Australia,TD Paine,SR Watson,P Kumar,0,0,"",""
ball,2,2.2,Australia,TD Paine,SR Watson,P Kumar,0,0,"",""
ball,2,2.3,Australia,TD Paine,SR Watson,P Kumar,0,0,"",""
ball,2,2.4,Australia,TD Paine,SR Watson,P Kumar,0,0,"",""
ball,2,2.5,Australia,TD Paine,SR Watson,P Kumar,1,0,"",""
ball,2,2.6,Australia,SR Watson,TD Paine,P Kumar,4,0,"",""
ball,2,3.1,Australia,TD Paine,SR Watson,A Nehra,0,0,"",""
ball,2,3.2,Australia,TD Paine,SR Watson,A Nehra,0,0,"",""
ball,2,3.3,Australia,TD Paine,SR Watson,A Nehra,1,0,"",""
ball,2,3.4,Australia,SR Watson,TD Paine,A Nehra,0,0,"",""
ball,2,3.5,Australia,SR Watson,TD Paine,A Nehra,0,1,"",""
ball,2,3.6,Australia,SR Watson,TD Paine,A Nehra,0,0,"",""
ball,2,3.7,Australia,SR Watson,TD Paine,A Nehra,0,0,"",""
ball,2,4.1,Australia,TD Paine,SR Watson,P Kumar,1,0,"",""
ball,2,4.2,Australia,SR Watson,TD Paine,P Kumar,1,0,"",""
ball,2,4.3,Australia,TD Paine,SR Watson,P Kumar,0,0,"",""
ball,2,4.4,Australia,TD Paine,SR Watson,P Kumar,0,0,"",""
ball,2,4.5,Australia,TD Paine,SR Watson,P Kumar,4,0,"",""
ball,2,4.6,Australia,TD Paine,SR Watson,P Kumar,0,0,bowled,TD Paine
ball,2,5.1,Australia,SR Watson,RT Ponting,A Nehra,1,0,"",""
ball,2,5.2,Australia,RT Ponting,SR Watson,A Nehra,0,0,"",""
ball,2,5.3,Australia,RT Ponting,SR Watson,A Nehra,1,0,"",""
ball,2,5.4,Australia,SR Watson,RT Ponting,A Nehra,0,0,"",""
ball,2,5.5,Australia,SR Watson,RT Ponting,A Nehra,4,0,"",""
ball,2,5.6,Australia,SR Watson,RT Ponting,A Nehra,0,0,"",""
ball,2,6.1,Australia,RT Ponting,SR Watson,P Kumar,2,0,"",""
ball,2,6.2,Australia,RT Ponting,SR Watson,P Kumar,1,0,"",""
ball,2,6.3,Australia,SR Watson,RT Ponting,P Kumar,1,0,"",""
ball,2,6.4,Australia,RT Ponting,SR Watson,P Kumar,0,0,"",""
ball,2,6.5,Australia,RT Ponting,SR Watson,P Kumar,0,0,"",""
ball,2,6.6,Australia,RT Ponting,SR Watson,P Kumar,0,0,"",""
ball,2,7.1,Australia,SR Watson,RT Ponting,A Nehra,0,0,"",""
ball,2,7.2,Australia,SR Watson,RT Ponting,A Nehra,0,0,"",""
ball,2,7.3,Australia,SR Watson,RT Ponting,A Nehra,1,0,"",""
ball,2,7.4,Australia,RT Ponting,SR Watson,A Nehra,4,0,"",""
ball,2,7.5,Australia,RT Ponting,SR Watson,A Nehra,0,0,"",""
ball,2,7.6,Australia,RT Ponting,SR Watson,A Nehra,4,0,"",""
ball,2,8.1,Australia,SR Watson,RT Ponting,P Kumar,1,0,"",""
ball,2,8.2,Australia,RT Ponting,SR Watson,P Kumar,0,0,"",""
ball,2,8.3,Australia,RT Ponting,SR Watson,P Kumar,0,0,"",""
ball,2,8.4,Australia,RT Ponting,SR Watson,P Kumar,0,0,"",""
ball,2,8.5,Australia,RT Ponting,SR Watson,P Kumar,0,1,"",""
ball,2,8.6,Australia,RT Ponting,SR Watson,P Kumar,0,0,"",""
ball,2,8.7,Australia,RT Ponting,SR Watson,P Kumar,0,0,"",""
ball,2,9.1,Australia,SR Watson,RT Ponting,I Sharma,0,0,caught,SR Watson
ball,2,9.2,Australia,CL White,RT Ponting,I Sharma,0,0,"",""
ball,2,9.3,Australia,CL White,RT Ponting,I Sharma,4,0,"",""
ball,2,9.4,Australia,CL White,RT Ponting,I Sharma,0,0,"",""
ball,2,9.5,Australia,CL White,RT Ponting,I Sharma,0,0,"",""
ball,2,9.6,Australia,CL White,RT Ponting,I Sharma,0,0,"",""
ball,2,10.1,Australia,RT Ponting,CL White,P Kumar,0,0,lbw,RT Ponting
ball,2,10.2,Australia,MEK Hussey,CL White,P Kumar,0,0,"",""
ball,2,10.3,Australia,MEK Hussey,CL White,P Kumar,0,0,"",""
ball,2,10.4,Australia,MEK Hussey,CL White,P Kumar,0,0,"",""
ball,2,10.5,Australia,MEK Hussey,CL White,P Kumar,0,0,"",""
ball,2,10.6,Australia,MEK Hussey,CL White,P Kumar,0,0,"",""
ball,2,11.1,Australia,CL White,MEK Hussey,I Sharma,0,0,"",""
ball,2,11.2,Australia,CL White,MEK Hussey,I Sharma,0,0,"",""
ball,2,11.3,Australia,CL White,MEK Hussey,I Sharma,0,0,"",""
ball,2,11.4,Australia,CL White,MEK Hussey,I Sharma,0,0,"",""
ball,2,11.5,Australia,CL White,MEK Hussey,I Sharma,0,0,"",""
ball,2,11.6,Australia,CL White,MEK Hussey,I Sharma,1,0,"",""
ball,2,12.1,Australia,CL White,MEK Hussey,P Kumar,0,0,"",""
ball,2,12.2,Australia,CL White,MEK Hussey,P Kumar,0,0,"",""
ball,2,12.3,Australia,CL White,MEK Hussey,P Kumar,1,0,"",""
ball,2,12.4,Australia,MEK Hussey,CL White,P Kumar,1,0,"",""
ball,2,12.5,Australia,CL White,MEK Hussey,P Kumar,0,0,"",""
ball,2,12.6,Australia,CL White,MEK Hussey,P Kumar,4,0,"",""
ball,2,13.1,Australia,MEK Hussey,CL White,I Sharma,1,0,"",""
ball,2,13.2,Australia,CL White,MEK Hussey,I Sharma,1,0,"",""
ball,2,13.3,Australia,MEK Hussey,CL White,I Sharma,0,0,"",""
ball,2,13.4,Australia,MEK Hussey,CL White,I Sharma,0,0,"",""
ball,2,13.5,Australia,MEK Hussey,CL White,I Sharma,1,0,"",""
ball,2,13.6,Australia,CL White,MEK Hussey,I Sharma,0,0,"",""
ball,2,14.1,Australia,MEK Hussey,CL White,Harbhajan Singh,4,0,"",""
ball,2,14.2,Australia,MEK Hussey,CL White,Harbhajan Singh,4,0,"",""
ball,2,14.3,Australia,MEK Hussey,CL White,Harbhajan Singh,4,0,"",""
ball,2,14.4,Australia,MEK Hussey,CL White,Harbhajan Singh,0,1,"",""
ball,2,14.5,Australia,MEK Hussey,CL White,Harbhajan Singh,0,0,"",""
ball,2,14.6,Australia,MEK Hussey,CL White,Harbhajan Singh,0,0,"",""
ball,2,14.7,Australia,MEK Hussey,CL White,Harbhajan Singh,0,0,"",""
ball,2,15.1,Australia,CL White,MEK Hussey,I Sharma,4,0,"",""
ball,2,15.2,Australia,CL White,MEK Hussey,I Sharma,0,0,"",""
ball,2,15.3,Australia,CL White,MEK Hussey,I Sharma,0,0,"",""
ball,2,15.4,Australia,CL White,MEK Hussey,I Sharma,0,0,"",""
ball,2,15.5,Australia,CL White,MEK Hussey,I Sharma,1,0,"",""
ball,2,15.6,Australia,MEK Hussey,CL White,I Sharma,4,0,"",""
ball,2,16.1,Australia,CL White,MEK Hussey,Harbhajan Singh,1,0,"",""
ball,2,16.2,Australia,MEK Hussey,CL White,Harbhajan Singh,1,0,"",""
ball,2,16.3,Australia,CL White,MEK Hussey,Harbhajan Singh,0,0,"",""
ball,2,16.4,Australia,CL White,MEK Hussey,Harbhajan Singh,0,0,"",""
ball,2,16.5,Australia,CL White,MEK Hussey,Harbhajan Singh,1,0,"",""
ball,2,16.6,Australia,MEK Hussey,CL White,Harbhajan Singh,1,0,"",""
ball,2,17.1,Australia,MEK Hussey,CL White,I Sharma,0,0,"",""
ball,2,17.2,Australia,MEK Hussey,CL White,I Sharma,1,0,"",""
ball,2,17.3,Australia,CL White,MEK Hussey,I Sharma,1,0,"",""
ball,2,17.4,Australia,MEK Hussey,CL White,I Sharma,0,0,"",""
ball,2,17.5,Australia,MEK Hussey,CL White,I Sharma,1,0,"",""
ball,2,17.6,Australia,CL White,MEK Hussey,I Sharma,0,0,"",""
ball,2,18.1,Australia,MEK Hussey,CL White,Harbhajan Singh,1,0,"",""
ball,2,18.2,Australia,CL White,MEK Hussey,Harbhajan Singh,1,0,"",""
ball,2,18.3,Australia,MEK Hussey,CL White,Harbhajan Singh,1,0,"",""
ball,2,18.4,Australia,CL White,MEK Hussey,Harbhajan Singh,0,0,"",""
ball,2,18.5,Australia,CL White,MEK Hussey,Harbhajan Singh,0,0,"",""
ball,2,18.6,Australia,CL White,MEK Hussey,Harbhajan Singh,1,0,"",""
ball,2,19.1,Australia,CL White,MEK Hussey,Yuvraj Singh,0,0,"",""
ball,2,19.2,Australia,CL White,MEK Hussey,Yuvraj Singh,1,0,"",""
ball,2,19.3,Australia,MEK Hussey,CL White,Yuvraj Singh,0,1,"",""
ball,2,19.4,Australia,CL White,MEK Hussey,Yuvraj Singh,0,0,"",""
ball,2,19.5,Australia,CL White,MEK Hussey,Yuvraj Singh,0,0,"",""
ball,2,19.6,Australia,CL White,MEK Hussey,Yuvraj Singh,0,0,"",""
ball,2,20.1,Australia,MEK Hussey,CL White,Harbhajan Singh,1,0,"",""
ball,2,20.2,Australia,CL White,MEK Hussey,Harbhajan Singh,0,0,"",""
ball,2,20.3,Australia,CL White,MEK Hussey,Harbhajan Singh,0,0,"",""
ball,2,20.4,Australia,CL White,MEK Hussey,Harbhajan Singh,1,0,"",""
ball,2,20.5,Australia,MEK Hussey,CL White,Harbhajan Singh,1,0,"",""
ball,2,20.6,Australia,CL White,MEK Hussey,Harbhajan Singh,0,0,caught,CL White
ball,2,21.1,Australia,MEK Hussey,AC Voges,Yuvraj Singh,1,0,"",""
ball,2,21.2,Australia,AC Voges,MEK Hussey,Yuvraj Singh,3,0,"",""
ball,2,21.3,Australia,MEK Hussey,AC Voges,Yuvraj Singh,2,0,"",""
ball,2,21.4,Australia,MEK Hussey,AC Voges,Yuvraj Singh,1,0,"",""
ball,2,21.5,Australia,AC Voges,MEK Hussey,Yuvraj Singh,0,0,"",""
ball,2,21.6,Australia,AC Voges,MEK Hussey,Yuvraj Singh,0,0,"",""
ball,2,22.1,Australia,MEK Hussey,AC Voges,Harbhajan Singh,1,0,"",""
ball,2,22.2,Australia,AC Voges,MEK Hussey,Harbhajan Singh,0,0,"",""
ball,2,22.3,Australia,AC Voges,MEK Hussey,Harbhajan Singh,1,0,"",""
ball,2,22.4,Australia,MEK Hussey,AC Voges,Harbhajan Singh,0,1,"",""
ball,2,22.5,Australia,MEK Hussey,AC Voges,Harbhajan Singh,0,0,"",""
ball,2,22.6,Australia,MEK Hussey,AC Voges,Harbhajan Singh,1,0,"",""
ball,2,22.7,Australia,AC Voges,MEK Hussey,Harbhajan Singh,2,0,"",""
ball,2,23.1,Australia,MEK Hussey,AC Voges,Yuvraj Singh,2,0,"",""
ball,2,23.2,Australia,MEK Hussey,AC Voges,Yuvraj Singh,0,0,"",""
ball,2,23.3,Australia,MEK Hussey,AC Voges,Yuvraj Singh,1,0,"",""
ball,2,23.4,Australia,AC Voges,MEK Hussey,Yuvraj Singh,1,0,"",""
ball,2,23.5,Australia,MEK Hussey,AC Voges,Yuvraj Singh,1,0,"",""
ball,2,23.6,Australia,AC Voges,MEK Hussey,Yuvraj Singh,1,0,"",""
ball,2,24.1,Australia,AC Voges,MEK Hussey,Harbhajan Singh,0,0,"",""
ball,2,24.2,Australia,AC Voges,MEK Hussey,Harbhajan Singh,0,0,"",""
ball,2,24.3,Australia,AC Voges,MEK Hussey,Harbhajan Singh,2,0,"",""
ball,2,24.4,Australia,AC Voges,MEK Hussey,Harbhajan Singh,0,0,"",""
ball,2,24.5,Australia,AC Voges,MEK Hussey,Harbhajan Singh,0,1,"",""
ball,2,24.6,Australia,AC Voges,MEK Hussey,Harbhajan Singh,0,0,"",""
ball,2,24.7,Australia,AC Voges,MEK Hussey,Harbhajan Singh,0,0,"",""
ball,2,25.1,Australia,MEK Hussey,AC Voges,Yuvraj Singh,0,0,"",""
ball,2,25.2,Australia,MEK Hussey,AC Voges,Yuvraj Singh,0,0,"",""
ball,2,25.3,Australia,MEK Hussey,AC Voges,Yuvraj Singh,0,0,"",""
ball,2,25.4,Australia,MEK Hussey,AC Voges,Yuvraj Singh,1,0,"",""
ball,2,25.5,Australia,AC Voges,MEK Hussey,Yuvraj Singh,1,0,"",""
ball,2,25.6,Australia,MEK Hussey,AC Voges,Yuvraj Singh,0,0,"",""
ball,2,26.1,Australia,AC Voges,MEK Hussey,Harbhajan Singh,1,0,"",""
ball,2,26.2,Australia,MEK Hussey,AC Voges,Harbhajan Singh,0,0,"",""
ball,2,26.3,Australia,MEK Hussey,AC Voges,Harbhajan Singh,1,0,"",""
ball,2,26.4,Australia,AC Voges,MEK Hussey,Harbhajan Singh,0,0,"",""
ball,2,26.5,Australia,AC Voges,MEK Hussey,Harbhajan Singh,0,0,"",""
ball,2,26.6,Australia,AC Voges,MEK Hussey,Harbhajan Singh,2,0,"",""
ball,2,27.1,Australia,MEK Hussey,AC Voges,Yuvraj Singh,0,0,"",""
ball,2,27.2,Australia,MEK Hussey,AC Voges,Yuvraj Singh,0,0,"",""
ball,2,27.3,Australia,MEK Hussey,AC Voges,Yuvraj Singh,0,0,"",""
ball,2,27.4,Australia,MEK Hussey,AC Voges,Yuvraj Singh,1,0,"",""
ball,2,27.5,Australia,AC Voges,MEK Hussey,Yuvraj Singh,1,0,"",""
ball,2,27.6,Australia,MEK Hussey,AC Voges,Yuvraj Singh,2,0,"",""
ball,2,28.1,Australia,AC Voges,MEK Hussey,Harbhajan Singh,0,0,"",""
ball,2,28.2,Australia,AC Voges,MEK Hussey,Harbhajan Singh,1,0,"",""
ball,2,28.3,Australia,MEK Hussey,AC Voges,Harbhajan Singh,1,0,"",""
ball,2,28.4,Australia,AC Voges,MEK Hussey,Harbhajan Singh,1,0,"",""
ball,2,28.5,Australia,MEK Hussey,AC Voges,Harbhajan Singh,4,0,"",""
ball,2,28.6,Australia,MEK Hussey,AC Voges,Harbhajan Singh,0,0,"",""
ball,2,29.1,Australia,AC Voges,MEK Hussey,Yuvraj Singh,1,0,"",""
ball,2,29.2,Australia,MEK Hussey,AC Voges,Yuvraj Singh,4,0,"",""
ball,2,29.3,Australia,MEK Hussey,AC Voges,Yuvraj Singh,1,0,"",""
ball,2,29.4,Australia,AC Voges,MEK Hussey,Yuvraj Singh,1,0,"",""
ball,2,29.5,Australia,MEK Hussey,AC Voges,Yuvraj Singh,0,0,"",""
ball,2,29.6,Australia,MEK Hussey,AC Voges,Yuvraj Singh,1,0,"",""
ball,2,30.1,Australia,MEK Hussey,AC Voges,RA Jadeja,0,0,"",""
ball,2,30.2,Australia,MEK Hussey,AC Voges,RA Jadeja,0,0,"",""
ball,2,30.3,Australia,MEK Hussey,AC Voges,RA Jadeja,0,0,bowled,MEK Hussey
ball,2,30.4,Australia,SE Marsh,AC Voges,RA Jadeja,0,0,"",""
ball,2,30.5,Australia,SE Marsh,AC Voges,RA Jadeja,1,0,"",""
ball,2,30.6,Australia,AC Voges,SE Marsh,RA Jadeja,0,0,"",""
ball,2,31.1,Australia,SE Marsh,AC Voges,Yuvraj Singh,1,0,"",""
ball,2,31.2,Australia,AC Voges,SE Marsh,Yuvraj Singh,1,0,"",""
ball,2,31.3,Australia,SE Marsh,AC Voges,Yuvraj Singh,1,0,"",""
ball,2,31.4,Australia,AC Voges,SE Marsh,Yuvraj Singh,1,0,"",""
ball,2,31.5,Australia,SE Marsh,AC Voges,Yuvraj Singh,1,0,"",""
ball,2,31.6,Australia,AC Voges,SE Marsh,Yuvraj Singh,2,0,"",""
ball,2,32.1,Australia,SE Marsh,AC Voges,RA Jadeja,2,0,"",""
ball,2,32.2,Australia,SE Marsh,AC Voges,RA Jadeja,1,0,"",""
ball,2,32.3,Australia,AC Voges,SE Marsh,RA Jadeja,0,0,"",""
ball,2,32.4,Australia,AC Voges,SE Marsh,RA Jadeja,0,0,"",""
ball,2,32.5,Australia,AC Voges,SE Marsh,RA Jadeja,1,0,"",""
ball,2,32.6,Australia,SE Marsh,AC Voges,RA Jadeja,0,0,"",""
ball,2,33.1,Australia,AC Voges,SE Marsh,Yuvraj Singh,1,0,"",""
ball,2,33.2,Australia,SE Marsh,AC Voges,Yuvraj Singh,0,0,"",""
ball,2,33.3,Australia,SE Marsh,AC Voges,Yuvraj Singh,1,0,"",""
ball,2,33.4,Australia,AC Voges,SE Marsh,Yuvraj Singh,1,0,"",""
ball,2,33.5,Australia,SE Marsh,AC Voges,Yuvraj Singh,0,0,"",""
ball,2,33.6,Australia,SE Marsh,AC Voges,Yuvraj Singh,1,0,"",""
ball,2,34.1,Australia,SE Marsh,AC Voges,RA Jadeja,0,1,"",""
ball,2,34.2,Australia,AC Voges,SE Marsh,RA Jadeja,1,0,"",""
ball,2,34.3,Australia,SE Marsh,AC Voges,RA Jadeja,0,1,"",""
ball,2,34.4,Australia,AC Voges,SE Marsh,RA Jadeja,1,0,"",""
ball,2,34.5,Australia,SE Marsh,AC Voges,RA Jadeja,0,0,"",""
ball,2,34.6,Australia,SE Marsh,AC Voges,RA Jadeja,6,0,"",""
ball,2,35.1,Australia,AC Voges,SE Marsh,Harbhajan Singh,4,0,"",""
ball,2,35.2,Australia,AC Voges,SE Marsh,Harbhajan Singh,0,0,"",""
ball,2,35.3,Australia,AC Voges,SE Marsh,Harbhajan Singh,1,0,"",""
ball,2,35.4,Australia,SE Marsh,AC Voges,Harbhajan Singh,0,1,"",""
ball,2,35.5,Australia,AC Voges,SE Marsh,Harbhajan Singh,1,0,"",""
ball,2,35.6,Australia,SE Marsh,AC Voges,Harbhajan Singh,1,0,"",""
ball,2,36.1,Australia,SE Marsh,AC Voges,RA Jadeja,1,0,"",""
ball,2,36.2,Australia,AC Voges,SE Marsh,RA Jadeja,0,0,"",""
ball,2,36.3,Australia,AC Voges,SE Marsh,RA Jadeja,1,0,"",""
ball,2,36.4,Australia,SE Marsh,AC Voges,RA Jadeja,4,0,"",""
ball,2,36.5,Australia,SE Marsh,AC Voges,RA Jadeja,0,0,stumped,SE Marsh
ball,2,36.6,Australia,MG Johnson,AC Voges,RA Jadeja,1,0,"",""
ball,2,37.1,Australia,MG Johnson,AC Voges,Harbhajan Singh,0,0,"",""
ball,2,37.2,Australia,MG Johnson,AC Voges,Harbhajan Singh,0,0,"",""
ball,2,37.3,Australia,MG Johnson,AC Voges,Harbhajan Singh,0,1,"",""
ball,2,37.4,Australia,MG Johnson,AC Voges,Harbhajan Singh,4,0,"",""
ball,2,37.5,Australia,MG Johnson,AC Voges,Harbhajan Singh,0,0,"",""
ball,2,37.6,Australia,MG Johnson,AC Voges,Harbhajan Singh,0,0,"",""
ball,2,37.7,Australia,MG Johnson,AC Voges,Harbhajan Singh,6,0,"",""
ball,2,38.1,Australia,AC Voges,MG Johnson,RA Jadeja,1,0,"",""
ball,2,38.2,Australia,MG Johnson,AC Voges,RA Jadeja,1,0,"",""
ball,2,38.3,Australia,AC Voges,MG Johnson,RA Jadeja,0,0,bowled,AC Voges
ball,2,38.4,Australia,NM Hauritz,MG Johnson,RA Jadeja,1,0,"",""
ball,2,38.5,Australia,MG Johnson,NM Hauritz,RA Jadeja,1,0,"",""
ball,2,38.6,Australia,NM Hauritz,MG Johnson,RA Jadeja,1,0,"",""
ball,2,39.1,Australia,NM Hauritz,MG Johnson,SK Raina,0,0,"",""
ball,2,39.2,Australia,NM Hauritz,MG Johnson,SK Raina,0,0,"",""
ball,2,39.3,Australia,NM Hauritz,MG Johnson,SK Raina,0,0,"",""
ball,2,39.4,Australia,NM Hauritz,MG Johnson,SK Raina,1,0,"",""
ball,2,39.5,Australia,MG Johnson,NM Hauritz,SK Raina,1,0,"",""
ball,2,39.6,Australia,NM Hauritz,MG Johnson,SK Raina,1,0,"",""
ball,2,40.1,Australia,NM Hauritz,MG Johnson,RA Jadeja,1,0,"",""
ball,2,40.2,Australia,MG Johnson,NM Hauritz,RA Jadeja,4,0,"",""
ball,2,40.3,Australia,MG Johnson,NM Hauritz,RA Jadeja,1,0,"",""
ball,2,40.4,Australia,NM Hauritz,MG Johnson,RA Jadeja,0,0,"",""
ball,2,40.5,Australia,NM Hauritz,MG Johnson,RA Jadeja,0,0,"",""
ball,2,40.6,Australia,NM Hauritz,MG Johnson,RA Jadeja,4,0,"",""
ball,2,41.1,Australia,MG Johnson,NM Hauritz,A Nehra,1,0,"",""
ball,2,41.2,Australia,NM Hauritz,MG Johnson,A Nehra,4,0,"",""
ball,2,41.3,Australia,NM Hauritz,MG Johnson,A Nehra,0,1,"",""
ball,2,41.4,Australia,NM Hauritz,MG Johnson,A Nehra,1,0,"",""
ball,2,41.5,Australia,MG Johnson,NM Hauritz,A Nehra,0,0,"",""
ball,2,41.6,Australia,MG Johnson,NM Hauritz,A Nehra,0,0,"",""
ball,2,41.7,Australia,MG Johnson,NM Hauritz,A Nehra,0,0,"",""
ball,2,42.1,Australia,NM Hauritz,MG Johnson,I Sharma,0,0,"",""
ball,2,42.2,Australia,NM Hauritz,MG Johnson,I Sharma,1,0,"",""
ball,2,42.3,Australia,MG Johnson,NM Hauritz,I Sharma,0,1,"",""
ball,2,42.4,Australia,NM Hauritz,MG Johnson,I Sharma,1,0,"",""
ball,2,42.5,Australia,MG Johnson,NM Hauritz,I Sharma,1,0,"",""
ball,2,42.6,Australia,NM Hauritz,MG Johnson,I Sharma,1,0,"",""
ball,2,43.1,Australia,NM Hauritz,MG Johnson,A Nehra,0,0,"",""
ball,2,43.2,Australia,NM Hauritz,MG Johnson,A Nehra,1,0,"",""
ball,2,43.3,Australia,MG Johnson,NM Hauritz,A Nehra,0,0,bowled,MG Johnson
ball,2,43.4,Australia,PM Siddle,NM Hauritz,A Nehra,1,0,"",""
ball,2,43.5,Australia,NM Hauritz,PM Siddle,A Nehra,0,0,"",""
ball,2,43.6,Australia,NM Hauritz,PM Siddle,A Nehra,4,0,"",""
ball,2,44.1,Australia,PM Siddle,NM Hauritz,I Sharma,0,0,"",""
ball,2,44.2,Australia,PM Siddle,NM Hauritz,I Sharma,0,0,"",""
ball,2,44.3,Australia,PM Siddle,NM Hauritz,I Sharma,2,0,"",""
ball,2,44.4,Australia,PM Siddle,NM Hauritz,I Sharma,0,0,caught,PM Siddle
ball,2,44.5,Australia,BW Hilfenhaus,NM Hauritz,I Sharma,1,0,"",""
ball,2,44.6,Australia,NM Hauritz,BW Hilfenhaus,I Sharma,2,0,"",""
ball,2,45.1,Australia,BW Hilfenhaus,NM Hauritz,A Nehra,1,0,"",""
ball,2,45.2,Australia,NM Hauritz,BW Hilfenhaus,A Nehra,1,0,"",""
ball,2,45.3,Australia,BW Hilfenhaus,NM Hauritz,A Nehra,4,0,"",""
ball,2,45.4,Australia,BW Hilfenhaus,NM Hauritz,A Nehra,1,0,"",""
ball,2,45.5,Australia,NM Hauritz,BW Hilfenhaus,A Nehra,0,0,"",""
ball,2,45.6,Australia,NM Hauritz,BW Hilfenhaus,A Nehra,1,0,"",""
ball,2,46.1,Australia,NM Hauritz,BW Hilfenhaus,I Sharma,0,0,"",""
ball,2,46.2,Australia,NM Hauritz,BW Hilfenhaus,I Sharma,1,0,"",""
ball,2,46.3,Australia,BW Hilfenhaus,NM Hauritz,I Sharma,1,0,"",""
ball,2,46.4,Australia,NM Hauritz,BW Hilfenhaus,I Sharma,2,0,"",""
ball,2,46.5,Australia,NM Hauritz,BW Hilfenhaus,I Sharma,0,0,"",""
ball,2,46.6,Australia,NM Hauritz,BW Hilfenhaus,I Sharma,0,1,"",""
ball,2,46.7,Australia,NM Hauritz,BW Hilfenhaus,I Sharma,0,0,"",""
ball,2,47.1,Australia,BW Hilfenhaus,NM Hauritz,P Kumar,1,0,"",""
ball,2,47.2,Australia,NM Hauritz,BW Hilfenhaus,P Kumar,0,0,"",""
ball,2,47.3,Australia,NM Hauritz,BW Hilfenhaus,P Kumar,1,0,"",""
ball,2,47.4,Australia,BW Hilfenhaus,NM Hauritz,P Kumar,4,0,"",""
ball,2,47.5,Australia,BW Hilfenhaus,NM Hauritz,P Kumar,2,0,"",""
ball,2,47.6,Australia,BW Hilfenhaus,NM Hauritz,P Kumar,1,0,"",""
ball,2,48.1,Australia,BW Hilfenhaus,NM Hauritz,RA Jadeja,0,0,"",""
ball,2,48.2,Australia,BW Hilfenhaus,NM Hauritz,RA Jadeja,0,0,"",""
ball,2,48.3,Australia,BW Hilfenhaus,NM Hauritz,RA Jadeja,0,0,run out,BW Hilfenhaus
