version,1.3.0
info,team,Bangladesh
info,team,Zimbabwe
info,gender,male
info,season,2009/10
info,date,2009/10/31
info,series,Zimbabwe in Bangladesh ODI Series
info,match_number,3
info,venue,Shere Bangla National Stadium
info,city,Mirpur
info,toss_winner,Bangladesh
info,toss_decision,field
info,player_of_match,Tamim Iqbal
info,umpire,Aleem Dar
info,umpire,Nadir Shah
info,reserve_umpire,Mahfuzur Rahman
info,tv_umpire,Sharfuddoula
info,match_referee,RS Madugalle
info,winner,Bangladesh
info,winner_wickets,4
ball,1,0.1,Zimbabwe,H Masakadza,BRM Taylor,Nazmul Hossain,0,0,"",""
ball,1,0.2,Zimbabwe,H Masakadza,BRM Taylor,Nazmul Hossain,0,0,"",""
ball,1,0.3,Zimbabwe,H Masakadza,BRM Taylor,Nazmul Hossain,0,0,"",""
ball,1,0.4,Zimbabwe,H Masakadza,BRM Taylor,Nazmul Hossain,1,0,"",""
ball,1,0.5,Zimbabwe,BRM Taylor,H Masakadza,Nazmul Hossain,0,0,"",""
ball,1,0.6,Zimbabwe,BRM Taylor,H Masakadza,Nazmul Hossain,1,0,"",""
ball,1,1.1,Zimbabwe,BRM Taylor,H Masakadza,Abdur Razzak,0,0,"",""
ball,1,1.2,Zimbabwe,BRM Taylor,H Masakadza,Abdur Razzak,0,0,"",""
ball,1,1.3,Zimbabwe,BRM Taylor,H Masakadza,Abdur Razzak,0,0,"",""
ball,1,1.4,Zimbabwe,BRM Taylor,H Masakadza,Abdur Razzak,0,0,"",""
ball,1,1.5,Zimbabwe,BRM Taylor,H Masakadza,Abdur Razzak,0,0,"",""
ball,1,1.6,Zimbabwe,BRM Taylor,H Masakadza,Abdur Razzak,0,0,"",""
ball,1,2.1,Zimbabwe,H Masakadza,BRM Taylor,Nazmul Hossain,0,0,"",""
ball,1,2.2,Zimbabwe,H Masakadza,BRM Taylor,Nazmul Hossain,4,0,"",""
ball,1,2.3,Zimbabwe,H Masakadza,BRM Taylor,Nazmul Hossain,0,0,"",""
ball,1,2.4,Zimbabwe,H Masakadza,BRM Taylor,Nazmul Hossain,0,0,"",""
ball,1,2.5,Zimbabwe,H Masakadza,BRM Taylor,Nazmul Hossain,4,0,"",""
ball,1,2.6,Zimbabwe,H Masakadza,BRM Taylor,Nazmul Hossain,0,0,"",""
ball,1,3.1,Zimbabwe,BRM Taylor,H Masakadza,Abdur Razzak,1,0,"",""
ball,1,3.2,Zimbabwe,H Masakadza,BRM Taylor,Abdur Razzak,0,0,"",""
ball,1,3.3,Zimbabwe,H Masakadza,BRM Taylor,Abdur Razzak,0,0,"",""
ball,1,3.4,Zimbabwe,H Masakadza,BRM Taylor,Abdur Razzak,0,0,"",""
ball,1,3.5,Zimbabwe,H Masakadza,BRM Taylor,Abdur Razzak,4,0,"",""
ball,1,3.6,Zimbabwe,H Masakadza,BRM Taylor,Abdur Razzak,4,0,"",""
ball,1,4.1,Zimbabwe,BRM Taylor,H Masakadza,Nazmul Hossain,0,0,"",""
ball,1,4.2,Zimbabwe,BRM Taylor,H Masakadza,Nazmul Hossain,0,0,"",""
ball,1,4.3,Zimbabwe,BRM Taylor,H Masakadza,Nazmul Hossain,0,0,"",""
ball,1,4.4,Zimbabwe,BRM Taylor,H Masakadza,Nazmul Hossain,0,0,"",""
ball,1,4.5,Zimbabwe,BRM Taylor,H Masakadza,Nazmul Hossain,0,0,"",""
ball,1,4.6,Zimbabwe,BRM Taylor,H Masakadza,Nazmul Hossain,0,0,caught,BRM Taylor
ball,1,5.1,Zimbabwe,H Masakadza,CK Coventry,Shakib Al Hasan,0,0,"",""
ball,1,5.2,Zimbabwe,H Masakadza,CK Coventry,Shakib Al Hasan,0,0,"",""
ball,1,5.3,Zimbabwe,H Masakadza,CK Coventry,Shakib Al Hasan,1,0,"",""
ball,1,5.4,Zimbabwe,CK Coventry,H Masakadza,Shakib Al Hasan,4,0,"",""
ball,1,5.5,Zimbabwe,CK Coventry,H Masakadza,Shakib Al Hasan,4,0,"",""
ball,1,5.6,Zimbabwe,CK Coventry,H Masakadza,Shakib Al Hasan,0,0,"",""
ball,1,6.1,Zimbabwe,H Masakadza,CK Coventry,Abdur Razzak,0,0,"",""
ball,1,6.2,Zimbabwe,H Masakadza,CK Coventry,Abdur Razzak,0,0,"",""
ball,1,6.3,Zimbabwe,H Masakadza,CK Coventry,Abdur Razzak,1,0,"",""
ball,1,6.4,Zimbabwe,CK Coventry,H Masakadza,Abdur Razzak,0,0,"",""
ball,1,6.5,Zimbabwe,CK Coventry,H Masakadza,Abdur Razzak,0,0,"",""
ball,1,6.6,Zimbabwe,CK Coventry,H Masakadza,Abdur Razzak,0,0,"",""
ball,1,7.1,Zimbabwe,H Masakadza,CK Coventry,Enamul Haque jnr,4,0,"",""
ball,1,7.2,Zimbabwe,H Masakadza,CK Coventry,Enamul Haque jnr,6,0,"",""
ball,1,7.3,Zimbabwe,H Masakadza,CK Coventry,Enamul Haque jnr,0,0,"",""
ball,1,7.4,Zimbabwe,H Masakadza,CK Coventry,Enamul Haque jnr,0,1,"",""
ball,1,7.5,Zimbabwe,CK Coventry,H Masakadza,Enamul Haque jnr,0,0,"",""
ball,1,7.6,Zimbabwe,CK Coventry,H Masakadza,Enamul Haque jnr,0,0,"",""
ball,1,8.1,Zimbabwe,H Masakadza,CK Coventry,Abdur Razzak,0,0,"",""
ball,1,8.2,Zimbabwe,H Masakadza,CK Coventry,Abdur Razzak,0,0,"",""
ball,1,8.3,Zimbabwe,H Masakadza,CK Coventry,Abdur Razzak,4,0,"",""
ball,1,8.4,Zimbabwe,H Masakadza,CK Coventry,Abdur Razzak,1,0,"",""
ball,1,8.5,Zimbabwe,CK Coventry,H Masakadza,Abdur Razzak,0,0,"",""
ball,1,8.6,Zimbabwe,CK Coventry,H Masakadza,Abdur Razzak,0,0,"",""
ball,1,9.1,Zimbabwe,H Masakadza,CK Coventry,Shakib Al Hasan,0,0,"",""
ball,1,9.2,Zimbabwe,H Masakadza,CK Coventry,Shakib Al Hasan,0,0,"",""
ball,1,9.3,Zimbabwe,H Masakadza,CK Coventry,Shakib Al Hasan,4,0,"",""
ball,1,9.4,Zimbabwe,H Masakadza,CK Coventry,Shakib Al Hasan,4,0,"",""
ball,1,9.5,Zimbabwe,H Masakadza,CK Coventry,Shakib Al Hasan,0,0,"",""
ball,1,9.6,Zimbabwe,H Masakadza,CK Coventry,Shakib Al Hasan,4,0,"",""
ball,1,10.1,Zimbabwe,CK Coventry,H Masakadza,Abdur Razzak,1,0,"",""
ball,1,10.2,Zimbabwe,H Masakadza,CK Coventry,Abdur Razzak,4,0,"",""
ball,1,10.3,Zimbabwe,H Masakadza,CK Coventry,Abdur Razzak,0,0,"",""
ball,1,10.4,Zimbabwe,H Masakadza,CK Coventry,Abdur Razzak,1,0,"",""
ball,1,10.5,Zimbabwe,CK Coventry,H Masakadza,Abdur Razzak,1,0,"",""
ball,1,10.6,Zimbabwe,H Masakadza,CK Coventry,Abdur Razzak,0,0,"",""
ball,1,11.1,Zimbabwe,CK Coventry,H Masakadza,Enamul Haque jnr,0,1,"",""
ball,1,11.2,Zimbabwe,H Masakadza,CK Coventry,Enamul Haque jnr,0,0,"",""
ball,1,11.3,Zimbabwe,H Masakadza,CK Coventry,Enamul Haque jnr,1,0,"",""
ball,1,11.4,Zimbabwe,CK Coventry,H Masakadza,Enamul Haque jnr,1,0,"",""
ball,1,11.5,Zimbabwe,H Masakadza,CK Coventry,Enamul Haque jnr,1,0,"",""
ball,1,11.6,Zimbabwe,CK Coventry,H Masakadza,Enamul Haque jnr,1,0,"",""
ball,1,12.1,Zimbabwe,CK Coventry,H Masakadza,Naeem Islam,1,0,"",""
ball,1,12.2,Zimbabwe,H Masakadza,CK Coventry,Naeem Islam,1,0,"",""
ball,1,12.3,Zimbabwe,CK Coventry,H Masakadza,Naeem Islam,0,0,"",""
ball,1,12.4,Zimbabwe,CK Coventry,H Masakadza,Naeem Islam,6,0,"",""
ball,1,12.5,Zimbabwe,CK Coventry,H Masakadza,Naeem Islam,1,0,"",""
ball,1,12.6,Zimbabwe,H Masakadza,CK Coventry,Naeem Islam,0,0,"",""
ball,1,13.1,Zimbabwe,CK Coventry,H Masakadza,Enamul Haque jnr,0,0,"",""
ball,1,13.2,Zimbabwe,CK Coventry,H Masakadza,Enamul Haque jnr,0,1,"",""
ball,1,13.3,Zimbabwe,H Masakadza,CK Coventry,Enamul Haque jnr,1,0,"",""
ball,1,13.4,Zimbabwe,CK Coventry,H Masakadza,Enamul Haque jnr,0,0,"",""
ball,1,13.5,Zimbabwe,CK Coventry,H Masakadza,Enamul Haque jnr,0,0,"",""
ball,1,13.6,Zimbabwe,CK Coventry,H Masakadza,Enamul Haque jnr,1,0,"",""
ball,1,14.1,Zimbabwe,CK Coventry,H Masakadza,Shakib Al Hasan,1,0,"",""
ball,1,14.2,Zimbabwe,H Masakadza,CK Coventry,Shakib Al Hasan,1,0,"",""
ball,1,14.3,Zimbabwe,CK Coventry,H Masakadza,Shakib Al Hasan,1,0,"",""
ball,1,14.4,Zimbabwe,H Masakadza,CK Coventry,Shakib Al Hasan,0,0,"",""
ball,1,14.5,Zimbabwe,H Masakadza,CK Coventry,Shakib Al Hasan,0,0,"",""
ball,1,14.6,Zimbabwe,H Masakadza,CK Coventry,Shakib Al Hasan,0,0,"",""
ball,1,15.1,Zimbabwe,CK Coventry,H Masakadza,Enamul Haque jnr,6,0,"",""
ball,1,15.2,Zimbabwe,CK Coventry,H Masakadza,Enamul Haque jnr,0,0,"",""
ball,1,15.3,Zimbabwe,CK Coventry,H Masakadza,Enamul Haque jnr,0,0,caught,CK Coventry
ball,1,15.4,Zimbabwe,H Masakadza,F Mutizwa,Enamul Haque jnr,1,0,"",""
ball,1,15.5,Zimbabwe,F Mutizwa,H Masakadza,Enamul Haque jnr,0,0,"",""
ball,1,15.6,Zimbabwe,F Mutizwa,H Masakadza,Enamul Haque jnr,0,0,caught,F Mutizwa
ball,1,16.1,Zimbabwe,MN Waller,H Masakadza,Shakib Al Hasan,0,0,"",""
ball,1,16.2,Zimbabwe,MN Waller,H Masakadza,Shakib Al Hasan,1,0,"",""
ball,1,16.3,Zimbabwe,H Masakadza,MN Waller,Shakib Al Hasan,1,0,"",""
ball,1,16.4,Zimbabwe,MN Waller,H Masakadza,Shakib Al Hasan,0,0,"",""
ball,1,16.5,Zimbabwe,MN Waller,H Masakadza,Shakib Al Hasan,0,0,"",""
ball,1,16.6,Zimbabwe,MN Waller,H Masakadza,Shakib Al Hasan,1,0,"",""
ball,1,17.1,Zimbabwe,MN Waller,H Masakadza,Enamul Haque jnr,0,0,"",""
ball,1,17.2,Zimbabwe,MN Waller,H Masakadza,Enamul Haque jnr,0,0,"",""
ball,1,17.3,Zimbabwe,MN Waller,H Masakadza,Enamul Haque jnr,4,0,"",""
ball,1,17.4,Zimbabwe,MN Waller,H Masakadza,Enamul Haque jnr,0,0,"",""
ball,1,17.5,Zimbabwe,MN Waller,H Masakadza,Enamul Haque jnr,0,0,"",""
ball,1,17.6,Zimbabwe,MN Waller,H Masakadza,Enamul Haque jnr,1,0,"",""
ball,1,18.1,Zimbabwe,MN Waller,H Masakadza,Shakib Al Hasan,4,0,"",""
ball,1,18.2,Zimbabwe,MN Waller,H Masakadza,Shakib Al Hasan,0,0,"",""
ball,1,18.3,Zimbabwe,MN Waller,H Masakadza,Shakib Al Hasan,0,0,"",""
ball,1,18.4,Zimbabwe,MN Waller,H Masakadza,Shakib Al Hasan,0,0,"",""
ball,1,18.5,Zimbabwe,MN Waller,H Masakadza,Shakib Al Hasan,0,0,"",""
ball,1,18.6,Zimbabwe,MN Waller,H Masakadza,Shakib Al Hasan,0,0,"",""
ball,1,19.1,Zimbabwe,H Masakadza,MN Waller,Enamul Haque jnr,0,0,"",""
ball,1,19.2,Zimbabwe,H Masakadza,MN Waller,Enamul Haque jnr,3,0,"",""
ball,1,19.3,Zimbabwe,MN Waller,H Masakadza,Enamul Haque jnr,0,0,"",""
ball,1,19.4,Zimbabwe,MN Waller,H Masakadza,Enamul Haque jnr,1,0,"",""
ball,1,19.5,Zimbabwe,H Masakadza,MN Waller,Enamul Haque jnr,2,0,"",""
ball,1,19.6,Zimbabwe,H Masakadza,MN Waller,Enamul Haque jnr,0,0,"",""
ball,1,20.1,Zimbabwe,MN Waller,H Masakadza,Mohammad Ashraful,1,0,"",""
ball,1,20.2,Zimbabwe,H Masakadza,MN Waller,Mohammad Ashraful,0,0,"",""
ball,1,20.3,Zimbabwe,H Masakadza,MN Waller,Mohammad Ashraful,0,3,"",""
ball,1,20.4,Zimbabwe,MN Waller,H Masakadza,Mohammad Ashraful,0,1,"",""
ball,1,20.5,Zimbabwe,MN Waller,H Masakadza,Mohammad Ashraful,1,0,"",""
ball,1,20.6,Zimbabwe,H Masakadza,MN Waller,Mohammad Ashraful,0,0,"",""
ball,1,20.7,Zimbabwe,H Masakadza,MN Waller,Mohammad Ashraful,0,0,"",""
ball,1,21.1,Zimbabwe,MN Waller,H Masakadza,Enamul Haque jnr,0,0,"",""
ball,1,21.2,Zimbabwe,MN Waller,H Masakadza,Enamul Haque jnr,0,0,"",""
ball,1,21.3,Zimbabwe,MN Waller,H Masakadza,Enamul Haque jnr,1,0,"",""
ball,1,21.4,Zimbabwe,H Masakadza,MN Waller,Enamul Haque jnr,1,0,"",""
ball,1,21.5,Zimbabwe,MN Waller,H Masakadza,Enamul Haque jnr,0,0,"",""
ball,1,21.6,Zimbabwe,MN Waller,H Masakadza,Enamul Haque jnr,0,0,"",""
ball,1,22.1,Zimbabwe,H Masakadza,MN Waller,Mohammad Ashraful,0,0,"",""
ball,1,22.2,Zimbabwe,H Masakadza,MN Waller,Mohammad Ashraful,2,0,"",""
ball,1,22.3,Zimbabwe,H Masakadza,MN Waller,Mohammad Ashraful,2,0,"",""
ball,1,22.4,Zimbabwe,H Masakadza,MN Waller,Mohammad Ashraful,0,0,"",""
ball,1,22.5,Zimbabwe,H Masakadza,MN Waller,Mohammad Ashraful,0,0,"",""
ball,1,22.6,Zimbabwe,H Masakadza,MN Waller,Mohammad Ashraful,4,0,"",""
ball,1,23.1,Zimbabwe,MN Waller,H Masakadza,Enamul Haque jnr,1,0,"",""
ball,1,23.2,Zimbabwe,H Masakadza,MN Waller,Enamul Haque jnr,0,0,"",""
ball,1,23.3,Zimbabwe,H Masakadza,MN Waller,Enamul Haque jnr,1,0,"",""
ball,1,23.4,Zimbabwe,MN Waller,H Masakadza,Enamul Haque jnr,0,0,"",""
ball,1,23.5,Zimbabwe,MN Waller,H Masakadza,Enamul Haque jnr,2,0,"",""
ball,1,23.6,Zimbabwe,MN Waller,H Masakadza,Enamul Haque jnr,0,0,"",""
ball,1,24.1,Zimbabwe,H Masakadza,MN Waller,Mahmudullah,0,0,"",""
ball,1,24.2,Zimbabwe,H Masakadza,MN Waller,Mahmudullah,0,0,"",""
ball,1,24.3,Zimbabwe,H Masakadza,MN Waller,Mahmudullah,1,0,"",""
ball,1,24.4,Zimbabwe,MN Waller,H Masakadza,Mahmudullah,0,0,"",""
ball,1,24.5,Zimbabwe,MN Waller,H Masakadza,Mahmudullah,0,0,"",""
ball,1,24.6,Zimbabwe,MN Waller,H Masakadza,Mahmudullah,1,0,"",""
ball,1,25.1,Zimbabwe,MN Waller,H Masakadza,Abdur Razzak,0,0,"",""
ball,1,25.2,Zimbabwe,MN Waller,H Masakadza,Abdur Razzak,1,0,"",""
ball,1,25.3,Zimbabwe,H Masakadza,MN Waller,Abdur Razzak,1,0,"",""
ball,1,25.4,Zimbabwe,MN Waller,H Masakadza,Abdur Razzak,1,0,"",""
ball,1,25.5,Zimbabwe,H Masakadza,MN Waller,Abdur Razzak,1,0,"",""
ball,1,25.6,Zimbabwe,MN Waller,H Masakadza,Abdur Razzak,1,0,"",""
ball,1,26.1,Zimbabwe,MN Waller,H Masakadza,Mahmudullah,1,0,"",""
ball,1,26.2,Zimbabwe,H Masakadza,MN Waller,Mahmudullah,1,0,"",""
ball,1,26.3,Zimbabwe,MN Waller,H Masakadza,Mahmudullah,1,0,"",""
ball,1,26.4,Zimbabwe,H Masakadza,MN Waller,Mahmudullah,1,0,"",""
ball,1,26.5,Zimbabwe,MN Waller,H Masakadza,Mahmudullah,1,0,"",""
ball,1,26.6,Zimbabwe,H Masakadza,MN Waller,Mahmudullah,1,0,"",""
ball,1,27.1,Zimbabwe,H Masakadza,MN Waller,Abdur Razzak,4,0,"",""
ball,1,27.2,Zimbabwe,H Masakadza,MN Waller,Abdur Razzak,1,0,"",""
ball,1,27.3,Zimbabwe,MN Waller,H Masakadza,Abdur Razzak,1,0,"",""
ball,1,27.4,Zimbabwe,H Masakadza,MN Waller,Abdur Razzak,0,0,caught,H Masakadza
ball,1,27.5,Zimbabwe,S Matsikenyeri,MN Waller,Abdur Razzak,4,0,"",""
ball,1,27.6,Zimbabwe,S Matsikenyeri,MN Waller,Abdur Razzak,0,0,"",""
ball,1,28.1,Zimbabwe,MN Waller,S Matsikenyeri,Mahmudullah,0,0,"",""
ball,1,28.2,Zimbabwe,MN Waller,S Matsikenyeri,Mahmudullah,1,0,"",""
ball,1,28.3,Zimbabwe,S Matsikenyeri,MN Waller,Mahmudullah,1,0,"",""
ball,1,28.4,Zimbabwe,MN Waller,S Matsikenyeri,Mahmudullah,0,0,bowled,MN Waller
ball,1,28.5,Zimbabwe,E Chigumbura,S Matsikenyeri,Mahmudullah,0,0,"",""
ball,1,28.6,Zimbabwe,E Chigumbura,S Matsikenyeri,Mahmudullah,0,0,"",""
ball,1,29.1,Zimbabwe,S Matsikenyeri,E Chigumbura,Abdur Razzak,0,1,"",""
ball,1,29.2,Zimbabwe,S Matsikenyeri,E Chigumbura,Abdur Razzak,0,0,"",""
ball,1,29.3,Zimbabwe,S Matsikenyeri,E Chigumbura,Abdur Razzak,0,0,"",""
ball,1,29.4,Zimbabwe,S Matsikenyeri,E Chigumbura,Abdur Razzak,0,0,"",""
ball,1,29.5,Zimbabwe,S Matsikenyeri,E Chigumbura,Abdur Razzak,0,0,"",""
ball,1,29.6,Zimbabwe,S Matsikenyeri,E Chigumbura,Abdur Razzak,0,2,"",""
ball,1,29.7,Zimbabwe,E Chigumbura,S Matsikenyeri,Abdur Razzak,1,0,"",""
ball,1,29.8,Zimbabwe,S Matsikenyeri,E Chigumbura,Abdur Razzak,0,0,bowled,S Matsikenyeri
ball,1,30.1,Zimbabwe,E Chigumbura,CJ Chibhabha,Mahmudullah,4,0,"",""
ball,1,30.2,Zimbabwe,E Chigumbura,CJ Chibhabha,Mahmudullah,0,0,"",""
ball,1,30.3,Zimbabwe,E Chigumbura,CJ Chibhabha,Mahmudullah,2,0,"",""
ball,1,30.4,Zimbabwe,E Chigumbura,CJ Chibhabha,Mahmudullah,0,0,"",""
ball,1,30.5,Zimbabwe,E Chigumbura,CJ Chibhabha,Mahmudullah,1,0,"",""
ball,1,30.6,Zimbabwe,CJ Chibhabha,E Chigumbura,Mahmudullah,0,0,"",""
ball,1,31.1,Zimbabwe,E Chigumbura,CJ Chibhabha,Shakib Al Hasan,0,0,"",""
ball,1,31.2,Zimbabwe,E Chigumbura,CJ Chibhabha,Shakib Al Hasan,0,0,"",""
ball,1,31.3,Zimbabwe,E Chigumbura,CJ Chibhabha,Shakib Al Hasan,0,0,"",""
ball,1,31.4,Zimbabwe,E Chigumbura,CJ Chibhabha,Shakib Al Hasan,0,0,"",""
ball,1,31.5,Zimbabwe,E Chigumbura,CJ Chibhabha,Shakib Al Hasan,0,0,"",""
ball,1,31.6,Zimbabwe,E Chigumbura,CJ Chibhabha,Shakib Al Hasan,0,0,"",""
ball,1,32.1,Zimbabwe,CJ Chibhabha,E Chigumbura,Mahmudullah,0,0,"",""
ball,1,32.2,Zimbabwe,CJ Chibhabha,E Chigumbura,Mahmudullah,0,0,"",""
ball,1,32.3,Zimbabwe,CJ Chibhabha,E Chigumbura,Mahmudullah,1,0,"",""
ball,1,32.4,Zimbabwe,E Chigumbura,CJ Chibhabha,Mahmudullah,0,0,"",""
ball,1,32.5,Zimbabwe,E Chigumbura,CJ Chibhabha,Mahmudullah,0,0,"",""
ball,1,32.6,Zimbabwe,E Chigumbura,CJ Chibhabha,Mahmudullah,2,0,"",""
ball,1,33.1,Zimbabwe,CJ Chibhabha,E Chigumbura,Shakib Al Hasan,0,0,"",""
ball,1,33.2,Zimbabwe,CJ Chibhabha,E Chigumbura,Shakib Al Hasan,0,0,"",""
ball,1,33.3,Zimbabwe,CJ Chibhabha,E Chigumbura,Shakib Al Hasan,0,0,"",""
ball,1,33.4,Zimbabwe,CJ Chibhabha,E Chigumbura,Shakib Al Hasan,1,0,"",""
ball,1,33.5,Zimbabwe,E Chigumbura,CJ Chibhabha,Shakib Al Hasan,0,0,"",""
ball,1,33.6,Zimbabwe,E Chigumbura,CJ Chibhabha,Shakib Al Hasan,0,0,"",""
ball,1,34.1,Zimbabwe,CJ Chibhabha,E Chigumbura,Mahmudullah,0,0,"",""
ball,1,34.2,Zimbabwe,CJ Chibhabha,E Chigumbura,Mahmudullah,0,0,"",""
ball,1,34.3,Zimbabwe,CJ Chibhabha,E Chigumbura,Mahmudullah,1,0,"",""
ball,1,34.4,Zimbabwe,E Chigumbura,CJ Chibhabha,Mahmudullah,0,0,"",""
ball,1,34.5,Zimbabwe,E Chigumbura,CJ Chibhabha,Mahmudullah,0,0,"",""
ball,1,34.6,Zimbabwe,E Chigumbura,CJ Chibhabha,Mahmudullah,0,1,"",""
ball,1,34.7,Zimbabwe,E Chigumbura,CJ Chibhabha,Mahmudullah,4,0,"",""
ball,1,35.1,Zimbabwe,CJ Chibhabha,E Chigumbura,Enamul Haque jnr,2,0,"",""
ball,1,35.2,Zimbabwe,CJ Chibhabha,E Chigumbura,Enamul Haque jnr,0,0,caught,CJ Chibhabha
ball,1,35.3,Zimbabwe,AG Cremer,E Chigumbura,Enamul Haque jnr,0,0,"",""
ball,1,35.4,Zimbabwe,AG Cremer,E Chigumbura,Enamul Haque jnr,0,0,"",""
ball,1,35.5,Zimbabwe,AG Cremer,E Chigumbura,Enamul Haque jnr,0,0,"",""
ball,1,35.6,Zimbabwe,AG Cremer,E Chigumbura,Enamul Haque jnr,0,0,"",""
ball,1,36.1,Zimbabwe,E Chigumbura,AG Cremer,Mahmudullah,0,0,"",""
ball,1,36.2,Zimbabwe,E Chigumbura,AG Cremer,Mahmudullah,1,0,"",""
ball,1,36.3,Zimbabwe,AG Cremer,E Chigumbura,Mahmudullah,0,0,"",""
ball,1,36.4,Zimbabwe,AG Cremer,E Chigumbura,Mahmudullah,0,0,"",""
ball,1,36.5,Zimbabwe,AG Cremer,E Chigumbura,Mahmudullah,1,0,"",""
ball,1,36.6,Zimbabwe,E Chigumbura,AG Cremer,Mahmudullah,0,0,"",""
ball,1,37.1,Zimbabwe,AG Cremer,E Chigumbura,Enamul Haque jnr,0,0,"",""
ball,1,37.2,Zimbabwe,AG Cremer,E Chigumbura,Enamul Haque jnr,0,0,"",""
ball,1,37.3,Zimbabwe,AG Cremer,E Chigumbura,Enamul Haque jnr,1,0,"",""
ball,1,37.4,Zimbabwe,E Chigumbura,AG Cremer,Enamul Haque jnr,0,0,"",""
ball,1,37.5,Zimbabwe,E Chigumbura,AG Cremer,Enamul Haque jnr,2,0,"",""
ball,1,37.6,Zimbabwe,E Chigumbura,AG Cremer,Enamul Haque jnr,0,0,"",""
ball,1,38.1,Zimbabwe,AG Cremer,E Chigumbura,Mahmudullah,0,0,"",""
ball,1,38.2,Zimbabwe,AG Cremer,E Chigumbura,Mahmudullah,4,0,"",""
ball,1,38.3,Zimbabwe,AG Cremer,E Chigumbura,Mahmudullah,1,0,"",""
ball,1,38.4,Zimbabwe,E Chigumbura,AG Cremer,Mahmudullah,1,0,"",""
ball,1,38.5,Zimbabwe,AG Cremer,E Chigumbura,Mahmudullah,1,0,"",""
ball,1,38.6,Zimbabwe,E Chigumbura,AG Cremer,Mahmudullah,0,0,"",""
ball,1,39.1,Zimbabwe,AG Cremer,E Chigumbura,Nazmul Hossain,0,0,"",""
ball,1,39.2,Zimbabwe,AG Cremer,E Chigumbura,Nazmul Hossain,0,0,"",""
ball,1,39.3,Zimbabwe,AG Cremer,E Chigumbura,Nazmul Hossain,0,0,"",""
ball,1,39.4,Zimbabwe,AG Cremer,E Chigumbura,Nazmul Hossain,1,0,"",""
ball,1,39.5,Zimbabwe,E Chigumbura,AG Cremer,Nazmul Hossain,1,0,"",""
ball,1,39.6,Zimbabwe,AG Cremer,E Chigumbura,Nazmul Hossain,0,0,caught,AG Cremer
ball,1,40.1,Zimbabwe,RW Price,E Chigumbura,Naeem Islam,0,0,"",""
ball,1,40.2,Zimbabwe,RW Price,E Chigumbura,Naeem Islam,2,0,"",""
ball,1,40.3,Zimbabwe,RW Price,E Chigumbura,Naeem Islam,1,0,"",""
ball,1,40.4,Zimbabwe,E Chigumbura,RW Price,Naeem Islam,1,0,"",""
ball,1,40.5,Zimbabwe,RW Price,E Chigumbura,Naeem Islam,0,0,caught,RW Price
ball,1,40.6,Zimbabwe,KM Jarvis,E Chigumbura,Naeem Islam,0,0,"",""
ball,1,41.1,Zimbabwe,E Chigumbura,KM Jarvis,Nazmul Hossain,0,1,"",""
ball,1,41.2,Zimbabwe,E Chigumbura,KM Jarvis,Nazmul Hossain,0,0,bowled,E Chigumbura
ball,2,0.1,Bangladesh,Tamim Iqbal,Junaid Siddique,KM Jarvis,0,0,"",""
ball,2,0.2,Bangladesh,Tamim Iqbal,Junaid Siddique,KM Jarvis,2,1,"",""
ball,2,0.3,Bangladesh,Tamim Iqbal,Junaid Siddique,KM Jarvis,4,0,"",""
ball,2,0.4,Bangladesh,Tamim Iqbal,Junaid Siddique,KM Jarvis,0,0,"",""
ball,2,0.5,Bangladesh,Tamim Iqbal,Junaid Siddique,KM Jarvis,1,0,"",""
ball,2,0.6,Bangladesh,Junaid Siddique,Tamim Iqbal,KM Jarvis,0,0,"",""
ball,2,0.7,Bangladesh,Junaid Siddique,Tamim Iqbal,KM Jarvis,0,0,"",""
ball,2,1.1,Bangladesh,Tamim Iqbal,Junaid Siddique,E Chigumbura,0,0,"",""
ball,2,1.2,Bangladesh,Tamim Iqbal,Junaid Siddique,E Chigumbura,0,0,"",""
ball,2,1.3,Bangladesh,Tamim Iqbal,Junaid Siddique,E Chigumbura,1,0,"",""
ball,2,1.4,Bangladesh,Junaid Siddique,Tamim Iqbal,E Chigumbura,4,0,"",""
ball,2,1.5,Bangladesh,Junaid Siddique,Tamim Iqbal,E Chigumbura,0,0,"",""
ball,2,1.6,Bangladesh,Junaid Siddique,Tamim Iqbal,E Chigumbura,0,0,"",""
ball,2,2.1,Bangladesh,Tamim Iqbal,Junaid Siddique,KM Jarvis,0,0,"",""
ball,2,2.2,Bangladesh,Tamim Iqbal,Junaid Siddique,KM Jarvis,0,0,"",""
ball,2,2.3,Bangladesh,Tamim Iqbal,Junaid Siddique,KM Jarvis,1,0,"",""
ball,2,2.4,Bangladesh,Junaid Siddique,Tamim Iqbal,KM Jarvis,1,0,"",""
ball,2,2.5,Bangladesh,Tamim Iqbal,Junaid Siddique,KM Jarvis,0,0,"",""
ball,2,2.6,Bangladesh,Tamim Iqbal,Junaid Siddique,KM Jarvis,1,0,"",""
ball,2,3.1,Bangladesh,Tamim Iqbal,Junaid Siddique,E Chigumbura,2,0,"",""
ball,2,3.2,Bangladesh,Tamim Iqbal,Junaid Siddique,E Chigumbura,4,0,"",""
ball,2,3.3,Bangladesh,Tamim Iqbal,Junaid Siddique,E Chigumbura,0,0,"",""
ball,2,3.4,Bangladesh,Tamim Iqbal,Junaid Siddique,E Chigumbura,0,0,"",""
ball,2,3.5,Bangladesh,Tamim Iqbal,Junaid Siddique,E Chigumbura,0,0,"",""
ball,2,3.6,Bangladesh,Tamim Iqbal,Junaid Siddique,E Chigumbura,1,0,"",""
ball,2,4.1,Bangladesh,Tamim Iqbal,Junaid Siddique,KM Jarvis,0,0,"",""
ball,2,4.2,Bangladesh,Tamim Iqbal,Junaid Siddique,KM Jarvis,0,0,"",""
ball,2,4.3,Bangladesh,Tamim Iqbal,Junaid Siddique,KM Jarvis,0,0,"",""
ball,2,4.4,Bangladesh,Tamim Iqbal,Junaid Siddique,KM Jarvis,1,0,"",""
ball,2,4.5,Bangladesh,Junaid Siddique,Tamim Iqbal,KM Jarvis,0,0,caught,Junaid Siddique
ball,2,4.6,Bangladesh,Mohammad Ashraful,Tamim Iqbal,KM Jarvis,0,0,"",""
ball,2,5.1,Bangladesh,Tamim Iqbal,Mohammad Ashraful,E Chigumbura,4,0,"",""
ball,2,5.2,Bangladesh,Tamim Iqbal,Mohammad Ashraful,E Chigumbura,4,0,"",""
ball,2,5.3,Bangladesh,Tamim Iqbal,Mohammad Ashraful,E Chigumbura,0,1,"",""
ball,2,5.4,Bangladesh,Tamim Iqbal,Mohammad Ashraful,E Chigumbura,0,0,"",""
ball,2,5.5,Bangladesh,Tamim Iqbal,Mohammad Ashraful,E Chigumbura,4,0,"",""
ball,2,5.6,Bangladesh,Tamim Iqbal,Mohammad Ashraful,E Chigumbura,0,0,"",""
ball,2,5.7,Bangladesh,Tamim Iqbal,Mohammad Ashraful,E Chigumbura,1,0,"",""
ball,2,6.1,Bangladesh,Tamim Iqbal,Mohammad Ashraful,KM Jarvis,1,0,"",""
ball,2,6.2,Bangladesh,Mohammad Ashraful,Tamim Iqbal,KM Jarvis,0,0,"",""
ball,2,6.3,Bangladesh,Mohammad Ashraful,Tamim Iqbal,KM Jarvis,1,0,"",""
ball,2,6.4,Bangladesh,Tamim Iqbal,Mohammad Ashraful,KM Jarvis,0,0,"",""
ball,2,6.5,Bangladesh,Tamim Iqbal,Mohammad Ashraful,KM Jarvis,0,0,"",""
ball,2,6.6,Bangladesh,Tamim Iqbal,Mohammad Ashraful,KM Jarvis,0,0,"",""
ball,2,7.1,Bangladesh,Mohammad Ashraful,Tamim Iqbal,E Chigumbura,0,0,"",""
ball,2,7.2,Bangladesh,Mohammad Ashraful,Tamim Iqbal,E Chigumbura,0,0,"",""
ball,2,7.3,Bangladesh,Mohammad Ashraful,Tamim Iqbal,E Chigumbura,0,0,"",""
ball,2,7.4,Bangladesh,Mohammad Ashraful,Tamim Iqbal,E Chigumbura,0,0,"",""
ball,2,7.5,Bangladesh,Mohammad Ashraful,Tamim Iqbal,E Chigumbura,0,0,"",""
ball,2,7.6,Bangladesh,Mohammad Ashraful,Tamim Iqbal,E Chigumbura,2,0,"",""
ball,2,8.1,Bangladesh,Tamim Iqbal,Mohammad Ashraful,KM Jarvis,4,0,"",""
ball,2,8.2,Bangladesh,Tamim Iqbal,Mohammad Ashraful,KM Jarvis,1,0,"",""
ball,2,8.3,Bangladesh,Mohammad Ashraful,Tamim Iqbal,KM Jarvis,4,0,"",""
ball,2,8.4,Bangladesh,Mohammad Ashraful,Tamim Iqbal,KM Jarvis,0,0,"",""
ball,2,8.5,Bangladesh,Mohammad Ashraful,Tamim Iqbal,KM Jarvis,0,0,"",""
ball,2,8.6,Bangladesh,Mohammad Ashraful,Tamim Iqbal,KM Jarvis,0,0,"",""
ball,2,9.1,Bangladesh,Tamim Iqbal,Mohammad Ashraful,RW Price,0,0,"",""
ball,2,9.2,Bangladesh,Tamim Iqbal,Mohammad Ashraful,RW Price,1,0,"",""
ball,2,9.3,Bangladesh,Mohammad Ashraful,Tamim Iqbal,RW Price,0,0,"",""
ball,2,9.4,Bangladesh,Mohammad Ashraful,Tamim Iqbal,RW Price,0,0,"",""
ball,2,9.5,Bangladesh,Mohammad Ashraful,Tamim Iqbal,RW Price,0,0,"",""
ball,2,9.6,Bangladesh,Mohammad Ashraful,Tamim Iqbal,RW Price,0,0,"",""
ball,2,10.1,Bangladesh,Tamim Iqbal,Mohammad Ashraful,KM Jarvis,0,0,"",""
ball,2,10.2,Bangladesh,Tamim Iqbal,Mohammad Ashraful,KM Jarvis,1,0,"",""
ball,2,10.3,Bangladesh,Mohammad Ashraful,Tamim Iqbal,KM Jarvis,0,0,"",""
ball,2,10.4,Bangladesh,Mohammad Ashraful,Tamim Iqbal,KM Jarvis,0,0,"",""
ball,2,10.5,Bangladesh,Mohammad Ashraful,Tamim Iqbal,KM Jarvis,0,0,"",""
ball,2,10.6,Bangladesh,Mohammad Ashraful,Tamim Iqbal,KM Jarvis,1,0,"",""
ball,2,11.1,Bangladesh,Mohammad Ashraful,Tamim Iqbal,CJ Chibhabha,0,0,"",""
ball,2,11.2,Bangladesh,Mohammad Ashraful,Tamim Iqbal,CJ Chibhabha,0,0,"",""
ball,2,11.3,Bangladesh,Mohammad Ashraful,Tamim Iqbal,CJ Chibhabha,4,0,"",""
ball,2,11.4,Bangladesh,Mohammad Ashraful,Tamim Iqbal,CJ Chibhabha,0,0,"",""
ball,2,11.5,Bangladesh,Mohammad Ashraful,Tamim Iqbal,CJ Chibhabha,0,1,"",""
ball,2,11.6,Bangladesh,Mohammad Ashraful,Tamim Iqbal,CJ Chibhabha,4,0,"",""
ball,2,11.7,Bangladesh,Mohammad Ashraful,Tamim Iqbal,CJ Chibhabha,1,0,"",""
ball,2,12.1,Bangladesh,Mohammad Ashraful,Tamim Iqbal,RW Price,0,0,"",""
ball,2,12.2,Bangladesh,Mohammad Ashraful,Tamim Iqbal,RW Price,0,1,"",""
ball,2,12.3,Bangladesh,Mohammad Ashraful,Tamim Iqbal,RW Price,0,0,"",""
ball,2,12.4,Bangladesh,Mohammad Ashraful,Tamim Iqbal,RW Price,0,0,"",""
ball,2,12.5,Bangladesh,Mohammad Ashraful,Tamim Iqbal,RW Price,0,0,"",""
ball,2,12.6,Bangladesh,Mohammad Ashraful,Tamim Iqbal,RW Price,0,0,"",""
ball,2,12.7,Bangladesh,Mohammad Ashraful,Tamim Iqbal,RW Price,0,0,"",""
ball,2,13.1,Bangladesh,Tamim Iqbal,Mohammad Ashraful,CJ Chibhabha,1,0,"",""
ball,2,13.2,Bangladesh,Mohammad Ashraful,Tamim Iqbal,CJ Chibhabha,0,0,"",""
ball,2,13.3,Bangladesh,Mohammad Ashraful,Tamim Iqbal,CJ Chibhabha,1,0,"",""
ball,2,13.4,Bangladesh,Tamim Iqbal,Mohammad Ashraful,CJ Chibhabha,0,0,"",""
ball,2,13.5,Bangladesh,Tamim Iqbal,Mohammad Ashraful,CJ Chibhabha,0,0,"",""
ball,2,13.6,Bangladesh,Tamim Iqbal,Mohammad Ashraful,CJ Chibhabha,0,1,"",""
ball,2,13.7,Bangladesh,Tamim Iqbal,Mohammad Ashraful,CJ Chibhabha,1,0,"",""
ball,2,14.1,Bangladesh,Tamim Iqbal,Mohammad Ashraful,RW Price,0,0,"",""
ball,2,14.2,Bangladesh,Tamim Iqbal,Mohammad Ashraful,RW Price,1,0,"",""
ball,2,14.3,Bangladesh,Mohammad Ashraful,Tamim Iqbal,RW Price,0,0,"",""
ball,2,14.4,Bangladesh,Mohammad Ashraful,Tamim Iqbal,RW Price,0,0,"",""
ball,2,14.5,Bangladesh,Mohammad Ashraful,Tamim Iqbal,RW Price,0,0,"",""
ball,2,14.6,Bangladesh,Mohammad Ashraful,Tamim Iqbal,RW Price,0,0,"",""
ball,2,15.1,Bangladesh,Tamim Iqbal,Mohammad Ashraful,CJ Chibhabha,0,0,"",""
ball,2,15.2,Bangladesh,Tamim Iqbal,Mohammad Ashraful,CJ Chibhabha,0,0,"",""
ball,2,15.3,Bangladesh,Tamim Iqbal,Mohammad Ashraful,CJ Chibhabha,1,0,"",""
ball,2,15.4,Bangladesh,Mohammad Ashraful,Tamim Iqbal,CJ Chibhabha,0,0,"",""
ball,2,15.5,Bangladesh,Mohammad Ashraful,Tamim Iqbal,CJ Chibhabha,0,0,"",""
ball,2,15.6,Bangladesh,Mohammad Ashraful,Tamim Iqbal,CJ Chibhabha,0,0,"",""
ball,2,16.1,Bangladesh,Tamim Iqbal,Mohammad Ashraful,RW Price,1,0,"",""
ball,2,16.2,Bangladesh,Mohammad Ashraful,Tamim Iqbal,RW Price,0,0,"",""
ball,2,16.3,Bangladesh,Mohammad Ashraful,Tamim Iqbal,RW Price,0,1,"",""
ball,2,16.4,Bangladesh,Tamim Iqbal,Mohammad Ashraful,RW Price,1,0,"",""
ball,2,16.5,Bangladesh,Mohammad Ashraful,Tamim Iqbal,RW Price,0,0,"",""
ball,2,16.6,Bangladesh,Mohammad Ashraful,Tamim Iqbal,RW Price,1,0,"",""
ball,2,17.1,Bangladesh,Mohammad Ashraful,Tamim Iqbal,CJ Chibhabha,1,0,"",""
ball,2,17.2,Bangladesh,Tamim Iqbal,Mohammad Ashraful,CJ Chibhabha,1,0,"",""
ball,2,17.3,Bangladesh,Mohammad Ashraful,Tamim Iqbal,CJ Chibhabha,1,0,"",""
ball,2,17.4,Bangladesh,Tamim Iqbal,Mohammad Ashraful,CJ Chibhabha,4,0,"",""
ball,2,17.5,Bangladesh,Tamim Iqbal,Mohammad Ashraful,CJ Chibhabha,1,0,"",""
ball,2,17.6,Bangladesh,Mohammad Ashraful,Tamim Iqbal,CJ Chibhabha,0,0,"",""
ball,2,18.1,Bangladesh,Tamim Iqbal,Mohammad Ashraful,RW Price,0,0,"",""
ball,2,18.2,Bangladesh,Tamim Iqbal,Mohammad Ashraful,RW Price,4,0,"",""
ball,2,18.3,Bangladesh,Tamim Iqbal,Mohammad Ashraful,RW Price,0,0,"",""
ball,2,18.4,Bangladesh,Tamim Iqbal,Mohammad Ashraful,RW Price,0,0,"",""
ball,2,18.5,Bangladesh,Tamim Iqbal,Mohammad Ashraful,RW Price,0,0,"",""
ball,2,18.6,Bangladesh,Tamim Iqbal,Mohammad Ashraful,RW Price,0,0,"",""
ball,2,19.1,Bangladesh,Mohammad Ashraful,Tamim Iqbal,AG Cremer,0,0,"",""
ball,2,19.2,Bangladesh,Mohammad Ashraful,Tamim Iqbal,AG Cremer,0,0,"",""
ball,2,19.3,Bangladesh,Mohammad Ashraful,Tamim Iqbal,AG Cremer,0,0,"",""
ball,2,19.4,Bangladesh,Mohammad Ashraful,Tamim Iqbal,AG Cremer,0,0,"",""
ball,2,19.5,Bangladesh,Mohammad Ashraful,Tamim Iqbal,AG Cremer,0,0,"",""
ball,2,19.6,Bangladesh,Mohammad Ashraful,Tamim Iqbal,AG Cremer,0,0,"",""
ball,2,20.1,Bangladesh,Tamim Iqbal,Mohammad Ashraful,RW Price,1,0,"",""
ball,2,20.2,Bangladesh,Mohammad Ashraful,Tamim Iqbal,RW Price,1,0,"",""
ball,2,20.3,Bangladesh,Tamim Iqbal,Mohammad Ashraful,RW Price,1,0,"",""
ball,2,20.4,Bangladesh,Mohammad Ashraful,Tamim Iqbal,RW Price,0,0,"",""
ball,2,20.5,Bangladesh,Mohammad Ashraful,Tamim Iqbal,RW Price,1,0,"",""
ball,2,20.6,Bangladesh,Tamim Iqbal,Mohammad Ashraful,RW Price,1,0,"",""
ball,2,21.1,Bangladesh,Tamim Iqbal,Mohammad Ashraful,AG Cremer,0,0,"",""
ball,2,21.2,Bangladesh,Tamim Iqbal,Mohammad Ashraful,AG Cremer,6,0,"",""
ball,2,21.3,Bangladesh,Tamim Iqbal,Mohammad Ashraful,AG Cremer,1,0,"",""
ball,2,21.4,Bangladesh,Mohammad Ashraful,Tamim Iqbal,AG Cremer,0,0,"",""
ball,2,21.5,Bangladesh,Mohammad Ashraful,Tamim Iqbal,AG Cremer,0,0,"",""
ball,2,21.6,Bangladesh,Mohammad Ashraful,Tamim Iqbal,AG Cremer,1,0,"",""
ball,2,22.1,Bangladesh,Mohammad Ashraful,Tamim Iqbal,RW Price,3,0,"",""
ball,2,22.2,Bangladesh,Tamim Iqbal,Mohammad Ashraful,RW Price,4,0,"",""
ball,2,22.3,Bangladesh,Tamim Iqbal,Mohammad Ashraful,RW Price,0,0,"",""
ball,2,22.4,Bangladesh,Tamim Iqbal,Mohammad Ashraful,RW Price,4,0,"",""
ball,2,22.5,Bangladesh,Tamim Iqbal,Mohammad Ashraful,RW Price,1,0,"",""
ball,2,22.6,Bangladesh,Mohammad Ashraful,Tamim Iqbal,RW Price,4,0,"",""
ball,2,23.1,Bangladesh,Tamim Iqbal,Mohammad Ashraful,AG Cremer,6,0,"",""
ball,2,23.2,Bangladesh,Tamim Iqbal,Mohammad Ashraful,AG Cremer,0,0,"",""
ball,2,23.3,Bangladesh,Tamim Iqbal,Mohammad Ashraful,AG Cremer,0,0,stumped,Tamim Iqbal
ball,2,23.4,Bangladesh,Raqibul Hasan,Mohammad Ashraful,AG Cremer,0,0,"",""
ball,2,23.5,Bangladesh,Raqibul Hasan,Mohammad Ashraful,AG Cremer,0,0,"",""
ball,2,23.6,Bangladesh,Raqibul Hasan,Mohammad Ashraful,AG Cremer,0,0,"",""
ball,2,24.1,Bangladesh,Mohammad Ashraful,Raqibul Hasan,RW Price,1,0,"",""
ball,2,24.2,Bangladesh,Raqibul Hasan,Mohammad Ashraful,RW Price,6,0,"",""
ball,2,24.3,Bangladesh,Raqibul Hasan,Mohammad Ashraful,RW Price,0,0,"",""
ball,2,24.4,Bangladesh,Raqibul Hasan,Mohammad Ashraful,RW Price,1,0,"",""
ball,2,24.5,Bangladesh,Mohammad Ashraful,Raqibul Hasan,RW Price,0,0,"",""
ball,2,24.6,Bangladesh,Mohammad Ashraful,Raqibul Hasan,RW Price,0,0,"",""
ball,2,25.1,Bangladesh,Raqibul Hasan,Mohammad Ashraful,AG Cremer,1,0,"",""
ball,2,25.2,Bangladesh,Mohammad Ashraful,Raqibul Hasan,AG Cremer,0,0,"",""
ball,2,25.3,Bangladesh,Mohammad Ashraful,Raqibul Hasan,AG Cremer,1,0,"",""
ball,2,25.4,Bangladesh,Raqibul Hasan,Mohammad Ashraful,AG Cremer,0,0,"",""
ball,2,25.5,Bangladesh,Raqibul Hasan,Mohammad Ashraful,AG Cremer,1,0,"",""
ball,2,25.6,Bangladesh,Mohammad Ashraful,Raqibul Hasan,AG Cremer,1,0,"",""
ball,2,26.1,Bangladesh,Mohammad Ashraful,Raqibul Hasan,KM Jarvis,1,0,"",""
ball,2,26.2,Bangladesh,Raqibul Hasan,Mohammad Ashraful,KM Jarvis,0,0,"",""
ball,2,26.3,Bangladesh,Raqibul Hasan,Mohammad Ashraful,KM Jarvis,0,0,"",""
ball,2,26.4,Bangladesh,Raqibul Hasan,Mohammad Ashraful,KM Jarvis,4,0,"",""
ball,2,26.5,Bangladesh,Raqibul Hasan,Mohammad Ashraful,KM Jarvis,0,0,"",""
ball,2,26.6,Bangladesh,Raqibul Hasan,Mohammad Ashraful,KM Jarvis,1,0,"",""
ball,2,27.1,Bangladesh,Raqibul Hasan,Mohammad Ashraful,AG Cremer,0,0,"",""
ball,2,27.2,Bangladesh,Raqibul Hasan,Mohammad Ashraful,AG Cremer,1,0,"",""
ball,2,27.3,Bangladesh,Mohammad Ashraful,Raqibul Hasan,AG Cremer,0,0,"",""
ball,2,27.4,Bangladesh,Mohammad Ashraful,Raqibul Hasan,AG Cremer,1,0,"",""
ball,2,27.5,Bangladesh,Raqibul Hasan,Mohammad Ashraful,AG Cremer,0,0,"",""
ball,2,27.6,Bangladesh,Raqibul Hasan,Mohammad Ashraful,AG Cremer,0,0,"",""
ball,2,28.1,Bangladesh,Mohammad Ashraful,Raqibul Hasan,MN Waller,1,0,"",""
ball,2,28.2,Bangladesh,Raqibul Hasan,Mohammad Ashraful,MN Waller,1,0,"",""
ball,2,28.3,Bangladesh,Mohammad Ashraful,Raqibul Hasan,MN Waller,1,0,"",""
ball,2,28.4,Bangladesh,Raqibul Hasan,Mohammad Ashraful,MN Waller,1,0,"",""
ball,2,28.5,Bangladesh,Mohammad Ashraful,Raqibul Hasan,MN Waller,0,0,"",""
ball,2,28.6,Bangladesh,Mohammad Ashraful,Raqibul Hasan,MN Waller,0,1,"",""
ball,2,28.7,Bangladesh,Mohammad Ashraful,Raqibul Hasan,MN Waller,0,0,"",""
ball,2,29.1,Bangladesh,Raqibul Hasan,Mohammad Ashraful,AG Cremer,0,0,"",""
ball,2,29.2,Bangladesh,Raqibul Hasan,Mohammad Ashraful,AG Cremer,1,0,"",""
ball,2,29.3,Bangladesh,Mohammad Ashraful,Raqibul Hasan,AG Cremer,0,0,"",""
ball,2,29.4,Bangladesh,Mohammad Ashraful,Raqibul Hasan,AG Cremer,2,0,"",""
ball,2,29.5,Bangladesh,Mohammad Ashraful,Raqibul Hasan,AG Cremer,0,0,"",""
ball,2,29.6,Bangladesh,Mohammad Ashraful,Raqibul Hasan,AG Cremer,2,0,"",""
ball,2,30.1,Bangladesh,Raqibul Hasan,Mohammad Ashraful,MN Waller,0,0,"",""
ball,2,30.2,Bangladesh,Raqibul Hasan,Mohammad Ashraful,MN Waller,1,0,"",""
ball,2,30.3,Bangladesh,Mohammad Ashraful,Raqibul Hasan,MN Waller,6,0,"",""
ball,2,30.4,Bangladesh,Mohammad Ashraful,Raqibul Hasan,MN Waller,1,0,"",""
ball,2,30.5,Bangladesh,Raqibul Hasan,Mohammad Ashraful,MN Waller,1,0,"",""
ball,2,30.6,Bangladesh,Mohammad Ashraful,Raqibul Hasan,MN Waller,1,0,"",""
ball,2,31.1,Bangladesh,Mohammad Ashraful,Raqibul Hasan,AG Cremer,0,0,"",""
ball,2,31.2,Bangladesh,Mohammad Ashraful,Raqibul Hasan,AG Cremer,4,0,"",""
ball,2,31.3,Bangladesh,Mohammad Ashraful,Raqibul Hasan,AG Cremer,4,0,"",""
ball,2,31.4,Bangladesh,Mohammad Ashraful,Raqibul Hasan,AG Cremer,4,0,"",""
ball,2,31.5,Bangladesh,Mohammad Ashraful,Raqibul Hasan,AG Cremer,0,0,"",""
ball,2,31.6,Bangladesh,Mohammad Ashraful,Raqibul Hasan,AG Cremer,1,0,"",""
ball,2,32.1,Bangladesh,Mohammad Ashraful,Raqibul Hasan,RW Price,0,0,bowled,Mohammad Ashraful
ball,2,32.2,Bangladesh,Mahmudullah,Raqibul Hasan,RW Price,0,0,"",""
ball,2,32.3,Bangladesh,Mahmudullah,Raqibul Hasan,RW Price,0,0,"",""
ball,2,32.4,Bangladesh,Mahmudullah,Raqibul Hasan,RW Price,1,0,"",""
ball,2,32.5,Bangladesh,Raqibul Hasan,Mahmudullah,RW Price,0,0,"",""
ball,2,32.6,Bangladesh,Raqibul Hasan,Mahmudullah,RW Price,0,0,"",""
ball,2,33.1,Bangladesh,Mahmudullah,Raqibul Hasan,KM Jarvis,0,0,"",""
ball,2,33.2,Bangladesh,Mahmudullah,Raqibul Hasan,KM Jarvis,4,0,"",""
ball,2,33.3,Bangladesh,Mahmudullah,Raqibul Hasan,KM Jarvis,0,0,"",""
ball,2,33.4,Bangladesh,Mahmudullah,Raqibul Hasan,KM Jarvis,0,0,"",""
ball,2,33.5,Bangladesh,Mahmudullah,Raqibul Hasan,KM Jarvis,0,0,"",""
ball,2,33.6,Bangladesh,Mahmudullah,Raqibul Hasan,KM Jarvis,0,0,"",""
ball,2,34.1,Bangladesh,Raqibul Hasan,Mahmudullah,RW Price,1,0,"",""
ball,2,34.2,Bangladesh,Mahmudullah,Raqibul Hasan,RW Price,0,0,"",""
ball,2,34.3,Bangladesh,Mahmudullah,Raqibul Hasan,RW Price,0,0,"",""
ball,2,34.4,Bangladesh,Mahmudullah,Raqibul Hasan,RW Price,0,0,"",""
ball,2,34.5,Bangladesh,Mahmudullah,Raqibul Hasan,RW Price,0,0,"",""
ball,2,34.6,Bangladesh,Mahmudullah,Raqibul Hasan,RW Price,1,0,"",""
ball,2,35.1,Bangladesh,Mahmudullah,Raqibul Hasan,KM Jarvis,0,0,"",""
ball,2,35.2,Bangladesh,Mahmudullah,Raqibul Hasan,KM Jarvis,0,0,"",""
ball,2,35.3,Bangladesh,Mahmudullah,Raqibul Hasan,KM Jarvis,1,0,"",""
ball,2,35.4,Bangladesh,Raqibul Hasan,Mahmudullah,KM Jarvis,0,0,caught,Raqibul Hasan
ball,2,35.5,Bangladesh,Mahmudullah,Mushfiqur Rahim,KM Jarvis,0,0,"",""
ball,2,35.6,Bangladesh,Mahmudullah,Mushfiqur Rahim,KM Jarvis,0,0,caught,Mahmudullah
ball,2,36.1,Bangladesh,Mushfiqur Rahim,Shakib Al Hasan,CJ Chibhabha,0,0,"",""
ball,2,36.2,Bangladesh,Mushfiqur Rahim,Shakib Al Hasan,CJ Chibhabha,0,0,"",""
ball,2,36.3,Bangladesh,Mushfiqur Rahim,Shakib Al Hasan,CJ Chibhabha,0,0,"",""
ball,2,36.4,Bangladesh,Mushfiqur Rahim,Shakib Al Hasan,CJ Chibhabha,0,0,"",""
ball,2,36.5,Bangladesh,Mushfiqur Rahim,Shakib Al Hasan,CJ Chibhabha,0,0,"",""
ball,2,36.6,Bangladesh,Mushfiqur Rahim,Shakib Al Hasan,CJ Chibhabha,4,0,"",""
ball,2,37.1,Bangladesh,Shakib Al Hasan,Mushfiqur Rahim,KM Jarvis,0,0,"",""
ball,2,37.2,Bangladesh,Shakib Al Hasan,Mushfiqur Rahim,KM Jarvis,0,0,"",""
ball,2,37.3,Bangladesh,Shakib Al Hasan,Mushfiqur Rahim,KM Jarvis,0,1,"",""
ball,2,37.4,Bangladesh,Shakib Al Hasan,Mushfiqur Rahim,KM Jarvis,0,0,"",""
ball,2,37.5,Bangladesh,Shakib Al Hasan,Mushfiqur Rahim,KM Jarvis,1,0,"",""
ball,2,37.6,Bangladesh,Mushfiqur Rahim,Shakib Al Hasan,KM Jarvis,0,0,"",""
ball,2,37.7,Bangladesh,Mushfiqur Rahim,Shakib Al Hasan,KM Jarvis,0,0,"",""
ball,2,38.1,Bangladesh,Shakib Al Hasan,Mushfiqur Rahim,AG Cremer,0,0,"",""
ball,2,38.2,Bangladesh,Shakib Al Hasan,Mushfiqur Rahim,AG Cremer,0,0,"",""
ball,2,38.3,Bangladesh,Shakib Al Hasan,Mushfiqur Rahim,AG Cremer,0,0,"",""
ball,2,38.4,Bangladesh,Shakib Al Hasan,Mushfiqur Rahim,AG Cremer,0,0,"",""
ball,2,38.5,Bangladesh,Shakib Al Hasan,Mushfiqur Rahim,AG Cremer,0,0,"",""
ball,2,38.6,Bangladesh,Shakib Al Hasan,Mushfiqur Rahim,AG Cremer,0,0,"",""
ball,2,39.1,Bangladesh,Mushfiqur Rahim,Shakib Al Hasan,CJ Chibhabha,0,1,"",""
ball,2,39.2,Bangladesh,Shakib Al Hasan,Mushfiqur Rahim,CJ Chibhabha,0,0,"",""
ball,2,39.3,Bangladesh,Shakib Al Hasan,Mushfiqur Rahim,CJ Chibhabha,0,0,"",""
ball,2,39.4,Bangladesh,Shakib Al Hasan,Mushfiqur Rahim,CJ Chibhabha,2,0,"",""
ball,2,39.5,Bangladesh,Shakib Al Hasan,Mushfiqur Rahim,CJ Chibhabha,0,0,"",""
ball,2,39.6,Bangladesh,Shakib Al Hasan,Mushfiqur Rahim,CJ Chibhabha,1,0,"",""
ball,2,40.1,Bangladesh,Shakib Al Hasan,Mushfiqur Rahim,AG Cremer,1,0,"",""
ball,2,40.2,Bangladesh,Mushfiqur Rahim,Shakib Al Hasan,AG Cremer,0,0,lbw,Mushfiqur Rahim
ball,2,40.3,Bangladesh,Naeem Islam,Shakib Al Hasan,AG Cremer,0,0,"",""
ball,2,40.4,Bangladesh,Naeem Islam,Shakib Al Hasan,AG Cremer,4,0,"",""
