version,1.3.0
info,team,New Zealand
info,team,Australia
info,gender,male
info,season,2009/10
info,date,2010/03/11
info,series,Chappell-Hadlee Trophy
info,match_number,4
info,venue,Eden Park
info,city,Auckland
info,toss_winner,Australia
info,toss_decision,field
info,player_of_match,CL White
info,umpire,Asad Rauf
info,umpire,GAV Baxter
info,reserve_umpire,EA Watkin
info,tv_umpire,CB Gaffaney
info,match_referee,RS Madugalle
info,winner,Australia
info,winner_wickets,6
info,method,D/L
ball,1,0.1,New Zealand,BB McCullum,MJ Guptill,RJ Harris,0,0,"",""
ball,1,0.2,New Zealand,BB McCullum,MJ Guptill,RJ Harris,0,1,"",""
ball,1,0.3,New Zealand,BB McCullum,MJ Guptill,RJ Harris,1,0,"",""
ball,1,0.4,New Zealand,MJ Guptill,BB McCullum,RJ Harris,0,0,"",""
ball,1,0.5,New Zealand,MJ Guptill,BB McCullum,RJ Harris,5,0,"",""
ball,1,0.6,New Zealand,BB McCullum,MJ Guptill,RJ Harris,0,0,"",""
ball,1,0.7,New Zealand,BB McCullum,MJ Guptill,RJ Harris,0,0,"",""
ball,1,1.1,New Zealand,MJ Guptill,BB McCullum,DE Bollinger,4,0,"",""
ball,1,1.2,New Zealand,MJ Guptill,BB McCullum,DE Bollinger,0,0,"",""
ball,1,1.3,New Zealand,MJ Guptill,BB McCullum,DE Bollinger,0,0,"",""
ball,1,1.4,New Zealand,MJ Guptill,BB McCullum,DE Bollinger,0,0,"",""
ball,1,1.5,New Zealand,MJ Guptill,BB McCullum,DE Bollinger,0,0,"",""
ball,1,1.6,New Zealand,MJ Guptill,BB McCullum,DE Bollinger,0,0,"",""
ball,1,2.1,New Zealand,BB McCullum,MJ Guptill,RJ Harris,0,0,"",""
ball,1,2.2,New Zealand,BB McCullum,MJ Guptill,RJ Harris,0,0,"",""
ball,1,2.3,New Zealand,BB McCullum,MJ Guptill,RJ Harris,0,0,"",""
ball,1,2.4,New Zealand,BB McCullum,MJ Guptill,RJ Harris,0,0,"",""
ball,1,2.5,New Zealand,BB McCullum,MJ Guptill,RJ Harris,0,0,"",""
ball,1,2.6,New Zealand,BB McCullum,MJ Guptill,RJ Harris,0,0,"",""
ball,1,3.1,New Zealand,MJ Guptill,BB McCullum,DE Bollinger,4,0,"",""
ball,1,3.2,New Zealand,MJ Guptill,BB McCullum,DE Bollinger,0,0,"",""
ball,1,3.3,New Zealand,MJ Guptill,BB McCullum,DE Bollinger,3,0,"",""
ball,1,3.4,New Zealand,BB McCullum,MJ Guptill,DE Bollinger,0,0,"",""
ball,1,3.5,New Zealand,BB McCullum,MJ Guptill,DE Bollinger,4,0,"",""
ball,1,3.6,New Zealand,BB McCullum,MJ Guptill,DE Bollinger,1,0,"",""
ball,1,4.1,New Zealand,BB McCullum,MJ Guptill,RJ Harris,4,0,"",""
ball,1,4.2,New Zealand,BB McCullum,MJ Guptill,RJ Harris,6,0,"",""
ball,1,4.3,New Zealand,BB McCullum,MJ Guptill,RJ Harris,0,0,"",""
ball,1,4.4,New Zealand,BB McCullum,MJ Guptill,RJ Harris,0,0,"",""
ball,1,4.5,New Zealand,BB McCullum,MJ Guptill,RJ Harris,3,0,"",""
ball,1,4.6,New Zealand,MJ Guptill,BB McCullum,RJ Harris,0,0,"",""
ball,1,5.1,New Zealand,BB McCullum,MJ Guptill,DE Bollinger,0,1,"",""
ball,1,5.2,New Zealand,BB McCullum,MJ Guptill,DE Bollinger,6,1,"",""
ball,1,5.3,New Zealand,BB McCullum,MJ Guptill,DE Bollinger,1,0,"",""
ball,1,5.4,New Zealand,MJ Guptill,BB McCullum,DE Bollinger,0,0,"",""
ball,1,5.5,New Zealand,MJ Guptill,BB McCullum,DE Bollinger,4,0,"",""
ball,1,5.6,New Zealand,MJ Guptill,BB McCullum,DE Bollinger,0,0,"",""
ball,1,5.7,New Zealand,MJ Guptill,BB McCullum,DE Bollinger,0,0,"",""
ball,1,5.8,New Zealand,MJ Guptill,BB McCullum,DE Bollinger,1,0,"",""
ball,1,6.1,New Zealand,MJ Guptill,BB McCullum,MG Johnson,1,0,"",""
ball,1,6.2,New Zealand,BB McCullum,MJ Guptill,MG Johnson,4,0,"",""
ball,1,6.3,New Zealand,BB McCullum,MJ Guptill,MG Johnson,0,0,"",""
ball,1,6.4,New Zealand,BB McCullum,MJ Guptill,MG Johnson,0,0,"",""
ball,1,6.5,New Zealand,BB McCullum,MJ Guptill,MG Johnson,0,0,"",""
ball,1,6.6,New Zealand,BB McCullum,MJ Guptill,MG Johnson,0,0,"",""
ball,1,7.1,New Zealand,MJ Guptill,BB McCullum,SR Watson,0,0,"",""
ball,1,7.2,New Zealand,MJ Guptill,BB McCullum,SR Watson,4,0,"",""
ball,1,7.3,New Zealand,MJ Guptill,BB McCullum,SR Watson,4,0,"",""
ball,1,7.4,New Zealand,MJ Guptill,BB McCullum,SR Watson,0,0,caught,MJ Guptill
ball,1,7.5,New Zealand,LRPL Taylor,BB McCullum,SR Watson,0,0,"",""
ball,1,7.6,New Zealand,LRPL Taylor,BB McCullum,SR Watson,0,0,"",""
ball,1,8.1,New Zealand,BB McCullum,LRPL Taylor,MG Johnson,0,0,"",""
ball,1,8.2,New Zealand,BB McCullum,LRPL Taylor,MG Johnson,0,0,"",""
ball,1,8.3,New Zealand,BB McCullum,LRPL Taylor,MG Johnson,0,0,"",""
ball,1,8.4,New Zealand,BB McCullum,LRPL Taylor,MG Johnson,0,1,"",""
ball,1,8.5,New Zealand,BB McCullum,LRPL Taylor,MG Johnson,0,0,"",""
ball,1,8.6,New Zealand,BB McCullum,LRPL Taylor,MG Johnson,0,0,"",""
ball,1,8.7,New Zealand,BB McCullum,LRPL Taylor,MG Johnson,0,0,"",""
ball,1,9.1,New Zealand,LRPL Taylor,BB McCullum,SR Watson,0,0,"",""
ball,1,9.2,New Zealand,LRPL Taylor,BB McCullum,SR Watson,1,0,"",""
ball,1,9.3,New Zealand,BB McCullum,LRPL Taylor,SR Watson,0,0,"",""
ball,1,9.4,New Zealand,BB McCullum,LRPL Taylor,SR Watson,0,0,"",""
ball,1,9.5,New Zealand,BB McCullum,LRPL Taylor,SR Watson,0,0,"",""
ball,1,9.6,New Zealand,BB McCullum,LRPL Taylor,SR Watson,0,0,"",""
ball,1,10.1,New Zealand,LRPL Taylor,BB McCullum,MG Johnson,0,1,"",""
ball,1,10.2,New Zealand,LRPL Taylor,BB McCullum,MG Johnson,0,0,"",""
ball,1,10.3,New Zealand,LRPL Taylor,BB McCullum,MG Johnson,0,5,"",""
ball,1,10.4,New Zealand,LRPL Taylor,BB McCullum,MG Johnson,0,0,"",""
ball,1,10.5,New Zealand,LRPL Taylor,BB McCullum,MG Johnson,0,0,"",""
ball,1,10.6,New Zealand,LRPL Taylor,BB McCullum,MG Johnson,0,0,"",""
ball,1,10.7,New Zealand,LRPL Taylor,BB McCullum,MG Johnson,0,1,"",""
ball,1,10.8,New Zealand,LRPL Taylor,BB McCullum,MG Johnson,1,0,"",""
ball,1,10.9,New Zealand,BB McCullum,LRPL Taylor,MG Johnson,0,0,"",""
ball,1,11.1,New Zealand,LRPL Taylor,BB McCullum,SR Watson,0,0,"",""
ball,1,11.2,New Zealand,LRPL Taylor,BB McCullum,SR Watson,0,0,"",""
ball,1,11.3,New Zealand,LRPL Taylor,BB McCullum,SR Watson,0,0,"",""
ball,1,11.4,New Zealand,LRPL Taylor,BB McCullum,SR Watson,0,0,"",""
ball,1,11.5,New Zealand,LRPL Taylor,BB McCullum,SR Watson,0,0,"",""
ball,1,11.6,New Zealand,LRPL Taylor,BB McCullum,SR Watson,0,0,"",""
ball,1,12.1,New Zealand,BB McCullum,LRPL Taylor,MG Johnson,1,0,"",""
ball,1,12.2,New Zealand,LRPL Taylor,BB McCullum,MG Johnson,0,1,"",""
ball,1,12.3,New Zealand,BB McCullum,LRPL Taylor,MG Johnson,6,0,"",""
ball,1,12.4,New Zealand,BB McCullum,LRPL Taylor,MG Johnson,0,0,"",""
ball,1,12.5,New Zealand,BB McCullum,LRPL Taylor,MG Johnson,1,0,"",""
ball,1,12.6,New Zealand,LRPL Taylor,BB McCullum,MG Johnson,1,0,"",""
ball,1,13.1,New Zealand,LRPL Taylor,BB McCullum,SR Watson,0,1,"",""
ball,1,13.2,New Zealand,BB McCullum,LRPL Taylor,SR Watson,0,0,"",""
ball,1,13.3,New Zealand,BB McCullum,LRPL Taylor,SR Watson,0,0,"",""
ball,1,13.4,New Zealand,BB McCullum,LRPL Taylor,SR Watson,1,0,"",""
ball,1,13.5,New Zealand,LRPL Taylor,BB McCullum,SR Watson,1,0,"",""
ball,1,13.6,New Zealand,BB McCullum,LRPL Taylor,SR Watson,6,0,"",""
ball,1,14.1,New Zealand,LRPL Taylor,BB McCullum,RJ Harris,1,0,"",""
ball,1,14.2,New Zealand,BB McCullum,LRPL Taylor,RJ Harris,0,0,"",""
ball,1,14.3,New Zealand,BB McCullum,LRPL Taylor,RJ Harris,1,0,"",""
ball,1,14.4,New Zealand,LRPL Taylor,BB McCullum,RJ Harris,0,0,"",""
ball,1,14.5,New Zealand,LRPL Taylor,BB McCullum,RJ Harris,1,0,"",""
ball,1,14.6,New Zealand,BB McCullum,LRPL Taylor,RJ Harris,0,0,"",""
ball,1,15.1,New Zealand,LRPL Taylor,BB McCullum,JR Hopes,0,0,"",""
ball,1,15.2,New Zealand,LRPL Taylor,BB McCullum,JR Hopes,1,0,"",""
ball,1,15.3,New Zealand,BB McCullum,LRPL Taylor,JR Hopes,1,0,"",""
ball,1,15.4,New Zealand,LRPL Taylor,BB McCullum,JR Hopes,1,0,"",""
ball,1,15.5,New Zealand,BB McCullum,LRPL Taylor,JR Hopes,1,0,"",""
ball,1,15.6,New Zealand,LRPL Taylor,BB McCullum,JR Hopes,0,0,"",""
ball,1,16.1,New Zealand,BB McCullum,LRPL Taylor,RJ Harris,1,0,"",""
ball,1,16.2,New Zealand,LRPL Taylor,BB McCullum,RJ Harris,1,0,"",""
ball,1,16.3,New Zealand,BB McCullum,LRPL Taylor,RJ Harris,0,0,"",""
ball,1,16.4,New Zealand,BB McCullum,LRPL Taylor,RJ Harris,1,0,"",""
ball,1,16.5,New Zealand,LRPL Taylor,BB McCullum,RJ Harris,1,0,"",""
ball,1,16.6,New Zealand,BB McCullum,LRPL Taylor,RJ Harris,0,1,"",""
ball,1,17.1,New Zealand,BB McCullum,LRPL Taylor,JR Hopes,1,0,"",""
ball,1,17.2,New Zealand,LRPL Taylor,BB McCullum,JR Hopes,4,0,"",""
ball,1,17.3,New Zealand,LRPL Taylor,BB McCullum,JR Hopes,0,0,"",""
ball,1,17.4,New Zealand,LRPL Taylor,BB McCullum,JR Hopes,0,0,"",""
ball,1,17.5,New Zealand,LRPL Taylor,BB McCullum,JR Hopes,0,0,"",""
ball,1,17.6,New Zealand,LRPL Taylor,BB McCullum,JR Hopes,0,0,"",""
ball,1,18.1,New Zealand,BB McCullum,LRPL Taylor,NM Hauritz,0,0,"",""
ball,1,18.2,New Zealand,BB McCullum,LRPL Taylor,NM Hauritz,1,0,"",""
ball,1,18.3,New Zealand,LRPL Taylor,BB McCullum,NM Hauritz,0,0,"",""
ball,1,18.4,New Zealand,LRPL Taylor,BB McCullum,NM Hauritz,0,0,"",""
ball,1,18.5,New Zealand,LRPL Taylor,BB McCullum,NM Hauritz,1,0,"",""
ball,1,18.6,New Zealand,BB McCullum,LRPL Taylor,NM Hauritz,1,0,"",""
ball,1,19.1,New Zealand,BB McCullum,LRPL Taylor,JR Hopes,2,0,"",""
ball,1,19.2,New Zealand,BB McCullum,LRPL Taylor,JR Hopes,0,3,"",""
ball,1,19.3,New Zealand,BB McCullum,LRPL Taylor,JR Hopes,0,2,"",""
ball,1,19.4,New Zealand,BB McCullum,LRPL Taylor,JR Hopes,0,0,"",""
ball,1,19.5,New Zealand,BB McCullum,LRPL Taylor,JR Hopes,1,0,"",""
ball,1,19.6,New Zealand,LRPL Taylor,BB McCullum,JR Hopes,0,0,caught,LRPL Taylor
ball,1,19.7,New Zealand,BB McCullum,SL Stewart,JR Hopes,0,0,"",""
ball,1,20.1,New Zealand,SL Stewart,BB McCullum,NM Hauritz,0,0,"",""
ball,1,20.2,New Zealand,SL Stewart,BB McCullum,NM Hauritz,0,0,"",""
ball,1,20.3,New Zealand,SL Stewart,BB McCullum,NM Hauritz,0,0,"",""
ball,1,20.4,New Zealand,SL Stewart,BB McCullum,NM Hauritz,2,0,"",""
ball,1,20.5,New Zealand,SL Stewart,BB McCullum,NM Hauritz,0,1,"",""
ball,1,20.6,New Zealand,BB McCullum,SL Stewart,NM Hauritz,0,0,"",""
ball,1,21.1,New Zealand,SL Stewart,BB McCullum,JR Hopes,1,0,"",""
ball,1,21.2,New Zealand,BB McCullum,SL Stewart,JR Hopes,0,0,"",""
ball,1,21.3,New Zealand,BB McCullum,SL Stewart,JR Hopes,1,0,"",""
ball,1,21.4,New Zealand,SL Stewart,BB McCullum,JR Hopes,1,0,"",""
ball,1,21.5,New Zealand,BB McCullum,SL Stewart,JR Hopes,1,0,"",""
ball,1,21.6,New Zealand,SL Stewart,BB McCullum,JR Hopes,0,0,"",""
ball,1,22.1,New Zealand,BB McCullum,SL Stewart,NM Hauritz,1,0,"",""
ball,1,22.2,New Zealand,SL Stewart,BB McCullum,NM Hauritz,0,0,caught,SL Stewart
ball,1,22.3,New Zealand,BB McCullum,SB Styris,NM Hauritz,1,0,"",""
ball,1,22.4,New Zealand,SB Styris,BB McCullum,NM Hauritz,0,0,"",""
ball,1,22.5,New Zealand,SB Styris,BB McCullum,NM Hauritz,0,0,"",""
ball,1,22.6,New Zealand,SB Styris,BB McCullum,NM Hauritz,0,0,"",""
ball,1,23.1,New Zealand,BB McCullum,SB Styris,DE Bollinger,0,0,"",""
ball,1,23.2,New Zealand,BB McCullum,SB Styris,DE Bollinger,0,0,"",""
ball,1,23.3,New Zealand,BB McCullum,SB Styris,DE Bollinger,1,0,"",""
ball,1,23.4,New Zealand,SB Styris,BB McCullum,DE Bollinger,0,0,"",""
ball,1,23.5,New Zealand,SB Styris,BB McCullum,DE Bollinger,0,0,"",""
ball,1,23.6,New Zealand,SB Styris,BB McCullum,DE Bollinger,0,0,"",""
ball,1,24.1,New Zealand,BB McCullum,SB Styris,NM Hauritz,0,0,"",""
ball,1,24.2,New Zealand,BB McCullum,SB Styris,NM Hauritz,0,0,"",""
ball,1,24.3,New Zealand,BB McCullum,SB Styris,NM Hauritz,0,0,caught,BB McCullum
ball,1,24.4,New Zealand,DL Vettori,SB Styris,NM Hauritz,0,1,"",""
ball,1,24.5,New Zealand,SB Styris,DL Vettori,NM Hauritz,1,0,"",""
ball,1,24.6,New Zealand,DL Vettori,SB Styris,NM Hauritz,1,0,"",""
ball,1,25.1,New Zealand,DL Vettori,SB Styris,DE Bollinger,1,0,"",""
ball,1,25.2,New Zealand,SB Styris,DL Vettori,DE Bollinger,1,0,"",""
ball,1,25.3,New Zealand,DL Vettori,SB Styris,DE Bollinger,1,0,"",""
ball,1,25.4,New Zealand,SB Styris,DL Vettori,DE Bollinger,0,0,"",""
ball,1,25.5,New Zealand,SB Styris,DL Vettori,DE Bollinger,0,0,"",""
ball,1,25.6,New Zealand,SB Styris,DL Vettori,DE Bollinger,0,0,"",""
ball,1,26.1,New Zealand,DL Vettori,SB Styris,NM Hauritz,1,0,"",""
ball,1,26.2,New Zealand,SB Styris,DL Vettori,NM Hauritz,1,0,"",""
ball,1,26.3,New Zealand,DL Vettori,SB Styris,NM Hauritz,1,0,"",""
ball,1,26.4,New Zealand,SB Styris,DL Vettori,NM Hauritz,1,0,"",""
ball,1,26.5,New Zealand,DL Vettori,SB Styris,NM Hauritz,0,0,"",""
ball,1,26.6,New Zealand,DL Vettori,SB Styris,NM Hauritz,1,0,"",""
ball,1,27.1,New Zealand,DL Vettori,SB Styris,JR Hopes,1,0,"",""
ball,1,27.2,New Zealand,SB Styris,DL Vettori,JR Hopes,1,0,"",""
ball,1,27.3,New Zealand,DL Vettori,SB Styris,JR Hopes,1,0,"",""
ball,1,27.4,New Zealand,SB Styris,DL Vettori,JR Hopes,0,0,"",""
ball,1,27.5,New Zealand,SB Styris,DL Vettori,JR Hopes,1,0,"",""
ball,1,27.6,New Zealand,DL Vettori,SB Styris,JR Hopes,1,0,"",""
ball,1,28.1,New Zealand,DL Vettori,SB Styris,MG Johnson,1,0,"",""
ball,1,28.2,New Zealand,SB Styris,DL Vettori,MG Johnson,1,0,"",""
ball,1,28.3,New Zealand,DL Vettori,SB Styris,MG Johnson,0,0,"",""
ball,1,28.4,New Zealand,DL Vettori,SB Styris,MG Johnson,0,1,"",""
ball,1,28.5,New Zealand,SB Styris,DL Vettori,MG Johnson,1,0,"",""
ball,1,28.6,New Zealand,DL Vettori,SB Styris,MG Johnson,1,0,"",""
ball,1,29.1,New Zealand,DL Vettori,SB Styris,JR Hopes,1,0,"",""
ball,1,29.2,New Zealand,SB Styris,DL Vettori,JR Hopes,0,0,caught and bowled,SB Styris
ball,1,29.3,New Zealand,GJ Hopkins,DL Vettori,JR Hopes,0,0,"",""
ball,1,29.4,New Zealand,GJ Hopkins,DL Vettori,JR Hopes,0,0,"",""
ball,1,29.5,New Zealand,GJ Hopkins,DL Vettori,JR Hopes,0,0,"",""
ball,1,29.6,New Zealand,GJ Hopkins,DL Vettori,JR Hopes,1,0,"",""
ball,1,30.1,New Zealand,GJ Hopkins,DL Vettori,MG Johnson,0,0,"",""
ball,1,30.2,New Zealand,GJ Hopkins,DL Vettori,MG Johnson,1,0,"",""
ball,1,30.3,New Zealand,DL Vettori,GJ Hopkins,MG Johnson,0,0,"",""
ball,1,30.4,New Zealand,DL Vettori,GJ Hopkins,MG Johnson,0,0,lbw,DL Vettori
ball,1,30.5,New Zealand,JEC Franklin,GJ Hopkins,MG Johnson,0,0,"",""
ball,1,30.6,New Zealand,JEC Franklin,GJ Hopkins,MG Johnson,0,0,"",""
ball,1,31.1,New Zealand,GJ Hopkins,JEC Franklin,JR Hopes,0,0,"",""
ball,1,31.2,New Zealand,GJ Hopkins,JEC Franklin,JR Hopes,1,0,"",""
ball,1,31.3,New Zealand,JEC Franklin,GJ Hopkins,JR Hopes,2,0,"",""
ball,1,31.4,New Zealand,JEC Franklin,GJ Hopkins,JR Hopes,1,0,"",""
ball,1,31.5,New Zealand,GJ Hopkins,JEC Franklin,JR Hopes,1,0,"",""
ball,1,31.6,New Zealand,JEC Franklin,GJ Hopkins,JR Hopes,0,0,"",""
ball,1,32.1,New Zealand,GJ Hopkins,JEC Franklin,MG Johnson,0,0,"",""
ball,1,32.2,New Zealand,GJ Hopkins,JEC Franklin,MG Johnson,0,0,"",""
ball,1,32.3,New Zealand,GJ Hopkins,JEC Franklin,MG Johnson,0,0,"",""
ball,1,32.4,New Zealand,GJ Hopkins,JEC Franklin,MG Johnson,1,0,"",""
ball,1,32.5,New Zealand,JEC Franklin,GJ Hopkins,MG Johnson,0,0,"",""
ball,1,32.6,New Zealand,JEC Franklin,GJ Hopkins,MG Johnson,0,0,"",""
ball,1,33.1,New Zealand,GJ Hopkins,JEC Franklin,JR Hopes,0,0,"",""
ball,1,33.2,New Zealand,GJ Hopkins,JEC Franklin,JR Hopes,0,0,"",""
ball,1,33.3,New Zealand,GJ Hopkins,JEC Franklin,JR Hopes,1,0,"",""
ball,1,33.4,New Zealand,JEC Franklin,GJ Hopkins,JR Hopes,0,0,"",""
ball,1,33.5,New Zealand,JEC Franklin,GJ Hopkins,JR Hopes,0,0,"",""
ball,1,33.6,New Zealand,JEC Franklin,GJ Hopkins,JR Hopes,1,0,"",""
ball,1,34.1,New Zealand,JEC Franklin,GJ Hopkins,RJ Harris,0,0,"",""
ball,1,34.2,New Zealand,JEC Franklin,GJ Hopkins,RJ Harris,0,0,"",""
ball,1,34.3,New Zealand,JEC Franklin,GJ Hopkins,RJ Harris,0,0,"",""
ball,1,34.4,New Zealand,JEC Franklin,GJ Hopkins,RJ Harris,0,0,"",""
ball,1,34.5,New Zealand,JEC Franklin,GJ Hopkins,RJ Harris,0,0,"",""
ball,1,34.6,New Zealand,JEC Franklin,GJ Hopkins,RJ Harris,1,0,"",""
ball,1,35.1,New Zealand,JEC Franklin,GJ Hopkins,JR Hopes,0,0,"",""
ball,1,35.2,New Zealand,JEC Franklin,GJ Hopkins,JR Hopes,0,0,"",""
ball,1,35.3,New Zealand,JEC Franklin,GJ Hopkins,JR Hopes,0,0,"",""
ball,1,35.4,New Zealand,JEC Franklin,GJ Hopkins,JR Hopes,1,0,"",""
ball,1,35.5,New Zealand,GJ Hopkins,JEC Franklin,JR Hopes,0,0,"",""
ball,1,35.6,New Zealand,GJ Hopkins,JEC Franklin,JR Hopes,0,0,"",""
ball,1,36.1,New Zealand,JEC Franklin,GJ Hopkins,NM Hauritz,0,0,"",""
ball,1,36.2,New Zealand,JEC Franklin,GJ Hopkins,NM Hauritz,1,0,"",""
ball,1,36.3,New Zealand,GJ Hopkins,JEC Franklin,NM Hauritz,2,0,"",""
ball,1,36.4,New Zealand,GJ Hopkins,JEC Franklin,NM Hauritz,1,0,"",""
ball,1,36.5,New Zealand,JEC Franklin,GJ Hopkins,NM Hauritz,1,0,"",""
ball,1,36.6,New Zealand,GJ Hopkins,JEC Franklin,NM Hauritz,1,0,"",""
ball,1,37.1,New Zealand,GJ Hopkins,JEC Franklin,JR Hopes,1,0,"",""
ball,1,37.2,New Zealand,JEC Franklin,GJ Hopkins,JR Hopes,1,0,"",""
ball,1,37.3,New Zealand,GJ Hopkins,JEC Franklin,JR Hopes,0,0,"",""
ball,1,37.4,New Zealand,GJ Hopkins,JEC Franklin,JR Hopes,0,1,"",""
ball,1,37.5,New Zealand,GJ Hopkins,JEC Franklin,JR Hopes,1,0,"",""
ball,1,37.6,New Zealand,JEC Franklin,GJ Hopkins,JR Hopes,0,1,"",""
ball,1,37.7,New Zealand,GJ Hopkins,JEC Franklin,JR Hopes,0,0,"",""
ball,1,38.1,New Zealand,JEC Franklin,GJ Hopkins,NM Hauritz,1,0,"",""
ball,1,38.2,New Zealand,GJ Hopkins,JEC Franklin,NM Hauritz,1,0,"",""
ball,1,38.3,New Zealand,JEC Franklin,GJ Hopkins,NM Hauritz,0,0,bowled,JEC Franklin
ball,1,38.4,New Zealand,DR Tuffey,GJ Hopkins,NM Hauritz,1,0,"",""
ball,1,38.5,New Zealand,GJ Hopkins,DR Tuffey,NM Hauritz,1,0,"",""
ball,1,38.6,New Zealand,DR Tuffey,GJ Hopkins,NM Hauritz,0,0,"",""
ball,1,39.1,New Zealand,GJ Hopkins,DR Tuffey,SR Watson,4,0,"",""
ball,1,39.2,New Zealand,GJ Hopkins,DR Tuffey,SR Watson,0,0,"",""
ball,1,39.3,New Zealand,GJ Hopkins,DR Tuffey,SR Watson,1,0,"",""
ball,1,39.4,New Zealand,DR Tuffey,GJ Hopkins,SR Watson,0,0,"",""
ball,1,39.5,New Zealand,DR Tuffey,GJ Hopkins,SR Watson,6,0,"",""
ball,1,39.6,New Zealand,DR Tuffey,GJ Hopkins,SR Watson,1,0,"",""
ball,1,40.1,New Zealand,DR Tuffey,GJ Hopkins,NM Hauritz,1,0,"",""
ball,1,40.2,New Zealand,GJ Hopkins,DR Tuffey,NM Hauritz,1,0,"",""
ball,1,40.3,New Zealand,DR Tuffey,GJ Hopkins,NM Hauritz,2,0,"",""
ball,1,40.4,New Zealand,DR Tuffey,GJ Hopkins,NM Hauritz,6,0,"",""
ball,1,40.5,New Zealand,DR Tuffey,GJ Hopkins,NM Hauritz,6,0,"",""
ball,1,40.6,New Zealand,DR Tuffey,GJ Hopkins,NM Hauritz,6,0,"",""
ball,1,41.1,New Zealand,GJ Hopkins,DR Tuffey,SR Watson,0,0,caught,GJ Hopkins
ball,1,41.2,New Zealand,SE Bond,DR Tuffey,SR Watson,0,0,"",""
ball,1,41.3,New Zealand,SE Bond,DR Tuffey,SR Watson,1,0,"",""
ball,1,41.4,New Zealand,DR Tuffey,SE Bond,SR Watson,0,0,"",""
ball,1,41.5,New Zealand,DR Tuffey,SE Bond,SR Watson,0,0,"",""
ball,1,41.6,New Zealand,DR Tuffey,SE Bond,SR Watson,4,0,"",""
ball,1,42.1,New Zealand,SE Bond,DR Tuffey,MG Johnson,4,0,"",""
ball,1,42.2,New Zealand,SE Bond,DR Tuffey,MG Johnson,1,0,"",""
ball,1,42.3,New Zealand,DR Tuffey,SE Bond,MG Johnson,0,0,"",""
ball,1,42.4,New Zealand,DR Tuffey,SE Bond,MG Johnson,1,0,"",""
ball,1,42.5,New Zealand,SE Bond,DR Tuffey,MG Johnson,5,0,"",""
ball,1,42.6,New Zealand,DR Tuffey,SE Bond,MG Johnson,0,0,"",""
ball,1,43.1,New Zealand,SE Bond,DR Tuffey,RJ Harris,6,0,"",""
ball,1,43.2,New Zealand,SE Bond,DR Tuffey,RJ Harris,1,0,"",""
ball,1,43.3,New Zealand,DR Tuffey,SE Bond,RJ Harris,0,0,caught and bowled,DR Tuffey
ball,1,43.4,New Zealand,TG Southee,SE Bond,RJ Harris,1,0,"",""
ball,1,43.5,New Zealand,SE Bond,TG Southee,RJ Harris,1,0,"",""
ball,1,43.6,New Zealand,TG Southee,SE Bond,RJ Harris,0,0,"",""
ball,1,44.1,New Zealand,SE Bond,TG Southee,MG Johnson,0,0,caught,SE Bond
ball,2,0.1,Australia,SR Watson,BJ Haddin,SE Bond,0,1,"",""
ball,2,0.2,Australia,SR Watson,BJ Haddin,SE Bond,0,0,"",""
ball,2,0.3,Australia,SR Watson,BJ Haddin,SE Bond,0,1,"",""
ball,2,0.4,Australia,BJ Haddin,SR Watson,SE Bond,0,0,caught,BJ Haddin
ball,2,0.5,Australia,RT Ponting,SR Watson,SE Bond,0,0,"",""
ball,2,0.6,Australia,RT Ponting,SR Watson,SE Bond,0,0,"",""
ball,2,0.7,Australia,RT Ponting,SR Watson,SE Bond,0,0,"",""
ball,2,1.1,Australia,SR Watson,RT Ponting,TG Southee,0,0,"",""
ball,2,1.2,Australia,SR Watson,RT Ponting,TG Southee,0,0,"",""
ball,2,1.3,Australia,SR Watson,RT Ponting,TG Southee,1,0,"",""
ball,2,1.4,Australia,RT Ponting,SR Watson,TG Southee,3,0,"",""
ball,2,1.5,Australia,SR Watson,RT Ponting,TG Southee,0,0,"",""
ball,2,1.6,Australia,SR Watson,RT Ponting,TG Southee,1,0,"",""
ball,2,2.1,Australia,SR Watson,RT Ponting,SE Bond,0,0,"",""
ball,2,2.2,Australia,SR Watson,RT Ponting,SE Bond,0,0,"",""
ball,2,2.3,Australia,SR Watson,RT Ponting,SE Bond,4,0,"",""
ball,2,2.4,Australia,SR Watson,RT Ponting,SE Bond,0,0,"",""
ball,2,2.5,Australia,SR Watson,RT Ponting,SE Bond,0,0,"",""
ball,2,2.6,Australia,SR Watson,RT Ponting,SE Bond,0,0,"",""
ball,2,3.1,Australia,RT Ponting,SR Watson,TG Southee,4,0,"",""
ball,2,3.2,Australia,RT Ponting,SR Watson,TG Southee,0,0,"",""
ball,2,3.3,Australia,RT Ponting,SR Watson,TG Southee,0,0,"",""
ball,2,3.4,Australia,RT Ponting,SR Watson,TG Southee,0,0,"",""
ball,2,3.5,Australia,RT Ponting,SR Watson,TG Southee,0,0,"",""
ball,2,3.6,Australia,RT Ponting,SR Watson,TG Southee,4,0,"",""
ball,2,4.1,Australia,SR Watson,RT Ponting,SE Bond,0,0,"",""
ball,2,4.2,Australia,SR Watson,RT Ponting,SE Bond,0,0,"",""
ball,2,4.3,Australia,SR Watson,RT Ponting,SE Bond,1,0,"",""
ball,2,4.4,Australia,RT Ponting,SR Watson,SE Bond,0,0,"",""
ball,2,4.5,Australia,RT Ponting,SR Watson,SE Bond,4,0,"",""
ball,2,4.6,Australia,RT Ponting,SR Watson,SE Bond,0,0,"",""
ball,2,5.1,Australia,SR Watson,RT Ponting,DR Tuffey,0,0,"",""
ball,2,5.2,Australia,SR Watson,RT Ponting,DR Tuffey,1,0,"",""
ball,2,5.3,Australia,RT Ponting,SR Watson,DR Tuffey,4,0,"",""
ball,2,5.4,Australia,RT Ponting,SR Watson,DR Tuffey,0,0,"",""
ball,2,5.5,Australia,RT Ponting,SR Watson,DR Tuffey,0,0,"",""
ball,2,5.6,Australia,RT Ponting,SR Watson,DR Tuffey,0,1,"",""
ball,2,5.7,Australia,RT Ponting,SR Watson,DR Tuffey,2,0,"",""
ball,2,6.1,Australia,SR Watson,RT Ponting,SE Bond,0,0,"",""
ball,2,6.2,Australia,SR Watson,RT Ponting,SE Bond,0,0,"",""
ball,2,6.3,Australia,SR Watson,RT Ponting,SE Bond,1,0,"",""
ball,2,6.4,Australia,RT Ponting,SR Watson,SE Bond,4,0,"",""
ball,2,6.5,Australia,RT Ponting,SR Watson,SE Bond,0,0,"",""
ball,2,6.6,Australia,RT Ponting,SR Watson,SE Bond,0,0,"",""
ball,2,7.1,Australia,SR Watson,RT Ponting,DR Tuffey,0,0,"",""
ball,2,7.2,Australia,SR Watson,RT Ponting,DR Tuffey,1,0,"",""
ball,2,7.3,Australia,RT Ponting,SR Watson,DR Tuffey,0,0,"",""
ball,2,7.4,Australia,RT Ponting,SR Watson,DR Tuffey,2,0,"",""
ball,2,7.5,Australia,RT Ponting,SR Watson,DR Tuffey,6,0,"",""
ball,2,7.6,Australia,RT Ponting,SR Watson,DR Tuffey,0,0,"",""
ball,2,8.1,Australia,SR Watson,RT Ponting,TG Southee,4,0,"",""
ball,2,8.2,Australia,SR Watson,RT Ponting,TG Southee,0,0,"",""
ball,2,8.3,Australia,SR Watson,RT Ponting,TG Southee,4,0,"",""
ball,2,8.4,Australia,SR Watson,RT Ponting,TG Southee,4,0,"",""
ball,2,8.5,Australia,SR Watson,RT Ponting,TG Southee,4,0,"",""
ball,2,8.6,Australia,SR Watson,RT Ponting,TG Southee,0,0,"",""
ball,2,9.1,Australia,RT Ponting,SR Watson,DR Tuffey,4,0,"",""
ball,2,9.2,Australia,RT Ponting,SR Watson,DR Tuffey,4,0,"",""
ball,2,9.3,Australia,RT Ponting,SR Watson,DR Tuffey,1,0,"",""
ball,2,9.4,Australia,SR Watson,RT Ponting,DR Tuffey,4,0,"",""
ball,2,9.5,Australia,SR Watson,RT Ponting,DR Tuffey,1,0,"",""
ball,2,9.6,Australia,RT Ponting,SR Watson,DR Tuffey,0,0,"",""
ball,2,10.1,Australia,SR Watson,RT Ponting,DL Vettori,0,0,"",""
ball,2,10.2,Australia,SR Watson,RT Ponting,DL Vettori,0,0,"",""
ball,2,10.3,Australia,SR Watson,RT Ponting,DL Vettori,0,0,"",""
ball,2,10.4,Australia,SR Watson,RT Ponting,DL Vettori,0,0,"",""
ball,2,10.5,Australia,SR Watson,RT Ponting,DL Vettori,0,0,"",""
ball,2,10.6,Australia,SR Watson,RT Ponting,DL Vettori,0,0,"",""
ball,2,11.1,Australia,RT Ponting,SR Watson,SB Styris,1,0,"",""
ball,2,11.2,Australia,SR Watson,RT Ponting,SB Styris,1,0,"",""
ball,2,11.3,Australia,RT Ponting,SR Watson,SB Styris,4,0,"",""
ball,2,11.4,Australia,RT Ponting,SR Watson,SB Styris,1,0,"",""
ball,2,11.5,Australia,SR Watson,RT Ponting,SB Styris,0,0,"",""
ball,2,11.6,Australia,SR Watson,RT Ponting,SB Styris,0,0,"",""
ball,2,12.1,Australia,RT Ponting,SR Watson,DL Vettori,1,0,"",""
ball,2,12.2,Australia,SR Watson,RT Ponting,DL Vettori,0,0,lbw,SR Watson
ball,2,12.3,Australia,CL White,RT Ponting,DL Vettori,0,0,"",""
ball,2,12.4,Australia,CL White,RT Ponting,DL Vettori,0,0,"",""
ball,2,12.5,Australia,CL White,RT Ponting,DL Vettori,0,0,"",""
ball,2,12.6,Australia,CL White,RT Ponting,DL Vettori,0,0,"",""
ball,2,13.1,Australia,RT Ponting,CL White,SB Styris,0,0,"",""
ball,2,13.2,Australia,RT Ponting,CL White,SB Styris,1,0,"",""
ball,2,13.3,Australia,CL White,RT Ponting,SB Styris,0,0,"",""
ball,2,13.4,Australia,CL White,RT Ponting,SB Styris,0,0,"",""
ball,2,13.5,Australia,CL White,RT Ponting,SB Styris,0,0,"",""
ball,2,13.6,Australia,CL White,RT Ponting,SB Styris,0,0,"",""
ball,2,14.1,Australia,RT Ponting,CL White,DL Vettori,0,0,lbw,RT Ponting
ball,2,14.2,Australia,AC Voges,CL White,DL Vettori,0,0,"",""
ball,2,14.3,Australia,AC Voges,CL White,DL Vettori,0,0,"",""
ball,2,14.4,Australia,AC Voges,CL White,DL Vettori,0,0,"",""
ball,2,14.5,Australia,AC Voges,CL White,DL Vettori,0,0,"",""
ball,2,14.6,Australia,AC Voges,CL White,DL Vettori,4,0,"",""
ball,2,15.1,Australia,CL White,AC Voges,SB Styris,0,0,"",""
ball,2,15.2,Australia,CL White,AC Voges,SB Styris,0,0,"",""
ball,2,15.3,Australia,CL White,AC Voges,SB Styris,0,0,"",""
ball,2,15.4,Australia,CL White,AC Voges,SB Styris,0,0,"",""
ball,2,15.5,Australia,CL White,AC Voges,SB Styris,1,0,"",""
ball,2,15.6,Australia,AC Voges,CL White,SB Styris,0,0,"",""
ball,2,16.1,Australia,CL White,AC Voges,DL Vettori,0,0,"",""
ball,2,16.2,Australia,CL White,AC Voges,DL Vettori,2,0,"",""
ball,2,16.3,Australia,CL White,AC Voges,DL Vettori,0,0,"",""
ball,2,16.4,Australia,CL White,AC Voges,DL Vettori,6,0,"",""
ball,2,16.5,Australia,CL White,AC Voges,DL Vettori,1,0,"",""
ball,2,16.6,Australia,AC Voges,CL White,DL Vettori,1,0,"",""
ball,2,17.1,Australia,AC Voges,CL White,SB Styris,0,0,"",""
ball,2,17.2,Australia,AC Voges,CL White,SB Styris,1,0,"",""
ball,2,17.3,Australia,CL White,AC Voges,SB Styris,1,0,"",""
ball,2,17.4,Australia,AC Voges,CL White,SB Styris,0,0,"",""
ball,2,17.5,Australia,AC Voges,CL White,SB Styris,1,0,"",""
ball,2,17.6,Australia,CL White,AC Voges,SB Styris,1,0,"",""
ball,2,18.1,Australia,CL White,AC Voges,DR Tuffey,2,0,"",""
ball,2,18.2,Australia,CL White,AC Voges,DR Tuffey,0,0,"",""
ball,2,18.3,Australia,CL White,AC Voges,DR Tuffey,0,0,"",""
ball,2,18.4,Australia,CL White,AC Voges,DR Tuffey,2,0,"",""
ball,2,18.5,Australia,CL White,AC Voges,DR Tuffey,0,0,"",""
ball,2,18.6,Australia,CL White,AC Voges,DR Tuffey,0,0,"",""
ball,2,19.1,Australia,AC Voges,CL White,SB Styris,1,0,"",""
ball,2,19.2,Australia,CL White,AC Voges,SB Styris,0,0,"",""
ball,2,19.3,Australia,CL White,AC Voges,SB Styris,1,0,"",""
ball,2,19.4,Australia,AC Voges,CL White,SB Styris,4,0,"",""
ball,2,19.5,Australia,AC Voges,CL White,SB Styris,0,0,"",""
ball,2,19.6,Australia,AC Voges,CL White,SB Styris,1,0,"",""
ball,2,20.1,Australia,AC Voges,CL White,DR Tuffey,1,0,"",""
ball,2,20.2,Australia,CL White,AC Voges,DR Tuffey,0,0,"",""
ball,2,20.3,Australia,CL White,AC Voges,DR Tuffey,0,0,"",""
ball,2,20.4,Australia,CL White,AC Voges,DR Tuffey,0,0,"",""
ball,2,20.5,Australia,CL White,AC Voges,DR Tuffey,1,0,"",""
ball,2,20.6,Australia,AC Voges,CL White,DR Tuffey,1,0,"",""
ball,2,21.1,Australia,AC Voges,CL White,TG Southee,2,0,"",""
ball,2,21.2,Australia,AC Voges,CL White,TG Southee,1,0,"",""
ball,2,21.3,Australia,CL White,AC Voges,TG Southee,0,0,"",""
ball,2,21.4,Australia,CL White,AC Voges,TG Southee,1,0,"",""
ball,2,21.5,Australia,AC Voges,CL White,TG Southee,1,0,"",""
ball,2,21.6,Australia,CL White,AC Voges,TG Southee,4,0,"",""
ball,2,22.1,Australia,AC Voges,CL White,DL Vettori,0,0,"",""
ball,2,22.2,Australia,AC Voges,CL White,DL Vettori,0,0,"",""
ball,2,22.3,Australia,AC Voges,CL White,DL Vettori,0,0,"",""
ball,2,22.4,Australia,AC Voges,CL White,DL Vettori,1,0,"",""
ball,2,22.5,Australia,CL White,AC Voges,DL Vettori,1,0,"",""
ball,2,22.6,Australia,AC Voges,CL White,DL Vettori,1,0,"",""
ball,2,23.1,Australia,AC Voges,CL White,JEC Franklin,1,0,"",""
ball,2,23.2,Australia,CL White,AC Voges,JEC Franklin,0,0,"",""
ball,2,23.3,Australia,CL White,AC Voges,JEC Franklin,1,0,"",""
ball,2,23.4,Australia,AC Voges,CL White,JEC Franklin,0,0,"",""
ball,2,23.5,Australia,AC Voges,CL White,JEC Franklin,6,0,"",""
ball,2,23.6,Australia,AC Voges,CL White,JEC Franklin,1,0,"",""
ball,2,24.1,Australia,AC Voges,CL White,DL Vettori,0,0,"",""
ball,2,24.2,Australia,AC Voges,CL White,DL Vettori,0,0,"",""
ball,2,24.3,Australia,AC Voges,CL White,DL Vettori,0,0,"",""
ball,2,24.4,Australia,AC Voges,CL White,DL Vettori,1,0,"",""
ball,2,24.5,Australia,CL White,AC Voges,DL Vettori,0,4,"",""
ball,2,24.6,Australia,CL White,AC Voges,DL Vettori,1,0,"",""
ball,2,25.1,Australia,CL White,AC Voges,JEC Franklin,1,0,"",""
ball,2,25.2,Australia,AC Voges,CL White,JEC Franklin,0,0,"",""
ball,2,25.3,Australia,AC Voges,CL White,JEC Franklin,4,0,"",""
ball,2,25.4,Australia,AC Voges,CL White,JEC Franklin,0,0,caught,AC Voges
ball,2,25.5,Australia,MEK Hussey,CL White,JEC Franklin,1,0,"",""
ball,2,25.6,Australia,CL White,MEK Hussey,JEC Franklin,0,0,"",""
ball,2,26.1,Australia,MEK Hussey,CL White,SE Bond,3,0,"",""
ball,2,26.2,Australia,CL White,MEK Hussey,SE Bond,0,0,"",""
ball,2,26.3,Australia,CL White,MEK Hussey,SE Bond,1,0,"",""
ball,2,26.4,Australia,MEK Hussey,CL White,SE Bond,0,1,"",""
ball,2,26.5,Australia,CL White,MEK Hussey,SE Bond,0,0,"",""
ball,2,26.6,Australia,CL White,MEK Hussey,SE Bond,0,0,"",""
ball,2,27.1,Australia,MEK Hussey,CL White,JEC Franklin,1,0,"",""
ball,2,27.2,Australia,CL White,MEK Hussey,JEC Franklin,4,0,"",""
ball,2,27.3,Australia,CL White,MEK Hussey,JEC Franklin,2,0,"",""
ball,2,27.4,Australia,CL White,MEK Hussey,JEC Franklin,0,0,"",""
ball,2,27.5,Australia,CL White,MEK Hussey,JEC Franklin,4,0,"",""
ball,2,27.6,Australia,CL White,MEK Hussey,JEC Franklin,0,0,"",""
ball,2,28.1,Australia,MEK Hussey,CL White,SE Bond,1,0,"",""
ball,2,28.2,Australia,CL White,MEK Hussey,SE Bond,1,0,"",""
ball,2,28.3,Australia,MEK Hussey,CL White,SE Bond,1,0,"",""
ball,2,28.4,Australia,CL White,MEK Hussey,SE Bond,1,0,"",""
ball,2,28.5,Australia,MEK Hussey,CL White,SE Bond,4,0,"",""
ball,2,28.6,Australia,MEK Hussey,CL White,SE Bond,1,0,"",""
ball,2,29.1,Australia,MEK Hussey,CL White,TG Southee,2,0,"",""
ball,2,29.2,Australia,MEK Hussey,CL White,TG Southee,1,0,"",""
ball,2,29.3,Australia,CL White,MEK Hussey,TG Southee,1,0,"",""
ball,2,29.4,Australia,MEK Hussey,CL White,TG Southee,1,0,"",""
ball,2,29.5,Australia,CL White,MEK Hussey,TG Southee,4,0,"",""
ball,2,29.6,Australia,CL White,MEK Hussey,TG Southee,4,0,"",""
ball,2,30.1,Australia,MEK Hussey,CL White,DL Vettori,1,0,"",""
ball,2,30.2,Australia,CL White,MEK Hussey,DL Vettori,1,0,"",""
ball,2,30.3,Australia,MEK Hussey,CL White,DL Vettori,2,0,"",""
ball,2,30.4,Australia,MEK Hussey,CL White,DL Vettori,4,0,"",""
ball,2,30.5,Australia,MEK Hussey,CL White,DL Vettori,0,0,"",""
ball,2,30.6,Australia,MEK Hussey,CL White,DL Vettori,1,0,"",""
ball,2,31.1,Australia,MEK Hussey,CL White,TG Southee,4,0,"",""
