version,1.3.0
info,team,New Zealand
info,team,Australia
info,gender,male
info,season,2009/10
info,date,2010/03/13
info,series,Chappell-Hadlee Trophy
info,match_number,5
info,venue,Westpac Stadium
info,city,Wellington
info,toss_winner,Australia
info,toss_decision,field
info,player_of_match,TG Southee
info,umpire,Asad Rauf
info,umpire,GAV Baxter
info,reserve_umpire,WR Knights
info,tv_umpire,EA Watkin
info,match_referee,RS Madugalle
info,winner,New Zealand
info,winner_runs,51
ball,1,0.1,New Zealand,BB McCullum,MJ Guptill,CJ McKay,0,0,"",""
ball,1,0.2,New Zealand,BB McCullum,MJ Guptill,CJ McKay,0,0,"",""
ball,1,0.3,New Zealand,BB McCullum,MJ Guptill,CJ McKay,0,0,"",""
ball,1,0.4,New Zealand,BB McCullum,MJ Guptill,CJ McKay,0,0,"",""
ball,1,0.5,New Zealand,BB McCullum,MJ Guptill,CJ McKay,1,0,"",""
ball,1,0.6,New Zealand,MJ Guptill,BB McCullum,CJ McKay,0,0,"",""
ball,1,1.1,New Zealand,BB McCullum,MJ Guptill,DE Bollinger,0,0,"",""
ball,1,1.2,New Zealand,BB McCullum,MJ Guptill,DE Bollinger,0,3,"",""
ball,1,1.3,New Zealand,BB McCullum,MJ Guptill,DE Bollinger,0,0,"",""
ball,1,1.4,New Zealand,BB McCullum,MJ Guptill,DE Bollinger,0,0,"",""
ball,1,1.5,New Zealand,BB McCullum,MJ Guptill,DE Bollinger,0,5,"",""
ball,1,1.6,New Zealand,BB McCullum,MJ Guptill,DE Bollinger,0,0,"",""
ball,1,1.7,New Zealand,BB McCullum,MJ Guptill,DE Bollinger,0,0,"",""
ball,1,1.8,New Zealand,BB McCullum,MJ Guptill,DE Bollinger,0,0,"",""
ball,1,2.1,New Zealand,MJ Guptill,BB McCullum,CJ McKay,0,0,"",""
ball,1,2.2,New Zealand,MJ Guptill,BB McCullum,CJ McKay,0,0,"",""
ball,1,2.3,New Zealand,MJ Guptill,BB McCullum,CJ McKay,0,5,"",""
ball,1,2.4,New Zealand,MJ Guptill,BB McCullum,CJ McKay,6,0,"",""
ball,1,2.5,New Zealand,MJ Guptill,BB McCullum,CJ McKay,0,0,"",""
ball,1,2.6,New Zealand,MJ Guptill,BB McCullum,CJ McKay,1,0,"",""
ball,1,2.7,New Zealand,BB McCullum,MJ Guptill,CJ McKay,0,0,"",""
ball,1,3.1,New Zealand,MJ Guptill,BB McCullum,DE Bollinger,0,0,"",""
ball,1,3.2,New Zealand,MJ Guptill,BB McCullum,DE Bollinger,0,0,"",""
ball,1,3.3,New Zealand,MJ Guptill,BB McCullum,DE Bollinger,0,0,"",""
ball,1,3.4,New Zealand,MJ Guptill,BB McCullum,DE Bollinger,0,0,"",""
ball,1,3.5,New Zealand,MJ Guptill,BB McCullum,DE Bollinger,0,0,"",""
ball,1,3.6,New Zealand,MJ Guptill,BB McCullum,DE Bollinger,0,0,"",""
ball,1,4.1,New Zealand,BB McCullum,MJ Guptill,CJ McKay,0,0,caught,BB McCullum
ball,1,4.2,New Zealand,LRPL Taylor,MJ Guptill,CJ McKay,2,0,"",""
ball,1,4.3,New Zealand,LRPL Taylor,MJ Guptill,CJ McKay,0,0,"",""
ball,1,4.4,New Zealand,LRPL Taylor,MJ Guptill,CJ McKay,1,0,"",""
ball,1,4.5,New Zealand,MJ Guptill,LRPL Taylor,CJ McKay,0,1,"",""
ball,1,4.6,New Zealand,LRPL Taylor,MJ Guptill,CJ McKay,0,0,run out,MJ Guptill
ball,1,5.1,New Zealand,LRPL Taylor,SL Stewart,DE Bollinger,0,0,"",""
ball,1,5.2,New Zealand,LRPL Taylor,SL Stewart,DE Bollinger,0,0,"",""
ball,1,5.3,New Zealand,LRPL Taylor,SL Stewart,DE Bollinger,0,0,"",""
ball,1,5.4,New Zealand,LRPL Taylor,SL Stewart,DE Bollinger,0,0,"",""
ball,1,5.5,New Zealand,LRPL Taylor,SL Stewart,DE Bollinger,0,0,"",""
ball,1,5.6,New Zealand,LRPL Taylor,SL Stewart,DE Bollinger,0,0,"",""
ball,1,6.1,New Zealand,SL Stewart,LRPL Taylor,CJ McKay,0,0,"",""
ball,1,6.2,New Zealand,SL Stewart,LRPL Taylor,CJ McKay,0,0,"",""
ball,1,6.3,New Zealand,SL Stewart,LRPL Taylor,CJ McKay,4,0,"",""
ball,1,6.4,New Zealand,SL Stewart,LRPL Taylor,CJ McKay,0,0,"",""
ball,1,6.5,New Zealand,SL Stewart,LRPL Taylor,CJ McKay,0,0,"",""
ball,1,6.6,New Zealand,SL Stewart,LRPL Taylor,CJ McKay,2,0,"",""
ball,1,7.1,New Zealand,LRPL Taylor,SL Stewart,MG Johnson,0,0,"",""
ball,1,7.2,New Zealand,LRPL Taylor,SL Stewart,MG Johnson,0,0,"",""
ball,1,7.3,New Zealand,LRPL Taylor,SL Stewart,MG Johnson,0,0,"",""
ball,1,7.4,New Zealand,LRPL Taylor,SL Stewart,MG Johnson,0,0,"",""
ball,1,7.5,New Zealand,LRPL Taylor,SL Stewart,MG Johnson,1,0,"",""
ball,1,7.6,New Zealand,SL Stewart,LRPL Taylor,MG Johnson,0,0,caught,SL Stewart
ball,1,8.1,New Zealand,LRPL Taylor,SB Styris,CJ McKay,0,0,"",""
ball,1,8.2,New Zealand,LRPL Taylor,SB Styris,CJ McKay,0,0,"",""
ball,1,8.3,New Zealand,LRPL Taylor,SB Styris,CJ McKay,0,0,"",""
ball,1,8.4,New Zealand,LRPL Taylor,SB Styris,CJ McKay,0,0,"",""
ball,1,8.5,New Zealand,LRPL Taylor,SB Styris,CJ McKay,2,0,"",""
ball,1,8.6,New Zealand,LRPL Taylor,SB Styris,CJ McKay,4,0,"",""
ball,1,9.1,New Zealand,SB Styris,LRPL Taylor,MG Johnson,0,0,"",""
ball,1,9.2,New Zealand,SB Styris,LRPL Taylor,MG Johnson,1,0,"",""
ball,1,9.3,New Zealand,LRPL Taylor,SB Styris,MG Johnson,0,0,"",""
ball,1,9.4,New Zealand,LRPL Taylor,SB Styris,MG Johnson,4,0,"",""
ball,1,9.5,New Zealand,LRPL Taylor,SB Styris,MG Johnson,0,0,"",""
ball,1,9.6,New Zealand,LRPL Taylor,SB Styris,MG Johnson,0,0,"",""
ball,1,10.1,New Zealand,SB Styris,LRPL Taylor,CJ McKay,0,0,"",""
ball,1,10.2,New Zealand,SB Styris,LRPL Taylor,CJ McKay,0,0,"",""
ball,1,10.3,New Zealand,SB Styris,LRPL Taylor,CJ McKay,0,0,"",""
ball,1,10.4,New Zealand,SB Styris,LRPL Taylor,CJ McKay,0,0,"",""
ball,1,10.5,New Zealand,SB Styris,LRPL Taylor,CJ McKay,0,0,"",""
ball,1,10.6,New Zealand,SB Styris,LRPL Taylor,CJ McKay,0,0,"",""
ball,1,11.1,New Zealand,LRPL Taylor,SB Styris,MG Johnson,0,0,"",""
ball,1,11.2,New Zealand,LRPL Taylor,SB Styris,MG Johnson,0,1,"",""
ball,1,11.3,New Zealand,LRPL Taylor,SB Styris,MG Johnson,0,0,"",""
ball,1,11.4,New Zealand,LRPL Taylor,SB Styris,MG Johnson,0,0,"",""
ball,1,11.5,New Zealand,LRPL Taylor,SB Styris,MG Johnson,1,0,"",""
ball,1,11.6,New Zealand,SB Styris,LRPL Taylor,MG Johnson,1,0,"",""
ball,1,11.7,New Zealand,LRPL Taylor,SB Styris,MG Johnson,0,5,"",""
ball,1,11.8,New Zealand,LRPL Taylor,SB Styris,MG Johnson,0,0,"",""
ball,1,12.1,New Zealand,SB Styris,LRPL Taylor,DE Bollinger,3,1,"",""
ball,1,12.2,New Zealand,LRPL Taylor,SB Styris,DE Bollinger,0,0,"",""
ball,1,12.3,New Zealand,LRPL Taylor,SB Styris,DE Bollinger,0,0,"",""
ball,1,12.4,New Zealand,LRPL Taylor,SB Styris,DE Bollinger,0,0,"",""
ball,1,12.5,New Zealand,LRPL Taylor,SB Styris,DE Bollinger,0,0,"",""
ball,1,12.6,New Zealand,LRPL Taylor,SB Styris,DE Bollinger,1,0,"",""
ball,1,12.7,New Zealand,SB Styris,LRPL Taylor,DE Bollinger,0,0,"",""
ball,1,13.1,New Zealand,LRPL Taylor,SB Styris,MG Johnson,0,0,"",""
ball,1,13.2,New Zealand,LRPL Taylor,SB Styris,MG Johnson,0,0,"",""
ball,1,13.3,New Zealand,LRPL Taylor,SB Styris,MG Johnson,0,1,"",""
ball,1,13.4,New Zealand,LRPL Taylor,SB Styris,MG Johnson,4,0,"",""
ball,1,13.5,New Zealand,LRPL Taylor,SB Styris,MG Johnson,0,0,"",""
ball,1,13.6,New Zealand,LRPL Taylor,SB Styris,MG Johnson,0,0,"",""
ball,1,13.7,New Zealand,LRPL Taylor,SB Styris,MG Johnson,1,0,"",""
ball,1,14.1,New Zealand,LRPL Taylor,SB Styris,DE Bollinger,1,0,"",""
ball,1,14.2,New Zealand,SB Styris,LRPL Taylor,DE Bollinger,0,0,"",""
ball,1,14.3,New Zealand,SB Styris,LRPL Taylor,DE Bollinger,0,0,"",""
ball,1,14.4,New Zealand,SB Styris,LRPL Taylor,DE Bollinger,1,0,"",""
ball,1,14.5,New Zealand,LRPL Taylor,SB Styris,DE Bollinger,1,0,"",""
ball,1,14.6,New Zealand,SB Styris,LRPL Taylor,DE Bollinger,1,0,"",""
ball,1,15.1,New Zealand,SB Styris,LRPL Taylor,SR Watson,0,0,"",""
ball,1,15.2,New Zealand,SB Styris,LRPL Taylor,SR Watson,0,0,"",""
ball,1,15.3,New Zealand,SB Styris,LRPL Taylor,SR Watson,1,0,"",""
ball,1,15.4,New Zealand,LRPL Taylor,SB Styris,SR Watson,0,0,"",""
ball,1,15.5,New Zealand,LRPL Taylor,SB Styris,SR Watson,1,0,"",""
ball,1,15.6,New Zealand,SB Styris,LRPL Taylor,SR Watson,1,0,"",""
ball,1,16.1,New Zealand,SB Styris,LRPL Taylor,NM Hauritz,2,0,"",""
ball,1,16.2,New Zealand,SB Styris,LRPL Taylor,NM Hauritz,1,0,"",""
ball,1,16.3,New Zealand,LRPL Taylor,SB Styris,NM Hauritz,1,0,"",""
ball,1,16.4,New Zealand,SB Styris,LRPL Taylor,NM Hauritz,4,0,"",""
ball,1,16.5,New Zealand,SB Styris,LRPL Taylor,NM Hauritz,1,0,"",""
ball,1,16.6,New Zealand,LRPL Taylor,SB Styris,NM Hauritz,1,0,"",""
ball,1,17.1,New Zealand,LRPL Taylor,SB Styris,SR Watson,0,0,"",""
ball,1,17.2,New Zealand,LRPL Taylor,SB Styris,SR Watson,0,0,"",""
ball,1,17.3,New Zealand,LRPL Taylor,SB Styris,SR Watson,1,0,"",""
ball,1,17.4,New Zealand,SB Styris,LRPL Taylor,SR Watson,1,0,"",""
ball,1,17.5,New Zealand,LRPL Taylor,SB Styris,SR Watson,1,0,"",""
ball,1,17.6,New Zealand,SB Styris,LRPL Taylor,SR Watson,0,0,"",""
ball,1,18.1,New Zealand,LRPL Taylor,SB Styris,NM Hauritz,1,0,"",""
ball,1,18.2,New Zealand,SB Styris,LRPL Taylor,NM Hauritz,0,0,"",""
ball,1,18.3,New Zealand,SB Styris,LRPL Taylor,NM Hauritz,0,0,"",""
ball,1,18.4,New Zealand,SB Styris,LRPL Taylor,NM Hauritz,1,0,"",""
ball,1,18.5,New Zealand,LRPL Taylor,SB Styris,NM Hauritz,0,0,"",""
ball,1,18.6,New Zealand,LRPL Taylor,SB Styris,NM Hauritz,1,0,"",""
ball,1,19.1,New Zealand,LRPL Taylor,SB Styris,SR Watson,0,0,caught,LRPL Taylor
ball,1,19.2,New Zealand,SB Styris,DL Vettori,SR Watson,0,0,"",""
ball,1,19.3,New Zealand,SB Styris,DL Vettori,SR Watson,1,0,"",""
ball,1,19.4,New Zealand,DL Vettori,SB Styris,SR Watson,1,0,"",""
ball,1,19.5,New Zealand,SB Styris,DL Vettori,SR Watson,1,0,"",""
ball,1,19.6,New Zealand,DL Vettori,SB Styris,SR Watson,0,0,"",""
ball,1,20.1,New Zealand,SB Styris,DL Vettori,NM Hauritz,1,0,"",""
ball,1,20.2,New Zealand,DL Vettori,SB Styris,NM Hauritz,0,0,"",""
ball,1,20.3,New Zealand,DL Vettori,SB Styris,NM Hauritz,1,0,"",""
ball,1,20.4,New Zealand,SB Styris,DL Vettori,NM Hauritz,2,0,"",""
ball,1,20.5,New Zealand,SB Styris,DL Vettori,NM Hauritz,1,0,"",""
ball,1,20.6,New Zealand,DL Vettori,SB Styris,NM Hauritz,0,0,"",""
ball,1,21.1,New Zealand,SB Styris,DL Vettori,SR Watson,0,0,"",""
ball,1,21.2,New Zealand,SB Styris,DL Vettori,SR Watson,0,0,"",""
ball,1,21.3,New Zealand,SB Styris,DL Vettori,SR Watson,0,0,"",""
ball,1,21.4,New Zealand,SB Styris,DL Vettori,SR Watson,1,0,"",""
ball,1,21.5,New Zealand,DL Vettori,SB Styris,SR Watson,0,0,"",""
ball,1,21.6,New Zealand,DL Vettori,SB Styris,SR Watson,1,0,"",""
ball,1,22.1,New Zealand,DL Vettori,SB Styris,NM Hauritz,0,0,"",""
ball,1,22.2,New Zealand,DL Vettori,SB Styris,NM Hauritz,0,0,"",""
ball,1,22.3,New Zealand,DL Vettori,SB Styris,NM Hauritz,1,0,"",""
ball,1,22.4,New Zealand,SB Styris,DL Vettori,NM Hauritz,1,0,"",""
ball,1,22.5,New Zealand,DL Vettori,SB Styris,NM Hauritz,4,0,"",""
ball,1,22.6,New Zealand,DL Vettori,SB Styris,NM Hauritz,1,0,"",""
ball,1,23.1,New Zealand,DL Vettori,SB Styris,SR Watson,4,0,"",""
ball,1,23.2,New Zealand,DL Vettori,SB Styris,SR Watson,0,0,"",""
ball,1,23.3,New Zealand,DL Vettori,SB Styris,SR Watson,1,0,"",""
ball,1,23.4,New Zealand,SB Styris,DL Vettori,SR Watson,2,0,"",""
ball,1,23.5,New Zealand,SB Styris,DL Vettori,SR Watson,1,0,"",""
ball,1,23.6,New Zealand,DL Vettori,SB Styris,SR Watson,0,0,"",""
ball,1,24.1,New Zealand,SB Styris,DL Vettori,MG Johnson,1,0,"",""
ball,1,24.2,New Zealand,DL Vettori,SB Styris,MG Johnson,1,0,"",""
ball,1,24.3,New Zealand,SB Styris,DL Vettori,MG Johnson,0,0,"",""
ball,1,24.4,New Zealand,SB Styris,DL Vettori,MG Johnson,1,0,"",""
ball,1,24.5,New Zealand,DL Vettori,SB Styris,MG Johnson,0,0,"",""
ball,1,24.6,New Zealand,DL Vettori,SB Styris,MG Johnson,1,0,"",""
ball,1,25.1,New Zealand,DL Vettori,SB Styris,JR Hopes,0,1,"",""
ball,1,25.2,New Zealand,DL Vettori,SB Styris,JR Hopes,0,0,"",""
ball,1,25.3,New Zealand,DL Vettori,SB Styris,JR Hopes,0,0,"",""
ball,1,25.4,New Zealand,DL Vettori,SB Styris,JR Hopes,1,0,"",""
ball,1,25.5,New Zealand,SB Styris,DL Vettori,JR Hopes,0,0,"",""
ball,1,25.6,New Zealand,SB Styris,DL Vettori,JR Hopes,1,0,"",""
ball,1,25.7,New Zealand,DL Vettori,SB Styris,JR Hopes,0,0,"",""
ball,1,26.1,New Zealand,SB Styris,DL Vettori,MG Johnson,0,0,"",""
ball,1,26.2,New Zealand,SB Styris,DL Vettori,MG Johnson,1,0,"",""
ball,1,26.3,New Zealand,DL Vettori,SB Styris,MG Johnson,0,1,"",""
ball,1,26.4,New Zealand,DL Vettori,SB Styris,MG Johnson,1,0,"",""
ball,1,26.5,New Zealand,SB Styris,DL Vettori,MG Johnson,1,0,"",""
ball,1,26.6,New Zealand,DL Vettori,SB Styris,MG Johnson,0,1,"",""
ball,1,26.7,New Zealand,DL Vettori,SB Styris,MG Johnson,0,0,"",""
ball,1,26.8,New Zealand,DL Vettori,SB Styris,MG Johnson,1,0,"",""
ball,1,27.1,New Zealand,DL Vettori,SB Styris,JR Hopes,1,0,"",""
ball,1,27.2,New Zealand,SB Styris,DL Vettori,JR Hopes,4,0,"",""
ball,1,27.3,New Zealand,SB Styris,DL Vettori,JR Hopes,1,0,"",""
ball,1,27.4,New Zealand,DL Vettori,SB Styris,JR Hopes,1,0,"",""
ball,1,27.5,New Zealand,SB Styris,DL Vettori,JR Hopes,1,0,"",""
ball,1,27.6,New Zealand,DL Vettori,SB Styris,JR Hopes,1,0,"",""
ball,1,28.1,New Zealand,DL Vettori,SB Styris,NM Hauritz,1,0,"",""
ball,1,28.2,New Zealand,SB Styris,DL Vettori,NM Hauritz,2,0,"",""
ball,1,28.3,New Zealand,SB Styris,DL Vettori,NM Hauritz,1,0,"",""
ball,1,28.4,New Zealand,DL Vettori,SB Styris,NM Hauritz,1,0,"",""
ball,1,28.5,New Zealand,SB Styris,DL Vettori,NM Hauritz,1,0,"",""
ball,1,28.6,New Zealand,DL Vettori,SB Styris,NM Hauritz,1,0,"",""
ball,1,29.1,New Zealand,DL Vettori,SB Styris,JR Hopes,1,0,"",""
ball,1,29.2,New Zealand,SB Styris,DL Vettori,JR Hopes,1,0,"",""
ball,1,29.3,New Zealand,DL Vettori,SB Styris,JR Hopes,1,0,"",""
ball,1,29.4,New Zealand,SB Styris,DL Vettori,JR Hopes,1,0,"",""
ball,1,29.5,New Zealand,DL Vettori,SB Styris,JR Hopes,0,0,"",""
ball,1,29.6,New Zealand,DL Vettori,SB Styris,JR Hopes,0,0,"",""
ball,1,30.1,New Zealand,SB Styris,DL Vettori,NM Hauritz,0,0,"",""
ball,1,30.2,New Zealand,SB Styris,DL Vettori,NM Hauritz,0,0,"",""
ball,1,30.3,New Zealand,SB Styris,DL Vettori,NM Hauritz,2,0,"",""
ball,1,30.4,New Zealand,SB Styris,DL Vettori,NM Hauritz,6,0,"",""
ball,1,30.5,New Zealand,SB Styris,DL Vettori,NM Hauritz,0,0,"",""
ball,1,30.6,New Zealand,SB Styris,DL Vettori,NM Hauritz,0,1,"",""
ball,1,30.7,New Zealand,SB Styris,DL Vettori,NM Hauritz,0,0,"",""
ball,1,31.1,New Zealand,DL Vettori,SB Styris,JR Hopes,1,0,"",""
ball,1,31.2,New Zealand,SB Styris,DL Vettori,JR Hopes,0,0,"",""
ball,1,31.3,New Zealand,SB Styris,DL Vettori,JR Hopes,0,0,bowled,SB Styris
ball,1,31.4,New Zealand,GJ Hopkins,DL Vettori,JR Hopes,0,0,"",""
ball,1,31.5,New Zealand,GJ Hopkins,DL Vettori,JR Hopes,0,0,"",""
ball,1,31.6,New Zealand,GJ Hopkins,DL Vettori,JR Hopes,1,0,"",""
ball,1,32.1,New Zealand,GJ Hopkins,DL Vettori,DE Bollinger,0,0,"",""
ball,1,32.2,New Zealand,GJ Hopkins,DL Vettori,DE Bollinger,0,0,"",""
ball,1,32.3,New Zealand,GJ Hopkins,DL Vettori,DE Bollinger,1,0,"",""
ball,1,32.4,New Zealand,DL Vettori,GJ Hopkins,DE Bollinger,0,0,"",""
ball,1,32.5,New Zealand,DL Vettori,GJ Hopkins,DE Bollinger,0,0,bowled,DL Vettori
ball,1,32.6,New Zealand,NL McCullum,GJ Hopkins,DE Bollinger,0,0,"",""
ball,1,33.1,New Zealand,GJ Hopkins,NL McCullum,JR Hopes,0,0,"",""
ball,1,33.2,New Zealand,GJ Hopkins,NL McCullum,JR Hopes,0,0,"",""
ball,1,33.3,New Zealand,GJ Hopkins,NL McCullum,JR Hopes,0,0,"",""
ball,1,33.4,New Zealand,GJ Hopkins,NL McCullum,JR Hopes,1,0,"",""
ball,1,33.5,New Zealand,NL McCullum,GJ Hopkins,JR Hopes,1,0,"",""
ball,1,33.6,New Zealand,GJ Hopkins,NL McCullum,JR Hopes,0,0,"",""
ball,1,34.1,New Zealand,NL McCullum,GJ Hopkins,DE Bollinger,0,0,"",""
ball,1,34.2,New Zealand,NL McCullum,GJ Hopkins,DE Bollinger,1,0,"",""
ball,1,34.3,New Zealand,GJ Hopkins,NL McCullum,DE Bollinger,1,0,"",""
ball,1,34.4,New Zealand,NL McCullum,GJ Hopkins,DE Bollinger,0,0,"",""
ball,1,34.5,New Zealand,NL McCullum,GJ Hopkins,DE Bollinger,1,0,"",""
ball,1,34.6,New Zealand,GJ Hopkins,NL McCullum,DE Bollinger,1,0,"",""
ball,1,35.1,New Zealand,GJ Hopkins,NL McCullum,JR Hopes,2,0,"",""
ball,1,35.2,New Zealand,GJ Hopkins,NL McCullum,JR Hopes,4,0,"",""
ball,1,35.3,New Zealand,GJ Hopkins,NL McCullum,JR Hopes,0,0,"",""
ball,1,35.4,New Zealand,GJ Hopkins,NL McCullum,JR Hopes,1,0,"",""
ball,1,35.5,New Zealand,NL McCullum,GJ Hopkins,JR Hopes,0,0,"",""
ball,1,35.6,New Zealand,NL McCullum,GJ Hopkins,JR Hopes,1,0,"",""
ball,1,36.1,New Zealand,NL McCullum,GJ Hopkins,DE Bollinger,1,0,"",""
ball,1,36.2,New Zealand,GJ Hopkins,NL McCullum,DE Bollinger,0,0,"",""
ball,1,36.3,New Zealand,GJ Hopkins,NL McCullum,DE Bollinger,4,0,"",""
ball,1,36.4,New Zealand,GJ Hopkins,NL McCullum,DE Bollinger,0,0,"",""
ball,1,36.5,New Zealand,GJ Hopkins,NL McCullum,DE Bollinger,0,0,"",""
ball,1,36.6,New Zealand,GJ Hopkins,NL McCullum,DE Bollinger,3,0,"",""
ball,1,37.1,New Zealand,GJ Hopkins,NL McCullum,SR Watson,1,0,"",""
ball,1,37.2,New Zealand,NL McCullum,GJ Hopkins,SR Watson,0,0,"",""
ball,1,37.3,New Zealand,NL McCullum,GJ Hopkins,SR Watson,1,0,"",""
ball,1,37.4,New Zealand,GJ Hopkins,NL McCullum,SR Watson,0,0,"",""
ball,1,37.5,New Zealand,GJ Hopkins,NL McCullum,SR Watson,4,0,"",""
ball,1,37.6,New Zealand,GJ Hopkins,NL McCullum,SR Watson,2,0,"",""
ball,1,38.1,New Zealand,NL McCullum,GJ Hopkins,NM Hauritz,0,0,"",""
ball,1,38.2,New Zealand,NL McCullum,GJ Hopkins,NM Hauritz,1,0,"",""
ball,1,38.3,New Zealand,GJ Hopkins,NL McCullum,NM Hauritz,0,0,"",""
ball,1,38.4,New Zealand,GJ Hopkins,NL McCullum,NM Hauritz,0,0,caught,GJ Hopkins
ball,1,38.5,New Zealand,DR Tuffey,NL McCullum,NM Hauritz,1,0,"",""
ball,1,38.6,New Zealand,NL McCullum,DR Tuffey,NM Hauritz,0,0,"",""
ball,1,39.1,New Zealand,DR Tuffey,NL McCullum,SR Watson,0,0,"",""
ball,1,39.2,New Zealand,DR Tuffey,NL McCullum,SR Watson,0,0,"",""
ball,1,39.3,New Zealand,DR Tuffey,NL McCullum,SR Watson,0,0,"",""
ball,1,39.4,New Zealand,DR Tuffey,NL McCullum,SR Watson,0,0,"",""
ball,1,39.5,New Zealand,DR Tuffey,NL McCullum,SR Watson,0,0,"",""
ball,1,39.6,New Zealand,DR Tuffey,NL McCullum,SR Watson,0,0,"",""
ball,1,40.1,New Zealand,NL McCullum,DR Tuffey,MG Johnson,0,0,"",""
ball,1,40.2,New Zealand,NL McCullum,DR Tuffey,MG Johnson,1,0,"",""
ball,1,40.3,New Zealand,DR Tuffey,NL McCullum,MG Johnson,2,0,"",""
ball,1,40.4,New Zealand,DR Tuffey,NL McCullum,MG Johnson,0,0,"",""
ball,1,40.5,New Zealand,DR Tuffey,NL McCullum,MG Johnson,1,0,"",""
ball,1,40.6,New Zealand,NL McCullum,DR Tuffey,MG Johnson,0,0,"",""
ball,1,41.1,New Zealand,DR Tuffey,NL McCullum,SR Watson,0,0,"",""
ball,1,41.2,New Zealand,DR Tuffey,NL McCullum,SR Watson,2,0,"",""
ball,1,41.3,New Zealand,DR Tuffey,NL McCullum,SR Watson,1,0,"",""
ball,1,41.4,New Zealand,NL McCullum,DR Tuffey,SR Watson,0,0,"",""
ball,1,41.5,New Zealand,NL McCullum,DR Tuffey,SR Watson,1,0,"",""
ball,1,41.6,New Zealand,DR Tuffey,NL McCullum,SR Watson,0,1,"",""
ball,1,42.1,New Zealand,DR Tuffey,NL McCullum,MG Johnson,0,0,"",""
ball,1,42.2,New Zealand,DR Tuffey,NL McCullum,MG Johnson,0,0,"",""
ball,1,42.3,New Zealand,DR Tuffey,NL McCullum,MG Johnson,1,0,"",""
ball,1,42.4,New Zealand,NL McCullum,DR Tuffey,MG Johnson,0,0,"",""
ball,1,42.5,New Zealand,NL McCullum,DR Tuffey,MG Johnson,0,1,"",""
ball,1,42.6,New Zealand,NL McCullum,DR Tuffey,MG Johnson,2,0,"",""
ball,1,42.7,New Zealand,NL McCullum,DR Tuffey,MG Johnson,1,0,"",""
ball,1,43.1,New Zealand,NL McCullum,DR Tuffey,CJ McKay,1,0,"",""
ball,1,43.2,New Zealand,DR Tuffey,NL McCullum,CJ McKay,4,0,"",""
ball,1,43.3,New Zealand,DR Tuffey,NL McCullum,CJ McKay,1,0,"",""
ball,1,43.4,New Zealand,NL McCullum,DR Tuffey,CJ McKay,0,1,"",""
ball,1,43.5,New Zealand,DR Tuffey,NL McCullum,CJ McKay,1,0,"",""
ball,1,43.6,New Zealand,NL McCullum,DR Tuffey,CJ McKay,4,0,"",""
ball,1,44.1,New Zealand,DR Tuffey,NL McCullum,MG Johnson,0,0,"",""
ball,1,44.2,New Zealand,DR Tuffey,NL McCullum,MG Johnson,0,0,"",""
ball,1,44.3,New Zealand,DR Tuffey,NL McCullum,MG Johnson,0,0,"",""
ball,1,44.4,New Zealand,DR Tuffey,NL McCullum,MG Johnson,1,0,"",""
ball,1,44.5,New Zealand,NL McCullum,DR Tuffey,MG Johnson,0,0,caught and bowled,NL McCullum
ball,1,44.6,New Zealand,DR Tuffey,SE Bond,MG Johnson,1,0,"",""
ball,1,45.1,New Zealand,DR Tuffey,SE Bond,CJ McKay,2,0,"",""
ball,1,45.2,New Zealand,DR Tuffey,SE Bond,CJ McKay,1,0,"",""
ball,1,45.3,New Zealand,SE Bond,DR Tuffey,CJ McKay,0,0,"",""
ball,1,45.4,New Zealand,SE Bond,DR Tuffey,CJ McKay,0,0,"",""
ball,1,45.5,New Zealand,SE Bond,DR Tuffey,CJ McKay,0,0,"",""
ball,1,45.6,New Zealand,SE Bond,DR Tuffey,CJ McKay,0,0,"",""
ball,1,46.1,New Zealand,DR Tuffey,SE Bond,MG Johnson,0,0,"",""
ball,1,46.2,New Zealand,DR Tuffey,SE Bond,MG Johnson,1,0,"",""
ball,1,46.3,New Zealand,SE Bond,DR Tuffey,MG Johnson,0,0,"",""
ball,1,46.4,New Zealand,SE Bond,DR Tuffey,MG Johnson,0,0,"",""
ball,1,46.5,New Zealand,SE Bond,DR Tuffey,MG Johnson,0,0,"",""
ball,1,46.6,New Zealand,SE Bond,DR Tuffey,MG Johnson,0,0,"",""
ball,1,47.1,New Zealand,DR Tuffey,SE Bond,CJ McKay,6,0,"",""
ball,1,47.2,New Zealand,DR Tuffey,SE Bond,CJ McKay,2,0,"",""
ball,1,47.3,New Zealand,DR Tuffey,SE Bond,CJ McKay,0,0,"",""
ball,1,47.4,New Zealand,DR Tuffey,SE Bond,CJ McKay,1,0,"",""
ball,1,47.5,New Zealand,SE Bond,DR Tuffey,CJ McKay,0,0,"",""
ball,1,47.6,New Zealand,SE Bond,DR Tuffey,CJ McKay,0,0,"",""
ball,1,48.1,New Zealand,DR Tuffey,SE Bond,DE Bollinger,0,0,"",""
ball,1,48.2,New Zealand,DR Tuffey,SE Bond,DE Bollinger,1,0,"",""
ball,1,48.3,New Zealand,SE Bond,DR Tuffey,DE Bollinger,1,0,"",""
ball,1,48.4,New Zealand,DR Tuffey,SE Bond,DE Bollinger,1,0,"",""
ball,1,48.5,New Zealand,SE Bond,DR Tuffey,DE Bollinger,2,0,"",""
ball,1,48.6,New Zealand,SE Bond,DR Tuffey,DE Bollinger,2,0,"",""
ball,1,49.1,New Zealand,DR Tuffey,SE Bond,CJ McKay,1,0,"",""
ball,1,49.2,New Zealand,SE Bond,DR Tuffey,CJ McKay,1,0,"",""
ball,1,49.3,New Zealand,DR Tuffey,SE Bond,CJ McKay,0,0,"",""
ball,1,49.4,New Zealand,DR Tuffey,SE Bond,CJ McKay,2,0,"",""
ball,1,49.5,New Zealand,DR Tuffey,SE Bond,CJ McKay,2,0,"",""
ball,1,49.6,New Zealand,DR Tuffey,SE Bond,CJ McKay,0,0,caught,DR Tuffey
ball,2,0.1,Australia,SR Watson,BJ Haddin,SE Bond,0,0,"",""
ball,2,0.2,Australia,SR Watson,BJ Haddin,SE Bond,1,0,"",""
ball,2,0.3,Australia,BJ Haddin,SR Watson,SE Bond,0,0,"",""
ball,2,0.4,Australia,BJ Haddin,SR Watson,SE Bond,0,0,"",""
ball,2,0.5,Australia,BJ Haddin,SR Watson,SE Bond,0,0,"",""
ball,2,0.6,Australia,BJ Haddin,SR Watson,SE Bond,0,0,"",""
ball,2,1.1,Australia,SR Watson,BJ Haddin,DR Tuffey,0,0,"",""
ball,2,1.2,Australia,SR Watson,BJ Haddin,DR Tuffey,0,0,"",""
ball,2,1.3,Australia,SR Watson,BJ Haddin,DR Tuffey,0,0,"",""
ball,2,1.4,Australia,SR Watson,BJ Haddin,DR Tuffey,0,0,"",""
ball,2,1.5,Australia,SR Watson,BJ Haddin,DR Tuffey,4,0,"",""
ball,2,1.6,Australia,SR Watson,BJ Haddin,DR Tuffey,0,0,"",""
ball,2,2.1,Australia,BJ Haddin,SR Watson,SE Bond,3,0,"",""
ball,2,2.2,Australia,SR Watson,BJ Haddin,SE Bond,0,0,"",""
ball,2,2.3,Australia,SR Watson,BJ Haddin,SE Bond,0,0,"",""
ball,2,2.4,Australia,SR Watson,BJ Haddin,SE Bond,1,0,"",""
ball,2,2.5,Australia,BJ Haddin,SR Watson,SE Bond,0,0,"",""
ball,2,2.6,Australia,BJ Haddin,SR Watson,SE Bond,4,0,"",""
ball,2,3.1,Australia,SR Watson,BJ Haddin,DR Tuffey,1,0,"",""
ball,2,3.2,Australia,BJ Haddin,SR Watson,DR Tuffey,0,0,"",""
ball,2,3.3,Australia,BJ Haddin,SR Watson,DR Tuffey,0,0,"",""
ball,2,3.4,Australia,BJ Haddin,SR Watson,DR Tuffey,0,0,"",""
ball,2,3.5,Australia,BJ Haddin,SR Watson,DR Tuffey,4,0,"",""
ball,2,3.6,Australia,BJ Haddin,SR Watson,DR Tuffey,0,0,"",""
ball,2,4.1,Australia,SR Watson,BJ Haddin,SE Bond,1,0,"",""
ball,2,4.2,Australia,BJ Haddin,SR Watson,SE Bond,0,0,"",""
ball,2,4.3,Australia,BJ Haddin,SR Watson,SE Bond,0,0,"",""
ball,2,4.4,Australia,BJ Haddin,SR Watson,SE Bond,1,0,"",""
ball,2,4.5,Australia,SR Watson,BJ Haddin,SE Bond,2,0,"",""
ball,2,4.6,Australia,SR Watson,BJ Haddin,SE Bond,0,0,"",""
ball,2,5.1,Australia,BJ Haddin,SR Watson,DR Tuffey,0,0,"",""
ball,2,5.2,Australia,BJ Haddin,SR Watson,DR Tuffey,4,0,"",""
ball,2,5.3,Australia,BJ Haddin,SR Watson,DR Tuffey,1,0,"",""
ball,2,5.4,Australia,SR Watson,BJ Haddin,DR Tuffey,0,0,"",""
ball,2,5.5,Australia,SR Watson,BJ Haddin,DR Tuffey,0,0,"",""
ball,2,5.6,Australia,SR Watson,BJ Haddin,DR Tuffey,0,0,"",""
ball,2,6.1,Australia,BJ Haddin,SR Watson,SE Bond,0,0,"",""
ball,2,6.2,Australia,BJ Haddin,SR Watson,SE Bond,0,0,"",""
ball,2,6.3,Australia,BJ Haddin,SR Watson,SE Bond,0,0,caught,BJ Haddin
ball,2,6.4,Australia,RT Ponting,SR Watson,SE Bond,0,0,caught,RT Ponting
ball,2,6.5,Australia,CL White,SR Watson,SE Bond,0,0,"",""
ball,2,6.6,Australia,CL White,SR Watson,SE Bond,0,0,"",""
ball,2,7.1,Australia,SR Watson,CL White,DL Vettori,0,1,"",""
ball,2,7.2,Australia,SR Watson,CL White,DL Vettori,2,0,"",""
ball,2,7.3,Australia,SR Watson,CL White,DL Vettori,0,0,"",""
ball,2,7.4,Australia,SR Watson,CL White,DL Vettori,0,0,"",""
ball,2,7.5,Australia,SR Watson,CL White,DL Vettori,0,0,"",""
ball,2,7.6,Australia,SR Watson,CL White,DL Vettori,1,0,"",""
ball,2,7.7,Australia,CL White,SR Watson,DL Vettori,0,0,"",""
ball,2,8.1,Australia,SR Watson,CL White,SE Bond,0,0,"",""
ball,2,8.2,Australia,SR Watson,CL White,SE Bond,4,0,"",""
ball,2,8.3,Australia,SR Watson,CL White,SE Bond,0,0,"",""
ball,2,8.4,Australia,SR Watson,CL White,SE Bond,0,0,"",""
ball,2,8.5,Australia,SR Watson,CL White,SE Bond,0,0,"",""
ball,2,8.6,Australia,SR Watson,CL White,SE Bond,1,0,"",""
ball,2,9.1,Australia,SR Watson,CL White,DL Vettori,0,0,"",""
ball,2,9.2,Australia,SR Watson,CL White,DL Vettori,1,0,"",""
ball,2,9.3,Australia,CL White,SR Watson,DL Vettori,0,0,"",""
ball,2,9.4,Australia,CL White,SR Watson,DL Vettori,0,0,"",""
ball,2,9.5,Australia,CL White,SR Watson,DL Vettori,0,0,"",""
ball,2,9.6,Australia,CL White,SR Watson,DL Vettori,0,0,"",""
ball,2,10.1,Australia,SR Watson,CL White,SE Bond,1,0,"",""
ball,2,10.2,Australia,CL White,SR Watson,SE Bond,0,0,"",""
ball,2,10.3,Australia,CL White,SR Watson,SE Bond,0,0,"",""
ball,2,10.4,Australia,CL White,SR Watson,SE Bond,0,0,"",""
ball,2,10.5,Australia,CL White,SR Watson,SE Bond,0,0,"",""
ball,2,10.6,Australia,CL White,SR Watson,SE Bond,0,0,"",""
ball,2,11.1,Australia,SR Watson,CL White,DL Vettori,0,0,"",""
ball,2,11.2,Australia,SR Watson,CL White,DL Vettori,1,0,"",""
ball,2,11.3,Australia,CL White,SR Watson,DL Vettori,0,0,"",""
ball,2,11.4,Australia,CL White,SR Watson,DL Vettori,1,0,"",""
ball,2,11.5,Australia,SR Watson,CL White,DL Vettori,1,0,"",""
ball,2,11.6,Australia,CL White,SR Watson,DL Vettori,1,0,"",""
ball,2,12.1,Australia,CL White,SR Watson,TG Southee,0,0,"",""
ball,2,12.2,Australia,CL White,SR Watson,TG Southee,0,0,"",""
ball,2,12.3,Australia,CL White,SR Watson,TG Southee,4,0,"",""
ball,2,12.4,Australia,CL White,SR Watson,TG Southee,0,0,"",""
ball,2,12.5,Australia,CL White,SR Watson,TG Southee,0,0,"",""
ball,2,12.6,Australia,CL White,SR Watson,TG Southee,0,0,caught,CL White
ball,2,13.1,Australia,AC Voges,SR Watson,DL Vettori,0,0,"",""
ball,2,13.2,Australia,AC Voges,SR Watson,DL Vettori,0,0,"",""
ball,2,13.3,Australia,AC Voges,SR Watson,DL Vettori,0,0,"",""
ball,2,13.4,Australia,AC Voges,SR Watson,DL Vettori,0,0,"",""
ball,2,13.5,Australia,AC Voges,SR Watson,DL Vettori,0,0,"",""
ball,2,13.6,Australia,AC Voges,SR Watson,DL Vettori,0,0,"",""
ball,2,14.1,Australia,SR Watson,AC Voges,TG Southee,2,0,"",""
ball,2,14.2,Australia,SR Watson,AC Voges,TG Southee,0,0,"",""
ball,2,14.3,Australia,SR Watson,AC Voges,TG Southee,0,0,"",""
ball,2,14.4,Australia,SR Watson,AC Voges,TG Southee,0,0,"",""
ball,2,14.5,Australia,SR Watson,AC Voges,TG Southee,0,0,"",""
ball,2,14.6,Australia,SR Watson,AC Voges,TG Southee,1,0,"",""
ball,2,15.1,Australia,SR Watson,AC Voges,DR Tuffey,1,0,"",""
ball,2,15.2,Australia,AC Voges,SR Watson,DR Tuffey,1,0,"",""
ball,2,15.3,Australia,SR Watson,AC Voges,DR Tuffey,4,0,"",""
ball,2,15.4,Australia,SR Watson,AC Voges,DR Tuffey,0,0,"",""
ball,2,15.5,Australia,SR Watson,AC Voges,DR Tuffey,0,0,"",""
ball,2,15.6,Australia,SR Watson,AC Voges,DR Tuffey,1,0,"",""
ball,2,16.1,Australia,SR Watson,AC Voges,TG Southee,0,0,"",""
ball,2,16.2,Australia,SR Watson,AC Voges,TG Southee,4,0,"",""
ball,2,16.3,Australia,SR Watson,AC Voges,TG Southee,1,0,"",""
ball,2,16.4,Australia,AC Voges,SR Watson,TG Southee,0,0,"",""
ball,2,16.5,Australia,AC Voges,SR Watson,TG Southee,0,0,"",""
ball,2,16.6,Australia,AC Voges,SR Watson,TG Southee,1,0,"",""
ball,2,17.1,Australia,AC Voges,SR Watson,DR Tuffey,1,0,"",""
ball,2,17.2,Australia,SR Watson,AC Voges,DR Tuffey,0,0,"",""
ball,2,17.3,Australia,SR Watson,AC Voges,DR Tuffey,0,0,"",""
ball,2,17.4,Australia,SR Watson,AC Voges,DR Tuffey,1,0,"",""
ball,2,17.5,Australia,AC Voges,SR Watson,DR Tuffey,1,0,"",""
ball,2,17.6,Australia,SR Watson,AC Voges,DR Tuffey,1,0,"",""
ball,2,18.1,Australia,SR Watson,AC Voges,NL McCullum,1,0,"",""
ball,2,18.2,Australia,AC Voges,SR Watson,NL McCullum,0,0,"",""
ball,2,18.3,Australia,AC Voges,SR Watson,NL McCullum,0,0,"",""
ball,2,18.4,Australia,AC Voges,SR Watson,NL McCullum,1,0,"",""
ball,2,18.5,Australia,SR Watson,AC Voges,NL McCullum,0,0,"",""
ball,2,18.6,Australia,SR Watson,AC Voges,NL McCullum,1,0,"",""
ball,2,19.1,Australia,SR Watson,AC Voges,TG Southee,0,0,"",""
ball,2,19.2,Australia,SR Watson,AC Voges,TG Southee,2,0,"",""
ball,2,19.3,Australia,SR Watson,AC Voges,TG Southee,0,0,"",""
ball,2,19.4,Australia,SR Watson,AC Voges,TG Southee,1,0,"",""
ball,2,19.5,Australia,AC Voges,SR Watson,TG Southee,0,0,"",""
ball,2,19.6,Australia,AC Voges,SR Watson,TG Southee,0,0,caught,AC Voges
ball,2,20.1,Australia,SR Watson,MEK Hussey,NL McCullum,0,0,"",""
ball,2,20.2,Australia,SR Watson,MEK Hussey,NL McCullum,0,0,"",""
ball,2,20.3,Australia,SR Watson,MEK Hussey,NL McCullum,1,0,"",""
ball,2,20.4,Australia,MEK Hussey,SR Watson,NL McCullum,1,0,"",""
ball,2,20.5,Australia,SR Watson,MEK Hussey,NL McCullum,1,0,"",""
ball,2,20.6,Australia,MEK Hussey,SR Watson,NL McCullum,1,0,"",""
ball,2,21.1,Australia,MEK Hussey,SR Watson,TG Southee,0,1,"",""
ball,2,21.2,Australia,SR Watson,MEK Hussey,TG Southee,2,0,"",""
ball,2,21.3,Australia,SR Watson,MEK Hussey,TG Southee,1,0,"",""
ball,2,21.4,Australia,MEK Hussey,SR Watson,TG Southee,0,0,"",""
ball,2,21.5,Australia,MEK Hussey,SR Watson,TG Southee,0,0,"",""
ball,2,21.6,Australia,MEK Hussey,SR Watson,TG Southee,0,0,"",""
ball,2,22.1,Australia,SR Watson,MEK Hussey,NL McCullum,1,0,"",""
ball,2,22.2,Australia,MEK Hussey,SR Watson,NL McCullum,1,0,"",""
ball,2,22.3,Australia,SR Watson,MEK Hussey,NL McCullum,0,0,"",""
ball,2,22.4,Australia,SR Watson,MEK Hussey,NL McCullum,1,0,"",""
ball,2,22.5,Australia,MEK Hussey,SR Watson,NL McCullum,1,0,"",""
ball,2,22.6,Australia,SR Watson,MEK Hussey,NL McCullum,0,0,"",""
ball,2,23.1,Australia,MEK Hussey,SR Watson,TG Southee,0,0,"",""
ball,2,23.2,Australia,MEK Hussey,SR Watson,TG Southee,0,0,"",""
ball,2,23.3,Australia,MEK Hussey,SR Watson,TG Southee,0,0,"",""
ball,2,23.4,Australia,MEK Hussey,SR Watson,TG Southee,1,0,"",""
ball,2,23.5,Australia,SR Watson,MEK Hussey,TG Southee,0,0,"",""
ball,2,23.6,Australia,SR Watson,MEK Hussey,TG Southee,0,0,"",""
ball,2,24.1,Australia,MEK Hussey,SR Watson,NL McCullum,0,0,"",""
ball,2,24.2,Australia,MEK Hussey,SR Watson,NL McCullum,4,0,"",""
ball,2,24.3,Australia,MEK Hussey,SR Watson,NL McCullum,4,0,"",""
ball,2,24.4,Australia,MEK Hussey,SR Watson,NL McCullum,0,0,"",""
ball,2,24.5,Australia,MEK Hussey,SR Watson,NL McCullum,0,0,"",""
ball,2,24.6,Australia,MEK Hussey,SR Watson,NL McCullum,0,0,"",""
ball,2,25.1,Australia,SR Watson,MEK Hussey,DL Vettori,0,0,"",""
ball,2,25.2,Australia,SR Watson,MEK Hussey,DL Vettori,0,0,"",""
ball,2,25.3,Australia,SR Watson,MEK Hussey,DL Vettori,2,0,"",""
ball,2,25.4,Australia,SR Watson,MEK Hussey,DL Vettori,0,0,"",""
ball,2,25.5,Australia,SR Watson,MEK Hussey,DL Vettori,0,0,"",""
ball,2,25.6,Australia,SR Watson,MEK Hussey,DL Vettori,1,0,"",""
ball,2,26.1,Australia,SR Watson,MEK Hussey,NL McCullum,0,0,caught,SR Watson
ball,2,26.2,Australia,JR Hopes,MEK Hussey,NL McCullum,1,0,"",""
ball,2,26.3,Australia,MEK Hussey,JR Hopes,NL McCullum,0,1,"",""
ball,2,26.4,Australia,MEK Hussey,JR Hopes,NL McCullum,1,0,"",""
ball,2,26.5,Australia,JR Hopes,MEK Hussey,NL McCullum,0,0,"",""
ball,2,26.6,Australia,JR Hopes,MEK Hussey,NL McCullum,0,0,"",""
ball,2,26.7,Australia,JR Hopes,MEK Hussey,NL McCullum,0,0,"",""
ball,2,27.1,Australia,MEK Hussey,JR Hopes,DL Vettori,0,0,"",""
ball,2,27.2,Australia,MEK Hussey,JR Hopes,DL Vettori,0,0,"",""
ball,2,27.3,Australia,MEK Hussey,JR Hopes,DL Vettori,1,0,"",""
ball,2,27.4,Australia,JR Hopes,MEK Hussey,DL Vettori,0,0,"",""
ball,2,27.5,Australia,JR Hopes,MEK Hussey,DL Vettori,0,0,"",""
ball,2,27.6,Australia,JR Hopes,MEK Hussey,DL Vettori,0,0,"",""
ball,2,28.1,Australia,MEK Hussey,JR Hopes,NL McCullum,1,0,"",""
ball,2,28.2,Australia,JR Hopes,MEK Hussey,NL McCullum,0,0,"",""
ball,2,28.3,Australia,JR Hopes,MEK Hussey,NL McCullum,0,0,"",""
ball,2,28.4,Australia,JR Hopes,MEK Hussey,NL McCullum,0,0,"",""
ball,2,28.5,Australia,JR Hopes,MEK Hussey,NL McCullum,0,0,"",""
ball,2,28.6,Australia,JR Hopes,MEK Hussey,NL McCullum,1,0,"",""
ball,2,29.1,Australia,JR Hopes,MEK Hussey,DL Vettori,1,0,"",""
ball,2,29.2,Australia,MEK Hussey,JR Hopes,DL Vettori,1,0,"",""
ball,2,29.3,Australia,JR Hopes,MEK Hussey,DL Vettori,1,0,"",""
ball,2,29.4,Australia,MEK Hussey,JR Hopes,DL Vettori,0,0,"",""
ball,2,29.5,Australia,MEK Hussey,JR Hopes,DL Vettori,4,0,"",""
ball,2,29.6,Australia,MEK Hussey,JR Hopes,DL Vettori,0,0,"",""
ball,2,30.1,Australia,JR Hopes,MEK Hussey,NL McCullum,2,0,"",""
ball,2,30.2,Australia,JR Hopes,MEK Hussey,NL McCullum,0,0,"",""
ball,2,30.3,Australia,JR Hopes,MEK Hussey,NL McCullum,1,0,"",""
ball,2,30.4,Australia,MEK Hussey,JR Hopes,NL McCullum,1,0,"",""
ball,2,30.5,Australia,JR Hopes,MEK Hussey,NL McCullum,0,0,"",""
ball,2,30.6,Australia,JR Hopes,MEK Hussey,NL McCullum,0,0,"",""
ball,2,31.1,Australia,MEK Hussey,JR Hopes,SB Styris,4,0,"",""
ball,2,31.2,Australia,MEK Hussey,JR Hopes,SB Styris,4,0,"",""
ball,2,31.3,Australia,MEK Hussey,JR Hopes,SB Styris,1,0,"",""
ball,2,31.4,Australia,JR Hopes,MEK Hussey,SB Styris,0,0,"",""
ball,2,31.5,Australia,JR Hopes,MEK Hussey,SB Styris,2,0,"",""
ball,2,31.6,Australia,JR Hopes,MEK Hussey,SB Styris,0,0,"",""
ball,2,32.1,Australia,MEK Hussey,JR Hopes,NL McCullum,1,0,"",""
ball,2,32.2,Australia,JR Hopes,MEK Hussey,NL McCullum,0,0,"",""
ball,2,32.3,Australia,JR Hopes,MEK Hussey,NL McCullum,1,0,"",""
ball,2,32.4,Australia,MEK Hussey,JR Hopes,NL McCullum,0,0,"",""
ball,2,32.5,Australia,MEK Hussey,JR Hopes,NL McCullum,0,0,"",""
ball,2,32.6,Australia,MEK Hussey,JR Hopes,NL McCullum,1,0,"",""
ball,2,33.1,Australia,MEK Hussey,JR Hopes,SB Styris,1,0,"",""
ball,2,33.2,Australia,JR Hopes,MEK Hussey,SB Styris,0,0,"",""
ball,2,33.3,Australia,JR Hopes,MEK Hussey,SB Styris,1,0,"",""
ball,2,33.4,Australia,MEK Hussey,JR Hopes,SB Styris,1,0,"",""
ball,2,33.5,Australia,JR Hopes,MEK Hussey,SB Styris,1,0,"",""
ball,2,33.6,Australia,MEK Hussey,JR Hopes,SB Styris,1,0,"",""
ball,2,34.1,Australia,MEK Hussey,JR Hopes,SE Bond,1,0,"",""
ball,2,34.2,Australia,JR Hopes,MEK Hussey,SE Bond,0,0,"",""
ball,2,34.3,Australia,JR Hopes,MEK Hussey,SE Bond,0,0,"",""
ball,2,34.4,Australia,JR Hopes,MEK Hussey,SE Bond,1,0,"",""
ball,2,34.5,Australia,MEK Hussey,JR Hopes,SE Bond,0,0,"",""
ball,2,34.6,Australia,MEK Hussey,JR Hopes,SE Bond,1,0,"",""
ball,2,35.1,Australia,MEK Hussey,JR Hopes,DR Tuffey,0,0,"",""
ball,2,35.2,Australia,MEK Hussey,JR Hopes,DR Tuffey,0,0,"",""
ball,2,35.3,Australia,MEK Hussey,JR Hopes,DR Tuffey,1,0,"",""
ball,2,35.4,Australia,JR Hopes,MEK Hussey,DR Tuffey,0,0,"",""
ball,2,35.5,Australia,JR Hopes,MEK Hussey,DR Tuffey,0,0,"",""
ball,2,35.6,Australia,JR Hopes,MEK Hussey,DR Tuffey,0,0,"",""
ball,2,36.1,Australia,MEK Hussey,JR Hopes,SE Bond,1,0,"",""
ball,2,36.2,Australia,JR Hopes,MEK Hussey,SE Bond,0,0,"",""
ball,2,36.3,Australia,JR Hopes,MEK Hussey,SE Bond,1,0,"",""
ball,2,36.4,Australia,MEK Hussey,JR Hopes,SE Bond,0,0,"",""
ball,2,36.5,Australia,MEK Hussey,JR Hopes,SE Bond,0,0,"",""
ball,2,36.6,Australia,MEK Hussey,JR Hopes,SE Bond,0,0,"",""
ball,2,37.1,Australia,JR Hopes,MEK Hussey,DR Tuffey,1,0,"",""
ball,2,37.2,Australia,MEK Hussey,JR Hopes,DR Tuffey,2,0,"",""
ball,2,37.3,Australia,MEK Hussey,JR Hopes,DR Tuffey,0,0,"",""
ball,2,37.4,Australia,MEK Hussey,JR Hopes,DR Tuffey,0,0,"",""
ball,2,37.5,Australia,MEK Hussey,JR Hopes,DR Tuffey,2,0,"",""
ball,2,37.6,Australia,MEK Hussey,JR Hopes,DR Tuffey,1,0,"",""
ball,2,38.1,Australia,MEK Hussey,JR Hopes,TG Southee,1,0,"",""
ball,2,38.2,Australia,JR Hopes,MEK Hussey,TG Southee,1,0,"",""
ball,2,38.3,Australia,MEK Hussey,JR Hopes,TG Southee,0,0,bowled,MEK Hussey
ball,2,38.4,Australia,MG Johnson,JR Hopes,TG Southee,1,0,"",""
ball,2,38.5,Australia,JR Hopes,MG Johnson,TG Southee,2,0,"",""
ball,2,38.6,Australia,JR Hopes,MG Johnson,TG Southee,1,0,"",""
ball,2,39.1,Australia,JR Hopes,MG Johnson,DL Vettori,1,0,"",""
ball,2,39.2,Australia,MG Johnson,JR Hopes,DL Vettori,0,0,"",""
ball,2,39.3,Australia,MG Johnson,JR Hopes,DL Vettori,0,0,"",""
ball,2,39.4,Australia,MG Johnson,JR Hopes,DL Vettori,0,0,"",""
ball,2,39.5,Australia,MG Johnson,JR Hopes,DL Vettori,4,0,"",""
ball,2,39.6,Australia,MG Johnson,JR Hopes,DL Vettori,1,0,"",""
ball,2,40.1,Australia,MG Johnson,JR Hopes,TG Southee,0,1,"",""
ball,2,40.2,Australia,MG Johnson,JR Hopes,TG Southee,0,0,"",""
ball,2,40.3,Australia,MG Johnson,JR Hopes,TG Southee,0,0,caught,MG Johnson
ball,2,40.4,Australia,JR Hopes,NM Hauritz,TG Southee,0,0,"",""
ball,2,40.5,Australia,JR Hopes,NM Hauritz,TG Southee,1,0,"",""
ball,2,40.6,Australia,NM Hauritz,JR Hopes,TG Southee,1,0,"",""
ball,2,40.7,Australia,JR Hopes,NM Hauritz,TG Southee,1,0,"",""
ball,2,41.1,Australia,JR Hopes,NM Hauritz,DL Vettori,2,0,"",""
ball,2,41.2,Australia,JR Hopes,NM Hauritz,DL Vettori,0,0,"",""
ball,2,41.3,Australia,JR Hopes,NM Hauritz,DL Vettori,1,0,"",""
ball,2,41.4,Australia,NM Hauritz,JR Hopes,DL Vettori,1,0,"",""
ball,2,41.5,Australia,JR Hopes,NM Hauritz,DL Vettori,4,0,"",""
ball,2,41.6,Australia,JR Hopes,NM Hauritz,DL Vettori,1,0,"",""
ball,2,42.1,Australia,JR Hopes,NM Hauritz,TG Southee,1,0,"",""
ball,2,42.2,Australia,NM Hauritz,JR Hopes,TG Southee,1,0,"",""
ball,2,42.3,Australia,JR Hopes,NM Hauritz,TG Southee,1,0,"",""
ball,2,42.4,Australia,NM Hauritz,JR Hopes,TG Southee,1,0,"",""
ball,2,42.5,Australia,JR Hopes,NM Hauritz,TG Southee,1,0,"",""
ball,2,42.6,Australia,NM Hauritz,JR Hopes,TG Southee,1,0,"",""
ball,2,43.1,Australia,NM Hauritz,JR Hopes,DR Tuffey,1,0,"",""
ball,2,43.2,Australia,JR Hopes,NM Hauritz,DR Tuffey,4,0,"",""
ball,2,43.3,Australia,JR Hopes,NM Hauritz,DR Tuffey,1,0,"",""
ball,2,43.4,Australia,NM Hauritz,JR Hopes,DR Tuffey,1,0,"",""
ball,2,43.5,Australia,JR Hopes,NM Hauritz,DR Tuffey,1,0,"",""
ball,2,43.6,Australia,NM Hauritz,JR Hopes,DR Tuffey,1,0,"",""
ball,2,44.1,Australia,NM Hauritz,JR Hopes,SE Bond,0,0,"",""
ball,2,44.2,Australia,NM Hauritz,JR Hopes,SE Bond,1,0,"",""
ball,2,44.3,Australia,JR Hopes,NM Hauritz,SE Bond,1,0,"",""
ball,2,44.4,Australia,NM Hauritz,JR Hopes,SE Bond,0,0,caught,NM Hauritz
ball,2,44.5,Australia,CJ McKay,JR Hopes,SE Bond,0,0,"",""
ball,2,44.6,Australia,CJ McKay,JR Hopes,SE Bond,0,0,"",""
ball,2,45.1,Australia,JR Hopes,CJ McKay,DL Vettori,0,0,caught,JR Hopes
ball,2,45.2,Australia,CJ McKay,DE Bollinger,DL Vettori,1,0,"",""
ball,2,45.3,Australia,DE Bollinger,CJ McKay,DL Vettori,0,0,"",""
ball,2,45.4,Australia,DE Bollinger,CJ McKay,DL Vettori,1,0,"",""
ball,2,45.5,Australia,CJ McKay,DE Bollinger,DL Vettori,0,1,"",""
ball,2,45.6,Australia,CJ McKay,DE Bollinger,DL Vettori,0,0,"",""
ball,2,45.7,Australia,CJ McKay,DE Bollinger,DL Vettori,1,0,"",""
ball,2,46.1,Australia,CJ McKay,DE Bollinger,SE Bond,0,0,caught,CJ McKay
