version,1.3.0
info,team,Ireland
info,team,Australia
info,gender,male
info,season,2010
info,date,2010/06/17
info,venue,Clontarf Cricket Club Ground
info,city,Dublin
info,toss_winner,Australia
info,toss_decision,bat
info,player_of_match,JR Hopes
info,umpire,RA Kettleborough
info,umpire,NJ Llong
info,reserve_umpire,L Fourie
info,match_referee,BC Broad
info,winner,Australia
info,winner_runs,39
ball,1,0.1,Australia,SR Watson,TD Paine,WB Rankin,0,4,"",""
ball,1,0.2,Australia,SR Watson,TD Paine,WB Rankin,2,0,"",""
ball,1,0.3,Australia,SR Watson,TD Paine,WB Rankin,1,0,"",""
ball,1,0.4,Australia,TD Paine,SR Watson,WB Rankin,0,0,"",""
ball,1,0.5,Australia,TD Paine,SR Watson,WB Rankin,0,0,"",""
ball,1,0.6,Australia,TD Paine,SR Watson,WB Rankin,0,0,"",""
ball,1,1.1,Australia,SR Watson,TD Paine,DT Johnston,0,0,"",""
ball,1,1.2,Australia,SR Watson,TD Paine,DT Johnston,0,0,"",""
ball,1,1.3,Australia,SR Watson,TD Paine,DT Johnston,1,0,"",""
ball,1,1.4,Australia,TD Paine,SR Watson,DT Johnston,0,0,"",""
ball,1,1.5,Australia,TD Paine,SR Watson,DT Johnston,1,0,"",""
ball,1,1.6,Australia,SR Watson,TD Paine,DT Johnston,0,0,"",""
ball,1,2.1,Australia,TD Paine,SR Watson,WB Rankin,0,0,"",""
ball,1,2.2,Australia,TD Paine,SR Watson,WB Rankin,0,0,"",""
ball,1,2.3,Australia,TD Paine,SR Watson,WB Rankin,0,0,"",""
ball,1,2.4,Australia,TD Paine,SR Watson,WB Rankin,0,0,"",""
ball,1,2.5,Australia,TD Paine,SR Watson,WB Rankin,0,0,"",""
ball,1,2.6,Australia,TD Paine,SR Watson,WB Rankin,0,0,"",""
ball,1,3.1,Australia,SR Watson,TD Paine,DT Johnston,1,0,"",""
ball,1,3.2,Australia,TD Paine,SR Watson,DT Johnston,0,0,"",""
ball,1,3.3,Australia,TD Paine,SR Watson,DT Johnston,1,0,"",""
ball,1,3.4,Australia,SR Watson,TD Paine,DT Johnston,6,0,"",""
ball,1,3.5,Australia,SR Watson,TD Paine,DT Johnston,1,0,"",""
ball,1,3.6,Australia,TD Paine,SR Watson,DT Johnston,0,0,"",""
ball,1,4.1,Australia,SR Watson,TD Paine,WB Rankin,1,0,"",""
ball,1,4.2,Australia,TD Paine,SR Watson,WB Rankin,1,0,"",""
ball,1,4.3,Australia,SR Watson,TD Paine,WB Rankin,0,0,"",""
ball,1,4.4,Australia,SR Watson,TD Paine,WB Rankin,0,0,"",""
ball,1,4.5,Australia,SR Watson,TD Paine,WB Rankin,0,0,"",""
ball,1,4.6,Australia,SR Watson,TD Paine,WB Rankin,0,0,caught,SR Watson
ball,1,5.1,Australia,TD Paine,RT Ponting,DT Johnston,0,0,"",""
ball,1,5.2,Australia,TD Paine,RT Ponting,DT Johnston,0,0,"",""
ball,1,5.3,Australia,TD Paine,RT Ponting,DT Johnston,0,0,"",""
ball,1,5.4,Australia,TD Paine,RT Ponting,DT Johnston,0,0,"",""
ball,1,5.5,Australia,TD Paine,RT Ponting,DT Johnston,0,0,"",""
ball,1,5.6,Australia,TD Paine,RT Ponting,DT Johnston,0,0,"",""
ball,1,6.1,Australia,RT Ponting,TD Paine,WB Rankin,0,1,"",""
ball,1,6.2,Australia,RT Ponting,TD Paine,WB Rankin,0,0,"",""
ball,1,6.3,Australia,RT Ponting,TD Paine,WB Rankin,1,0,"",""
ball,1,6.4,Australia,TD Paine,RT Ponting,WB Rankin,6,0,"",""
ball,1,6.5,Australia,TD Paine,RT Ponting,WB Rankin,0,0,"",""
ball,1,6.6,Australia,TD Paine,RT Ponting,WB Rankin,1,0,"",""
ball,1,6.7,Australia,RT Ponting,TD Paine,WB Rankin,0,0,"",""
ball,1,7.1,Australia,TD Paine,RT Ponting,DT Johnston,5,0,"",""
ball,1,7.2,Australia,RT Ponting,TD Paine,DT Johnston,0,0,"",""
ball,1,7.3,Australia,RT Ponting,TD Paine,DT Johnston,0,0,"",""
ball,1,7.4,Australia,RT Ponting,TD Paine,DT Johnston,0,0,"",""
ball,1,7.5,Australia,RT Ponting,TD Paine,DT Johnston,0,0,"",""
ball,1,7.6,Australia,RT Ponting,TD Paine,DT Johnston,0,0,"",""
ball,1,8.1,Australia,TD Paine,RT Ponting,WB Rankin,0,0,"",""
ball,1,8.2,Australia,TD Paine,RT Ponting,WB Rankin,0,0,"",""
ball,1,8.3,Australia,TD Paine,RT Ponting,WB Rankin,0,0,"",""
ball,1,8.4,Australia,TD Paine,RT Ponting,WB Rankin,0,0,"",""
ball,1,8.5,Australia,TD Paine,RT Ponting,WB Rankin,0,0,"",""
ball,1,8.6,Australia,TD Paine,RT Ponting,WB Rankin,0,1,"",""
ball,1,8.7,Australia,TD Paine,RT Ponting,WB Rankin,0,0,"",""
ball,1,9.1,Australia,RT Ponting,TD Paine,DT Johnston,0,0,"",""
ball,1,9.2,Australia,RT Ponting,TD Paine,DT Johnston,4,0,"",""
ball,1,9.3,Australia,RT Ponting,TD Paine,DT Johnston,0,0,"",""
ball,1,9.4,Australia,RT Ponting,TD Paine,DT Johnston,0,0,"",""
ball,1,9.5,Australia,RT Ponting,TD Paine,DT Johnston,0,0,"",""
ball,1,9.6,Australia,RT Ponting,TD Paine,DT Johnston,1,0,"",""
ball,1,10.1,Australia,RT Ponting,TD Paine,KJ O'Brien,0,0,"",""
ball,1,10.2,Australia,RT Ponting,TD Paine,KJ O'Brien,0,0,"",""
ball,1,10.3,Australia,RT Ponting,TD Paine,KJ O'Brien,0,0,"",""
ball,1,10.4,Australia,RT Ponting,TD Paine,KJ O'Brien,0,0,"",""
ball,1,10.5,Australia,RT Ponting,TD Paine,KJ O'Brien,1,0,"",""
ball,1,10.6,Australia,TD Paine,RT Ponting,KJ O'Brien,1,0,"",""
ball,1,11.1,Australia,TD Paine,RT Ponting,PC Connell,1,0,"",""
ball,1,11.2,Australia,RT Ponting,TD Paine,PC Connell,4,0,"",""
ball,1,11.3,Australia,RT Ponting,TD Paine,PC Connell,0,0,"",""
ball,1,11.4,Australia,RT Ponting,TD Paine,PC Connell,4,0,"",""
ball,1,11.5,Australia,RT Ponting,TD Paine,PC Connell,0,0,"",""
ball,1,11.6,Australia,RT Ponting,TD Paine,PC Connell,0,0,"",""
ball,1,12.1,Australia,TD Paine,RT Ponting,KJ O'Brien,0,0,"",""
ball,1,12.2,Australia,TD Paine,RT Ponting,KJ O'Brien,0,0,"",""
ball,1,12.3,Australia,TD Paine,RT Ponting,KJ O'Brien,1,0,"",""
ball,1,12.4,Australia,RT Ponting,TD Paine,KJ O'Brien,0,0,"",""
ball,1,12.5,Australia,RT Ponting,TD Paine,KJ O'Brien,0,0,"",""
ball,1,12.6,Australia,RT Ponting,TD Paine,KJ O'Brien,4,0,"",""
ball,1,13.1,Australia,TD Paine,RT Ponting,PC Connell,1,0,"",""
ball,1,13.2,Australia,RT Ponting,TD Paine,PC Connell,1,0,"",""
ball,1,13.3,Australia,TD Paine,RT Ponting,PC Connell,1,0,"",""
ball,1,13.4,Australia,RT Ponting,TD Paine,PC Connell,1,0,"",""
ball,1,13.5,Australia,TD Paine,RT Ponting,PC Connell,0,0,"",""
ball,1,13.6,Australia,TD Paine,RT Ponting,PC Connell,4,0,"",""
ball,1,14.1,Australia,RT Ponting,TD Paine,KJ O'Brien,0,0,"",""
ball,1,14.2,Australia,RT Ponting,TD Paine,KJ O'Brien,0,0,"",""
ball,1,14.3,Australia,RT Ponting,TD Paine,KJ O'Brien,0,1,"",""
ball,1,14.4,Australia,TD Paine,RT Ponting,KJ O'Brien,0,0,"",""
ball,1,14.5,Australia,TD Paine,RT Ponting,KJ O'Brien,0,0,"",""
ball,1,14.6,Australia,TD Paine,RT Ponting,KJ O'Brien,0,0,"",""
ball,1,15.1,Australia,RT Ponting,TD Paine,AR Cusack,0,0,"",""
ball,1,15.2,Australia,RT Ponting,TD Paine,AR Cusack,0,0,"",""
ball,1,15.3,Australia,RT Ponting,TD Paine,AR Cusack,4,0,"",""
ball,1,15.4,Australia,RT Ponting,TD Paine,AR Cusack,1,0,"",""
ball,1,15.5,Australia,TD Paine,RT Ponting,AR Cusack,0,0,"",""
ball,1,15.6,Australia,TD Paine,RT Ponting,AR Cusack,0,0,"",""
ball,1,16.1,Australia,RT Ponting,TD Paine,KJ O'Brien,1,0,"",""
ball,1,16.2,Australia,TD Paine,RT Ponting,KJ O'Brien,1,0,"",""
ball,1,16.3,Australia,RT Ponting,TD Paine,KJ O'Brien,0,0,"",""
ball,1,16.4,Australia,RT Ponting,TD Paine,KJ O'Brien,0,0,"",""
ball,1,16.5,Australia,RT Ponting,TD Paine,KJ O'Brien,0,0,"",""
ball,1,16.6,Australia,RT Ponting,TD Paine,KJ O'Brien,1,0,"",""
ball,1,17.1,Australia,RT Ponting,TD Paine,PR Stirling,0,0,"",""
ball,1,17.2,Australia,RT Ponting,TD Paine,PR Stirling,0,0,"",""
ball,1,17.3,Australia,RT Ponting,TD Paine,PR Stirling,0,0,"",""
ball,1,17.4,Australia,RT Ponting,TD Paine,PR Stirling,1,0,"",""
ball,1,17.5,Australia,TD Paine,RT Ponting,PR Stirling,0,0,"",""
ball,1,17.6,Australia,TD Paine,RT Ponting,PR Stirling,0,1,"",""
ball,1,17.7,Australia,TD Paine,RT Ponting,PR Stirling,0,0,"",""
ball,1,18.1,Australia,RT Ponting,TD Paine,KJ O'Brien,0,0,"",""
ball,1,18.2,Australia,RT Ponting,TD Paine,KJ O'Brien,0,0,"",""
ball,1,18.3,Australia,RT Ponting,TD Paine,KJ O'Brien,1,0,"",""
ball,1,18.4,Australia,TD Paine,RT Ponting,KJ O'Brien,0,0,"",""
ball,1,18.5,Australia,TD Paine,RT Ponting,KJ O'Brien,0,0,"",""
ball,1,18.6,Australia,TD Paine,RT Ponting,KJ O'Brien,0,0,"",""
ball,1,19.1,Australia,RT Ponting,TD Paine,PR Stirling,1,0,"",""
ball,1,19.2,Australia,TD Paine,RT Ponting,PR Stirling,0,0,"",""
ball,1,19.3,Australia,TD Paine,RT Ponting,PR Stirling,0,0,"",""
ball,1,19.4,Australia,TD Paine,RT Ponting,PR Stirling,0,0,"",""
ball,1,19.5,Australia,TD Paine,RT Ponting,PR Stirling,1,0,"",""
ball,1,19.6,Australia,RT Ponting,TD Paine,PR Stirling,0,0,"",""
ball,1,20.1,Australia,TD Paine,RT Ponting,KJ O'Brien,1,0,"",""
ball,1,20.2,Australia,RT Ponting,TD Paine,KJ O'Brien,1,0,"",""
ball,1,20.3,Australia,TD Paine,RT Ponting,KJ O'Brien,0,0,"",""
ball,1,20.4,Australia,TD Paine,RT Ponting,KJ O'Brien,1,0,"",""
ball,1,20.5,Australia,RT Ponting,TD Paine,KJ O'Brien,1,0,"",""
ball,1,20.6,Australia,TD Paine,RT Ponting,KJ O'Brien,1,0,"",""
ball,1,21.1,Australia,TD Paine,RT Ponting,PR Stirling,2,0,"",""
ball,1,21.2,Australia,TD Paine,RT Ponting,PR Stirling,1,0,"",""
ball,1,21.3,Australia,RT Ponting,TD Paine,PR Stirling,0,0,"",""
ball,1,21.4,Australia,RT Ponting,TD Paine,PR Stirling,0,0,caught,RT Ponting
ball,1,21.5,Australia,TD Paine,MJ Clarke,PR Stirling,0,0,"",""
ball,1,21.6,Australia,TD Paine,MJ Clarke,PR Stirling,0,0,"",""
ball,1,22.1,Australia,MJ Clarke,TD Paine,AR Cusack,0,0,"",""
ball,1,22.2,Australia,MJ Clarke,TD Paine,AR Cusack,0,0,"",""
ball,1,22.3,Australia,MJ Clarke,TD Paine,AR Cusack,0,0,"",""
ball,1,22.4,Australia,MJ Clarke,TD Paine,AR Cusack,0,0,"",""
ball,1,22.5,Australia,MJ Clarke,TD Paine,AR Cusack,0,0,stumped,MJ Clarke
ball,1,22.6,Australia,CL White,TD Paine,AR Cusack,4,0,"",""
ball,1,23.1,Australia,TD Paine,CL White,PR Stirling,0,0,"",""
ball,1,23.2,Australia,TD Paine,CL White,PR Stirling,0,0,"",""
ball,1,23.3,Australia,TD Paine,CL White,PR Stirling,1,0,"",""
ball,1,23.4,Australia,CL White,TD Paine,PR Stirling,0,0,"",""
ball,1,23.5,Australia,CL White,TD Paine,PR Stirling,0,0,"",""
ball,1,23.6,Australia,CL White,TD Paine,PR Stirling,1,0,"",""
ball,1,24.1,Australia,CL White,TD Paine,AR Cusack,0,0,"",""
ball,1,24.2,Australia,CL White,TD Paine,AR Cusack,0,0,"",""
ball,1,24.3,Australia,CL White,TD Paine,AR Cusack,0,0,"",""
ball,1,24.4,Australia,CL White,TD Paine,AR Cusack,1,0,"",""
ball,1,24.5,Australia,TD Paine,CL White,AR Cusack,1,0,"",""
ball,1,24.6,Australia,CL White,TD Paine,AR Cusack,0,0,"",""
ball,1,25.1,Australia,TD Paine,CL White,PR Stirling,0,0,"",""
ball,1,25.2,Australia,TD Paine,CL White,PR Stirling,0,0,"",""
ball,1,25.3,Australia,TD Paine,CL White,PR Stirling,1,0,"",""
ball,1,25.4,Australia,CL White,TD Paine,PR Stirling,0,0,"",""
ball,1,25.5,Australia,CL White,TD Paine,PR Stirling,1,0,"",""
ball,1,25.6,Australia,TD Paine,CL White,PR Stirling,1,0,"",""
ball,1,26.1,Australia,TD Paine,CL White,AR Cusack,2,0,"",""
ball,1,26.2,Australia,TD Paine,CL White,AR Cusack,1,0,"",""
ball,1,26.3,Australia,CL White,TD Paine,AR Cusack,0,0,"",""
ball,1,26.4,Australia,CL White,TD Paine,AR Cusack,0,0,"",""
ball,1,26.5,Australia,CL White,TD Paine,AR Cusack,2,0,"",""
ball,1,26.6,Australia,CL White,TD Paine,AR Cusack,0,0,"",""
ball,1,27.1,Australia,TD Paine,CL White,PR Stirling,1,0,"",""
ball,1,27.2,Australia,CL White,TD Paine,PR Stirling,0,0,"",""
ball,1,27.3,Australia,CL White,TD Paine,PR Stirling,0,0,"",""
ball,1,27.4,Australia,CL White,TD Paine,PR Stirling,0,0,"",""
ball,1,27.5,Australia,CL White,TD Paine,PR Stirling,0,0,"",""
ball,1,27.6,Australia,CL White,TD Paine,PR Stirling,2,0,"",""
ball,1,28.1,Australia,TD Paine,CL White,AR Cusack,0,0,"",""
ball,1,28.2,Australia,TD Paine,CL White,AR Cusack,0,0,"",""
ball,1,28.3,Australia,TD Paine,CL White,AR Cusack,4,0,"",""
ball,1,28.4,Australia,TD Paine,CL White,AR Cusack,0,0,"",""
ball,1,28.5,Australia,TD Paine,CL White,AR Cusack,1,0,"",""
ball,1,28.6,Australia,CL White,TD Paine,AR Cusack,0,0,"",""
ball,1,29.1,Australia,TD Paine,CL White,AR White,0,0,"",""
ball,1,29.2,Australia,TD Paine,CL White,AR White,1,0,"",""
ball,1,29.3,Australia,CL White,TD Paine,AR White,1,0,"",""
ball,1,29.4,Australia,TD Paine,CL White,AR White,1,0,"",""
ball,1,29.5,Australia,CL White,TD Paine,AR White,1,0,"",""
ball,1,29.6,Australia,TD Paine,CL White,AR White,0,0,"",""
ball,1,30.1,Australia,CL White,TD Paine,PC Connell,0,0,"",""
ball,1,30.2,Australia,CL White,TD Paine,PC Connell,1,0,"",""
ball,1,30.3,Australia,TD Paine,CL White,PC Connell,1,0,"",""
ball,1,30.4,Australia,CL White,TD Paine,PC Connell,2,0,"",""
ball,1,30.5,Australia,CL White,TD Paine,PC Connell,4,0,"",""
ball,1,30.6,Australia,CL White,TD Paine,PC Connell,0,1,"",""
ball,1,30.7,Australia,CL White,TD Paine,PC Connell,1,0,"",""
ball,1,31.1,Australia,CL White,TD Paine,AR White,1,0,"",""
ball,1,31.2,Australia,TD Paine,CL White,AR White,1,0,"",""
ball,1,31.3,Australia,CL White,TD Paine,AR White,0,0,"",""
ball,1,31.4,Australia,CL White,TD Paine,AR White,0,0,"",""
ball,1,31.5,Australia,CL White,TD Paine,AR White,0,0,"",""
ball,1,31.6,Australia,CL White,TD Paine,AR White,1,0,"",""
ball,1,32.1,Australia,CL White,TD Paine,PC Connell,0,0,"",""
ball,1,32.2,Australia,CL White,TD Paine,PC Connell,0,0,"",""
ball,1,32.3,Australia,CL White,TD Paine,PC Connell,1,0,"",""
ball,1,32.4,Australia,TD Paine,CL White,PC Connell,1,0,"",""
ball,1,32.5,Australia,CL White,TD Paine,PC Connell,1,0,"",""
ball,1,32.6,Australia,TD Paine,CL White,PC Connell,0,0,"",""
ball,1,33.1,Australia,CL White,TD Paine,PR Stirling,0,0,"",""
ball,1,33.2,Australia,CL White,TD Paine,PR Stirling,2,0,"",""
ball,1,33.3,Australia,CL White,TD Paine,PR Stirling,1,0,"",""
ball,1,33.4,Australia,TD Paine,CL White,PR Stirling,0,0,"",""
ball,1,33.5,Australia,TD Paine,CL White,PR Stirling,0,0,"",""
ball,1,33.6,Australia,TD Paine,CL White,PR Stirling,0,0,"",""
ball,1,34.1,Australia,CL White,TD Paine,WB Rankin,1,0,"",""
ball,1,34.2,Australia,TD Paine,CL White,WB Rankin,1,0,"",""
ball,1,34.3,Australia,CL White,TD Paine,WB Rankin,0,0,"",""
ball,1,34.4,Australia,CL White,TD Paine,WB Rankin,0,0,"",""
ball,1,34.5,Australia,CL White,TD Paine,WB Rankin,1,0,"",""
ball,1,34.6,Australia,TD Paine,CL White,WB Rankin,0,0,"",""
ball,1,35.1,Australia,CL White,TD Paine,PR Stirling,0,0,"",""
ball,1,35.2,Australia,CL White,TD Paine,PR Stirling,4,0,"",""
ball,1,35.3,Australia,CL White,TD Paine,PR Stirling,1,0,"",""
ball,1,35.4,Australia,TD Paine,CL White,PR Stirling,0,0,"",""
ball,1,35.5,Australia,TD Paine,CL White,PR Stirling,1,0,"",""
ball,1,35.6,Australia,CL White,TD Paine,PR Stirling,0,0,"",""
ball,1,36.1,Australia,TD Paine,CL White,WB Rankin,1,0,"",""
ball,1,36.2,Australia,CL White,TD Paine,WB Rankin,1,0,"",""
ball,1,36.3,Australia,TD Paine,CL White,WB Rankin,0,0,"",""
ball,1,36.4,Australia,TD Paine,CL White,WB Rankin,0,0,"",""
ball,1,36.5,Australia,TD Paine,CL White,WB Rankin,1,0,"",""
ball,1,36.6,Australia,CL White,TD Paine,WB Rankin,0,0,"",""
ball,1,37.1,Australia,TD Paine,CL White,PR Stirling,0,0,"",""
ball,1,37.2,Australia,TD Paine,CL White,PR Stirling,1,0,"",""
ball,1,37.3,Australia,CL White,TD Paine,PR Stirling,4,0,"",""
ball,1,37.4,Australia,CL White,TD Paine,PR Stirling,2,0,"",""
ball,1,37.5,Australia,CL White,TD Paine,PR Stirling,0,0,"",""
ball,1,37.6,Australia,CL White,TD Paine,PR Stirling,0,0,caught,CL White
ball,1,38.1,Australia,TD Paine,MEK Hussey,PC Connell,1,0,"",""
ball,1,38.2,Australia,MEK Hussey,TD Paine,PC Connell,0,0,"",""
ball,1,38.3,Australia,MEK Hussey,TD Paine,PC Connell,1,0,"",""
ball,1,38.4,Australia,TD Paine,MEK Hussey,PC Connell,4,0,"",""
ball,1,38.5,Australia,TD Paine,MEK Hussey,PC Connell,1,0,"",""
ball,1,38.6,Australia,MEK Hussey,TD Paine,PC Connell,0,0,"",""
ball,1,39.1,Australia,TD Paine,MEK Hussey,PR Stirling,0,0,"",""
ball,1,39.2,Australia,TD Paine,MEK Hussey,PR Stirling,1,0,"",""
ball,1,39.3,Australia,MEK Hussey,TD Paine,PR Stirling,0,0,"",""
ball,1,39.4,Australia,MEK Hussey,TD Paine,PR Stirling,1,0,"",""
ball,1,39.5,Australia,TD Paine,MEK Hussey,PR Stirling,0,0,"",""
ball,1,39.6,Australia,TD Paine,MEK Hussey,PR Stirling,1,0,"",""
ball,1,40.1,Australia,TD Paine,MEK Hussey,KJ O'Brien,4,0,"",""
ball,1,40.2,Australia,TD Paine,MEK Hussey,KJ O'Brien,0,0,"",""
ball,1,40.3,Australia,TD Paine,MEK Hussey,KJ O'Brien,0,0,"",""
ball,1,40.4,Australia,TD Paine,MEK Hussey,KJ O'Brien,1,0,"",""
ball,1,40.5,Australia,MEK Hussey,TD Paine,KJ O'Brien,0,0,"",""
ball,1,40.6,Australia,MEK Hussey,TD Paine,KJ O'Brien,1,0,"",""
ball,1,41.1,Australia,MEK Hussey,TD Paine,AR Cusack,0,0,"",""
ball,1,41.2,Australia,MEK Hussey,TD Paine,AR Cusack,1,0,"",""
ball,1,41.3,Australia,TD Paine,MEK Hussey,AR Cusack,0,0,"",""
ball,1,41.4,Australia,TD Paine,MEK Hussey,AR Cusack,1,0,"",""
ball,1,41.5,Australia,MEK Hussey,TD Paine,AR Cusack,1,0,"",""
ball,1,41.6,Australia,TD Paine,MEK Hussey,AR Cusack,1,0,"",""
ball,1,42.1,Australia,TD Paine,MEK Hussey,WB Rankin,4,0,"",""
ball,1,42.2,Australia,TD Paine,MEK Hussey,WB Rankin,0,0,"",""
ball,1,42.3,Australia,TD Paine,MEK Hussey,WB Rankin,0,0,"",""
ball,1,42.4,Australia,TD Paine,MEK Hussey,WB Rankin,0,0,"",""
ball,1,42.5,Australia,TD Paine,MEK Hussey,WB Rankin,0,1,"",""
ball,1,42.6,Australia,TD Paine,MEK Hussey,WB Rankin,6,0,"",""
ball,1,42.7,Australia,TD Paine,MEK Hussey,WB Rankin,0,0,"",""
ball,1,43.1,Australia,MEK Hussey,TD Paine,KJ O'Brien,1,0,"",""
ball,1,43.2,Australia,TD Paine,MEK Hussey,KJ O'Brien,1,0,"",""
ball,1,43.3,Australia,MEK Hussey,TD Paine,KJ O'Brien,0,0,"",""
ball,1,43.4,Australia,MEK Hussey,TD Paine,KJ O'Brien,1,0,"",""
ball,1,43.5,Australia,TD Paine,MEK Hussey,KJ O'Brien,0,0,caught,TD Paine
ball,1,43.6,Australia,MEK Hussey,JR Hopes,KJ O'Brien,0,0,"",""
ball,1,44.1,Australia,JR Hopes,MEK Hussey,WB Rankin,2,0,"",""
ball,1,44.2,Australia,JR Hopes,MEK Hussey,WB Rankin,1,0,"",""
ball,1,44.3,Australia,MEK Hussey,JR Hopes,WB Rankin,1,0,"",""
ball,1,44.4,Australia,JR Hopes,MEK Hussey,WB Rankin,0,0,"",""
ball,1,44.5,Australia,JR Hopes,MEK Hussey,WB Rankin,0,0,"",""
ball,1,44.6,Australia,JR Hopes,MEK Hussey,WB Rankin,4,0,"",""
ball,1,45.1,Australia,MEK Hussey,JR Hopes,KJ O'Brien,0,0,"",""
ball,1,45.2,Australia,MEK Hussey,JR Hopes,KJ O'Brien,0,0,caught,MEK Hussey
ball,1,45.3,Australia,JR Hopes,NM Hauritz,KJ O'Brien,1,0,"",""
ball,1,45.4,Australia,NM Hauritz,JR Hopes,KJ O'Brien,0,0,"",""
ball,1,45.5,Australia,NM Hauritz,JR Hopes,KJ O'Brien,4,0,"",""
ball,1,45.6,Australia,NM Hauritz,JR Hopes,KJ O'Brien,2,0,"",""
ball,1,46.1,Australia,JR Hopes,NM Hauritz,AR Cusack,1,0,"",""
ball,1,46.2,Australia,NM Hauritz,JR Hopes,AR Cusack,4,0,"",""
ball,1,46.3,Australia,NM Hauritz,JR Hopes,AR Cusack,1,0,"",""
ball,1,46.4,Australia,JR Hopes,NM Hauritz,AR Cusack,2,0,"",""
ball,1,46.5,Australia,JR Hopes,NM Hauritz,AR Cusack,0,0,"",""
ball,1,46.6,Australia,JR Hopes,NM Hauritz,AR Cusack,0,0,"",""
ball,1,47.1,Australia,NM Hauritz,JR Hopes,KJ O'Brien,2,0,"",""
ball,1,47.2,Australia,NM Hauritz,JR Hopes,KJ O'Brien,0,1,"",""
ball,1,47.3,Australia,NM Hauritz,JR Hopes,KJ O'Brien,4,0,"",""
ball,1,47.4,Australia,NM Hauritz,JR Hopes,KJ O'Brien,2,0,"",""
ball,1,47.5,Australia,NM Hauritz,JR Hopes,KJ O'Brien,0,0,caught,NM Hauritz
ball,1,47.6,Australia,RJ Harris,JR Hopes,KJ O'Brien,0,0,"",""
ball,1,47.7,Australia,RJ Harris,JR Hopes,KJ O'Brien,2,0,"",""
ball,1,48.1,Australia,JR Hopes,RJ Harris,WB Rankin,1,0,"",""
ball,1,48.2,Australia,RJ Harris,JR Hopes,WB Rankin,0,1,"",""
ball,1,48.3,Australia,JR Hopes,RJ Harris,WB Rankin,0,0,bowled,JR Hopes
ball,1,48.4,Australia,CJ McKay,RJ Harris,WB Rankin,0,1,"",""
ball,1,48.5,Australia,CJ McKay,RJ Harris,WB Rankin,1,0,"",""
ball,1,48.6,Australia,RJ Harris,CJ McKay,WB Rankin,1,0,"",""
ball,1,48.7,Australia,CJ McKay,RJ Harris,WB Rankin,1,0,"",""
ball,1,49.1,Australia,CJ McKay,RJ Harris,AR Cusack,1,0,"",""
ball,1,49.2,Australia,RJ Harris,CJ McKay,AR Cusack,1,0,"",""
ball,1,49.3,Australia,CJ McKay,RJ Harris,AR Cusack,1,0,"",""
ball,1,49.4,Australia,RJ Harris,CJ McKay,AR Cusack,0,0,"",""
ball,1,49.5,Australia,RJ Harris,CJ McKay,AR Cusack,2,0,"",""
ball,1,49.6,Australia,RJ Harris,CJ McKay,AR Cusack,0,0,caught,RJ Harris
ball,2,0.1,Ireland,WTS Porterfield,PR Stirling,DE Bollinger,0,0,"",""
ball,2,0.2,Ireland,WTS Porterfield,PR Stirling,DE Bollinger,0,1,"",""
ball,2,0.3,Ireland,WTS Porterfield,PR Stirling,DE Bollinger,1,0,"",""
ball,2,0.4,Ireland,PR Stirling,WTS Porterfield,DE Bollinger,0,0,"",""
ball,2,0.5,Ireland,PR Stirling,WTS Porterfield,DE Bollinger,0,1,"",""
ball,2,0.6,Ireland,PR Stirling,WTS Porterfield,DE Bollinger,1,0,"",""
ball,2,0.7,Ireland,WTS Porterfield,PR Stirling,DE Bollinger,1,0,"",""
ball,2,0.8,Ireland,PR Stirling,WTS Porterfield,DE Bollinger,1,0,"",""
ball,2,1.1,Ireland,PR Stirling,WTS Porterfield,RJ Harris,0,1,"",""
ball,2,1.2,Ireland,PR Stirling,WTS Porterfield,RJ Harris,0,1,"",""
ball,2,1.3,Ireland,PR Stirling,WTS Porterfield,RJ Harris,1,0,"",""
ball,2,1.4,Ireland,WTS Porterfield,PR Stirling,RJ Harris,4,0,"",""
ball,2,1.5,Ireland,WTS Porterfield,PR Stirling,RJ Harris,0,0,"",""
ball,2,1.6,Ireland,WTS Porterfield,PR Stirling,RJ Harris,4,0,"",""
ball,2,1.7,Ireland,WTS Porterfield,PR Stirling,RJ Harris,4,0,"",""
ball,2,1.8,Ireland,WTS Porterfield,PR Stirling,RJ Harris,0,1,"",""
ball,2,1.9,Ireland,WTS Porterfield,PR Stirling,RJ Harris,0,0,"",""
ball,2,2.1,Ireland,PR Stirling,WTS Porterfield,DE Bollinger,4,0,"",""
ball,2,2.2,Ireland,PR Stirling,WTS Porterfield,DE Bollinger,4,0,"",""
ball,2,2.3,Ireland,PR Stirling,WTS Porterfield,DE Bollinger,0,0,"",""
ball,2,2.4,Ireland,PR Stirling,WTS Porterfield,DE Bollinger,1,0,"",""
ball,2,2.5,Ireland,WTS Porterfield,PR Stirling,DE Bollinger,0,0,"",""
ball,2,2.6,Ireland,WTS Porterfield,PR Stirling,DE Bollinger,2,0,"",""
ball,2,3.1,Ireland,PR Stirling,WTS Porterfield,CJ McKay,0,0,"",""
ball,2,3.2,Ireland,PR Stirling,WTS Porterfield,CJ McKay,4,0,"",""
ball,2,3.3,Ireland,PR Stirling,WTS Porterfield,CJ McKay,0,0,"",""
ball,2,3.4,Ireland,PR Stirling,WTS Porterfield,CJ McKay,0,0,"",""
ball,2,3.5,Ireland,PR Stirling,WTS Porterfield,CJ McKay,0,1,"",""
ball,2,3.6,Ireland,PR Stirling,WTS Porterfield,CJ McKay,4,0,"",""
ball,2,3.7,Ireland,PR Stirling,WTS Porterfield,CJ McKay,0,0,"",""
ball,2,4.1,Ireland,WTS Porterfield,PR Stirling,DE Bollinger,1,0,"",""
ball,2,4.2,Ireland,PR Stirling,WTS Porterfield,DE Bollinger,1,0,"",""
ball,2,4.3,Ireland,WTS Porterfield,PR Stirling,DE Bollinger,0,0,"",""
ball,2,4.4,Ireland,WTS Porterfield,PR Stirling,DE Bollinger,0,0,"",""
ball,2,4.5,Ireland,WTS Porterfield,PR Stirling,DE Bollinger,0,0,"",""
ball,2,4.6,Ireland,WTS Porterfield,PR Stirling,DE Bollinger,2,0,"",""
ball,2,5.1,Ireland,PR Stirling,WTS Porterfield,CJ McKay,0,0,"",""
ball,2,5.2,Ireland,PR Stirling,WTS Porterfield,CJ McKay,0,1,"",""
ball,2,5.3,Ireland,PR Stirling,WTS Porterfield,CJ McKay,0,0,"",""
ball,2,5.4,Ireland,PR Stirling,WTS Porterfield,CJ McKay,0,0,"",""
ball,2,5.5,Ireland,PR Stirling,WTS Porterfield,CJ McKay,1,0,"",""
ball,2,5.6,Ireland,WTS Porterfield,PR Stirling,CJ McKay,0,0,"",""
ball,2,5.7,Ireland,WTS Porterfield,PR Stirling,CJ McKay,1,0,"",""
ball,2,6.1,Ireland,WTS Porterfield,PR Stirling,DE Bollinger,0,0,"",""
ball,2,6.2,Ireland,WTS Porterfield,PR Stirling,DE Bollinger,0,0,"",""
ball,2,6.3,Ireland,WTS Porterfield,PR Stirling,DE Bollinger,1,0,"",""
ball,2,6.4,Ireland,PR Stirling,WTS Porterfield,DE Bollinger,0,0,"",""
ball,2,6.5,Ireland,PR Stirling,WTS Porterfield,DE Bollinger,0,0,"",""
ball,2,6.6,Ireland,PR Stirling,WTS Porterfield,DE Bollinger,0,0,"",""
ball,2,7.1,Ireland,WTS Porterfield,PR Stirling,CJ McKay,0,0,"",""
ball,2,7.2,Ireland,WTS Porterfield,PR Stirling,CJ McKay,4,0,"",""
ball,2,7.3,Ireland,WTS Porterfield,PR Stirling,CJ McKay,4,0,"",""
ball,2,7.4,Ireland,WTS Porterfield,PR Stirling,CJ McKay,0,0,"",""
ball,2,7.5,Ireland,WTS Porterfield,PR Stirling,CJ McKay,0,0,"",""
ball,2,7.6,Ireland,WTS Porterfield,PR Stirling,CJ McKay,0,0,"",""
ball,2,8.1,Ireland,PR Stirling,WTS Porterfield,RJ Harris,0,0,"",""
ball,2,8.2,Ireland,PR Stirling,WTS Porterfield,RJ Harris,4,0,"",""
ball,2,8.3,Ireland,PR Stirling,WTS Porterfield,RJ Harris,0,0,"",""
ball,2,8.4,Ireland,PR Stirling,WTS Porterfield,RJ Harris,4,0,"",""
ball,2,8.5,Ireland,PR Stirling,WTS Porterfield,RJ Harris,1,0,"",""
ball,2,8.6,Ireland,WTS Porterfield,PR Stirling,RJ Harris,0,0,"",""
ball,2,9.1,Ireland,PR Stirling,WTS Porterfield,CJ McKay,1,0,"",""
ball,2,9.2,Ireland,WTS Porterfield,PR Stirling,CJ McKay,6,0,"",""
ball,2,9.3,Ireland,WTS Porterfield,PR Stirling,CJ McKay,0,0,"",""
ball,2,9.4,Ireland,WTS Porterfield,PR Stirling,CJ McKay,2,0,"",""
ball,2,9.5,Ireland,WTS Porterfield,PR Stirling,CJ McKay,0,0,"",""
ball,2,9.6,Ireland,WTS Porterfield,PR Stirling,CJ McKay,0,0,"",""
ball,2,10.1,Ireland,PR Stirling,WTS Porterfield,RJ Harris,0,0,"",""
ball,2,10.2,Ireland,PR Stirling,WTS Porterfield,RJ Harris,0,0,"",""
ball,2,10.3,Ireland,PR Stirling,WTS Porterfield,RJ Harris,4,0,"",""
ball,2,10.4,Ireland,PR Stirling,WTS Porterfield,RJ Harris,0,0,"",""
ball,2,10.5,Ireland,PR Stirling,WTS Porterfield,RJ Harris,0,0,"",""
ball,2,10.6,Ireland,PR Stirling,WTS Porterfield,RJ Harris,0,0,bowled,PR Stirling
ball,2,11.1,Ireland,WTS Porterfield,GC Wilson,NM Hauritz,1,0,"",""
ball,2,11.2,Ireland,GC Wilson,WTS Porterfield,NM Hauritz,0,0,"",""
ball,2,11.3,Ireland,GC Wilson,WTS Porterfield,NM Hauritz,0,0,"",""
ball,2,11.4,Ireland,GC Wilson,WTS Porterfield,NM Hauritz,0,0,"",""
ball,2,11.5,Ireland,GC Wilson,WTS Porterfield,NM Hauritz,0,0,"",""
ball,2,11.6,Ireland,GC Wilson,WTS Porterfield,NM Hauritz,4,0,"",""
ball,2,12.1,Ireland,WTS Porterfield,GC Wilson,RJ Harris,0,0,"",""
ball,2,12.2,Ireland,WTS Porterfield,GC Wilson,RJ Harris,0,0,"",""
ball,2,12.3,Ireland,WTS Porterfield,GC Wilson,RJ Harris,0,0,"",""
ball,2,12.4,Ireland,WTS Porterfield,GC Wilson,RJ Harris,0,0,"",""
ball,2,12.5,Ireland,WTS Porterfield,GC Wilson,RJ Harris,1,0,"",""
ball,2,12.6,Ireland,GC Wilson,WTS Porterfield,RJ Harris,0,0,lbw,GC Wilson
ball,2,13.1,Ireland,WTS Porterfield,NJ O'Brien,NM Hauritz,0,0,"",""
ball,2,13.2,Ireland,WTS Porterfield,NJ O'Brien,NM Hauritz,0,0,"",""
ball,2,13.3,Ireland,WTS Porterfield,NJ O'Brien,NM Hauritz,0,0,"",""
ball,2,13.4,Ireland,WTS Porterfield,NJ O'Brien,NM Hauritz,0,0,bowled,WTS Porterfield
ball,2,13.5,Ireland,AR Cusack,NJ O'Brien,NM Hauritz,1,0,"",""
ball,2,13.6,Ireland,NJ O'Brien,AR Cusack,NM Hauritz,4,0,"",""
ball,2,14.1,Ireland,AR Cusack,NJ O'Brien,RJ Harris,0,0,"",""
ball,2,14.2,Ireland,AR Cusack,NJ O'Brien,RJ Harris,0,0,"",""
ball,2,14.3,Ireland,AR Cusack,NJ O'Brien,RJ Harris,0,0,"",""
ball,2,14.4,Ireland,AR Cusack,NJ O'Brien,RJ Harris,4,0,"",""
ball,2,14.5,Ireland,AR Cusack,NJ O'Brien,RJ Harris,0,0,"",""
ball,2,14.6,Ireland,AR Cusack,NJ O'Brien,RJ Harris,0,0,"",""
ball,2,15.1,Ireland,NJ O'Brien,AR Cusack,NM Hauritz,1,0,"",""
ball,2,15.2,Ireland,AR Cusack,NJ O'Brien,NM Hauritz,0,0,"",""
ball,2,15.3,Ireland,AR Cusack,NJ O'Brien,NM Hauritz,0,0,"",""
ball,2,15.4,Ireland,AR Cusack,NJ O'Brien,NM Hauritz,1,0,"",""
ball,2,15.5,Ireland,NJ O'Brien,AR Cusack,NM Hauritz,0,0,"",""
ball,2,15.6,Ireland,NJ O'Brien,AR Cusack,NM Hauritz,0,0,"",""
ball,2,16.1,Ireland,AR Cusack,NJ O'Brien,DE Bollinger,0,0,"",""
ball,2,16.2,Ireland,AR Cusack,NJ O'Brien,DE Bollinger,0,1,"",""
ball,2,16.3,Ireland,AR Cusack,NJ O'Brien,DE Bollinger,4,0,"",""
ball,2,16.4,Ireland,AR Cusack,NJ O'Brien,DE Bollinger,0,0,"",""
ball,2,16.5,Ireland,AR Cusack,NJ O'Brien,DE Bollinger,0,0,"",""
ball,2,16.6,Ireland,AR Cusack,NJ O'Brien,DE Bollinger,1,0,"",""
ball,2,16.7,Ireland,NJ O'Brien,AR Cusack,DE Bollinger,0,0,"",""
ball,2,17.1,Ireland,AR Cusack,NJ O'Brien,NM Hauritz,0,0,"",""
ball,2,17.2,Ireland,AR Cusack,NJ O'Brien,NM Hauritz,4,0,"",""
ball,2,17.3,Ireland,AR Cusack,NJ O'Brien,NM Hauritz,0,0,"",""
ball,2,17.4,Ireland,AR Cusack,NJ O'Brien,NM Hauritz,0,0,"",""
ball,2,17.5,Ireland,AR Cusack,NJ O'Brien,NM Hauritz,0,1,"",""
ball,2,17.6,Ireland,NJ O'Brien,AR Cusack,NM Hauritz,0,0,"",""
ball,2,18.1,Ireland,AR Cusack,NJ O'Brien,DE Bollinger,1,0,"",""
ball,2,18.2,Ireland,NJ O'Brien,AR Cusack,DE Bollinger,0,0,"",""
ball,2,18.3,Ireland,NJ O'Brien,AR Cusack,DE Bollinger,1,0,"",""
ball,2,18.4,Ireland,AR Cusack,NJ O'Brien,DE Bollinger,0,0,"",""
ball,2,18.5,Ireland,AR Cusack,NJ O'Brien,DE Bollinger,0,0,"",""
ball,2,18.6,Ireland,AR Cusack,NJ O'Brien,DE Bollinger,0,0,"",""
ball,2,19.1,Ireland,NJ O'Brien,AR Cusack,NM Hauritz,0,0,"",""
ball,2,19.2,Ireland,NJ O'Brien,AR Cusack,NM Hauritz,1,0,"",""
ball,2,19.3,Ireland,AR Cusack,NJ O'Brien,NM Hauritz,0,0,"",""
ball,2,19.4,Ireland,AR Cusack,NJ O'Brien,NM Hauritz,0,5,"",""
ball,2,19.5,Ireland,AR Cusack,NJ O'Brien,NM Hauritz,4,0,"",""
ball,2,19.6,Ireland,AR Cusack,NJ O'Brien,NM Hauritz,1,0,"",""
ball,2,19.7,Ireland,NJ O'Brien,AR Cusack,NM Hauritz,1,0,"",""
ball,2,20.1,Ireland,NJ O'Brien,AR Cusack,JR Hopes,1,0,"",""
ball,2,20.2,Ireland,AR Cusack,NJ O'Brien,JR Hopes,1,0,"",""
ball,2,20.3,Ireland,NJ O'Brien,AR Cusack,JR Hopes,0,0,"",""
ball,2,20.4,Ireland,NJ O'Brien,AR Cusack,JR Hopes,0,0,"",""
ball,2,20.5,Ireland,NJ O'Brien,AR Cusack,JR Hopes,1,0,"",""
ball,2,20.6,Ireland,AR Cusack,NJ O'Brien,JR Hopes,0,0,"",""
ball,2,21.1,Ireland,NJ O'Brien,AR Cusack,CJ McKay,0,0,"",""
ball,2,21.2,Ireland,NJ O'Brien,AR Cusack,CJ McKay,0,0,"",""
ball,2,21.3,Ireland,NJ O'Brien,AR Cusack,CJ McKay,1,0,"",""
ball,2,21.4,Ireland,AR Cusack,NJ O'Brien,CJ McKay,4,0,"",""
ball,2,21.5,Ireland,AR Cusack,NJ O'Brien,CJ McKay,4,0,"",""
ball,2,21.6,Ireland,AR Cusack,NJ O'Brien,CJ McKay,0,0,"",""
ball,2,22.1,Ireland,NJ O'Brien,AR Cusack,JR Hopes,0,0,"",""
ball,2,22.2,Ireland,NJ O'Brien,AR Cusack,JR Hopes,0,0,"",""
ball,2,22.3,Ireland,NJ O'Brien,AR Cusack,JR Hopes,1,0,"",""
ball,2,22.4,Ireland,AR Cusack,NJ O'Brien,JR Hopes,0,0,"",""
ball,2,22.5,Ireland,AR Cusack,NJ O'Brien,JR Hopes,0,0,"",""
ball,2,22.6,Ireland,AR Cusack,NJ O'Brien,JR Hopes,0,0,"",""
ball,2,23.1,Ireland,NJ O'Brien,AR Cusack,CJ McKay,0,0,"",""
ball,2,23.2,Ireland,NJ O'Brien,AR Cusack,CJ McKay,0,0,"",""
ball,2,23.3,Ireland,NJ O'Brien,AR Cusack,CJ McKay,1,0,"",""
ball,2,23.4,Ireland,AR Cusack,NJ O'Brien,CJ McKay,0,0,"",""
ball,2,23.5,Ireland,AR Cusack,NJ O'Brien,CJ McKay,0,0,"",""
ball,2,23.6,Ireland,AR Cusack,NJ O'Brien,CJ McKay,0,0,"",""
ball,2,24.1,Ireland,NJ O'Brien,AR Cusack,JR Hopes,1,0,"",""
ball,2,24.2,Ireland,AR Cusack,NJ O'Brien,JR Hopes,0,0,lbw,AR Cusack
ball,2,24.3,Ireland,KJ O'Brien,NJ O'Brien,JR Hopes,0,0,"",""
ball,2,24.4,Ireland,KJ O'Brien,NJ O'Brien,JR Hopes,0,0,"",""
ball,2,24.5,Ireland,KJ O'Brien,NJ O'Brien,JR Hopes,0,0,"",""
ball,2,24.6,Ireland,KJ O'Brien,NJ O'Brien,JR Hopes,0,0,"",""
ball,2,25.1,Ireland,NJ O'Brien,KJ O'Brien,NM Hauritz,1,0,"",""
ball,2,25.2,Ireland,KJ O'Brien,NJ O'Brien,NM Hauritz,0,0,"",""
ball,2,25.3,Ireland,KJ O'Brien,NJ O'Brien,NM Hauritz,1,0,"",""
ball,2,25.4,Ireland,NJ O'Brien,KJ O'Brien,NM Hauritz,0,0,caught,NJ O'Brien
ball,2,25.5,Ireland,AR White,KJ O'Brien,NM Hauritz,0,0,"",""
ball,2,25.6,Ireland,AR White,KJ O'Brien,NM Hauritz,1,0,"",""
ball,2,26.1,Ireland,AR White,KJ O'Brien,JR Hopes,0,0,"",""
ball,2,26.2,Ireland,AR White,KJ O'Brien,JR Hopes,1,0,"",""
ball,2,26.3,Ireland,KJ O'Brien,AR White,JR Hopes,1,0,"",""
ball,2,26.4,Ireland,AR White,KJ O'Brien,JR Hopes,0,0,"",""
ball,2,26.5,Ireland,AR White,KJ O'Brien,JR Hopes,0,0,"",""
ball,2,26.6,Ireland,AR White,KJ O'Brien,JR Hopes,0,0,"",""
ball,2,27.1,Ireland,KJ O'Brien,AR White,NM Hauritz,0,0,"",""
ball,2,27.2,Ireland,KJ O'Brien,AR White,NM Hauritz,1,0,"",""
ball,2,27.3,Ireland,AR White,KJ O'Brien,NM Hauritz,1,0,"",""
ball,2,27.4,Ireland,KJ O'Brien,AR White,NM Hauritz,0,0,"",""
ball,2,27.5,Ireland,KJ O'Brien,AR White,NM Hauritz,1,0,"",""
ball,2,27.6,Ireland,AR White,KJ O'Brien,NM Hauritz,1,0,"",""
ball,2,28.1,Ireland,AR White,KJ O'Brien,JR Hopes,0,0,"",""
ball,2,28.2,Ireland,AR White,KJ O'Brien,JR Hopes,0,0,"",""
ball,2,28.3,Ireland,AR White,KJ O'Brien,JR Hopes,0,0,caught,AR White
ball,2,28.4,Ireland,JF Mooney,KJ O'Brien,JR Hopes,0,0,"",""
ball,2,28.5,Ireland,JF Mooney,KJ O'Brien,JR Hopes,0,0,"",""
ball,2,28.6,Ireland,JF Mooney,KJ O'Brien,JR Hopes,0,0,"",""
ball,2,29.1,Ireland,KJ O'Brien,JF Mooney,NM Hauritz,0,0,"",""
ball,2,29.2,Ireland,KJ O'Brien,JF Mooney,NM Hauritz,0,0,"",""
ball,2,29.3,Ireland,KJ O'Brien,JF Mooney,NM Hauritz,1,0,"",""
ball,2,29.4,Ireland,JF Mooney,KJ O'Brien,NM Hauritz,1,0,"",""
ball,2,29.5,Ireland,KJ O'Brien,JF Mooney,NM Hauritz,0,0,"",""
ball,2,29.6,Ireland,KJ O'Brien,JF Mooney,NM Hauritz,0,1,"",""
ball,2,29.7,Ireland,KJ O'Brien,JF Mooney,NM Hauritz,0,0,"",""
ball,2,30.1,Ireland,JF Mooney,KJ O'Brien,JR Hopes,0,0,"",""
ball,2,30.2,Ireland,JF Mooney,KJ O'Brien,JR Hopes,1,0,"",""
ball,2,30.3,Ireland,KJ O'Brien,JF Mooney,JR Hopes,0,0,"",""
ball,2,30.4,Ireland,KJ O'Brien,JF Mooney,JR Hopes,0,0,"",""
ball,2,30.5,Ireland,KJ O'Brien,JF Mooney,JR Hopes,0,0,"",""
ball,2,30.6,Ireland,KJ O'Brien,JF Mooney,JR Hopes,0,0,caught,KJ O'Brien
ball,2,31.1,Ireland,JF Mooney,DT Johnston,NM Hauritz,0,0,"",""
ball,2,31.2,Ireland,JF Mooney,DT Johnston,NM Hauritz,0,0,"",""
ball,2,31.3,Ireland,JF Mooney,DT Johnston,NM Hauritz,0,0,"",""
ball,2,31.4,Ireland,JF Mooney,DT Johnston,NM Hauritz,0,0,"",""
ball,2,31.5,Ireland,JF Mooney,DT Johnston,NM Hauritz,1,0,"",""
ball,2,31.6,Ireland,DT Johnston,JF Mooney,NM Hauritz,0,0,"",""
ball,2,32.1,Ireland,JF Mooney,DT Johnston,JR Hopes,0,0,"",""
ball,2,32.2,Ireland,JF Mooney,DT Johnston,JR Hopes,0,0,"",""
ball,2,32.3,Ireland,JF Mooney,DT Johnston,JR Hopes,1,0,"",""
ball,2,32.4,Ireland,DT Johnston,JF Mooney,JR Hopes,0,0,"",""
ball,2,32.5,Ireland,DT Johnston,JF Mooney,JR Hopes,1,0,"",""
ball,2,32.6,Ireland,JF Mooney,DT Johnston,JR Hopes,0,1,"",""
ball,2,33.1,Ireland,JF Mooney,DT Johnston,NM Hauritz,0,0,"",""
ball,2,33.2,Ireland,JF Mooney,DT Johnston,NM Hauritz,1,0,"",""
ball,2,33.3,Ireland,DT Johnston,JF Mooney,NM Hauritz,0,0,"",""
ball,2,33.4,Ireland,DT Johnston,JF Mooney,NM Hauritz,0,0,"",""
ball,2,33.5,Ireland,DT Johnston,JF Mooney,NM Hauritz,0,0,"",""
ball,2,33.6,Ireland,DT Johnston,JF Mooney,NM Hauritz,0,0,"",""
ball,2,34.1,Ireland,JF Mooney,DT Johnston,JR Hopes,0,0,"",""
ball,2,34.2,Ireland,JF Mooney,DT Johnston,JR Hopes,1,0,"",""
ball,2,34.3,Ireland,DT Johnston,JF Mooney,JR Hopes,0,0,"",""
ball,2,34.4,Ireland,DT Johnston,JF Mooney,JR Hopes,0,0,bowled,DT Johnston
ball,2,34.5,Ireland,PC Connell,JF Mooney,JR Hopes,0,0,lbw,PC Connell
ball,2,34.6,Ireland,WB Rankin,JF Mooney,JR Hopes,0,0,"",""
ball,2,35.1,Ireland,JF Mooney,WB Rankin,SR Watson,0,0,"",""
ball,2,35.2,Ireland,JF Mooney,WB Rankin,SR Watson,1,0,"",""
ball,2,35.3,Ireland,WB Rankin,JF Mooney,SR Watson,0,0,"",""
ball,2,35.4,Ireland,WB Rankin,JF Mooney,SR Watson,0,0,"",""
ball,2,35.5,Ireland,WB Rankin,JF Mooney,SR Watson,0,0,"",""
ball,2,35.6,Ireland,WB Rankin,JF Mooney,SR Watson,1,0,"",""
ball,2,36.1,Ireland,WB Rankin,JF Mooney,JR Hopes,0,1,"",""
ball,2,36.2,Ireland,JF Mooney,WB Rankin,JR Hopes,1,0,"",""
ball,2,36.3,Ireland,WB Rankin,JF Mooney,JR Hopes,0,0,"",""
ball,2,36.4,Ireland,WB Rankin,JF Mooney,JR Hopes,1,0,"",""
ball,2,36.5,Ireland,JF Mooney,WB Rankin,JR Hopes,0,0,"",""
ball,2,36.6,Ireland,JF Mooney,WB Rankin,JR Hopes,1,0,"",""
ball,2,37.1,Ireland,JF Mooney,WB Rankin,SR Watson,0,0,"",""
ball,2,37.2,Ireland,JF Mooney,WB Rankin,SR Watson,4,0,"",""
ball,2,37.3,Ireland,JF Mooney,WB Rankin,SR Watson,4,0,"",""
ball,2,37.4,Ireland,JF Mooney,WB Rankin,SR Watson,0,0,"",""
ball,2,37.5,Ireland,JF Mooney,WB Rankin,SR Watson,1,0,"",""
ball,2,37.6,Ireland,WB Rankin,JF Mooney,SR Watson,0,0,"",""
ball,2,38.1,Ireland,JF Mooney,WB Rankin,RJ Harris,0,0,"",""
ball,2,38.2,Ireland,JF Mooney,WB Rankin,RJ Harris,0,0,"",""
ball,2,38.3,Ireland,JF Mooney,WB Rankin,RJ Harris,0,0,"",""
ball,2,38.4,Ireland,JF Mooney,WB Rankin,RJ Harris,0,0,"",""
ball,2,38.5,Ireland,JF Mooney,WB Rankin,RJ Harris,1,0,"",""
ball,2,38.6,Ireland,WB Rankin,JF Mooney,RJ Harris,0,0,"",""
ball,2,39.1,Ireland,JF Mooney,WB Rankin,SR Watson,0,0,"",""
ball,2,39.2,Ireland,JF Mooney,WB Rankin,SR Watson,0,0,"",""
ball,2,39.3,Ireland,JF Mooney,WB Rankin,SR Watson,4,0,"",""
ball,2,39.4,Ireland,JF Mooney,WB Rankin,SR Watson,0,0,"",""
ball,2,39.5,Ireland,JF Mooney,WB Rankin,SR Watson,4,0,"",""
ball,2,39.6,Ireland,JF Mooney,WB Rankin,SR Watson,5,0,"",""
ball,2,40.1,Ireland,JF Mooney,WB Rankin,RJ Harris,0,0,"",""
ball,2,40.2,Ireland,JF Mooney,WB Rankin,RJ Harris,0,0,"",""
ball,2,40.3,Ireland,JF Mooney,WB Rankin,RJ Harris,0,0,"",""
ball,2,40.4,Ireland,JF Mooney,WB Rankin,RJ Harris,0,0,"",""
ball,2,40.5,Ireland,JF Mooney,WB Rankin,RJ Harris,4,0,"",""
ball,2,40.6,Ireland,JF Mooney,WB Rankin,RJ Harris,1,0,"",""
ball,2,41.1,Ireland,JF Mooney,WB Rankin,SR Watson,1,0,"",""
ball,2,41.2,Ireland,WB Rankin,JF Mooney,SR Watson,0,0,"",""
ball,2,41.3,Ireland,WB Rankin,JF Mooney,SR Watson,0,0,"",""
ball,2,41.4,Ireland,WB Rankin,JF Mooney,SR Watson,0,0,"",""
ball,2,41.5,Ireland,WB Rankin,JF Mooney,SR Watson,1,0,"",""
ball,2,41.6,Ireland,JF Mooney,WB Rankin,SR Watson,0,0,caught,JF Mooney
