version,1.3.0
info,team,England
info,team,Australia
info,gender,male
info,season,2010
info,date,2010/06/22
info,series,NatWest Series
info,match_number,1
info,venue,The Rose Bowl
info,city,Southampton
info,toss_winner,Australia
info,toss_decision,bat
info,player_of_match,EJG Morgan
info,umpire,Aleem Dar
info,umpire,IJ Gould
info,reserve_umpire,RA Kettleborough
info,tv_umpire,RK Illingworth
info,match_referee,J Srinath
info,winner,England
info,winner_wickets,4
ball,1,0.1,Australia,SR Watson,TD Paine,JM Anderson,0,0,"",""
ball,1,0.2,Australia,SR Watson,TD Paine,JM Anderson,1,0,"",""
ball,1,0.3,Australia,TD Paine,SR Watson,JM Anderson,0,0,"",""
ball,1,0.4,Australia,TD Paine,SR Watson,JM Anderson,0,0,"",""
ball,1,0.5,Australia,TD Paine,SR Watson,JM Anderson,1,0,"",""
ball,1,0.6,Australia,SR Watson,TD Paine,JM Anderson,0,0,"",""
ball,1,1.1,Australia,TD Paine,SR Watson,TT Bresnan,0,0,"",""
ball,1,1.2,Australia,TD Paine,SR Watson,TT Bresnan,0,0,"",""
ball,1,1.3,Australia,TD Paine,SR Watson,TT Bresnan,0,0,"",""
ball,1,1.4,Australia,TD Paine,SR Watson,TT Bresnan,0,0,"",""
ball,1,1.5,Australia,TD Paine,SR Watson,TT Bresnan,0,0,"",""
ball,1,1.6,Australia,TD Paine,SR Watson,TT Bresnan,0,0,"",""
ball,1,2.1,Australia,SR Watson,TD Paine,JM Anderson,1,0,"",""
ball,1,2.2,Australia,TD Paine,SR Watson,JM Anderson,0,0,"",""
ball,1,2.3,Australia,TD Paine,SR Watson,JM Anderson,0,0,"",""
ball,1,2.4,Australia,TD Paine,SR Watson,JM Anderson,2,0,"",""
ball,1,2.5,Australia,TD Paine,SR Watson,JM Anderson,1,0,"",""
ball,1,2.6,Australia,SR Watson,TD Paine,JM Anderson,0,0,"",""
ball,1,3.1,Australia,TD Paine,SR Watson,TT Bresnan,2,0,"",""
ball,1,3.2,Australia,TD Paine,SR Watson,TT Bresnan,0,0,"",""
ball,1,3.3,Australia,TD Paine,SR Watson,TT Bresnan,4,0,"",""
ball,1,3.4,Australia,TD Paine,SR Watson,TT Bresnan,0,0,"",""
ball,1,3.5,Australia,TD Paine,SR Watson,TT Bresnan,0,0,"",""
ball,1,3.6,Australia,TD Paine,SR Watson,TT Bresnan,0,0,"",""
ball,1,4.1,Australia,SR Watson,TD Paine,JM Anderson,1,0,"",""
ball,1,4.2,Australia,TD Paine,SR Watson,JM Anderson,1,0,"",""
ball,1,4.3,Australia,SR Watson,TD Paine,JM Anderson,0,0,"",""
ball,1,4.4,Australia,SR Watson,TD Paine,JM Anderson,4,0,"",""
ball,1,4.5,Australia,SR Watson,TD Paine,JM Anderson,4,0,"",""
ball,1,4.6,Australia,SR Watson,TD Paine,JM Anderson,0,0,"",""
ball,1,5.1,Australia,TD Paine,SR Watson,TT Bresnan,1,0,"",""
ball,1,5.2,Australia,SR Watson,TD Paine,TT Bresnan,4,0,"",""
ball,1,5.3,Australia,SR Watson,TD Paine,TT Bresnan,0,0,"",""
ball,1,5.4,Australia,SR Watson,TD Paine,TT Bresnan,0,0,"",""
ball,1,5.5,Australia,SR Watson,TD Paine,TT Bresnan,1,0,"",""
ball,1,5.6,Australia,TD Paine,SR Watson,TT Bresnan,0,0,"",""
ball,1,6.1,Australia,SR Watson,TD Paine,JM Anderson,0,0,"",""
ball,1,6.2,Australia,SR Watson,TD Paine,JM Anderson,1,0,"",""
ball,1,6.3,Australia,TD Paine,SR Watson,JM Anderson,0,0,"",""
ball,1,6.4,Australia,TD Paine,SR Watson,JM Anderson,4,0,"",""
ball,1,6.5,Australia,TD Paine,SR Watson,JM Anderson,0,0,"",""
ball,1,6.6,Australia,TD Paine,SR Watson,JM Anderson,0,0,"",""
ball,1,7.1,Australia,SR Watson,TD Paine,TT Bresnan,2,0,"",""
ball,1,7.2,Australia,SR Watson,TD Paine,TT Bresnan,4,0,"",""
ball,1,7.3,Australia,SR Watson,TD Paine,TT Bresnan,0,0,"",""
ball,1,7.4,Australia,SR Watson,TD Paine,TT Bresnan,0,0,"",""
ball,1,7.5,Australia,SR Watson,TD Paine,TT Bresnan,1,0,"",""
ball,1,7.6,Australia,TD Paine,SR Watson,TT Bresnan,4,0,"",""
ball,1,8.1,Australia,SR Watson,TD Paine,SCJ Broad,4,0,"",""
ball,1,8.2,Australia,SR Watson,TD Paine,SCJ Broad,0,0,"",""
ball,1,8.3,Australia,SR Watson,TD Paine,SCJ Broad,0,0,"",""
ball,1,8.4,Australia,SR Watson,TD Paine,SCJ Broad,4,0,"",""
ball,1,8.5,Australia,SR Watson,TD Paine,SCJ Broad,0,0,caught and bowled,SR Watson
ball,1,8.6,Australia,RT Ponting,TD Paine,SCJ Broad,0,0,"",""
ball,1,9.1,Australia,TD Paine,RT Ponting,TT Bresnan,1,0,"",""
ball,1,9.2,Australia,RT Ponting,TD Paine,TT Bresnan,0,1,"",""
ball,1,9.3,Australia,RT Ponting,TD Paine,TT Bresnan,0,0,"",""
ball,1,9.4,Australia,RT Ponting,TD Paine,TT Bresnan,0,0,"",""
ball,1,9.5,Australia,RT Ponting,TD Paine,TT Bresnan,4,0,"",""
ball,1,9.6,Australia,RT Ponting,TD Paine,TT Bresnan,0,0,"",""
ball,1,9.7,Australia,RT Ponting,TD Paine,TT Bresnan,0,0,"",""
ball,1,10.1,Australia,TD Paine,RT Ponting,SCJ Broad,0,0,"",""
ball,1,10.2,Australia,TD Paine,RT Ponting,SCJ Broad,0,0,"",""
ball,1,10.3,Australia,TD Paine,RT Ponting,SCJ Broad,0,0,"",""
ball,1,10.4,Australia,TD Paine,RT Ponting,SCJ Broad,1,0,"",""
ball,1,10.5,Australia,RT Ponting,TD Paine,SCJ Broad,0,1,"",""
ball,1,10.6,Australia,RT Ponting,TD Paine,SCJ Broad,0,0,"",""
ball,1,10.7,Australia,RT Ponting,TD Paine,SCJ Broad,0,0,"",""
ball,1,11.1,Australia,TD Paine,RT Ponting,TT Bresnan,0,0,"",""
ball,1,11.2,Australia,TD Paine,RT Ponting,TT Bresnan,2,0,"",""
ball,1,11.3,Australia,TD Paine,RT Ponting,TT Bresnan,0,0,"",""
ball,1,11.4,Australia,TD Paine,RT Ponting,TT Bresnan,0,0,"",""
ball,1,11.5,Australia,TD Paine,RT Ponting,TT Bresnan,1,0,"",""
ball,1,11.6,Australia,RT Ponting,TD Paine,TT Bresnan,1,0,"",""
ball,1,12.1,Australia,RT Ponting,TD Paine,SCJ Broad,0,0,"",""
ball,1,12.2,Australia,RT Ponting,TD Paine,SCJ Broad,1,0,"",""
ball,1,12.3,Australia,TD Paine,RT Ponting,SCJ Broad,0,0,"",""
ball,1,12.4,Australia,TD Paine,RT Ponting,SCJ Broad,0,0,"",""
ball,1,12.5,Australia,TD Paine,RT Ponting,SCJ Broad,0,0,"",""
ball,1,12.6,Australia,TD Paine,RT Ponting,SCJ Broad,1,0,"",""
ball,1,13.1,Australia,TD Paine,RT Ponting,LJ Wright,0,0,"",""
ball,1,13.2,Australia,TD Paine,RT Ponting,LJ Wright,0,0,bowled,TD Paine
ball,1,13.3,Australia,MJ Clarke,RT Ponting,LJ Wright,0,0,"",""
ball,1,13.4,Australia,MJ Clarke,RT Ponting,LJ Wright,0,0,"",""
ball,1,13.5,Australia,MJ Clarke,RT Ponting,LJ Wright,0,0,"",""
ball,1,13.6,Australia,MJ Clarke,RT Ponting,LJ Wright,0,0,"",""
ball,1,14.1,Australia,RT Ponting,MJ Clarke,SCJ Broad,1,0,"",""
ball,1,14.2,Australia,MJ Clarke,RT Ponting,SCJ Broad,0,0,"",""
ball,1,14.3,Australia,MJ Clarke,RT Ponting,SCJ Broad,0,0,"",""
ball,1,14.4,Australia,MJ Clarke,RT Ponting,SCJ Broad,0,1,"",""
ball,1,14.5,Australia,MJ Clarke,RT Ponting,SCJ Broad,1,0,"",""
ball,1,14.6,Australia,RT Ponting,MJ Clarke,SCJ Broad,4,0,"",""
ball,1,14.7,Australia,RT Ponting,MJ Clarke,SCJ Broad,1,0,"",""
ball,1,15.1,Australia,RT Ponting,MJ Clarke,LJ Wright,0,0,"",""
ball,1,15.2,Australia,RT Ponting,MJ Clarke,LJ Wright,2,0,"",""
ball,1,15.3,Australia,RT Ponting,MJ Clarke,LJ Wright,0,0,"",""
ball,1,15.4,Australia,RT Ponting,MJ Clarke,LJ Wright,0,0,"",""
ball,1,15.5,Australia,RT Ponting,MJ Clarke,LJ Wright,0,0,"",""
ball,1,15.6,Australia,RT Ponting,MJ Clarke,LJ Wright,4,0,"",""
ball,1,16.1,Australia,MJ Clarke,RT Ponting,SCJ Broad,0,0,"",""
ball,1,16.2,Australia,MJ Clarke,RT Ponting,SCJ Broad,1,0,"",""
ball,1,16.3,Australia,RT Ponting,MJ Clarke,SCJ Broad,1,0,"",""
ball,1,16.4,Australia,MJ Clarke,RT Ponting,SCJ Broad,0,0,"",""
ball,1,16.5,Australia,MJ Clarke,RT Ponting,SCJ Broad,1,0,"",""
ball,1,16.6,Australia,RT Ponting,MJ Clarke,SCJ Broad,2,0,"",""
ball,1,17.1,Australia,MJ Clarke,RT Ponting,LJ Wright,0,1,"",""
ball,1,17.2,Australia,RT Ponting,MJ Clarke,LJ Wright,0,0,caught,RT Ponting
ball,1,17.3,Australia,CL White,MJ Clarke,LJ Wright,0,0,"",""
ball,1,17.4,Australia,CL White,MJ Clarke,LJ Wright,1,0,"",""
ball,1,17.5,Australia,MJ Clarke,CL White,LJ Wright,0,0,"",""
ball,1,17.6,Australia,MJ Clarke,CL White,LJ Wright,0,0,"",""
ball,1,18.1,Australia,CL White,MJ Clarke,MH Yardy,0,0,"",""
ball,1,18.2,Australia,CL White,MJ Clarke,MH Yardy,0,0,"",""
ball,1,18.3,Australia,CL White,MJ Clarke,MH Yardy,0,0,"",""
ball,1,18.4,Australia,CL White,MJ Clarke,MH Yardy,0,0,"",""
ball,1,18.5,Australia,CL White,MJ Clarke,MH Yardy,0,0,"",""
ball,1,18.6,Australia,CL White,MJ Clarke,MH Yardy,0,0,"",""
ball,1,19.1,Australia,MJ Clarke,CL White,LJ Wright,1,0,"",""
ball,1,19.2,Australia,CL White,MJ Clarke,LJ Wright,0,0,"",""
ball,1,19.3,Australia,CL White,MJ Clarke,LJ Wright,0,0,"",""
ball,1,19.4,Australia,CL White,MJ Clarke,LJ Wright,0,0,"",""
ball,1,19.5,Australia,CL White,MJ Clarke,LJ Wright,4,0,"",""
ball,1,19.6,Australia,CL White,MJ Clarke,LJ Wright,0,0,"",""
ball,1,20.1,Australia,MJ Clarke,CL White,MH Yardy,0,0,"",""
ball,1,20.2,Australia,MJ Clarke,CL White,MH Yardy,1,0,"",""
ball,1,20.3,Australia,CL White,MJ Clarke,MH Yardy,0,0,"",""
ball,1,20.4,Australia,CL White,MJ Clarke,MH Yardy,2,0,"",""
ball,1,20.5,Australia,CL White,MJ Clarke,MH Yardy,2,0,"",""
ball,1,20.6,Australia,CL White,MJ Clarke,MH Yardy,1,0,"",""
ball,1,21.1,Australia,CL White,MJ Clarke,JM Anderson,0,0,"",""
ball,1,21.2,Australia,CL White,MJ Clarke,JM Anderson,0,0,bowled,CL White
ball,1,21.3,Australia,MEK Hussey,MJ Clarke,JM Anderson,0,0,"",""
ball,1,21.4,Australia,MEK Hussey,MJ Clarke,JM Anderson,0,0,"",""
ball,1,21.5,Australia,MEK Hussey,MJ Clarke,JM Anderson,0,0,"",""
ball,1,21.6,Australia,MEK Hussey,MJ Clarke,JM Anderson,0,0,"",""
ball,1,22.1,Australia,MJ Clarke,MEK Hussey,MH Yardy,1,0,"",""
ball,1,22.2,Australia,MEK Hussey,MJ Clarke,MH Yardy,1,0,"",""
ball,1,22.3,Australia,MJ Clarke,MEK Hussey,MH Yardy,1,0,"",""
ball,1,22.4,Australia,MEK Hussey,MJ Clarke,MH Yardy,2,0,"",""
ball,1,22.5,Australia,MEK Hussey,MJ Clarke,MH Yardy,1,0,"",""
ball,1,22.6,Australia,MJ Clarke,MEK Hussey,MH Yardy,1,0,"",""
ball,1,23.1,Australia,MJ Clarke,MEK Hussey,JM Anderson,0,0,"",""
ball,1,23.2,Australia,MJ Clarke,MEK Hussey,JM Anderson,2,0,"",""
ball,1,23.3,Australia,MJ Clarke,MEK Hussey,JM Anderson,0,0,"",""
ball,1,23.4,Australia,MJ Clarke,MEK Hussey,JM Anderson,1,0,"",""
ball,1,23.5,Australia,MEK Hussey,MJ Clarke,JM Anderson,0,0,"",""
ball,1,23.6,Australia,MEK Hussey,MJ Clarke,JM Anderson,0,0,"",""
ball,1,24.1,Australia,MJ Clarke,MEK Hussey,LJ Wright,1,0,"",""
ball,1,24.2,Australia,MEK Hussey,MJ Clarke,LJ Wright,1,0,"",""
ball,1,24.3,Australia,MJ Clarke,MEK Hussey,LJ Wright,1,0,"",""
ball,1,24.4,Australia,MEK Hussey,MJ Clarke,LJ Wright,0,0,"",""
ball,1,24.5,Australia,MEK Hussey,MJ Clarke,LJ Wright,1,0,"",""
ball,1,24.6,Australia,MJ Clarke,MEK Hussey,LJ Wright,0,0,"",""
ball,1,25.1,Australia,MEK Hussey,MJ Clarke,GP Swann,1,0,"",""
ball,1,25.2,Australia,MJ Clarke,MEK Hussey,GP Swann,0,0,"",""
ball,1,25.3,Australia,MJ Clarke,MEK Hussey,GP Swann,0,0,"",""
ball,1,25.4,Australia,MJ Clarke,MEK Hussey,GP Swann,4,0,"",""
ball,1,25.5,Australia,MJ Clarke,MEK Hussey,GP Swann,4,0,"",""
ball,1,25.6,Australia,MJ Clarke,MEK Hussey,GP Swann,0,0,"",""
ball,1,26.1,Australia,MEK Hussey,MJ Clarke,LJ Wright,1,0,"",""
ball,1,26.2,Australia,MJ Clarke,MEK Hussey,LJ Wright,0,0,"",""
ball,1,26.3,Australia,MJ Clarke,MEK Hussey,LJ Wright,0,0,"",""
ball,1,26.4,Australia,MJ Clarke,MEK Hussey,LJ Wright,4,1,"",""
ball,1,26.5,Australia,MJ Clarke,MEK Hussey,LJ Wright,1,0,"",""
ball,1,26.6,Australia,MEK Hussey,MJ Clarke,LJ Wright,1,0,"",""
ball,1,26.7,Australia,MJ Clarke,MEK Hussey,LJ Wright,1,0,"",""
ball,1,27.1,Australia,MJ Clarke,MEK Hussey,GP Swann,0,0,"",""
ball,1,27.2,Australia,MJ Clarke,MEK Hussey,GP Swann,1,0,"",""
ball,1,27.3,Australia,MEK Hussey,MJ Clarke,GP Swann,0,0,"",""
ball,1,27.4,Australia,MEK Hussey,MJ Clarke,GP Swann,1,0,"",""
ball,1,27.5,Australia,MJ Clarke,MEK Hussey,GP Swann,1,0,"",""
ball,1,27.6,Australia,MEK Hussey,MJ Clarke,GP Swann,1,0,"",""
ball,1,28.1,Australia,MEK Hussey,MJ Clarke,LJ Wright,1,0,"",""
ball,1,28.2,Australia,MJ Clarke,MEK Hussey,LJ Wright,0,0,"",""
ball,1,28.3,Australia,MJ Clarke,MEK Hussey,LJ Wright,4,0,"",""
ball,1,28.4,Australia,MJ Clarke,MEK Hussey,LJ Wright,0,0,"",""
ball,1,28.5,Australia,MJ Clarke,MEK Hussey,LJ Wright,4,0,"",""
ball,1,28.6,Australia,MJ Clarke,MEK Hussey,LJ Wright,0,0,"",""
ball,1,29.1,Australia,MEK Hussey,MJ Clarke,GP Swann,2,0,"",""
ball,1,29.2,Australia,MEK Hussey,MJ Clarke,GP Swann,0,0,"",""
ball,1,29.3,Australia,MEK Hussey,MJ Clarke,GP Swann,0,0,"",""
ball,1,29.4,Australia,MEK Hussey,MJ Clarke,GP Swann,1,0,"",""
ball,1,29.5,Australia,MJ Clarke,MEK Hussey,GP Swann,0,0,"",""
ball,1,29.6,Australia,MJ Clarke,MEK Hussey,GP Swann,0,0,"",""
ball,1,30.1,Australia,MEK Hussey,MJ Clarke,MH Yardy,1,0,"",""
ball,1,30.2,Australia,MJ Clarke,MEK Hussey,MH Yardy,1,0,"",""
ball,1,30.3,Australia,MEK Hussey,MJ Clarke,MH Yardy,1,0,"",""
ball,1,30.4,Australia,MJ Clarke,MEK Hussey,MH Yardy,1,0,"",""
ball,1,30.5,Australia,MEK Hussey,MJ Clarke,MH Yardy,0,0,"",""
ball,1,30.6,Australia,MEK Hussey,MJ Clarke,MH Yardy,2,0,"",""
ball,1,31.1,Australia,MJ Clarke,MEK Hussey,GP Swann,1,0,"",""
ball,1,31.2,Australia,MEK Hussey,MJ Clarke,GP Swann,0,0,"",""
ball,1,31.3,Australia,MEK Hussey,MJ Clarke,GP Swann,1,0,"",""
ball,1,31.4,Australia,MJ Clarke,MEK Hussey,GP Swann,1,0,"",""
ball,1,31.5,Australia,MEK Hussey,MJ Clarke,GP Swann,1,0,"",""
ball,1,31.6,Australia,MJ Clarke,MEK Hussey,GP Swann,1,0,"",""
ball,1,32.1,Australia,MJ Clarke,MEK Hussey,MH Yardy,1,0,"",""
ball,1,32.2,Australia,MEK Hussey,MJ Clarke,MH Yardy,1,0,"",""
ball,1,32.3,Australia,MJ Clarke,MEK Hussey,MH Yardy,1,0,"",""
ball,1,32.4,Australia,MEK Hussey,MJ Clarke,MH Yardy,0,0,"",""
ball,1,32.5,Australia,MEK Hussey,MJ Clarke,MH Yardy,0,0,"",""
ball,1,32.6,Australia,MEK Hussey,MJ Clarke,MH Yardy,0,0,"",""
ball,1,33.1,Australia,MJ Clarke,MEK Hussey,GP Swann,0,0,"",""
ball,1,33.2,Australia,MJ Clarke,MEK Hussey,GP Swann,1,0,"",""
ball,1,33.3,Australia,MEK Hussey,MJ Clarke,GP Swann,2,0,"",""
ball,1,33.4,Australia,MEK Hussey,MJ Clarke,GP Swann,1,0,"",""
ball,1,33.5,Australia,MJ Clarke,MEK Hussey,GP Swann,1,0,"",""
ball,1,33.6,Australia,MEK Hussey,MJ Clarke,GP Swann,3,0,"",""
ball,1,34.1,Australia,MEK Hussey,MJ Clarke,MH Yardy,0,0,caught,MEK Hussey
ball,1,34.2,Australia,JR Hopes,MJ Clarke,MH Yardy,0,0,"",""
ball,1,34.3,Australia,JR Hopes,MJ Clarke,MH Yardy,1,0,"",""
ball,1,34.4,Australia,MJ Clarke,JR Hopes,MH Yardy,0,1,"",""
ball,1,34.5,Australia,MJ Clarke,JR Hopes,MH Yardy,1,0,"",""
ball,1,34.6,Australia,JR Hopes,MJ Clarke,MH Yardy,1,0,"",""
ball,1,34.7,Australia,MJ Clarke,JR Hopes,MH Yardy,0,0,"",""
ball,1,35.1,Australia,JR Hopes,MJ Clarke,GP Swann,0,0,"",""
ball,1,35.2,Australia,JR Hopes,MJ Clarke,GP Swann,0,0,"",""
ball,1,35.3,Australia,JR Hopes,MJ Clarke,GP Swann,0,0,"",""
ball,1,35.4,Australia,JR Hopes,MJ Clarke,GP Swann,1,0,"",""
ball,1,35.5,Australia,MJ Clarke,JR Hopes,GP Swann,0,0,"",""
ball,1,35.6,Australia,MJ Clarke,JR Hopes,GP Swann,0,0,"",""
ball,1,36.1,Australia,JR Hopes,MJ Clarke,MH Yardy,0,0,"",""
ball,1,36.2,Australia,JR Hopes,MJ Clarke,MH Yardy,0,0,"",""
ball,1,36.3,Australia,JR Hopes,MJ Clarke,MH Yardy,0,0,"",""
ball,1,36.4,Australia,JR Hopes,MJ Clarke,MH Yardy,0,0,"",""
ball,1,36.5,Australia,JR Hopes,MJ Clarke,MH Yardy,0,0,"",""
ball,1,36.6,Australia,JR Hopes,MJ Clarke,MH Yardy,0,0,"",""
ball,1,37.1,Australia,MJ Clarke,JR Hopes,GP Swann,1,0,"",""
ball,1,37.2,Australia,JR Hopes,MJ Clarke,GP Swann,1,0,"",""
ball,1,37.3,Australia,MJ Clarke,JR Hopes,GP Swann,1,0,"",""
ball,1,37.4,Australia,JR Hopes,MJ Clarke,GP Swann,2,0,"",""
ball,1,37.5,Australia,JR Hopes,MJ Clarke,GP Swann,1,0,"",""
ball,1,37.6,Australia,MJ Clarke,JR Hopes,GP Swann,1,0,"",""
ball,1,38.1,Australia,MJ Clarke,JR Hopes,MH Yardy,1,0,"",""
ball,1,38.2,Australia,JR Hopes,MJ Clarke,MH Yardy,1,0,"",""
ball,1,38.3,Australia,MJ Clarke,JR Hopes,MH Yardy,0,0,"",""
ball,1,38.4,Australia,MJ Clarke,JR Hopes,MH Yardy,0,0,"",""
ball,1,38.5,Australia,MJ Clarke,JR Hopes,MH Yardy,0,0,"",""
ball,1,38.6,Australia,MJ Clarke,JR Hopes,MH Yardy,0,0,"",""
ball,1,39.1,Australia,JR Hopes,MJ Clarke,GP Swann,0,0,"",""
ball,1,39.2,Australia,JR Hopes,MJ Clarke,GP Swann,0,0,"",""
ball,1,39.3,Australia,JR Hopes,MJ Clarke,GP Swann,4,0,"",""
ball,1,39.4,Australia,JR Hopes,MJ Clarke,GP Swann,0,0,"",""
ball,1,39.5,Australia,JR Hopes,MJ Clarke,GP Swann,1,0,"",""
ball,1,39.6,Australia,MJ Clarke,JR Hopes,GP Swann,2,0,"",""
ball,1,40.1,Australia,JR Hopes,MJ Clarke,MH Yardy,1,0,"",""
ball,1,40.2,Australia,MJ Clarke,JR Hopes,MH Yardy,4,0,"",""
ball,1,40.3,Australia,MJ Clarke,JR Hopes,MH Yardy,0,0,"",""
ball,1,40.4,Australia,MJ Clarke,JR Hopes,MH Yardy,2,0,"",""
ball,1,40.5,Australia,MJ Clarke,JR Hopes,MH Yardy,1,0,"",""
ball,1,40.6,Australia,JR Hopes,MJ Clarke,MH Yardy,1,0,"",""
ball,1,41.1,Australia,JR Hopes,MJ Clarke,TT Bresnan,0,0,"",""
ball,1,41.2,Australia,JR Hopes,MJ Clarke,TT Bresnan,2,0,"",""
ball,1,41.3,Australia,JR Hopes,MJ Clarke,TT Bresnan,0,0,"",""
ball,1,41.4,Australia,JR Hopes,MJ Clarke,TT Bresnan,1,0,"",""
ball,1,41.5,Australia,MJ Clarke,JR Hopes,TT Bresnan,1,0,"",""
ball,1,41.6,Australia,JR Hopes,MJ Clarke,TT Bresnan,4,0,"",""
ball,1,42.1,Australia,MJ Clarke,JR Hopes,MH Yardy,0,0,"",""
ball,1,42.2,Australia,MJ Clarke,JR Hopes,MH Yardy,1,0,"",""
ball,1,42.3,Australia,JR Hopes,MJ Clarke,MH Yardy,1,0,"",""
ball,1,42.4,Australia,MJ Clarke,JR Hopes,MH Yardy,1,0,"",""
ball,1,42.5,Australia,JR Hopes,MJ Clarke,MH Yardy,0,0,"",""
ball,1,42.6,Australia,JR Hopes,MJ Clarke,MH Yardy,1,0,"",""
ball,1,43.1,Australia,JR Hopes,MJ Clarke,TT Bresnan,1,0,"",""
ball,1,43.2,Australia,MJ Clarke,JR Hopes,TT Bresnan,2,0,"",""
ball,1,43.3,Australia,MJ Clarke,JR Hopes,TT Bresnan,1,0,"",""
ball,1,43.4,Australia,JR Hopes,MJ Clarke,TT Bresnan,0,0,"",""
ball,1,43.5,Australia,JR Hopes,MJ Clarke,TT Bresnan,3,0,"",""
ball,1,43.6,Australia,MJ Clarke,JR Hopes,TT Bresnan,1,0,"",""
ball,1,44.1,Australia,MJ Clarke,JR Hopes,JM Anderson,1,0,"",""
ball,1,44.2,Australia,JR Hopes,MJ Clarke,JM Anderson,4,0,"",""
ball,1,44.3,Australia,JR Hopes,MJ Clarke,JM Anderson,2,0,"",""
ball,1,44.4,Australia,JR Hopes,MJ Clarke,JM Anderson,0,0,caught,JR Hopes
ball,1,44.5,Australia,NM Hauritz,MJ Clarke,JM Anderson,2,0,"",""
ball,1,44.6,Australia,NM Hauritz,MJ Clarke,JM Anderson,0,0,"",""
ball,1,45.1,Australia,MJ Clarke,NM Hauritz,SCJ Broad,1,0,"",""
ball,1,45.2,Australia,NM Hauritz,MJ Clarke,SCJ Broad,1,0,"",""
ball,1,45.3,Australia,MJ Clarke,NM Hauritz,SCJ Broad,4,0,"",""
ball,1,45.4,Australia,MJ Clarke,NM Hauritz,SCJ Broad,1,0,"",""
ball,1,45.5,Australia,NM Hauritz,MJ Clarke,SCJ Broad,1,0,"",""
ball,1,45.6,Australia,MJ Clarke,NM Hauritz,SCJ Broad,1,0,"",""
ball,1,46.1,Australia,MJ Clarke,NM Hauritz,JM Anderson,1,0,"",""
ball,1,46.2,Australia,NM Hauritz,MJ Clarke,JM Anderson,1,0,"",""
ball,1,46.3,Australia,MJ Clarke,NM Hauritz,JM Anderson,1,0,"",""
ball,1,46.4,Australia,NM Hauritz,MJ Clarke,JM Anderson,1,0,"",""
ball,1,46.5,Australia,MJ Clarke,NM Hauritz,JM Anderson,1,0,"",""
ball,1,46.6,Australia,NM Hauritz,MJ Clarke,JM Anderson,0,0,"",""
ball,1,47.1,Australia,MJ Clarke,NM Hauritz,SCJ Broad,1,0,"",""
ball,1,47.2,Australia,NM Hauritz,MJ Clarke,SCJ Broad,0,0,"",""
ball,1,47.3,Australia,NM Hauritz,MJ Clarke,SCJ Broad,1,0,"",""
ball,1,47.4,Australia,MJ Clarke,NM Hauritz,SCJ Broad,1,0,"",""
ball,1,47.5,Australia,NM Hauritz,MJ Clarke,SCJ Broad,4,0,"",""
ball,1,47.6,Australia,NM Hauritz,MJ Clarke,SCJ Broad,4,0,"",""
ball,1,48.1,Australia,MJ Clarke,NM Hauritz,JM Anderson,1,0,"",""
ball,1,48.2,Australia,NM Hauritz,MJ Clarke,JM Anderson,1,0,"",""
ball,1,48.3,Australia,MJ Clarke,NM Hauritz,JM Anderson,1,0,"",""
ball,1,48.4,Australia,NM Hauritz,MJ Clarke,JM Anderson,1,0,"",""
ball,1,48.5,Australia,MJ Clarke,NM Hauritz,JM Anderson,1,0,"",""
ball,1,48.6,Australia,NM Hauritz,MJ Clarke,JM Anderson,0,1,"",""
ball,1,49.1,Australia,NM Hauritz,MJ Clarke,SCJ Broad,1,0,"",""
ball,1,49.2,Australia,MJ Clarke,NM Hauritz,SCJ Broad,2,0,"",""
ball,1,49.3,Australia,MJ Clarke,NM Hauritz,SCJ Broad,1,0,"",""
ball,1,49.4,Australia,NM Hauritz,MJ Clarke,SCJ Broad,4,0,"",""
ball,1,49.5,Australia,NM Hauritz,MJ Clarke,SCJ Broad,0,0,caught,NM Hauritz
ball,1,49.6,Australia,MJ Clarke,RJ Harris,SCJ Broad,1,0,"",""
ball,2,0.1,England,AJ Strauss,C Kieswetter,DE Bollinger,0,0,"",""
ball,2,0.2,England,AJ Strauss,C Kieswetter,DE Bollinger,0,1,"",""
ball,2,0.3,England,AJ Strauss,C Kieswetter,DE Bollinger,4,0,"",""
ball,2,0.4,England,AJ Strauss,C Kieswetter,DE Bollinger,4,0,"",""
ball,2,0.5,England,AJ Strauss,C Kieswetter,DE Bollinger,0,0,"",""
ball,2,0.6,England,AJ Strauss,C Kieswetter,DE Bollinger,0,0,"",""
ball,2,0.7,England,AJ Strauss,C Kieswetter,DE Bollinger,0,0,"",""
ball,2,1.1,England,C Kieswetter,AJ Strauss,RJ Harris,1,0,"",""
ball,2,1.2,England,AJ Strauss,C Kieswetter,RJ Harris,0,0,"",""
ball,2,1.3,England,AJ Strauss,C Kieswetter,RJ Harris,1,0,"",""
ball,2,1.4,England,C Kieswetter,AJ Strauss,RJ Harris,0,0,"",""
ball,2,1.5,England,C Kieswetter,AJ Strauss,RJ Harris,0,0,"",""
ball,2,1.6,England,C Kieswetter,AJ Strauss,RJ Harris,0,0,"",""
ball,2,2.1,England,AJ Strauss,C Kieswetter,DE Bollinger,0,0,"",""
ball,2,2.2,England,AJ Strauss,C Kieswetter,DE Bollinger,1,0,"",""
ball,2,2.3,England,C Kieswetter,AJ Strauss,DE Bollinger,0,0,"",""
ball,2,2.4,England,C Kieswetter,AJ Strauss,DE Bollinger,4,0,"",""
ball,2,2.5,England,C Kieswetter,AJ Strauss,DE Bollinger,0,0,"",""
ball,2,2.6,England,C Kieswetter,AJ Strauss,DE Bollinger,0,0,"",""
ball,2,3.1,England,AJ Strauss,C Kieswetter,RJ Harris,0,0,caught,AJ Strauss
ball,2,3.2,England,KP Pietersen,C Kieswetter,RJ Harris,0,0,"",""
ball,2,3.3,England,KP Pietersen,C Kieswetter,RJ Harris,0,0,"",""
ball,2,3.4,England,KP Pietersen,C Kieswetter,RJ Harris,0,0,"",""
ball,2,3.5,England,KP Pietersen,C Kieswetter,RJ Harris,0,0,"",""
ball,2,3.6,England,KP Pietersen,C Kieswetter,RJ Harris,0,0,"",""
ball,2,4.1,England,C Kieswetter,KP Pietersen,DE Bollinger,1,0,"",""
ball,2,4.2,England,KP Pietersen,C Kieswetter,DE Bollinger,0,0,"",""
ball,2,4.3,England,KP Pietersen,C Kieswetter,DE Bollinger,1,1,"",""
ball,2,4.4,England,C Kieswetter,KP Pietersen,DE Bollinger,4,0,"",""
ball,2,4.5,England,C Kieswetter,KP Pietersen,DE Bollinger,0,0,"",""
ball,2,4.6,England,C Kieswetter,KP Pietersen,DE Bollinger,0,0,"",""
ball,2,4.7,England,C Kieswetter,KP Pietersen,DE Bollinger,0,0,"",""
ball,2,5.1,England,KP Pietersen,C Kieswetter,RJ Harris,4,0,"",""
ball,2,5.2,England,KP Pietersen,C Kieswetter,RJ Harris,0,0,"",""
ball,2,5.3,England,KP Pietersen,C Kieswetter,RJ Harris,0,0,"",""
ball,2,5.4,England,KP Pietersen,C Kieswetter,RJ Harris,0,0,"",""
ball,2,5.5,England,KP Pietersen,C Kieswetter,RJ Harris,0,0,"",""
ball,2,5.6,England,KP Pietersen,C Kieswetter,RJ Harris,0,0,"",""
ball,2,6.1,England,C Kieswetter,KP Pietersen,DE Bollinger,0,0,"",""
ball,2,6.2,England,C Kieswetter,KP Pietersen,DE Bollinger,0,0,"",""
ball,2,6.3,England,C Kieswetter,KP Pietersen,DE Bollinger,1,0,"",""
ball,2,6.4,England,KP Pietersen,C Kieswetter,DE Bollinger,1,0,"",""
ball,2,6.5,England,C Kieswetter,KP Pietersen,DE Bollinger,4,0,"",""
ball,2,6.6,England,C Kieswetter,KP Pietersen,DE Bollinger,1,0,"",""
ball,2,7.1,England,C Kieswetter,KP Pietersen,RJ Harris,0,0,"",""
ball,2,7.2,England,C Kieswetter,KP Pietersen,RJ Harris,0,0,"",""
ball,2,7.3,England,C Kieswetter,KP Pietersen,RJ Harris,4,0,"",""
ball,2,7.4,England,C Kieswetter,KP Pietersen,RJ Harris,1,0,"",""
ball,2,7.5,England,KP Pietersen,C Kieswetter,RJ Harris,1,0,"",""
ball,2,7.6,England,C Kieswetter,KP Pietersen,RJ Harris,0,0,"",""
ball,2,8.1,England,KP Pietersen,C Kieswetter,JR Hazlewood,4,0,"",""
ball,2,8.2,England,KP Pietersen,C Kieswetter,JR Hazlewood,1,0,"",""
ball,2,8.3,England,C Kieswetter,KP Pietersen,JR Hazlewood,0,0,"",""
ball,2,8.4,England,C Kieswetter,KP Pietersen,JR Hazlewood,0,0,"",""
ball,2,8.5,England,C Kieswetter,KP Pietersen,JR Hazlewood,0,0,"",""
ball,2,8.6,England,C Kieswetter,KP Pietersen,JR Hazlewood,4,0,"",""
ball,2,9.1,England,KP Pietersen,C Kieswetter,RJ Harris,0,0,"",""
ball,2,9.2,England,KP Pietersen,C Kieswetter,RJ Harris,0,0,"",""
ball,2,9.3,England,KP Pietersen,C Kieswetter,RJ Harris,0,1,"",""
ball,2,9.4,England,C Kieswetter,KP Pietersen,RJ Harris,0,0,"",""
ball,2,9.5,England,C Kieswetter,KP Pietersen,RJ Harris,0,0,"",""
ball,2,9.6,England,C Kieswetter,KP Pietersen,RJ Harris,0,0,"",""
ball,2,10.1,England,KP Pietersen,C Kieswetter,JR Hazlewood,0,0,"",""
ball,2,10.2,England,KP Pietersen,C Kieswetter,JR Hazlewood,0,1,"",""
ball,2,10.3,England,C Kieswetter,KP Pietersen,JR Hazlewood,1,0,"",""
ball,2,10.4,England,KP Pietersen,C Kieswetter,JR Hazlewood,4,0,"",""
ball,2,10.5,England,KP Pietersen,C Kieswetter,JR Hazlewood,1,0,"",""
ball,2,10.6,England,C Kieswetter,KP Pietersen,JR Hazlewood,0,0,"",""
ball,2,11.1,England,KP Pietersen,C Kieswetter,SR Watson,0,0,"",""
ball,2,11.2,England,KP Pietersen,C Kieswetter,SR Watson,1,0,"",""
ball,2,11.3,England,C Kieswetter,KP Pietersen,SR Watson,1,0,"",""
ball,2,11.4,England,KP Pietersen,C Kieswetter,SR Watson,0,0,"",""
ball,2,11.5,England,KP Pietersen,C Kieswetter,SR Watson,4,0,"",""
ball,2,11.6,England,KP Pietersen,C Kieswetter,SR Watson,1,0,"",""
ball,2,12.1,England,KP Pietersen,C Kieswetter,JR Hazlewood,0,0,"",""
ball,2,12.2,England,KP Pietersen,C Kieswetter,JR Hazlewood,0,0,"",""
ball,2,12.3,England,KP Pietersen,C Kieswetter,JR Hazlewood,2,0,"",""
ball,2,12.4,England,KP Pietersen,C Kieswetter,JR Hazlewood,3,0,"",""
ball,2,12.5,England,C Kieswetter,KP Pietersen,JR Hazlewood,0,0,"",""
ball,2,12.6,England,C Kieswetter,KP Pietersen,JR Hazlewood,0,0,"",""
ball,2,13.1,England,KP Pietersen,C Kieswetter,SR Watson,0,0,"",""
ball,2,13.2,England,KP Pietersen,C Kieswetter,SR Watson,1,0,"",""
ball,2,13.3,England,C Kieswetter,KP Pietersen,SR Watson,4,0,"",""
ball,2,13.4,England,C Kieswetter,KP Pietersen,SR Watson,1,0,"",""
ball,2,13.5,England,KP Pietersen,C Kieswetter,SR Watson,0,0,caught,KP Pietersen
ball,2,13.6,England,PD Collingwood,C Kieswetter,SR Watson,0,0,"",""
ball,2,14.1,England,C Kieswetter,PD Collingwood,JR Hazlewood,0,0,"",""
ball,2,14.2,England,C Kieswetter,PD Collingwood,JR Hazlewood,0,0,"",""
ball,2,14.3,England,C Kieswetter,PD Collingwood,JR Hazlewood,0,0,"",""
ball,2,14.4,England,C Kieswetter,PD Collingwood,JR Hazlewood,0,0,"",""
ball,2,14.5,England,C Kieswetter,PD Collingwood,JR Hazlewood,6,0,"",""
ball,2,14.6,England,C Kieswetter,PD Collingwood,JR Hazlewood,0,0,"",""
ball,2,15.1,England,PD Collingwood,C Kieswetter,SR Watson,0,0,"",""
ball,2,15.2,England,PD Collingwood,C Kieswetter,SR Watson,0,0,"",""
ball,2,15.3,England,PD Collingwood,C Kieswetter,SR Watson,0,0,"",""
ball,2,15.4,England,PD Collingwood,C Kieswetter,SR Watson,0,0,"",""
ball,2,15.5,England,PD Collingwood,C Kieswetter,SR Watson,0,0,"",""
ball,2,15.6,England,PD Collingwood,C Kieswetter,SR Watson,0,0,"",""
ball,2,16.1,England,C Kieswetter,PD Collingwood,JR Hazlewood,0,0,bowled,C Kieswetter
ball,2,16.2,England,EJG Morgan,PD Collingwood,JR Hazlewood,1,0,"",""
ball,2,16.3,England,PD Collingwood,EJG Morgan,JR Hazlewood,0,0,"",""
ball,2,16.4,England,PD Collingwood,EJG Morgan,JR Hazlewood,0,0,"",""
ball,2,16.5,England,PD Collingwood,EJG Morgan,JR Hazlewood,0,0,"",""
ball,2,16.6,England,PD Collingwood,EJG Morgan,JR Hazlewood,1,0,"",""
ball,2,17.1,England,PD Collingwood,EJG Morgan,SR Watson,0,0,"",""
ball,2,17.2,England,PD Collingwood,EJG Morgan,SR Watson,1,0,"",""
ball,2,17.3,England,EJG Morgan,PD Collingwood,SR Watson,0,1,"",""
ball,2,17.4,England,PD Collingwood,EJG Morgan,SR Watson,2,0,"",""
ball,2,17.5,England,PD Collingwood,EJG Morgan,SR Watson,4,0,"",""
ball,2,17.6,England,PD Collingwood,EJG Morgan,SR Watson,1,0,"",""
ball,2,18.1,England,PD Collingwood,EJG Morgan,DE Bollinger,0,0,"",""
ball,2,18.2,England,PD Collingwood,EJG Morgan,DE Bollinger,1,0,"",""
ball,2,18.3,England,EJG Morgan,PD Collingwood,DE Bollinger,1,0,"",""
ball,2,18.4,England,PD Collingwood,EJG Morgan,DE Bollinger,0,0,"",""
ball,2,18.5,England,PD Collingwood,EJG Morgan,DE Bollinger,0,0,"",""
ball,2,18.6,England,PD Collingwood,EJG Morgan,DE Bollinger,0,0,"",""
ball,2,19.1,England,EJG Morgan,PD Collingwood,SR Watson,1,0,"",""
ball,2,19.2,England,PD Collingwood,EJG Morgan,SR Watson,1,0,"",""
ball,2,19.3,England,EJG Morgan,PD Collingwood,SR Watson,0,0,"",""
ball,2,19.4,England,EJG Morgan,PD Collingwood,SR Watson,0,0,"",""
ball,2,19.5,England,EJG Morgan,PD Collingwood,SR Watson,1,0,"",""
ball,2,19.6,England,PD Collingwood,EJG Morgan,SR Watson,0,0,caught,PD Collingwood
ball,2,20.1,England,LJ Wright,EJG Morgan,DE Bollinger,3,0,"",""
ball,2,20.2,England,EJG Morgan,LJ Wright,DE Bollinger,0,0,"",""
ball,2,20.3,England,EJG Morgan,LJ Wright,DE Bollinger,0,0,"",""
ball,2,20.4,England,EJG Morgan,LJ Wright,DE Bollinger,1,0,"",""
ball,2,20.5,England,LJ Wright,EJG Morgan,DE Bollinger,0,0,"",""
ball,2,20.6,England,LJ Wright,EJG Morgan,DE Bollinger,0,0,"",""
ball,2,21.1,England,EJG Morgan,LJ Wright,JR Hopes,0,0,"",""
ball,2,21.2,England,EJG Morgan,LJ Wright,JR Hopes,1,0,"",""
ball,2,21.3,England,LJ Wright,EJG Morgan,JR Hopes,0,2,"",""
ball,2,21.4,England,LJ Wright,EJG Morgan,JR Hopes,0,0,"",""
ball,2,21.5,England,LJ Wright,EJG Morgan,JR Hopes,0,0,"",""
ball,2,21.6,England,LJ Wright,EJG Morgan,JR Hopes,1,0,"",""
ball,2,22.1,England,LJ Wright,EJG Morgan,NM Hauritz,0,0,"",""
ball,2,22.2,England,LJ Wright,EJG Morgan,NM Hauritz,0,0,"",""
ball,2,22.3,England,LJ Wright,EJG Morgan,NM Hauritz,0,0,"",""
ball,2,22.4,England,LJ Wright,EJG Morgan,NM Hauritz,0,0,"",""
ball,2,22.5,England,LJ Wright,EJG Morgan,NM Hauritz,2,0,"",""
ball,2,22.6,England,LJ Wright,EJG Morgan,NM Hauritz,1,0,"",""
ball,2,23.1,England,LJ Wright,EJG Morgan,JR Hopes,0,0,"",""
ball,2,23.2,England,LJ Wright,EJG Morgan,JR Hopes,1,0,"",""
ball,2,23.3,England,EJG Morgan,LJ Wright,JR Hopes,0,0,"",""
ball,2,23.4,England,EJG Morgan,LJ Wright,JR Hopes,1,0,"",""
ball,2,23.5,England,LJ Wright,EJG Morgan,JR Hopes,0,0,"",""
ball,2,23.6,England,LJ Wright,EJG Morgan,JR Hopes,1,0,"",""
ball,2,24.1,England,LJ Wright,EJG Morgan,NM Hauritz,0,0,"",""
ball,2,24.2,England,LJ Wright,EJG Morgan,NM Hauritz,1,0,"",""
ball,2,24.3,England,EJG Morgan,LJ Wright,NM Hauritz,2,0,"",""
ball,2,24.4,England,EJG Morgan,LJ Wright,NM Hauritz,0,0,"",""
ball,2,24.5,England,EJG Morgan,LJ Wright,NM Hauritz,0,0,"",""
ball,2,24.6,England,EJG Morgan,LJ Wright,NM Hauritz,1,0,"",""
ball,2,25.1,England,EJG Morgan,LJ Wright,JR Hopes,4,0,"",""
ball,2,25.2,England,EJG Morgan,LJ Wright,JR Hopes,0,0,"",""
ball,2,25.3,England,EJG Morgan,LJ Wright,JR Hopes,1,0,"",""
ball,2,25.4,England,LJ Wright,EJG Morgan,JR Hopes,1,0,"",""
ball,2,25.5,England,EJG Morgan,LJ Wright,JR Hopes,4,0,"",""
ball,2,25.6,England,EJG Morgan,LJ Wright,JR Hopes,0,0,"",""
ball,2,26.1,England,LJ Wright,EJG Morgan,JR Hazlewood,1,0,"",""
ball,2,26.2,England,EJG Morgan,LJ Wright,JR Hazlewood,1,0,"",""
ball,2,26.3,England,LJ Wright,EJG Morgan,JR Hazlewood,0,0,"",""
ball,2,26.4,England,LJ Wright,EJG Morgan,JR Hazlewood,0,1,"",""
ball,2,26.5,England,LJ Wright,EJG Morgan,JR Hazlewood,0,0,"",""
ball,2,26.6,England,LJ Wright,EJG Morgan,JR Hazlewood,4,0,"",""
ball,2,26.7,England,LJ Wright,EJG Morgan,JR Hazlewood,0,0,"",""
ball,2,27.1,England,EJG Morgan,LJ Wright,NM Hauritz,0,1,"",""
ball,2,27.2,England,EJG Morgan,LJ Wright,NM Hauritz,0,1,"",""
ball,2,27.3,England,LJ Wright,EJG Morgan,NM Hauritz,1,0,"",""
ball,2,27.4,England,EJG Morgan,LJ Wright,NM Hauritz,1,0,"",""
ball,2,27.5,England,LJ Wright,EJG Morgan,NM Hauritz,0,0,"",""
ball,2,27.6,England,LJ Wright,EJG Morgan,NM Hauritz,1,0,"",""
ball,2,27.7,England,EJG Morgan,LJ Wright,NM Hauritz,1,0,"",""
ball,2,28.1,England,EJG Morgan,LJ Wright,JR Hazlewood,0,1,"",""
ball,2,28.2,England,LJ Wright,EJG Morgan,JR Hazlewood,0,0,"",""
ball,2,28.3,England,LJ Wright,EJG Morgan,JR Hazlewood,1,0,"",""
ball,2,28.4,England,EJG Morgan,LJ Wright,JR Hazlewood,4,0,"",""
ball,2,28.5,England,EJG Morgan,LJ Wright,JR Hazlewood,0,0,"",""
ball,2,28.6,England,EJG Morgan,LJ Wright,JR Hazlewood,1,0,"",""
ball,2,29.1,England,EJG Morgan,LJ Wright,NM Hauritz,4,0,"",""
ball,2,29.2,England,EJG Morgan,LJ Wright,NM Hauritz,1,0,"",""
ball,2,29.3,England,LJ Wright,EJG Morgan,NM Hauritz,0,0,"",""
ball,2,29.4,England,LJ Wright,EJG Morgan,NM Hauritz,1,0,"",""
ball,2,29.5,England,EJG Morgan,LJ Wright,NM Hauritz,0,0,"",""
ball,2,29.6,England,EJG Morgan,LJ Wright,NM Hauritz,4,0,"",""
ball,2,30.1,England,LJ Wright,EJG Morgan,RJ Harris,2,0,"",""
ball,2,30.2,England,LJ Wright,EJG Morgan,RJ Harris,0,0,"",""
ball,2,30.3,England,LJ Wright,EJG Morgan,RJ Harris,0,1,"",""
ball,2,30.4,England,LJ Wright,EJG Morgan,RJ Harris,2,0,"",""
ball,2,30.5,England,LJ Wright,EJG Morgan,RJ Harris,0,0,"",""
ball,2,30.6,England,LJ Wright,EJG Morgan,RJ Harris,1,0,"",""
ball,2,30.7,England,EJG Morgan,LJ Wright,RJ Harris,1,0,"",""
ball,2,31.1,England,EJG Morgan,LJ Wright,SR Watson,0,0,"",""
ball,2,31.2,England,EJG Morgan,LJ Wright,SR Watson,1,0,"",""
ball,2,31.3,England,LJ Wright,EJG Morgan,SR Watson,6,0,"",""
ball,2,31.4,England,LJ Wright,EJG Morgan,SR Watson,0,0,"",""
ball,2,31.5,England,LJ Wright,EJG Morgan,SR Watson,0,0,"",""
ball,2,31.6,England,LJ Wright,EJG Morgan,SR Watson,1,0,"",""
ball,2,32.1,England,LJ Wright,EJG Morgan,RJ Harris,1,0,"",""
ball,2,32.2,England,EJG Morgan,LJ Wright,RJ Harris,0,0,"",""
ball,2,32.3,England,EJG Morgan,LJ Wright,RJ Harris,0,0,"",""
ball,2,32.4,England,EJG Morgan,LJ Wright,RJ Harris,1,0,"",""
ball,2,32.5,England,LJ Wright,EJG Morgan,RJ Harris,0,0,"",""
ball,2,32.6,England,LJ Wright,EJG Morgan,RJ Harris,2,0,"",""
ball,2,33.1,England,EJG Morgan,LJ Wright,SR Watson,4,0,"",""
ball,2,33.2,England,EJG Morgan,LJ Wright,SR Watson,2,0,"",""
ball,2,33.3,England,EJG Morgan,LJ Wright,SR Watson,4,0,"",""
ball,2,33.4,England,EJG Morgan,LJ Wright,SR Watson,1,0,"",""
ball,2,33.5,England,LJ Wright,EJG Morgan,SR Watson,0,0,"",""
ball,2,33.6,England,LJ Wright,EJG Morgan,SR Watson,0,0,"",""
ball,2,34.1,England,EJG Morgan,LJ Wright,RJ Harris,4,0,"",""
ball,2,34.2,England,EJG Morgan,LJ Wright,RJ Harris,1,0,"",""
ball,2,34.3,England,LJ Wright,EJG Morgan,RJ Harris,1,0,"",""
ball,2,34.4,England,EJG Morgan,LJ Wright,RJ Harris,1,0,"",""
ball,2,34.5,England,LJ Wright,EJG Morgan,RJ Harris,0,0,lbw,LJ Wright
ball,2,34.6,England,TT Bresnan,EJG Morgan,RJ Harris,1,0,"",""
ball,2,35.1,England,TT Bresnan,EJG Morgan,SR Watson,0,0,"",""
ball,2,35.2,England,TT Bresnan,EJG Morgan,SR Watson,0,0,"",""
ball,2,35.3,England,TT Bresnan,EJG Morgan,SR Watson,3,0,"",""
ball,2,35.4,England,EJG Morgan,TT Bresnan,SR Watson,4,0,"",""
ball,2,35.5,England,EJG Morgan,TT Bresnan,SR Watson,1,0,"",""
ball,2,35.6,England,TT Bresnan,EJG Morgan,SR Watson,4,0,"",""
ball,2,36.1,England,EJG Morgan,TT Bresnan,DE Bollinger,0,0,"",""
ball,2,36.2,England,EJG Morgan,TT Bresnan,DE Bollinger,4,0,"",""
ball,2,36.3,England,EJG Morgan,TT Bresnan,DE Bollinger,0,0,"",""
ball,2,36.4,England,EJG Morgan,TT Bresnan,DE Bollinger,0,0,"",""
ball,2,36.5,England,EJG Morgan,TT Bresnan,DE Bollinger,1,0,"",""
ball,2,36.6,England,TT Bresnan,EJG Morgan,DE Bollinger,1,0,"",""
ball,2,37.1,England,TT Bresnan,EJG Morgan,NM Hauritz,1,0,"",""
ball,2,37.2,England,EJG Morgan,TT Bresnan,NM Hauritz,0,0,"",""
ball,2,37.3,England,EJG Morgan,TT Bresnan,NM Hauritz,0,0,"",""
ball,2,37.4,England,EJG Morgan,TT Bresnan,NM Hauritz,1,0,"",""
ball,2,37.5,England,TT Bresnan,EJG Morgan,NM Hauritz,0,0,"",""
ball,2,37.6,England,TT Bresnan,EJG Morgan,NM Hauritz,0,0,"",""
ball,2,38.1,England,EJG Morgan,TT Bresnan,DE Bollinger,0,0,"",""
ball,2,38.2,England,EJG Morgan,TT Bresnan,DE Bollinger,2,0,"",""
ball,2,38.3,England,EJG Morgan,TT Bresnan,DE Bollinger,1,0,"",""
ball,2,38.4,England,TT Bresnan,EJG Morgan,DE Bollinger,0,0,"",""
ball,2,38.5,England,TT Bresnan,EJG Morgan,DE Bollinger,0,0,"",""
ball,2,38.6,England,TT Bresnan,EJG Morgan,DE Bollinger,0,0,"",""
ball,2,39.1,England,EJG Morgan,TT Bresnan,NM Hauritz,1,0,"",""
ball,2,39.2,England,TT Bresnan,EJG Morgan,NM Hauritz,1,0,"",""
ball,2,39.3,England,EJG Morgan,TT Bresnan,NM Hauritz,0,0,"",""
ball,2,39.4,England,EJG Morgan,TT Bresnan,NM Hauritz,0,0,"",""
ball,2,39.5,England,EJG Morgan,TT Bresnan,NM Hauritz,0,0,"",""
ball,2,39.6,England,EJG Morgan,TT Bresnan,NM Hauritz,1,0,"",""
ball,2,40.1,England,EJG Morgan,TT Bresnan,DE Bollinger,0,0,"",""
ball,2,40.2,England,EJG Morgan,TT Bresnan,DE Bollinger,0,0,"",""
ball,2,40.3,England,EJG Morgan,TT Bresnan,DE Bollinger,0,1,"",""
ball,2,40.4,England,TT Bresnan,EJG Morgan,DE Bollinger,1,0,"",""
ball,2,40.5,England,EJG Morgan,TT Bresnan,DE Bollinger,0,0,"",""
ball,2,40.6,England,EJG Morgan,TT Bresnan,DE Bollinger,4,0,"",""
ball,2,41.1,England,TT Bresnan,EJG Morgan,NM Hauritz,0,0,"",""
ball,2,41.2,England,TT Bresnan,EJG Morgan,NM Hauritz,1,0,"",""
ball,2,41.3,England,EJG Morgan,TT Bresnan,NM Hauritz,4,0,"",""
ball,2,41.4,England,EJG Morgan,TT Bresnan,NM Hauritz,1,0,"",""
ball,2,41.5,England,TT Bresnan,EJG Morgan,NM Hauritz,1,0,"",""
ball,2,41.6,England,EJG Morgan,TT Bresnan,NM Hauritz,1,0,"",""
ball,2,42.1,England,EJG Morgan,TT Bresnan,JR Hopes,4,0,"",""
ball,2,42.2,England,EJG Morgan,TT Bresnan,JR Hopes,1,0,"",""
ball,2,42.3,England,TT Bresnan,EJG Morgan,JR Hopes,0,0,"",""
ball,2,42.4,England,TT Bresnan,EJG Morgan,JR Hopes,1,0,"",""
ball,2,42.5,England,EJG Morgan,TT Bresnan,JR Hopes,4,0,"",""
ball,2,42.6,England,EJG Morgan,TT Bresnan,JR Hopes,0,0,"",""
ball,2,43.1,England,TT Bresnan,EJG Morgan,NM Hauritz,4,0,"",""
ball,2,43.2,England,TT Bresnan,EJG Morgan,NM Hauritz,0,0,"",""
ball,2,43.3,England,TT Bresnan,EJG Morgan,NM Hauritz,0,0,"",""
ball,2,43.4,England,TT Bresnan,EJG Morgan,NM Hauritz,4,0,"",""
ball,2,43.5,England,TT Bresnan,EJG Morgan,NM Hauritz,1,0,"",""
ball,2,43.6,England,EJG Morgan,TT Bresnan,NM Hauritz,0,0,"",""
ball,2,44.1,England,TT Bresnan,EJG Morgan,JR Hopes,1,0,"",""
ball,2,44.2,England,EJG Morgan,TT Bresnan,JR Hopes,0,0,"",""
ball,2,44.3,England,EJG Morgan,TT Bresnan,JR Hopes,2,0,"",""
ball,2,44.4,England,EJG Morgan,TT Bresnan,JR Hopes,1,0,"",""
ball,2,44.5,England,TT Bresnan,EJG Morgan,JR Hopes,0,0,"",""
ball,2,44.6,England,TT Bresnan,EJG Morgan,JR Hopes,1,0,"",""
ball,2,45.1,England,TT Bresnan,EJG Morgan,RJ Harris,1,0,"",""
ball,2,45.2,England,EJG Morgan,TT Bresnan,RJ Harris,4,0,"",""
ball,2,45.3,England,EJG Morgan,TT Bresnan,RJ Harris,1,0,"",""
ball,2,45.4,England,TT Bresnan,EJG Morgan,RJ Harris,0,0,bowled,TT Bresnan
ball,2,45.5,England,MH Yardy,EJG Morgan,RJ Harris,1,0,"",""
ball,2,45.6,England,EJG Morgan,MH Yardy,RJ Harris,4,0,"",""
