version,1.3.0
info,team,Bangladesh
info,team,England
info,gender,male
info,season,2009/10
info,date,2010/03/02
info,series,England in Bangladesh ODI Series
info,match_number,2
info,venue,Shere Bangla National Stadium
info,city,Mirpur
info,toss_winner,England
info,toss_decision,field
info,player_of_match,EJG Morgan
info,umpire,Nadir Shah
info,umpire,RJ Tucker
info,reserve_umpire,Anisur Rahman
info,tv_umpire,Sharfuddoula
info,match_referee,JJ Crowe
info,winner,England
info,winner_wickets,2
ball,1,0.1,Bangladesh,Tamim Iqbal,Imrul Kayes,TT Bresnan,0,1,"",""
ball,1,0.2,Bangladesh,Tamim Iqbal,Imrul Kayes,TT Bresnan,0,0,"",""
ball,1,0.3,Bangladesh,Tamim Iqbal,Imrul Kayes,TT Bresnan,4,0,"",""
ball,1,0.4,Bangladesh,Tamim Iqbal,Imrul Kayes,TT Bresnan,0,1,"",""
ball,1,0.5,Bangladesh,Tamim Iqbal,Imrul Kayes,TT Bresnan,0,0,"",""
ball,1,0.6,Bangladesh,Tamim Iqbal,Imrul Kayes,TT Bresnan,0,0,"",""
ball,1,0.7,Bangladesh,Tamim Iqbal,Imrul Kayes,TT Bresnan,0,0,"",""
ball,1,0.8,Bangladesh,Tamim Iqbal,Imrul Kayes,TT Bresnan,0,0,"",""
ball,1,1.1,Bangladesh,Imrul Kayes,Tamim Iqbal,SCJ Broad,0,1,"",""
ball,1,1.2,Bangladesh,Imrul Kayes,Tamim Iqbal,SCJ Broad,0,0,"",""
ball,1,1.3,Bangladesh,Imrul Kayes,Tamim Iqbal,SCJ Broad,0,0,"",""
ball,1,1.4,Bangladesh,Imrul Kayes,Tamim Iqbal,SCJ Broad,0,0,"",""
ball,1,1.5,Bangladesh,Imrul Kayes,Tamim Iqbal,SCJ Broad,0,0,"",""
ball,1,1.6,Bangladesh,Imrul Kayes,Tamim Iqbal,SCJ Broad,0,0,"",""
ball,1,1.7,Bangladesh,Imrul Kayes,Tamim Iqbal,SCJ Broad,1,0,"",""
ball,1,2.1,Bangladesh,Imrul Kayes,Tamim Iqbal,TT Bresnan,0,0,"",""
ball,1,2.2,Bangladesh,Imrul Kayes,Tamim Iqbal,TT Bresnan,2,0,"",""
ball,1,2.3,Bangladesh,Imrul Kayes,Tamim Iqbal,TT Bresnan,0,0,"",""
ball,1,2.4,Bangladesh,Imrul Kayes,Tamim Iqbal,TT Bresnan,0,0,"",""
ball,1,2.5,Bangladesh,Imrul Kayes,Tamim Iqbal,TT Bresnan,0,0,"",""
ball,1,2.6,Bangladesh,Imrul Kayes,Tamim Iqbal,TT Bresnan,0,0,"",""
ball,1,3.1,Bangladesh,Tamim Iqbal,Imrul Kayes,SCJ Broad,1,0,"",""
ball,1,3.2,Bangladesh,Imrul Kayes,Tamim Iqbal,SCJ Broad,0,0,"",""
ball,1,3.3,Bangladesh,Imrul Kayes,Tamim Iqbal,SCJ Broad,0,0,"",""
ball,1,3.4,Bangladesh,Imrul Kayes,Tamim Iqbal,SCJ Broad,0,0,"",""
ball,1,3.5,Bangladesh,Imrul Kayes,Tamim Iqbal,SCJ Broad,0,0,"",""
ball,1,3.6,Bangladesh,Imrul Kayes,Tamim Iqbal,SCJ Broad,0,0,"",""
ball,1,4.1,Bangladesh,Tamim Iqbal,Imrul Kayes,TT Bresnan,0,0,"",""
ball,1,4.2,Bangladesh,Tamim Iqbal,Imrul Kayes,TT Bresnan,2,0,"",""
ball,1,4.3,Bangladesh,Tamim Iqbal,Imrul Kayes,TT Bresnan,1,0,"",""
ball,1,4.4,Bangladesh,Imrul Kayes,Tamim Iqbal,TT Bresnan,0,0,"",""
ball,1,4.5,Bangladesh,Imrul Kayes,Tamim Iqbal,TT Bresnan,0,0,"",""
ball,1,4.6,Bangladesh,Imrul Kayes,Tamim Iqbal,TT Bresnan,0,0,"",""
ball,1,5.1,Bangladesh,Tamim Iqbal,Imrul Kayes,SCJ Broad,2,0,"",""
ball,1,5.2,Bangladesh,Tamim Iqbal,Imrul Kayes,SCJ Broad,4,0,"",""
ball,1,5.3,Bangladesh,Tamim Iqbal,Imrul Kayes,SCJ Broad,1,0,"",""
ball,1,5.4,Bangladesh,Imrul Kayes,Tamim Iqbal,SCJ Broad,0,0,"",""
ball,1,5.5,Bangladesh,Imrul Kayes,Tamim Iqbal,SCJ Broad,0,0,"",""
ball,1,5.6,Bangladesh,Imrul Kayes,Tamim Iqbal,SCJ Broad,4,0,"",""
ball,1,6.1,Bangladesh,Tamim Iqbal,Imrul Kayes,TT Bresnan,1,0,"",""
ball,1,6.2,Bangladesh,Imrul Kayes,Tamim Iqbal,TT Bresnan,0,0,"",""
ball,1,6.3,Bangladesh,Imrul Kayes,Tamim Iqbal,TT Bresnan,0,0,"",""
ball,1,6.4,Bangladesh,Imrul Kayes,Tamim Iqbal,TT Bresnan,0,0,"",""
ball,1,6.5,Bangladesh,Imrul Kayes,Tamim Iqbal,TT Bresnan,4,0,"",""
ball,1,6.6,Bangladesh,Imrul Kayes,Tamim Iqbal,TT Bresnan,0,0,"",""
ball,1,7.1,Bangladesh,Tamim Iqbal,Imrul Kayes,SCJ Broad,2,0,"",""
ball,1,7.2,Bangladesh,Tamim Iqbal,Imrul Kayes,SCJ Broad,0,0,"",""
ball,1,7.3,Bangladesh,Tamim Iqbal,Imrul Kayes,SCJ Broad,4,0,"",""
ball,1,7.4,Bangladesh,Tamim Iqbal,Imrul Kayes,SCJ Broad,0,0,"",""
ball,1,7.5,Bangladesh,Tamim Iqbal,Imrul Kayes,SCJ Broad,0,0,"",""
ball,1,7.6,Bangladesh,Tamim Iqbal,Imrul Kayes,SCJ Broad,0,0,"",""
ball,1,8.1,Bangladesh,Imrul Kayes,Tamim Iqbal,TT Bresnan,1,0,"",""
ball,1,8.2,Bangladesh,Tamim Iqbal,Imrul Kayes,TT Bresnan,1,0,"",""
ball,1,8.3,Bangladesh,Imrul Kayes,Tamim Iqbal,TT Bresnan,1,0,"",""
ball,1,8.4,Bangladesh,Tamim Iqbal,Imrul Kayes,TT Bresnan,2,0,"",""
ball,1,8.5,Bangladesh,Tamim Iqbal,Imrul Kayes,TT Bresnan,1,0,"",""
ball,1,8.6,Bangladesh,Imrul Kayes,Tamim Iqbal,TT Bresnan,0,0,"",""
ball,1,9.1,Bangladesh,Tamim Iqbal,Imrul Kayes,SCJ Broad,4,0,"",""
ball,1,9.2,Bangladesh,Tamim Iqbal,Imrul Kayes,SCJ Broad,0,0,caught,Tamim Iqbal
ball,1,9.3,Bangladesh,Aftab Ahmed,Imrul Kayes,SCJ Broad,0,0,"",""
ball,1,9.4,Bangladesh,Aftab Ahmed,Imrul Kayes,SCJ Broad,3,0,"",""
ball,1,9.5,Bangladesh,Imrul Kayes,Aftab Ahmed,SCJ Broad,0,0,"",""
ball,1,9.6,Bangladesh,Imrul Kayes,Aftab Ahmed,SCJ Broad,3,0,"",""
ball,1,10.1,Bangladesh,Imrul Kayes,Aftab Ahmed,TT Bresnan,0,1,"",""
ball,1,10.2,Bangladesh,Imrul Kayes,Aftab Ahmed,TT Bresnan,1,0,"",""
ball,1,10.3,Bangladesh,Aftab Ahmed,Imrul Kayes,TT Bresnan,0,0,"",""
ball,1,10.4,Bangladesh,Aftab Ahmed,Imrul Kayes,TT Bresnan,1,0,"",""
ball,1,10.5,Bangladesh,Imrul Kayes,Aftab Ahmed,TT Bresnan,0,0,"",""
ball,1,10.6,Bangladesh,Imrul Kayes,Aftab Ahmed,TT Bresnan,1,0,"",""
ball,1,10.7,Bangladesh,Aftab Ahmed,Imrul Kayes,TT Bresnan,0,0,bowled,Aftab Ahmed
ball,1,11.1,Bangladesh,Imrul Kayes,Mushfiqur Rahim,SCJ Broad,1,0,"",""
ball,1,11.2,Bangladesh,Mushfiqur Rahim,Imrul Kayes,SCJ Broad,0,0,"",""
ball,1,11.3,Bangladesh,Mushfiqur Rahim,Imrul Kayes,SCJ Broad,1,0,"",""
ball,1,11.4,Bangladesh,Imrul Kayes,Mushfiqur Rahim,SCJ Broad,1,0,"",""
ball,1,11.5,Bangladesh,Mushfiqur Rahim,Imrul Kayes,SCJ Broad,1,0,"",""
ball,1,11.6,Bangladesh,Imrul Kayes,Mushfiqur Rahim,SCJ Broad,0,0,"",""
ball,1,12.1,Bangladesh,Mushfiqur Rahim,Imrul Kayes,TT Bresnan,0,0,"",""
ball,1,12.2,Bangladesh,Mushfiqur Rahim,Imrul Kayes,TT Bresnan,0,0,"",""
ball,1,12.3,Bangladesh,Mushfiqur Rahim,Imrul Kayes,TT Bresnan,0,0,"",""
ball,1,12.4,Bangladesh,Mushfiqur Rahim,Imrul Kayes,TT Bresnan,1,0,"",""
ball,1,12.5,Bangladesh,Imrul Kayes,Mushfiqur Rahim,TT Bresnan,0,0,"",""
ball,1,12.6,Bangladesh,Imrul Kayes,Mushfiqur Rahim,TT Bresnan,4,0,"",""
ball,1,13.1,Bangladesh,Mushfiqur Rahim,Imrul Kayes,GP Swann,0,0,"",""
ball,1,13.2,Bangladesh,Mushfiqur Rahim,Imrul Kayes,GP Swann,1,0,"",""
ball,1,13.3,Bangladesh,Imrul Kayes,Mushfiqur Rahim,GP Swann,0,0,"",""
ball,1,13.4,Bangladesh,Imrul Kayes,Mushfiqur Rahim,GP Swann,0,0,"",""
ball,1,13.5,Bangladesh,Imrul Kayes,Mushfiqur Rahim,GP Swann,1,0,"",""
ball,1,13.6,Bangladesh,Mushfiqur Rahim,Imrul Kayes,GP Swann,0,0,"",""
ball,1,14.1,Bangladesh,Imrul Kayes,Mushfiqur Rahim,LJ Wright,0,0,"",""
ball,1,14.2,Bangladesh,Imrul Kayes,Mushfiqur Rahim,LJ Wright,0,0,"",""
ball,1,14.3,Bangladesh,Imrul Kayes,Mushfiqur Rahim,LJ Wright,0,0,"",""
ball,1,14.4,Bangladesh,Imrul Kayes,Mushfiqur Rahim,LJ Wright,0,0,"",""
ball,1,14.5,Bangladesh,Imrul Kayes,Mushfiqur Rahim,LJ Wright,0,0,"",""
ball,1,14.6,Bangladesh,Imrul Kayes,Mushfiqur Rahim,LJ Wright,1,0,"",""
ball,1,15.1,Bangladesh,Imrul Kayes,Mushfiqur Rahim,GP Swann,0,0,"",""
ball,1,15.2,Bangladesh,Imrul Kayes,Mushfiqur Rahim,GP Swann,1,0,"",""
ball,1,15.3,Bangladesh,Mushfiqur Rahim,Imrul Kayes,GP Swann,0,0,"",""
ball,1,15.4,Bangladesh,Mushfiqur Rahim,Imrul Kayes,GP Swann,1,0,"",""
ball,1,15.5,Bangladesh,Imrul Kayes,Mushfiqur Rahim,GP Swann,1,0,"",""
ball,1,15.6,Bangladesh,Mushfiqur Rahim,Imrul Kayes,GP Swann,0,0,"",""
ball,1,16.1,Bangladesh,Imrul Kayes,Mushfiqur Rahim,LJ Wright,0,0,"",""
ball,1,16.2,Bangladesh,Imrul Kayes,Mushfiqur Rahim,LJ Wright,0,0,"",""
ball,1,16.3,Bangladesh,Imrul Kayes,Mushfiqur Rahim,LJ Wright,0,0,"",""
ball,1,16.4,Bangladesh,Imrul Kayes,Mushfiqur Rahim,LJ Wright,0,0,"",""
ball,1,16.5,Bangladesh,Imrul Kayes,Mushfiqur Rahim,LJ Wright,0,0,"",""
ball,1,16.6,Bangladesh,Imrul Kayes,Mushfiqur Rahim,LJ Wright,1,0,"",""
ball,1,17.1,Bangladesh,Imrul Kayes,Mushfiqur Rahim,GP Swann,0,0,"",""
ball,1,17.2,Bangladesh,Imrul Kayes,Mushfiqur Rahim,GP Swann,0,0,"",""
ball,1,17.3,Bangladesh,Imrul Kayes,Mushfiqur Rahim,GP Swann,4,0,"",""
ball,1,17.4,Bangladesh,Imrul Kayes,Mushfiqur Rahim,GP Swann,1,0,"",""
ball,1,17.5,Bangladesh,Mushfiqur Rahim,Imrul Kayes,GP Swann,1,0,"",""
ball,1,17.6,Bangladesh,Imrul Kayes,Mushfiqur Rahim,GP Swann,1,0,"",""
ball,1,18.1,Bangladesh,Imrul Kayes,Mushfiqur Rahim,LJ Wright,0,0,"",""
ball,1,18.2,Bangladesh,Imrul Kayes,Mushfiqur Rahim,LJ Wright,0,0,"",""
ball,1,18.3,Bangladesh,Imrul Kayes,Mushfiqur Rahim,LJ Wright,0,2,"",""
ball,1,18.4,Bangladesh,Imrul Kayes,Mushfiqur Rahim,LJ Wright,0,0,"",""
ball,1,18.5,Bangladesh,Imrul Kayes,Mushfiqur Rahim,LJ Wright,2,0,"",""
ball,1,18.6,Bangladesh,Imrul Kayes,Mushfiqur Rahim,LJ Wright,1,0,"",""
ball,1,19.1,Bangladesh,Imrul Kayes,Mushfiqur Rahim,GP Swann,0,0,"",""
ball,1,19.2,Bangladesh,Imrul Kayes,Mushfiqur Rahim,GP Swann,0,0,"",""
ball,1,19.3,Bangladesh,Imrul Kayes,Mushfiqur Rahim,GP Swann,0,0,"",""
ball,1,19.4,Bangladesh,Imrul Kayes,Mushfiqur Rahim,GP Swann,1,0,"",""
ball,1,19.5,Bangladesh,Mushfiqur Rahim,Imrul Kayes,GP Swann,0,0,"",""
ball,1,19.6,Bangladesh,Mushfiqur Rahim,Imrul Kayes,GP Swann,0,0,"",""
ball,1,20.1,Bangladesh,Imrul Kayes,Mushfiqur Rahim,LJ Wright,0,0,"",""
ball,1,20.2,Bangladesh,Imrul Kayes,Mushfiqur Rahim,LJ Wright,2,0,"",""
ball,1,20.3,Bangladesh,Imrul Kayes,Mushfiqur Rahim,LJ Wright,1,0,"",""
ball,1,20.4,Bangladesh,Mushfiqur Rahim,Imrul Kayes,LJ Wright,0,0,"",""
ball,1,20.5,Bangladesh,Mushfiqur Rahim,Imrul Kayes,LJ Wright,0,1,"",""
ball,1,20.6,Bangladesh,Mushfiqur Rahim,Imrul Kayes,LJ Wright,0,0,"",""
ball,1,20.7,Bangladesh,Mushfiqur Rahim,Imrul Kayes,LJ Wright,1,0,"",""
ball,1,21.1,Bangladesh,Mushfiqur Rahim,Imrul Kayes,GP Swann,4,0,"",""
ball,1,21.2,Bangladesh,Mushfiqur Rahim,Imrul Kayes,GP Swann,2,0,"",""
ball,1,21.3,Bangladesh,Mushfiqur Rahim,Imrul Kayes,GP Swann,0,0,"",""
ball,1,21.4,Bangladesh,Mushfiqur Rahim,Imrul Kayes,GP Swann,0,0,"",""
ball,1,21.5,Bangladesh,Mushfiqur Rahim,Imrul Kayes,GP Swann,2,0,"",""
ball,1,21.6,Bangladesh,Mushfiqur Rahim,Imrul Kayes,GP Swann,1,0,"",""
ball,1,22.1,Bangladesh,Mushfiqur Rahim,Imrul Kayes,LJ Wright,1,0,"",""
ball,1,22.2,Bangladesh,Imrul Kayes,Mushfiqur Rahim,LJ Wright,1,0,"",""
ball,1,22.3,Bangladesh,Mushfiqur Rahim,Imrul Kayes,LJ Wright,0,0,"",""
ball,1,22.4,Bangladesh,Mushfiqur Rahim,Imrul Kayes,LJ Wright,0,0,"",""
ball,1,22.5,Bangladesh,Mushfiqur Rahim,Imrul Kayes,LJ Wright,0,0,"",""
ball,1,22.6,Bangladesh,Mushfiqur Rahim,Imrul Kayes,LJ Wright,0,0,"",""
ball,1,23.1,Bangladesh,Imrul Kayes,Mushfiqur Rahim,JC Tredwell,0,0,"",""
ball,1,23.2,Bangladesh,Imrul Kayes,Mushfiqur Rahim,JC Tredwell,0,0,"",""
ball,1,23.3,Bangladesh,Imrul Kayes,Mushfiqur Rahim,JC Tredwell,0,0,"",""
ball,1,23.4,Bangladesh,Imrul Kayes,Mushfiqur Rahim,JC Tredwell,0,0,"",""
ball,1,23.5,Bangladesh,Imrul Kayes,Mushfiqur Rahim,JC Tredwell,0,0,"",""
ball,1,23.6,Bangladesh,Imrul Kayes,Mushfiqur Rahim,JC Tredwell,1,0,"",""
ball,1,24.1,Bangladesh,Imrul Kayes,Mushfiqur Rahim,LJ Wright,0,0,"",""
ball,1,24.2,Bangladesh,Imrul Kayes,Mushfiqur Rahim,LJ Wright,0,0,"",""
ball,1,24.3,Bangladesh,Imrul Kayes,Mushfiqur Rahim,LJ Wright,2,0,"",""
ball,1,24.4,Bangladesh,Imrul Kayes,Mushfiqur Rahim,LJ Wright,1,0,"",""
ball,1,24.5,Bangladesh,Mushfiqur Rahim,Imrul Kayes,LJ Wright,1,0,"",""
ball,1,24.6,Bangladesh,Imrul Kayes,Mushfiqur Rahim,LJ Wright,0,0,"",""
ball,1,25.1,Bangladesh,Mushfiqur Rahim,Imrul Kayes,JC Tredwell,0,0,"",""
ball,1,25.2,Bangladesh,Mushfiqur Rahim,Imrul Kayes,JC Tredwell,1,0,"",""
ball,1,25.3,Bangladesh,Imrul Kayes,Mushfiqur Rahim,JC Tredwell,0,0,"",""
ball,1,25.4,Bangladesh,Imrul Kayes,Mushfiqur Rahim,JC Tredwell,1,0,"",""
ball,1,25.5,Bangladesh,Mushfiqur Rahim,Imrul Kayes,JC Tredwell,1,0,"",""
ball,1,25.6,Bangladesh,Imrul Kayes,Mushfiqur Rahim,JC Tredwell,1,0,"",""
ball,1,26.1,Bangladesh,Imrul Kayes,Mushfiqur Rahim,PD Collingwood,0,0,"",""
ball,1,26.2,Bangladesh,Imrul Kayes,Mushfiqur Rahim,PD Collingwood,1,0,"",""
ball,1,26.3,Bangladesh,Mushfiqur Rahim,Imrul Kayes,PD Collingwood,2,0,"",""
ball,1,26.4,Bangladesh,Mushfiqur Rahim,Imrul Kayes,PD Collingwood,0,0,"",""
ball,1,26.5,Bangladesh,Mushfiqur Rahim,Imrul Kayes,PD Collingwood,1,0,"",""
ball,1,26.6,Bangladesh,Imrul Kayes,Mushfiqur Rahim,PD Collingwood,2,0,"",""
ball,1,27.1,Bangladesh,Mushfiqur Rahim,Imrul Kayes,JC Tredwell,1,0,"",""
ball,1,27.2,Bangladesh,Imrul Kayes,Mushfiqur Rahim,JC Tredwell,0,0,"",""
ball,1,27.3,Bangladesh,Imrul Kayes,Mushfiqur Rahim,JC Tredwell,0,0,"",""
ball,1,27.4,Bangladesh,Imrul Kayes,Mushfiqur Rahim,JC Tredwell,0,0,"",""
ball,1,27.5,Bangladesh,Imrul Kayes,Mushfiqur Rahim,JC Tredwell,2,0,"",""
ball,1,27.6,Bangladesh,Imrul Kayes,Mushfiqur Rahim,JC Tredwell,1,0,"",""
ball,1,28.1,Bangladesh,Imrul Kayes,Mushfiqur Rahim,PD Collingwood,0,0,"",""
ball,1,28.2,Bangladesh,Imrul Kayes,Mushfiqur Rahim,PD Collingwood,1,0,"",""
ball,1,28.3,Bangladesh,Mushfiqur Rahim,Imrul Kayes,PD Collingwood,0,0,"",""
ball,1,28.4,Bangladesh,Mushfiqur Rahim,Imrul Kayes,PD Collingwood,0,0,"",""
ball,1,28.5,Bangladesh,Mushfiqur Rahim,Imrul Kayes,PD Collingwood,1,0,"",""
ball,1,28.6,Bangladesh,Imrul Kayes,Mushfiqur Rahim,PD Collingwood,0,0,"",""
ball,1,29.1,Bangladesh,Mushfiqur Rahim,Imrul Kayes,JC Tredwell,0,0,"",""
ball,1,29.2,Bangladesh,Mushfiqur Rahim,Imrul Kayes,JC Tredwell,1,0,"",""
ball,1,29.3,Bangladesh,Imrul Kayes,Mushfiqur Rahim,JC Tredwell,0,0,"",""
ball,1,29.4,Bangladesh,Imrul Kayes,Mushfiqur Rahim,JC Tredwell,1,0,"",""
ball,1,29.5,Bangladesh,Mushfiqur Rahim,Imrul Kayes,JC Tredwell,1,0,"",""
ball,1,29.6,Bangladesh,Imrul Kayes,Mushfiqur Rahim,JC Tredwell,1,0,"",""
ball,1,30.1,Bangladesh,Imrul Kayes,Mushfiqur Rahim,PD Collingwood,1,0,"",""
ball,1,30.2,Bangladesh,Mushfiqur Rahim,Imrul Kayes,PD Collingwood,0,0,"",""
ball,1,30.3,Bangladesh,Mushfiqur Rahim,Imrul Kayes,PD Collingwood,1,0,"",""
ball,1,30.4,Bangladesh,Imrul Kayes,Mushfiqur Rahim,PD Collingwood,3,0,"",""
ball,1,30.5,Bangladesh,Mushfiqur Rahim,Imrul Kayes,PD Collingwood,1,0,"",""
ball,1,30.6,Bangladesh,Imrul Kayes,Mushfiqur Rahim,PD Collingwood,0,0,"",""
ball,1,31.1,Bangladesh,Mushfiqur Rahim,Imrul Kayes,JC Tredwell,0,0,"",""
ball,1,31.2,Bangladesh,Mushfiqur Rahim,Imrul Kayes,JC Tredwell,0,0,"",""
ball,1,31.3,Bangladesh,Mushfiqur Rahim,Imrul Kayes,JC Tredwell,1,0,"",""
ball,1,31.4,Bangladesh,Imrul Kayes,Mushfiqur Rahim,JC Tredwell,0,0,"",""
ball,1,31.5,Bangladesh,Imrul Kayes,Mushfiqur Rahim,JC Tredwell,1,0,"",""
ball,1,31.6,Bangladesh,Mushfiqur Rahim,Imrul Kayes,JC Tredwell,1,0,"",""
ball,1,32.1,Bangladesh,Mushfiqur Rahim,Imrul Kayes,GP Swann,4,0,"",""
ball,1,32.2,Bangladesh,Mushfiqur Rahim,Imrul Kayes,GP Swann,2,0,"",""
ball,1,32.3,Bangladesh,Mushfiqur Rahim,Imrul Kayes,GP Swann,4,0,"",""
ball,1,32.4,Bangladesh,Mushfiqur Rahim,Imrul Kayes,GP Swann,1,0,"",""
ball,1,32.5,Bangladesh,Imrul Kayes,Mushfiqur Rahim,GP Swann,0,0,"",""
ball,1,32.6,Bangladesh,Imrul Kayes,Mushfiqur Rahim,GP Swann,0,0,caught,Imrul Kayes
ball,1,33.1,Bangladesh,Mushfiqur Rahim,Shakib Al Hasan,JC Tredwell,2,0,"",""
ball,1,33.2,Bangladesh,Mushfiqur Rahim,Shakib Al Hasan,JC Tredwell,0,0,"",""
ball,1,33.3,Bangladesh,Mushfiqur Rahim,Shakib Al Hasan,JC Tredwell,0,0,"",""
ball,1,33.4,Bangladesh,Mushfiqur Rahim,Shakib Al Hasan,JC Tredwell,1,0,"",""
ball,1,33.5,Bangladesh,Shakib Al Hasan,Mushfiqur Rahim,JC Tredwell,0,0,"",""
ball,1,33.6,Bangladesh,Shakib Al Hasan,Mushfiqur Rahim,JC Tredwell,1,0,"",""
ball,1,34.1,Bangladesh,Shakib Al Hasan,Mushfiqur Rahim,GP Swann,0,0,"",""
ball,1,34.2,Bangladesh,Shakib Al Hasan,Mushfiqur Rahim,GP Swann,0,0,"",""
ball,1,34.3,Bangladesh,Shakib Al Hasan,Mushfiqur Rahim,GP Swann,0,0,"",""
ball,1,34.4,Bangladesh,Shakib Al Hasan,Mushfiqur Rahim,GP Swann,0,0,"",""
ball,1,34.5,Bangladesh,Shakib Al Hasan,Mushfiqur Rahim,GP Swann,1,0,"",""
ball,1,34.6,Bangladesh,Mushfiqur Rahim,Shakib Al Hasan,GP Swann,1,0,"",""
ball,1,35.1,Bangladesh,Mushfiqur Rahim,Shakib Al Hasan,JC Tredwell,1,0,"",""
ball,1,35.2,Bangladesh,Shakib Al Hasan,Mushfiqur Rahim,JC Tredwell,4,0,"",""
ball,1,35.3,Bangladesh,Shakib Al Hasan,Mushfiqur Rahim,JC Tredwell,4,0,"",""
ball,1,35.4,Bangladesh,Shakib Al Hasan,Mushfiqur Rahim,JC Tredwell,1,0,"",""
ball,1,35.5,Bangladesh,Mushfiqur Rahim,Shakib Al Hasan,JC Tredwell,1,0,"",""
ball,1,35.6,Bangladesh,Shakib Al Hasan,Mushfiqur Rahim,JC Tredwell,1,0,"",""
ball,1,36.1,Bangladesh,Shakib Al Hasan,Mushfiqur Rahim,GP Swann,2,0,"",""
ball,1,36.2,Bangladesh,Shakib Al Hasan,Mushfiqur Rahim,GP Swann,0,0,caught and bowled,Shakib Al Hasan
ball,1,36.3,Bangladesh,Mahmudullah,Mushfiqur Rahim,GP Swann,0,0,"",""
ball,1,36.4,Bangladesh,Mahmudullah,Mushfiqur Rahim,GP Swann,1,0,"",""
ball,1,36.5,Bangladesh,Mushfiqur Rahim,Mahmudullah,GP Swann,0,0,"",""
ball,1,36.6,Bangladesh,Mushfiqur Rahim,Mahmudullah,GP Swann,1,0,"",""
ball,1,37.1,Bangladesh,Mushfiqur Rahim,Mahmudullah,JC Tredwell,0,0,"",""
ball,1,37.2,Bangladesh,Mushfiqur Rahim,Mahmudullah,JC Tredwell,1,0,"",""
ball,1,37.3,Bangladesh,Mahmudullah,Mushfiqur Rahim,JC Tredwell,0,0,"",""
ball,1,37.4,Bangladesh,Mahmudullah,Mushfiqur Rahim,JC Tredwell,0,0,"",""
ball,1,37.5,Bangladesh,Mahmudullah,Mushfiqur Rahim,JC Tredwell,0,0,"",""
ball,1,37.6,Bangladesh,Mahmudullah,Mushfiqur Rahim,JC Tredwell,0,0,"",""
ball,1,38.1,Bangladesh,Mushfiqur Rahim,Mahmudullah,PD Collingwood,0,0,"",""
ball,1,38.2,Bangladesh,Mushfiqur Rahim,Mahmudullah,PD Collingwood,2,0,"",""
ball,1,38.3,Bangladesh,Mushfiqur Rahim,Mahmudullah,PD Collingwood,1,0,"",""
ball,1,38.4,Bangladesh,Mahmudullah,Mushfiqur Rahim,PD Collingwood,0,4,"",""
ball,1,38.5,Bangladesh,Mahmudullah,Mushfiqur Rahim,PD Collingwood,1,0,"",""
ball,1,38.6,Bangladesh,Mushfiqur Rahim,Mahmudullah,PD Collingwood,1,0,"",""
ball,1,39.1,Bangladesh,Mushfiqur Rahim,Mahmudullah,JC Tredwell,1,0,"",""
ball,1,39.2,Bangladesh,Mahmudullah,Mushfiqur Rahim,JC Tredwell,2,0,"",""
ball,1,39.3,Bangladesh,Mahmudullah,Mushfiqur Rahim,JC Tredwell,1,0,"",""
ball,1,39.4,Bangladesh,Mushfiqur Rahim,Mahmudullah,JC Tredwell,2,0,"",""
ball,1,39.5,Bangladesh,Mushfiqur Rahim,Mahmudullah,JC Tredwell,2,0,"",""
ball,1,39.6,Bangladesh,Mushfiqur Rahim,Mahmudullah,JC Tredwell,1,0,"",""
ball,1,40.1,Bangladesh,Mushfiqur Rahim,Mahmudullah,PD Collingwood,3,0,"",""
ball,1,40.2,Bangladesh,Mahmudullah,Mushfiqur Rahim,PD Collingwood,1,0,"",""
ball,1,40.3,Bangladesh,Mushfiqur Rahim,Mahmudullah,PD Collingwood,1,0,"",""
ball,1,40.4,Bangladesh,Mahmudullah,Mushfiqur Rahim,PD Collingwood,0,0,"",""
ball,1,40.5,Bangladesh,Mahmudullah,Mushfiqur Rahim,PD Collingwood,1,0,"",""
ball,1,40.6,Bangladesh,Mushfiqur Rahim,Mahmudullah,PD Collingwood,1,0,"",""
ball,1,41.1,Bangladesh,Mushfiqur Rahim,Mahmudullah,JC Tredwell,4,0,"",""
ball,1,41.2,Bangladesh,Mushfiqur Rahim,Mahmudullah,JC Tredwell,1,0,"",""
ball,1,41.3,Bangladesh,Mahmudullah,Mushfiqur Rahim,JC Tredwell,1,0,"",""
ball,1,41.4,Bangladesh,Mushfiqur Rahim,Mahmudullah,JC Tredwell,0,0,"",""
ball,1,41.5,Bangladesh,Mushfiqur Rahim,Mahmudullah,JC Tredwell,4,0,"",""
ball,1,41.6,Bangladesh,Mushfiqur Rahim,Mahmudullah,JC Tredwell,0,0,"",""
ball,1,42.1,Bangladesh,Mahmudullah,Mushfiqur Rahim,LJ Wright,2,0,"",""
ball,1,42.2,Bangladesh,Mahmudullah,Mushfiqur Rahim,LJ Wright,0,0,"",""
ball,1,42.3,Bangladesh,Mahmudullah,Mushfiqur Rahim,LJ Wright,0,0,"",""
ball,1,42.4,Bangladesh,Mahmudullah,Mushfiqur Rahim,LJ Wright,1,0,"",""
ball,1,42.5,Bangladesh,Mushfiqur Rahim,Mahmudullah,LJ Wright,0,0,"",""
ball,1,42.6,Bangladesh,Mushfiqur Rahim,Mahmudullah,LJ Wright,1,0,"",""
ball,1,43.1,Bangladesh,Mushfiqur Rahim,Mahmudullah,TT Bresnan,0,0,"",""
ball,1,43.2,Bangladesh,Mushfiqur Rahim,Mahmudullah,TT Bresnan,0,0,"",""
ball,1,43.3,Bangladesh,Mushfiqur Rahim,Mahmudullah,TT Bresnan,1,0,"",""
ball,1,43.4,Bangladesh,Mahmudullah,Mushfiqur Rahim,TT Bresnan,0,0,"",""
ball,1,43.5,Bangladesh,Mahmudullah,Mushfiqur Rahim,TT Bresnan,0,1,"",""
ball,1,43.6,Bangladesh,Mahmudullah,Mushfiqur Rahim,TT Bresnan,1,0,"",""
ball,1,43.7,Bangladesh,Mushfiqur Rahim,Mahmudullah,TT Bresnan,0,0,caught,Mushfiqur Rahim
ball,1,44.1,Bangladesh,Naeem Islam,Mahmudullah,LJ Wright,0,0,"",""
ball,1,44.2,Bangladesh,Naeem Islam,Mahmudullah,LJ Wright,1,0,"",""
ball,1,44.3,Bangladesh,Mahmudullah,Naeem Islam,LJ Wright,0,0,"",""
ball,1,44.4,Bangladesh,Mahmudullah,Naeem Islam,LJ Wright,1,0,"",""
ball,1,44.5,Bangladesh,Naeem Islam,Mahmudullah,LJ Wright,1,0,"",""
ball,1,44.6,Bangladesh,Mahmudullah,Naeem Islam,LJ Wright,1,0,"",""
ball,1,45.1,Bangladesh,Mahmudullah,Naeem Islam,GP Swann,1,0,"",""
ball,1,45.2,Bangladesh,Naeem Islam,Mahmudullah,GP Swann,1,0,"",""
ball,1,45.3,Bangladesh,Mahmudullah,Naeem Islam,GP Swann,1,0,"",""
ball,1,45.4,Bangladesh,Naeem Islam,Mahmudullah,GP Swann,0,0,"",""
ball,1,45.5,Bangladesh,Naeem Islam,Mahmudullah,GP Swann,1,0,"",""
ball,1,45.6,Bangladesh,Mahmudullah,Naeem Islam,GP Swann,0,0,"",""
ball,1,46.1,Bangladesh,Naeem Islam,Mahmudullah,TT Bresnan,1,0,"",""
ball,1,46.2,Bangladesh,Mahmudullah,Naeem Islam,TT Bresnan,2,0,"",""
ball,1,46.3,Bangladesh,Mahmudullah,Naeem Islam,TT Bresnan,1,0,"",""
ball,1,46.4,Bangladesh,Naeem Islam,Mahmudullah,TT Bresnan,0,1,"",""
ball,1,46.5,Bangladesh,Naeem Islam,Mahmudullah,TT Bresnan,1,0,"",""
ball,1,46.6,Bangladesh,Mahmudullah,Naeem Islam,TT Bresnan,0,0,"",""
ball,1,46.7,Bangladesh,Mahmudullah,Naeem Islam,TT Bresnan,0,1,"",""
ball,1,47.1,Bangladesh,Mahmudullah,Naeem Islam,GP Swann,2,0,"",""
ball,1,47.2,Bangladesh,Mahmudullah,Naeem Islam,GP Swann,0,0,"",""
ball,1,47.3,Bangladesh,Mahmudullah,Naeem Islam,GP Swann,1,0,"",""
ball,1,47.4,Bangladesh,Naeem Islam,Mahmudullah,GP Swann,1,0,"",""
ball,1,47.5,Bangladesh,Mahmudullah,Naeem Islam,GP Swann,4,0,"",""
ball,1,47.6,Bangladesh,Mahmudullah,Naeem Islam,GP Swann,1,0,"",""
ball,1,48.1,Bangladesh,Mahmudullah,Naeem Islam,TT Bresnan,0,0,bowled,Mahmudullah
ball,1,48.2,Bangladesh,Suhrawadi Shuvo,Naeem Islam,TT Bresnan,1,0,"",""
ball,1,48.3,Bangladesh,Naeem Islam,Suhrawadi Shuvo,TT Bresnan,4,0,"",""
ball,1,48.4,Bangladesh,Naeem Islam,Suhrawadi Shuvo,TT Bresnan,1,0,"",""
ball,1,48.5,Bangladesh,Suhrawadi Shuvo,Naeem Islam,TT Bresnan,1,0,"",""
ball,1,48.6,Bangladesh,Naeem Islam,Suhrawadi Shuvo,TT Bresnan,4,0,"",""
ball,1,49.1,Bangladesh,Suhrawadi Shuvo,Naeem Islam,LJ Wright,1,0,"",""
ball,1,49.2,Bangladesh,Naeem Islam,Suhrawadi Shuvo,LJ Wright,1,0,"",""
ball,1,49.3,Bangladesh,Suhrawadi Shuvo,Naeem Islam,LJ Wright,6,0,"",""
ball,1,49.4,Bangladesh,Suhrawadi Shuvo,Naeem Islam,LJ Wright,1,0,"",""
ball,1,49.5,Bangladesh,Naeem Islam,Suhrawadi Shuvo,LJ Wright,1,0,"",""
ball,1,49.6,Bangladesh,Suhrawadi Shuvo,Naeem Islam,LJ Wright,4,0,"",""
ball,2,0.1,England,AN Cook,C Kieswetter,Shafiul Islam,1,0,"",""
ball,2,0.2,England,C Kieswetter,AN Cook,Shafiul Islam,4,0,"",""
ball,2,0.3,England,C Kieswetter,AN Cook,Shafiul Islam,0,0,caught,C Kieswetter
ball,2,0.4,England,KP Pietersen,AN Cook,Shafiul Islam,0,0,"",""
ball,2,0.5,England,KP Pietersen,AN Cook,Shafiul Islam,0,0,"",""
ball,2,0.6,England,KP Pietersen,AN Cook,Shafiul Islam,0,0,"",""
ball,2,1.1,England,AN Cook,KP Pietersen,Rubel Hossain,0,0,"",""
ball,2,1.2,England,AN Cook,KP Pietersen,Rubel Hossain,0,0,"",""
ball,2,1.3,England,AN Cook,KP Pietersen,Rubel Hossain,0,0,"",""
ball,2,1.4,England,AN Cook,KP Pietersen,Rubel Hossain,0,0,"",""
ball,2,1.5,England,AN Cook,KP Pietersen,Rubel Hossain,0,0,"",""
ball,2,1.6,England,AN Cook,KP Pietersen,Rubel Hossain,4,0,"",""
ball,2,2.1,England,KP Pietersen,AN Cook,Shafiul Islam,0,0,"",""
ball,2,2.2,England,KP Pietersen,AN Cook,Shafiul Islam,3,0,"",""
ball,2,2.3,England,AN Cook,KP Pietersen,Shafiul Islam,0,0,"",""
ball,2,2.4,England,AN Cook,KP Pietersen,Shafiul Islam,0,0,"",""
ball,2,2.5,England,AN Cook,KP Pietersen,Shafiul Islam,0,0,"",""
ball,2,2.6,England,AN Cook,KP Pietersen,Shafiul Islam,0,0,"",""
ball,2,3.1,England,KP Pietersen,AN Cook,Rubel Hossain,0,0,"",""
ball,2,3.2,England,KP Pietersen,AN Cook,Rubel Hossain,0,0,"",""
ball,2,3.3,England,KP Pietersen,AN Cook,Rubel Hossain,4,0,"",""
ball,2,3.4,England,KP Pietersen,AN Cook,Rubel Hossain,1,0,"",""
ball,2,3.5,England,AN Cook,KP Pietersen,Rubel Hossain,4,0,"",""
ball,2,3.6,England,AN Cook,KP Pietersen,Rubel Hossain,0,0,"",""
ball,2,4.1,England,KP Pietersen,AN Cook,Shafiul Islam,0,0,"",""
ball,2,4.2,England,KP Pietersen,AN Cook,Shafiul Islam,0,0,"",""
ball,2,4.3,England,KP Pietersen,AN Cook,Shafiul Islam,0,0,"",""
ball,2,4.4,England,KP Pietersen,AN Cook,Shafiul Islam,0,0,"",""
ball,2,4.5,England,KP Pietersen,AN Cook,Shafiul Islam,0,0,"",""
ball,2,4.6,England,KP Pietersen,AN Cook,Shafiul Islam,3,0,"",""
ball,2,5.1,England,KP Pietersen,AN Cook,Rubel Hossain,0,0,"",""
ball,2,5.2,England,KP Pietersen,AN Cook,Rubel Hossain,1,0,"",""
ball,2,5.3,England,AN Cook,KP Pietersen,Rubel Hossain,0,0,"",""
ball,2,5.4,England,AN Cook,KP Pietersen,Rubel Hossain,4,0,"",""
ball,2,5.5,England,AN Cook,KP Pietersen,Rubel Hossain,1,0,"",""
ball,2,5.6,England,KP Pietersen,AN Cook,Rubel Hossain,0,0,"",""
ball,2,6.1,England,AN Cook,KP Pietersen,Shafiul Islam,4,0,"",""
ball,2,6.2,England,AN Cook,KP Pietersen,Shafiul Islam,4,0,"",""
ball,2,6.3,England,AN Cook,KP Pietersen,Shafiul Islam,4,0,"",""
ball,2,6.4,England,AN Cook,KP Pietersen,Shafiul Islam,0,0,"",""
ball,2,6.5,England,AN Cook,KP Pietersen,Shafiul Islam,0,0,"",""
ball,2,6.6,England,AN Cook,KP Pietersen,Shafiul Islam,0,0,"",""
ball,2,7.1,England,KP Pietersen,AN Cook,Abdur Razzak,0,0,"",""
ball,2,7.2,England,KP Pietersen,AN Cook,Abdur Razzak,1,0,"",""
ball,2,7.3,England,AN Cook,KP Pietersen,Abdur Razzak,0,0,"",""
ball,2,7.4,England,AN Cook,KP Pietersen,Abdur Razzak,1,0,"",""
ball,2,7.5,England,KP Pietersen,AN Cook,Abdur Razzak,0,0,"",""
ball,2,7.6,England,KP Pietersen,AN Cook,Abdur Razzak,0,0,"",""
ball,2,8.1,England,AN Cook,KP Pietersen,Naeem Islam,1,0,"",""
ball,2,8.2,England,KP Pietersen,AN Cook,Naeem Islam,0,0,"",""
ball,2,8.3,England,KP Pietersen,AN Cook,Naeem Islam,1,0,"",""
ball,2,8.4,England,AN Cook,KP Pietersen,Naeem Islam,1,0,"",""
ball,2,8.5,England,KP Pietersen,AN Cook,Naeem Islam,0,0,"",""
ball,2,8.6,England,KP Pietersen,AN Cook,Naeem Islam,4,0,"",""
ball,2,9.1,England,AN Cook,KP Pietersen,Abdur Razzak,0,0,"",""
ball,2,9.2,England,AN Cook,KP Pietersen,Abdur Razzak,0,0,"",""
ball,2,9.3,England,AN Cook,KP Pietersen,Abdur Razzak,1,0,"",""
ball,2,9.4,England,KP Pietersen,AN Cook,Abdur Razzak,0,0,lbw,KP Pietersen
ball,2,9.5,England,PD Collingwood,AN Cook,Abdur Razzak,0,0,"",""
ball,2,9.6,England,PD Collingwood,AN Cook,Abdur Razzak,0,0,"",""
ball,2,10.1,England,AN Cook,PD Collingwood,Shakib Al Hasan,1,0,"",""
ball,2,10.2,England,PD Collingwood,AN Cook,Shakib Al Hasan,0,0,"",""
ball,2,10.3,England,PD Collingwood,AN Cook,Shakib Al Hasan,0,0,"",""
ball,2,10.4,England,PD Collingwood,AN Cook,Shakib Al Hasan,0,0,"",""
ball,2,10.5,England,PD Collingwood,AN Cook,Shakib Al Hasan,0,0,"",""
ball,2,10.6,England,PD Collingwood,AN Cook,Shakib Al Hasan,1,0,"",""
ball,2,11.1,England,PD Collingwood,AN Cook,Abdur Razzak,1,0,"",""
ball,2,11.2,England,AN Cook,PD Collingwood,Abdur Razzak,1,0,"",""
ball,2,11.3,England,PD Collingwood,AN Cook,Abdur Razzak,0,0,"",""
ball,2,11.4,England,PD Collingwood,AN Cook,Abdur Razzak,1,0,"",""
ball,2,11.5,England,AN Cook,PD Collingwood,Abdur Razzak,1,0,"",""
ball,2,11.6,England,PD Collingwood,AN Cook,Abdur Razzak,0,0,"",""
ball,2,12.1,England,AN Cook,PD Collingwood,Rubel Hossain,1,0,"",""
ball,2,12.2,England,PD Collingwood,AN Cook,Rubel Hossain,1,0,"",""
ball,2,12.3,England,AN Cook,PD Collingwood,Rubel Hossain,0,0,"",""
ball,2,12.4,England,AN Cook,PD Collingwood,Rubel Hossain,1,0,"",""
ball,2,12.5,England,PD Collingwood,AN Cook,Rubel Hossain,0,0,"",""
ball,2,12.6,England,PD Collingwood,AN Cook,Rubel Hossain,0,0,"",""
ball,2,13.1,England,AN Cook,PD Collingwood,Abdur Razzak,1,0,"",""
ball,2,13.2,England,PD Collingwood,AN Cook,Abdur Razzak,2,0,"",""
ball,2,13.3,England,PD Collingwood,AN Cook,Abdur Razzak,1,0,"",""
ball,2,13.4,England,AN Cook,PD Collingwood,Abdur Razzak,2,0,"",""
ball,2,13.5,England,AN Cook,PD Collingwood,Abdur Razzak,1,0,"",""
ball,2,13.6,England,PD Collingwood,AN Cook,Abdur Razzak,0,0,lbw,PD Collingwood
ball,2,14.1,England,AN Cook,EJG Morgan,Naeem Islam,1,0,"",""
ball,2,14.2,England,EJG Morgan,AN Cook,Naeem Islam,0,0,"",""
ball,2,14.3,England,EJG Morgan,AN Cook,Naeem Islam,4,0,"",""
ball,2,14.4,England,EJG Morgan,AN Cook,Naeem Islam,0,0,"",""
ball,2,14.5,England,EJG Morgan,AN Cook,Naeem Islam,1,0,"",""
ball,2,14.6,England,AN Cook,EJG Morgan,Naeem Islam,1,0,"",""
ball,2,15.1,England,AN Cook,EJG Morgan,Mahmudullah,0,0,"",""
ball,2,15.2,England,AN Cook,EJG Morgan,Mahmudullah,1,0,"",""
ball,2,15.3,England,EJG Morgan,AN Cook,Mahmudullah,0,0,"",""
ball,2,15.4,England,EJG Morgan,AN Cook,Mahmudullah,0,0,"",""
ball,2,15.5,England,EJG Morgan,AN Cook,Mahmudullah,0,0,"",""
ball,2,15.6,England,EJG Morgan,AN Cook,Mahmudullah,1,0,"",""
ball,2,16.1,England,EJG Morgan,AN Cook,Naeem Islam,0,0,"",""
ball,2,16.2,England,EJG Morgan,AN Cook,Naeem Islam,0,0,"",""
ball,2,16.3,England,EJG Morgan,AN Cook,Naeem Islam,4,0,"",""
ball,2,16.4,England,EJG Morgan,AN Cook,Naeem Islam,1,0,"",""
ball,2,16.5,England,AN Cook,EJG Morgan,Naeem Islam,1,0,"",""
ball,2,16.6,England,EJG Morgan,AN Cook,Naeem Islam,0,0,"",""
ball,2,17.1,England,AN Cook,EJG Morgan,Mahmudullah,0,0,"",""
ball,2,17.2,England,AN Cook,EJG Morgan,Mahmudullah,0,0,"",""
ball,2,17.3,England,AN Cook,EJG Morgan,Mahmudullah,1,0,"",""
ball,2,17.4,England,EJG Morgan,AN Cook,Mahmudullah,0,0,"",""
ball,2,17.5,England,EJG Morgan,AN Cook,Mahmudullah,1,0,"",""
ball,2,17.6,England,AN Cook,EJG Morgan,Mahmudullah,1,0,"",""
ball,2,18.1,England,AN Cook,EJG Morgan,Rubel Hossain,0,0,"",""
ball,2,18.2,England,AN Cook,EJG Morgan,Rubel Hossain,1,0,"",""
ball,2,18.3,England,EJG Morgan,AN Cook,Rubel Hossain,0,0,"",""
ball,2,18.4,England,EJG Morgan,AN Cook,Rubel Hossain,0,0,"",""
ball,2,18.5,England,EJG Morgan,AN Cook,Rubel Hossain,0,0,"",""
ball,2,18.6,England,EJG Morgan,AN Cook,Rubel Hossain,1,0,"",""
ball,2,19.1,England,EJG Morgan,AN Cook,Mahmudullah,0,0,"",""
ball,2,19.2,England,EJG Morgan,AN Cook,Mahmudullah,0,0,"",""
ball,2,19.3,England,EJG Morgan,AN Cook,Mahmudullah,0,0,"",""
ball,2,19.4,England,EJG Morgan,AN Cook,Mahmudullah,1,0,"",""
ball,2,19.5,England,AN Cook,EJG Morgan,Mahmudullah,0,1,"",""
ball,2,19.6,England,AN Cook,EJG Morgan,Mahmudullah,1,0,"",""
ball,2,19.7,England,EJG Morgan,AN Cook,Mahmudullah,2,0,"",""
ball,2,20.1,England,AN Cook,EJG Morgan,Rubel Hossain,0,0,"",""
ball,2,20.2,England,AN Cook,EJG Morgan,Rubel Hossain,4,0,"",""
ball,2,20.3,England,AN Cook,EJG Morgan,Rubel Hossain,0,0,"",""
ball,2,20.4,England,AN Cook,EJG Morgan,Rubel Hossain,0,0,"",""
ball,2,20.5,England,AN Cook,EJG Morgan,Rubel Hossain,1,0,"",""
ball,2,20.6,England,EJG Morgan,AN Cook,Rubel Hossain,1,0,"",""
ball,2,21.1,England,EJG Morgan,AN Cook,Shakib Al Hasan,0,0,"",""
ball,2,21.2,England,EJG Morgan,AN Cook,Shakib Al Hasan,0,0,"",""
ball,2,21.3,England,EJG Morgan,AN Cook,Shakib Al Hasan,0,0,"",""
ball,2,21.4,England,EJG Morgan,AN Cook,Shakib Al Hasan,0,0,"",""
ball,2,21.5,England,EJG Morgan,AN Cook,Shakib Al Hasan,0,0,"",""
ball,2,21.6,England,EJG Morgan,AN Cook,Shakib Al Hasan,0,0,"",""
ball,2,22.1,England,AN Cook,EJG Morgan,Mahmudullah,0,0,"",""
ball,2,22.2,England,AN Cook,EJG Morgan,Mahmudullah,6,0,"",""
ball,2,22.3,England,AN Cook,EJG Morgan,Mahmudullah,0,0,"",""
ball,2,22.4,England,AN Cook,EJG Morgan,Mahmudullah,1,0,"",""
ball,2,22.5,England,EJG Morgan,AN Cook,Mahmudullah,0,1,"",""
ball,2,22.6,England,AN Cook,EJG Morgan,Mahmudullah,1,0,"",""
ball,2,23.1,England,AN Cook,EJG Morgan,Shakib Al Hasan,0,0,caught,AN Cook
ball,2,23.2,England,MJ Prior,EJG Morgan,Shakib Al Hasan,0,0,"",""
ball,2,23.3,England,MJ Prior,EJG Morgan,Shakib Al Hasan,0,0,"",""
ball,2,23.4,England,MJ Prior,EJG Morgan,Shakib Al Hasan,0,0,"",""
ball,2,23.5,England,MJ Prior,EJG Morgan,Shakib Al Hasan,0,0,"",""
ball,2,23.6,England,MJ Prior,EJG Morgan,Shakib Al Hasan,0,0,"",""
ball,2,24.1,England,EJG Morgan,MJ Prior,Abdur Razzak,1,0,"",""
ball,2,24.2,England,MJ Prior,EJG Morgan,Abdur Razzak,0,0,"",""
ball,2,24.3,England,MJ Prior,EJG Morgan,Abdur Razzak,1,0,"",""
ball,2,24.4,England,EJG Morgan,MJ Prior,Abdur Razzak,1,0,"",""
ball,2,24.5,England,MJ Prior,EJG Morgan,Abdur Razzak,1,0,"",""
ball,2,24.6,England,EJG Morgan,MJ Prior,Abdur Razzak,1,0,"",""
ball,2,25.1,England,EJG Morgan,MJ Prior,Shakib Al Hasan,0,2,"",""
ball,2,25.2,England,EJG Morgan,MJ Prior,Shakib Al Hasan,0,0,"",""
ball,2,25.3,England,EJG Morgan,MJ Prior,Shakib Al Hasan,1,0,"",""
ball,2,25.4,England,MJ Prior,EJG Morgan,Shakib Al Hasan,0,0,"",""
ball,2,25.5,England,MJ Prior,EJG Morgan,Shakib Al Hasan,0,0,"",""
ball,2,25.6,England,MJ Prior,EJG Morgan,Shakib Al Hasan,0,0,"",""
ball,2,26.1,England,EJG Morgan,MJ Prior,Abdur Razzak,1,0,"",""
ball,2,26.2,England,MJ Prior,EJG Morgan,Abdur Razzak,0,1,"",""
ball,2,26.3,England,EJG Morgan,MJ Prior,Abdur Razzak,1,0,"",""
ball,2,26.4,England,MJ Prior,EJG Morgan,Abdur Razzak,0,0,"",""
ball,2,26.5,England,MJ Prior,EJG Morgan,Abdur Razzak,2,0,"",""
ball,2,26.6,England,MJ Prior,EJG Morgan,Abdur Razzak,0,0,"",""
ball,2,27.1,England,EJG Morgan,MJ Prior,Shakib Al Hasan,3,0,"",""
ball,2,27.2,England,MJ Prior,EJG Morgan,Shakib Al Hasan,0,0,"",""
ball,2,27.3,England,MJ Prior,EJG Morgan,Shakib Al Hasan,1,0,"",""
ball,2,27.4,England,EJG Morgan,MJ Prior,Shakib Al Hasan,1,0,"",""
ball,2,27.5,England,MJ Prior,EJG Morgan,Shakib Al Hasan,0,0,"",""
ball,2,27.6,England,MJ Prior,EJG Morgan,Shakib Al Hasan,0,0,"",""
ball,2,28.1,England,EJG Morgan,MJ Prior,Suhrawadi Shuvo,0,0,"",""
ball,2,28.2,England,EJG Morgan,MJ Prior,Suhrawadi Shuvo,1,0,"",""
ball,2,28.3,England,MJ Prior,EJG Morgan,Suhrawadi Shuvo,0,0,"",""
ball,2,28.4,England,MJ Prior,EJG Morgan,Suhrawadi Shuvo,1,0,"",""
ball,2,28.5,England,EJG Morgan,MJ Prior,Suhrawadi Shuvo,1,0,"",""
ball,2,28.6,England,MJ Prior,EJG Morgan,Suhrawadi Shuvo,1,0,"",""
ball,2,29.1,England,MJ Prior,EJG Morgan,Shakib Al Hasan,0,0,"",""
ball,2,29.2,England,MJ Prior,EJG Morgan,Shakib Al Hasan,4,0,"",""
ball,2,29.3,England,MJ Prior,EJG Morgan,Shakib Al Hasan,0,0,"",""
ball,2,29.4,England,MJ Prior,EJG Morgan,Shakib Al Hasan,1,0,"",""
ball,2,29.5,England,EJG Morgan,MJ Prior,Shakib Al Hasan,1,0,"",""
ball,2,29.6,England,MJ Prior,EJG Morgan,Shakib Al Hasan,1,0,"",""
ball,2,30.1,England,MJ Prior,EJG Morgan,Suhrawadi Shuvo,0,0,"",""
ball,2,30.2,England,MJ Prior,EJG Morgan,Suhrawadi Shuvo,1,0,"",""
ball,2,30.3,England,EJG Morgan,MJ Prior,Suhrawadi Shuvo,1,0,"",""
ball,2,30.4,England,MJ Prior,EJG Morgan,Suhrawadi Shuvo,0,0,"",""
ball,2,30.5,England,MJ Prior,EJG Morgan,Suhrawadi Shuvo,1,0,"",""
ball,2,30.6,England,EJG Morgan,MJ Prior,Suhrawadi Shuvo,1,0,"",""
ball,2,31.1,England,EJG Morgan,MJ Prior,Shakib Al Hasan,0,0,"",""
ball,2,31.2,England,EJG Morgan,MJ Prior,Shakib Al Hasan,1,0,"",""
ball,2,31.3,England,MJ Prior,EJG Morgan,Shakib Al Hasan,1,0,"",""
ball,2,31.4,England,EJG Morgan,MJ Prior,Shakib Al Hasan,2,0,"",""
ball,2,31.5,England,EJG Morgan,MJ Prior,Shakib Al Hasan,1,0,"",""
ball,2,31.6,England,MJ Prior,EJG Morgan,Shakib Al Hasan,2,0,"",""
ball,2,32.1,England,EJG Morgan,MJ Prior,Shafiul Islam,0,0,"",""
ball,2,32.2,England,EJG Morgan,MJ Prior,Shafiul Islam,6,0,"",""
ball,2,32.3,England,EJG Morgan,MJ Prior,Shafiul Islam,1,0,"",""
ball,2,32.4,England,MJ Prior,EJG Morgan,Shafiul Islam,1,0,"",""
ball,2,32.5,England,EJG Morgan,MJ Prior,Shafiul Islam,0,0,"",""
ball,2,32.6,England,EJG Morgan,MJ Prior,Shafiul Islam,1,0,"",""
ball,2,33.1,England,EJG Morgan,MJ Prior,Shakib Al Hasan,1,0,"",""
ball,2,33.2,England,MJ Prior,EJG Morgan,Shakib Al Hasan,0,0,"",""
ball,2,33.3,England,MJ Prior,EJG Morgan,Shakib Al Hasan,1,0,"",""
ball,2,33.4,England,EJG Morgan,MJ Prior,Shakib Al Hasan,1,0,"",""
ball,2,33.5,England,MJ Prior,EJG Morgan,Shakib Al Hasan,1,0,"",""
ball,2,33.6,England,EJG Morgan,MJ Prior,Shakib Al Hasan,0,0,"",""
ball,2,34.1,England,MJ Prior,EJG Morgan,Naeem Islam,0,2,"",""
ball,2,34.2,England,MJ Prior,EJG Morgan,Naeem Islam,0,0,"",""
ball,2,34.3,England,MJ Prior,EJG Morgan,Naeem Islam,0,0,"",""
ball,2,34.4,England,MJ Prior,EJG Morgan,Naeem Islam,0,0,"",""
ball,2,34.5,England,MJ Prior,EJG Morgan,Naeem Islam,4,0,"",""
ball,2,34.6,England,MJ Prior,EJG Morgan,Naeem Islam,0,0,"",""
ball,2,35.1,England,EJG Morgan,MJ Prior,Suhrawadi Shuvo,2,0,"",""
ball,2,35.2,England,EJG Morgan,MJ Prior,Suhrawadi Shuvo,1,0,"",""
ball,2,35.3,England,MJ Prior,EJG Morgan,Suhrawadi Shuvo,1,0,"",""
ball,2,35.4,England,EJG Morgan,MJ Prior,Suhrawadi Shuvo,1,0,"",""
ball,2,35.5,England,MJ Prior,EJG Morgan,Suhrawadi Shuvo,1,0,"",""
ball,2,35.6,England,EJG Morgan,MJ Prior,Suhrawadi Shuvo,0,0,"",""
ball,2,36.1,England,MJ Prior,EJG Morgan,Naeem Islam,2,0,"",""
ball,2,36.2,England,MJ Prior,EJG Morgan,Naeem Islam,0,0,"",""
ball,2,36.3,England,MJ Prior,EJG Morgan,Naeem Islam,1,0,"",""
ball,2,36.4,England,EJG Morgan,MJ Prior,Naeem Islam,1,0,"",""
ball,2,36.5,England,MJ Prior,EJG Morgan,Naeem Islam,1,0,"",""
ball,2,36.6,England,EJG Morgan,MJ Prior,Naeem Islam,2,0,"",""
ball,2,37.1,England,MJ Prior,EJG Morgan,Abdur Razzak,0,0,"",""
ball,2,37.2,England,MJ Prior,EJG Morgan,Abdur Razzak,1,0,"",""
ball,2,37.3,England,EJG Morgan,MJ Prior,Abdur Razzak,0,0,"",""
ball,2,37.4,England,EJG Morgan,MJ Prior,Abdur Razzak,1,0,"",""
ball,2,37.5,England,MJ Prior,EJG Morgan,Abdur Razzak,4,0,"",""
ball,2,37.6,England,MJ Prior,EJG Morgan,Abdur Razzak,1,0,"",""
ball,2,38.1,England,MJ Prior,EJG Morgan,Naeem Islam,1,0,"",""
ball,2,38.2,England,EJG Morgan,MJ Prior,Naeem Islam,4,0,"",""
ball,2,38.3,England,EJG Morgan,MJ Prior,Naeem Islam,1,0,"",""
ball,2,38.4,England,MJ Prior,EJG Morgan,Naeem Islam,0,0,"",""
ball,2,38.5,England,MJ Prior,EJG Morgan,Naeem Islam,4,0,"",""
ball,2,38.6,England,MJ Prior,EJG Morgan,Naeem Islam,0,0,"",""
ball,2,39.1,England,EJG Morgan,MJ Prior,Abdur Razzak,0,0,"",""
ball,2,39.2,England,EJG Morgan,MJ Prior,Abdur Razzak,1,0,"",""
ball,2,39.3,England,MJ Prior,EJG Morgan,Abdur Razzak,0,0,lbw,MJ Prior
ball,2,39.4,England,LJ Wright,EJG Morgan,Abdur Razzak,0,0,"",""
ball,2,39.5,England,LJ Wright,EJG Morgan,Abdur Razzak,0,0,"",""
ball,2,39.6,England,LJ Wright,EJG Morgan,Abdur Razzak,2,0,"",""
ball,2,40.1,England,EJG Morgan,LJ Wright,Mahmudullah,1,0,"",""
ball,2,40.2,England,LJ Wright,EJG Morgan,Mahmudullah,0,0,"",""
ball,2,40.3,England,LJ Wright,EJG Morgan,Mahmudullah,1,0,"",""
ball,2,40.4,England,EJG Morgan,LJ Wright,Mahmudullah,0,0,"",""
ball,2,40.5,England,EJG Morgan,LJ Wright,Mahmudullah,0,0,"",""
ball,2,40.6,England,EJG Morgan,LJ Wright,Mahmudullah,1,0,"",""
ball,2,41.1,England,EJG Morgan,LJ Wright,Abdur Razzak,4,0,"",""
ball,2,41.2,England,EJG Morgan,LJ Wright,Abdur Razzak,2,0,"",""
ball,2,41.3,England,EJG Morgan,LJ Wright,Abdur Razzak,1,0,"",""
ball,2,41.4,England,LJ Wright,EJG Morgan,Abdur Razzak,0,1,"",""
ball,2,41.5,England,LJ Wright,EJG Morgan,Abdur Razzak,1,0,"",""
ball,2,41.6,England,EJG Morgan,LJ Wright,Abdur Razzak,0,0,"",""
ball,2,41.7,England,EJG Morgan,LJ Wright,Abdur Razzak,1,0,"",""
ball,2,42.1,England,EJG Morgan,LJ Wright,Mahmudullah,1,0,"",""
ball,2,42.2,England,LJ Wright,EJG Morgan,Mahmudullah,1,0,"",""
ball,2,42.3,England,EJG Morgan,LJ Wright,Mahmudullah,1,0,"",""
ball,2,42.4,England,LJ Wright,EJG Morgan,Mahmudullah,1,0,"",""
ball,2,42.5,England,EJG Morgan,LJ Wright,Mahmudullah,2,0,"",""
ball,2,42.6,England,EJG Morgan,LJ Wright,Mahmudullah,0,1,"",""
ball,2,43.1,England,EJG Morgan,LJ Wright,Shakib Al Hasan,1,0,"",""
ball,2,43.2,England,LJ Wright,EJG Morgan,Shakib Al Hasan,1,0,"",""
ball,2,43.3,England,EJG Morgan,LJ Wright,Shakib Al Hasan,1,0,"",""
ball,2,43.4,England,LJ Wright,EJG Morgan,Shakib Al Hasan,0,0,"",""
ball,2,43.5,England,LJ Wright,EJG Morgan,Shakib Al Hasan,0,0,bowled,LJ Wright
ball,2,43.6,England,TT Bresnan,EJG Morgan,Shakib Al Hasan,0,0,"",""
ball,2,44.1,England,EJG Morgan,TT Bresnan,Mahmudullah,1,0,"",""
ball,2,44.2,England,TT Bresnan,EJG Morgan,Mahmudullah,0,0,"",""
ball,2,44.3,England,TT Bresnan,EJG Morgan,Mahmudullah,0,0,lbw,TT Bresnan
ball,2,44.4,England,GP Swann,EJG Morgan,Mahmudullah,1,0,"",""
ball,2,44.5,England,EJG Morgan,GP Swann,Mahmudullah,0,0,"",""
ball,2,44.6,England,EJG Morgan,GP Swann,Mahmudullah,1,0,"",""
ball,2,45.1,England,EJG Morgan,GP Swann,Shakib Al Hasan,1,0,"",""
ball,2,45.2,England,GP Swann,EJG Morgan,Shakib Al Hasan,1,0,"",""
ball,2,45.3,England,EJG Morgan,GP Swann,Shakib Al Hasan,1,0,"",""
ball,2,45.4,England,GP Swann,EJG Morgan,Shakib Al Hasan,0,0,bowled,GP Swann
ball,2,45.5,England,JC Tredwell,EJG Morgan,Shakib Al Hasan,0,0,"",""
ball,2,45.6,England,JC Tredwell,EJG Morgan,Shakib Al Hasan,0,0,"",""
ball,2,46.1,England,EJG Morgan,JC Tredwell,Shafiul Islam,4,0,"",""
ball,2,46.2,England,EJG Morgan,JC Tredwell,Shafiul Islam,0,0,"",""
ball,2,46.3,England,EJG Morgan,JC Tredwell,Shafiul Islam,1,0,"",""
ball,2,46.4,England,JC Tredwell,EJG Morgan,Shafiul Islam,0,0,"",""
ball,2,46.5,England,JC Tredwell,EJG Morgan,Shafiul Islam,2,0,"",""
ball,2,46.6,England,JC Tredwell,EJG Morgan,Shafiul Islam,0,0,"",""
ball,2,47.1,England,EJG Morgan,JC Tredwell,Abdur Razzak,0,0,"",""
ball,2,47.2,England,EJG Morgan,JC Tredwell,Abdur Razzak,2,0,"",""
ball,2,47.3,England,EJG Morgan,JC Tredwell,Abdur Razzak,4,0,"",""
ball,2,47.4,England,EJG Morgan,JC Tredwell,Abdur Razzak,3,0,"",""
ball,2,47.5,England,JC Tredwell,EJG Morgan,Abdur Razzak,0,0,"",""
ball,2,47.6,England,JC Tredwell,EJG Morgan,Abdur Razzak,0,0,"",""
ball,2,48.1,England,EJG Morgan,JC Tredwell,Shafiul Islam,4,0,"",""
ball,2,48.2,England,EJG Morgan,JC Tredwell,Shafiul Islam,2,0,"",""
ball,2,48.3,England,EJG Morgan,JC Tredwell,Shafiul Islam,0,0,"",""
ball,2,48.4,England,EJG Morgan,JC Tredwell,Shafiul Islam,4,0,"",""
ball,2,48.5,England,EJG Morgan,JC Tredwell,Shafiul Islam,6,0,"",""
