version,1.3.0
info,team,Australia
info,team,Canada
info,gender,male
info,season,2010/11
info,date,2011/03/16
info,competition,ICC Cricket World Cup
info,match_number,35
info,venue,M Chinnaswamy Stadium
info,city,Bangalore
info,neutralvenue,true
info,toss_winner,Canada
info,toss_decision,bat
info,player_of_match,SR Watson
info,umpire,BF Bowden
info,umpire,AM Saheba
info,reserve_umpire,Asad Rauf
info,tv_umpire,RA Kettleborough
info,match_referee,AJ Pycroft
info,winner,Australia
info,winner_wickets,7
ball,1,0.1,Canada,H Patel,JM Davison,SW Tait,0,0,"",""
ball,1,0.2,Canada,H Patel,JM Davison,SW Tait,0,0,"",""
ball,1,0.3,Canada,H Patel,JM Davison,SW Tait,1,0,"",""
ball,1,0.4,Canada,JM Davison,H Patel,SW Tait,0,1,"",""
ball,1,0.5,Canada,JM Davison,H Patel,SW Tait,0,0,"",""
ball,1,0.6,Canada,JM Davison,H Patel,SW Tait,4,0,"",""
ball,1,0.7,Canada,JM Davison,H Patel,SW Tait,0,0,"",""
ball,1,1.1,Canada,H Patel,JM Davison,B Lee,4,0,"",""
ball,1,1.2,Canada,H Patel,JM Davison,B Lee,0,0,"",""
ball,1,1.3,Canada,H Patel,JM Davison,B Lee,4,0,"",""
ball,1,1.4,Canada,H Patel,JM Davison,B Lee,2,0,"",""
ball,1,1.5,Canada,H Patel,JM Davison,B Lee,4,0,"",""
ball,1,1.6,Canada,H Patel,JM Davison,B Lee,2,0,"",""
ball,1,2.1,Canada,JM Davison,H Patel,SW Tait,1,0,"",""
ball,1,2.2,Canada,H Patel,JM Davison,SW Tait,6,0,"",""
ball,1,2.3,Canada,H Patel,JM Davison,SW Tait,0,1,"",""
ball,1,2.4,Canada,H Patel,JM Davison,SW Tait,0,1,"",""
ball,1,2.5,Canada,H Patel,JM Davison,SW Tait,1,0,"",""
ball,1,2.6,Canada,JM Davison,H Patel,SW Tait,0,0,"",""
ball,1,2.7,Canada,JM Davison,H Patel,SW Tait,1,0,"",""
ball,1,2.8,Canada,H Patel,JM Davison,SW Tait,0,0,"",""
ball,1,3.1,Canada,JM Davison,H Patel,B Lee,0,0,"",""
ball,1,3.2,Canada,JM Davison,H Patel,B Lee,0,0,"",""
ball,1,3.3,Canada,JM Davison,H Patel,B Lee,4,0,"",""
ball,1,3.4,Canada,JM Davison,H Patel,B Lee,4,0,"",""
ball,1,3.5,Canada,JM Davison,H Patel,B Lee,0,0,caught,JM Davison
ball,1,3.6,Canada,ZE Surkari,H Patel,B Lee,0,0,"",""
ball,1,4.1,Canada,H Patel,ZE Surkari,MG Johnson,2,0,"",""
ball,1,4.2,Canada,H Patel,ZE Surkari,MG Johnson,4,0,"",""
ball,1,4.3,Canada,H Patel,ZE Surkari,MG Johnson,0,0,"",""
ball,1,4.4,Canada,H Patel,ZE Surkari,MG Johnson,6,0,"",""
ball,1,4.5,Canada,H Patel,ZE Surkari,MG Johnson,0,1,"",""
ball,1,4.6,Canada,ZE Surkari,H Patel,MG Johnson,0,0,"",""
ball,1,5.1,Canada,H Patel,ZE Surkari,B Lee,0,0,"",""
ball,1,5.2,Canada,H Patel,ZE Surkari,B Lee,0,0,"",""
ball,1,5.3,Canada,H Patel,ZE Surkari,B Lee,0,1,"",""
ball,1,5.4,Canada,H Patel,ZE Surkari,B Lee,0,0,"",""
ball,1,5.5,Canada,H Patel,ZE Surkari,B Lee,0,0,"",""
ball,1,5.6,Canada,H Patel,ZE Surkari,B Lee,0,1,"",""
ball,1,5.7,Canada,H Patel,ZE Surkari,B Lee,0,0,"",""
ball,1,5.8,Canada,H Patel,ZE Surkari,B Lee,6,0,"",""
ball,1,6.1,Canada,ZE Surkari,H Patel,MG Johnson,0,0,"",""
ball,1,6.2,Canada,ZE Surkari,H Patel,MG Johnson,0,0,"",""
ball,1,6.3,Canada,ZE Surkari,H Patel,MG Johnson,1,0,"",""
ball,1,6.4,Canada,H Patel,ZE Surkari,MG Johnson,0,0,"",""
ball,1,6.5,Canada,H Patel,ZE Surkari,MG Johnson,1,0,"",""
ball,1,6.6,Canada,ZE Surkari,H Patel,MG Johnson,0,0,"",""
ball,1,7.1,Canada,H Patel,ZE Surkari,SR Watson,0,0,"",""
ball,1,7.2,Canada,H Patel,ZE Surkari,SR Watson,0,0,"",""
ball,1,7.3,Canada,H Patel,ZE Surkari,SR Watson,0,0,"",""
ball,1,7.4,Canada,H Patel,ZE Surkari,SR Watson,0,0,"",""
ball,1,7.5,Canada,H Patel,ZE Surkari,SR Watson,0,0,"",""
ball,1,7.6,Canada,H Patel,ZE Surkari,SR Watson,1,0,"",""
ball,1,8.1,Canada,H Patel,ZE Surkari,MG Johnson,0,0,"",""
ball,1,8.2,Canada,H Patel,ZE Surkari,MG Johnson,0,1,"",""
ball,1,8.3,Canada,ZE Surkari,H Patel,MG Johnson,0,0,"",""
ball,1,8.4,Canada,ZE Surkari,H Patel,MG Johnson,1,0,"",""
ball,1,8.5,Canada,H Patel,ZE Surkari,MG Johnson,4,0,"",""
ball,1,8.6,Canada,H Patel,ZE Surkari,MG Johnson,1,0,"",""
ball,1,9.1,Canada,H Patel,ZE Surkari,SR Watson,0,0,"",""
ball,1,9.2,Canada,H Patel,ZE Surkari,SR Watson,1,0,"",""
ball,1,9.3,Canada,ZE Surkari,H Patel,SR Watson,4,0,"",""
ball,1,9.4,Canada,ZE Surkari,H Patel,SR Watson,0,0,"",""
ball,1,9.5,Canada,ZE Surkari,H Patel,SR Watson,0,0,"",""
ball,1,9.6,Canada,ZE Surkari,H Patel,SR Watson,0,0,"",""
ball,1,10.1,Canada,H Patel,ZE Surkari,SW Tait,2,0,"",""
ball,1,10.2,Canada,H Patel,ZE Surkari,SW Tait,0,0,"",""
ball,1,10.3,Canada,H Patel,ZE Surkari,SW Tait,0,0,"",""
ball,1,10.4,Canada,H Patel,ZE Surkari,SW Tait,1,0,"",""
ball,1,10.5,Canada,ZE Surkari,H Patel,SW Tait,0,1,"",""
ball,1,10.6,Canada,H Patel,ZE Surkari,SW Tait,1,0,"",""
ball,1,11.1,Canada,H Patel,ZE Surkari,SR Watson,0,0,"",""
ball,1,11.2,Canada,H Patel,ZE Surkari,SR Watson,0,0,"",""
ball,1,11.3,Canada,H Patel,ZE Surkari,SR Watson,0,0,caught,H Patel
ball,1,11.4,Canada,ZE Surkari,A Bagai,SR Watson,0,0,"",""
ball,1,11.5,Canada,ZE Surkari,A Bagai,SR Watson,0,0,"",""
ball,1,11.6,Canada,ZE Surkari,A Bagai,SR Watson,2,0,"",""
ball,1,12.1,Canada,A Bagai,ZE Surkari,SW Tait,0,0,"",""
ball,1,12.2,Canada,A Bagai,ZE Surkari,SW Tait,0,0,"",""
ball,1,12.3,Canada,A Bagai,ZE Surkari,SW Tait,0,0,"",""
ball,1,12.4,Canada,A Bagai,ZE Surkari,SW Tait,0,0,"",""
ball,1,12.5,Canada,A Bagai,ZE Surkari,SW Tait,0,0,"",""
ball,1,12.6,Canada,A Bagai,ZE Surkari,SW Tait,0,0,"",""
ball,1,13.1,Canada,ZE Surkari,A Bagai,SR Watson,1,0,"",""
ball,1,13.2,Canada,A Bagai,ZE Surkari,SR Watson,4,0,"",""
ball,1,13.3,Canada,A Bagai,ZE Surkari,SR Watson,0,0,"",""
ball,1,13.4,Canada,A Bagai,ZE Surkari,SR Watson,0,0,"",""
ball,1,13.5,Canada,A Bagai,ZE Surkari,SR Watson,0,0,"",""
ball,1,13.6,Canada,A Bagai,ZE Surkari,SR Watson,0,0,"",""
ball,1,14.1,Canada,ZE Surkari,A Bagai,MG Johnson,1,0,"",""
ball,1,14.2,Canada,A Bagai,ZE Surkari,MG Johnson,0,0,"",""
ball,1,14.3,Canada,A Bagai,ZE Surkari,MG Johnson,0,0,"",""
ball,1,14.4,Canada,A Bagai,ZE Surkari,MG Johnson,0,0,"",""
ball,1,14.5,Canada,A Bagai,ZE Surkari,MG Johnson,4,0,"",""
ball,1,14.6,Canada,A Bagai,ZE Surkari,MG Johnson,1,0,"",""
ball,1,15.1,Canada,A Bagai,ZE Surkari,B Lee,0,0,"",""
ball,1,15.2,Canada,A Bagai,ZE Surkari,B Lee,0,0,"",""
ball,1,15.3,Canada,A Bagai,ZE Surkari,B Lee,4,0,"",""
ball,1,15.4,Canada,A Bagai,ZE Surkari,B Lee,0,0,"",""
ball,1,15.5,Canada,A Bagai,ZE Surkari,B Lee,0,0,"",""
ball,1,15.6,Canada,A Bagai,ZE Surkari,B Lee,0,0,"",""
ball,1,16.1,Canada,ZE Surkari,A Bagai,MG Johnson,2,0,"",""
ball,1,16.2,Canada,ZE Surkari,A Bagai,MG Johnson,0,0,"",""
ball,1,16.3,Canada,ZE Surkari,A Bagai,MG Johnson,0,0,"",""
ball,1,16.4,Canada,ZE Surkari,A Bagai,MG Johnson,0,0,"",""
ball,1,16.5,Canada,ZE Surkari,A Bagai,MG Johnson,0,0,"",""
ball,1,16.6,Canada,ZE Surkari,A Bagai,MG Johnson,0,1,"",""
ball,1,16.7,Canada,ZE Surkari,A Bagai,MG Johnson,0,0,"",""
ball,1,17.1,Canada,A Bagai,ZE Surkari,JJ Krejza,1,0,"",""
ball,1,17.2,Canada,ZE Surkari,A Bagai,JJ Krejza,1,0,"",""
ball,1,17.3,Canada,A Bagai,ZE Surkari,JJ Krejza,0,1,"",""
ball,1,17.4,Canada,A Bagai,ZE Surkari,JJ Krejza,1,0,"",""
ball,1,17.5,Canada,ZE Surkari,A Bagai,JJ Krejza,2,0,"",""
ball,1,17.6,Canada,ZE Surkari,A Bagai,JJ Krejza,0,0,"",""
ball,1,17.7,Canada,ZE Surkari,A Bagai,JJ Krejza,1,0,"",""
ball,1,18.1,Canada,ZE Surkari,A Bagai,MG Johnson,0,0,"",""
ball,1,18.2,Canada,ZE Surkari,A Bagai,MG Johnson,0,0,"",""
ball,1,18.3,Canada,ZE Surkari,A Bagai,MG Johnson,1,0,"",""
ball,1,18.4,Canada,A Bagai,ZE Surkari,MG Johnson,0,0,"",""
ball,1,18.5,Canada,A Bagai,ZE Surkari,MG Johnson,0,0,"",""
ball,1,18.6,Canada,A Bagai,ZE Surkari,MG Johnson,0,0,"",""
ball,1,19.1,Canada,ZE Surkari,A Bagai,JJ Krejza,0,0,"",""
ball,1,19.2,Canada,ZE Surkari,A Bagai,JJ Krejza,0,0,"",""
ball,1,19.3,Canada,ZE Surkari,A Bagai,JJ Krejza,1,0,"",""
ball,1,19.4,Canada,A Bagai,ZE Surkari,JJ Krejza,1,0,"",""
ball,1,19.5,Canada,ZE Surkari,A Bagai,JJ Krejza,0,0,"",""
ball,1,19.6,Canada,ZE Surkari,A Bagai,JJ Krejza,1,0,"",""
ball,1,20.1,Canada,ZE Surkari,A Bagai,MG Johnson,0,0,"",""
ball,1,20.2,Canada,ZE Surkari,A Bagai,MG Johnson,1,0,"",""
ball,1,20.3,Canada,A Bagai,ZE Surkari,MG Johnson,0,0,"",""
ball,1,20.4,Canada,A Bagai,ZE Surkari,MG Johnson,1,0,"",""
ball,1,20.5,Canada,ZE Surkari,A Bagai,MG Johnson,0,0,"",""
ball,1,20.6,Canada,ZE Surkari,A Bagai,MG Johnson,0,0,"",""
ball,1,21.1,Canada,A Bagai,ZE Surkari,JJ Krejza,1,0,"",""
ball,1,21.2,Canada,ZE Surkari,A Bagai,JJ Krejza,1,0,"",""
ball,1,21.3,Canada,A Bagai,ZE Surkari,JJ Krejza,0,1,"",""
ball,1,21.4,Canada,ZE Surkari,A Bagai,JJ Krejza,1,0,"",""
ball,1,21.5,Canada,A Bagai,ZE Surkari,JJ Krejza,0,0,"",""
ball,1,21.6,Canada,A Bagai,ZE Surkari,JJ Krejza,1,0,"",""
ball,1,22.1,Canada,A Bagai,ZE Surkari,SR Watson,0,0,"",""
ball,1,22.2,Canada,A Bagai,ZE Surkari,SR Watson,0,0,"",""
ball,1,22.3,Canada,A Bagai,ZE Surkari,SR Watson,4,0,"",""
ball,1,22.4,Canada,A Bagai,ZE Surkari,SR Watson,0,0,"",""
ball,1,22.5,Canada,A Bagai,ZE Surkari,SR Watson,4,0,"",""
ball,1,22.6,Canada,A Bagai,ZE Surkari,SR Watson,0,0,"",""
ball,1,23.1,Canada,ZE Surkari,A Bagai,JJ Krejza,1,0,"",""
ball,1,23.2,Canada,A Bagai,ZE Surkari,JJ Krejza,0,0,"",""
ball,1,23.3,Canada,A Bagai,ZE Surkari,JJ Krejza,0,0,"",""
ball,1,23.4,Canada,A Bagai,ZE Surkari,JJ Krejza,1,0,"",""
ball,1,23.5,Canada,ZE Surkari,A Bagai,JJ Krejza,0,0,"",""
ball,1,23.6,Canada,ZE Surkari,A Bagai,JJ Krejza,0,0,"",""
ball,1,24.1,Canada,A Bagai,ZE Surkari,SR Watson,0,0,"",""
ball,1,24.2,Canada,A Bagai,ZE Surkari,SR Watson,0,0,"",""
ball,1,24.3,Canada,A Bagai,ZE Surkari,SR Watson,1,0,"",""
ball,1,24.4,Canada,ZE Surkari,A Bagai,SR Watson,0,0,"",""
ball,1,24.5,Canada,ZE Surkari,A Bagai,SR Watson,0,0,"",""
ball,1,24.6,Canada,ZE Surkari,A Bagai,SR Watson,0,0,"",""
ball,1,25.1,Canada,A Bagai,ZE Surkari,JJ Krejza,1,0,"",""
ball,1,25.2,Canada,ZE Surkari,A Bagai,JJ Krejza,0,0,"",""
ball,1,25.3,Canada,ZE Surkari,A Bagai,JJ Krejza,1,0,"",""
ball,1,25.4,Canada,A Bagai,ZE Surkari,JJ Krejza,1,0,"",""
ball,1,25.5,Canada,ZE Surkari,A Bagai,JJ Krejza,4,0,"",""
ball,1,25.6,Canada,ZE Surkari,A Bagai,JJ Krejza,0,0,"",""
ball,1,26.1,Canada,A Bagai,ZE Surkari,SW Tait,4,0,"",""
ball,1,26.2,Canada,A Bagai,ZE Surkari,SW Tait,1,0,"",""
ball,1,26.3,Canada,ZE Surkari,A Bagai,SW Tait,0,0,"",""
ball,1,26.4,Canada,ZE Surkari,A Bagai,SW Tait,0,1,"",""
ball,1,26.5,Canada,ZE Surkari,A Bagai,SW Tait,1,0,"",""
ball,1,26.6,Canada,A Bagai,ZE Surkari,SW Tait,0,1,"",""
ball,1,26.7,Canada,A Bagai,ZE Surkari,SW Tait,0,0,"",""
ball,1,26.8,Canada,A Bagai,ZE Surkari,SW Tait,0,0,"",""
ball,1,27.1,Canada,ZE Surkari,A Bagai,JJ Krejza,0,0,"",""
ball,1,27.2,Canada,ZE Surkari,A Bagai,JJ Krejza,1,0,"",""
ball,1,27.3,Canada,A Bagai,ZE Surkari,JJ Krejza,1,0,"",""
ball,1,27.4,Canada,ZE Surkari,A Bagai,JJ Krejza,0,0,"",""
ball,1,27.5,Canada,ZE Surkari,A Bagai,JJ Krejza,0,0,"",""
ball,1,27.6,Canada,ZE Surkari,A Bagai,JJ Krejza,0,0,"",""
ball,1,28.1,Canada,A Bagai,ZE Surkari,SW Tait,2,0,"",""
ball,1,28.2,Canada,A Bagai,ZE Surkari,SW Tait,0,0,caught,A Bagai
ball,1,28.3,Canada,AS Hansra,ZE Surkari,SW Tait,1,0,"",""
ball,1,28.4,Canada,ZE Surkari,AS Hansra,SW Tait,0,0,"",""
ball,1,28.5,Canada,ZE Surkari,AS Hansra,SW Tait,0,0,"",""
ball,1,28.6,Canada,ZE Surkari,AS Hansra,SW Tait,0,0,"",""
ball,1,29.1,Canada,AS Hansra,ZE Surkari,JJ Krejza,1,0,"",""
ball,1,29.2,Canada,ZE Surkari,AS Hansra,JJ Krejza,1,0,"",""
ball,1,29.3,Canada,AS Hansra,ZE Surkari,JJ Krejza,1,0,"",""
ball,1,29.4,Canada,ZE Surkari,AS Hansra,JJ Krejza,2,0,"",""
ball,1,29.5,Canada,ZE Surkari,AS Hansra,JJ Krejza,1,0,"",""
ball,1,29.6,Canada,AS Hansra,ZE Surkari,JJ Krejza,0,0,caught,AS Hansra
ball,1,30.1,Canada,ZE Surkari,Rizwan Cheema,SW Tait,0,0,"",""
ball,1,30.2,Canada,ZE Surkari,Rizwan Cheema,SW Tait,0,0,"",""
ball,1,30.3,Canada,ZE Surkari,Rizwan Cheema,SW Tait,0,0,"",""
ball,1,30.4,Canada,ZE Surkari,Rizwan Cheema,SW Tait,0,0,bowled,ZE Surkari
ball,1,30.5,Canada,NR Kumar,Rizwan Cheema,SW Tait,0,0,"",""
ball,1,30.6,Canada,NR Kumar,Rizwan Cheema,SW Tait,1,0,"",""
ball,1,31.1,Canada,NR Kumar,Rizwan Cheema,B Lee,1,0,"",""
ball,1,31.2,Canada,Rizwan Cheema,NR Kumar,B Lee,2,0,"",""
ball,1,31.3,Canada,Rizwan Cheema,NR Kumar,B Lee,0,0,bowled,Rizwan Cheema
ball,1,31.4,Canada,K Whatham,NR Kumar,B Lee,0,0,"",""
ball,1,31.5,Canada,K Whatham,NR Kumar,B Lee,0,0,"",""
ball,1,31.6,Canada,K Whatham,NR Kumar,B Lee,0,0,"",""
ball,1,32.1,Canada,NR Kumar,K Whatham,SW Tait,1,0,"",""
ball,1,32.2,Canada,K Whatham,NR Kumar,SW Tait,0,0,"",""
ball,1,32.3,Canada,K Whatham,NR Kumar,SW Tait,0,0,"",""
ball,1,32.4,Canada,K Whatham,NR Kumar,SW Tait,0,0,"",""
ball,1,32.5,Canada,K Whatham,NR Kumar,SW Tait,0,0,"",""
ball,1,32.6,Canada,K Whatham,NR Kumar,SW Tait,0,0,"",""
ball,1,33.1,Canada,NR Kumar,K Whatham,B Lee,0,0,"",""
ball,1,33.2,Canada,NR Kumar,K Whatham,B Lee,0,0,"",""
ball,1,33.3,Canada,NR Kumar,K Whatham,B Lee,2,0,"",""
ball,1,33.4,Canada,NR Kumar,K Whatham,B Lee,0,0,"",""
ball,1,33.5,Canada,NR Kumar,K Whatham,B Lee,0,0,"",""
ball,1,33.6,Canada,NR Kumar,K Whatham,B Lee,0,0,"",""
ball,1,34.1,Canada,K Whatham,NR Kumar,MG Johnson,0,0,"",""
ball,1,34.2,Canada,K Whatham,NR Kumar,MG Johnson,0,1,"",""
ball,1,34.3,Canada,K Whatham,NR Kumar,MG Johnson,0,0,"",""
ball,1,34.4,Canada,K Whatham,NR Kumar,MG Johnson,0,0,"",""
ball,1,34.5,Canada,K Whatham,NR Kumar,MG Johnson,0,0,"",""
ball,1,34.6,Canada,K Whatham,NR Kumar,MG Johnson,0,0,"",""
ball,1,34.7,Canada,K Whatham,NR Kumar,MG Johnson,0,0,"",""
ball,1,35.1,Canada,NR Kumar,K Whatham,B Lee,1,0,"",""
ball,1,35.2,Canada,K Whatham,NR Kumar,B Lee,1,0,"",""
ball,1,35.3,Canada,NR Kumar,K Whatham,B Lee,0,0,"",""
ball,1,35.4,Canada,NR Kumar,K Whatham,B Lee,0,0,"",""
ball,1,35.5,Canada,NR Kumar,K Whatham,B Lee,0,0,"",""
ball,1,35.6,Canada,NR Kumar,K Whatham,B Lee,1,0,"",""
ball,1,36.1,Canada,NR Kumar,K Whatham,MG Johnson,0,0,"",""
ball,1,36.2,Canada,NR Kumar,K Whatham,MG Johnson,0,1,"",""
ball,1,36.3,Canada,NR Kumar,K Whatham,MG Johnson,0,0,"",""
ball,1,36.4,Canada,NR Kumar,K Whatham,MG Johnson,0,0,caught,NR Kumar
ball,1,36.5,Canada,HS Baidwan,K Whatham,MG Johnson,0,0,"",""
ball,1,36.6,Canada,HS Baidwan,K Whatham,MG Johnson,4,0,"",""
ball,1,36.7,Canada,HS Baidwan,K Whatham,MG Johnson,0,0,"",""
ball,1,37.1,Canada,K Whatham,HS Baidwan,JJ Krejza,0,0,"",""
ball,1,37.2,Canada,K Whatham,HS Baidwan,JJ Krejza,1,0,"",""
ball,1,37.3,Canada,HS Baidwan,K Whatham,JJ Krejza,1,0,"",""
ball,1,37.4,Canada,K Whatham,HS Baidwan,JJ Krejza,0,0,"",""
ball,1,37.5,Canada,K Whatham,HS Baidwan,JJ Krejza,0,1,"",""
ball,1,37.6,Canada,K Whatham,HS Baidwan,JJ Krejza,0,0,"",""
ball,1,37.7,Canada,K Whatham,HS Baidwan,JJ Krejza,0,0,"",""
ball,1,38.1,Canada,HS Baidwan,K Whatham,MG Johnson,0,0,"",""
ball,1,38.2,Canada,HS Baidwan,K Whatham,MG Johnson,1,0,"",""
ball,1,38.3,Canada,K Whatham,HS Baidwan,MG Johnson,0,0,"",""
ball,1,38.4,Canada,K Whatham,HS Baidwan,MG Johnson,0,0,"",""
ball,1,38.5,Canada,K Whatham,HS Baidwan,MG Johnson,0,0,"",""
ball,1,38.6,Canada,K Whatham,HS Baidwan,MG Johnson,4,0,"",""
ball,1,39.1,Canada,HS Baidwan,K Whatham,JJ Krejza,1,0,"",""
ball,1,39.2,Canada,K Whatham,HS Baidwan,JJ Krejza,1,0,"",""
ball,1,39.3,Canada,HS Baidwan,K Whatham,JJ Krejza,1,0,"",""
ball,1,39.4,Canada,K Whatham,HS Baidwan,JJ Krejza,0,0,"",""
ball,1,39.5,Canada,K Whatham,HS Baidwan,JJ Krejza,0,0,"",""
ball,1,39.6,Canada,K Whatham,HS Baidwan,JJ Krejza,1,0,"",""
ball,1,40.1,Canada,K Whatham,HS Baidwan,SPD Smith,0,0,"",""
ball,1,40.2,Canada,K Whatham,HS Baidwan,SPD Smith,1,0,"",""
ball,1,40.3,Canada,HS Baidwan,K Whatham,SPD Smith,0,0,"",""
ball,1,40.4,Canada,HS Baidwan,K Whatham,SPD Smith,4,0,"",""
ball,1,40.5,Canada,HS Baidwan,K Whatham,SPD Smith,0,0,"",""
ball,1,40.6,Canada,HS Baidwan,K Whatham,SPD Smith,1,0,"",""
ball,1,41.1,Canada,HS Baidwan,K Whatham,JJ Krejza,4,0,"",""
ball,1,41.2,Canada,HS Baidwan,K Whatham,JJ Krejza,0,0,caught,HS Baidwan
ball,1,41.3,Canada,K Whatham,WD Balaji Rao,JJ Krejza,1,0,"",""
ball,1,41.4,Canada,WD Balaji Rao,K Whatham,JJ Krejza,0,0,"",""
ball,1,41.5,Canada,WD Balaji Rao,K Whatham,JJ Krejza,0,0,"",""
ball,1,41.6,Canada,WD Balaji Rao,K Whatham,JJ Krejza,1,0,"",""
ball,1,42.1,Canada,WD Balaji Rao,K Whatham,SPD Smith,2,0,"",""
ball,1,42.2,Canada,WD Balaji Rao,K Whatham,SPD Smith,1,0,"",""
ball,1,42.3,Canada,K Whatham,WD Balaji Rao,SPD Smith,1,0,"",""
ball,1,42.4,Canada,WD Balaji Rao,K Whatham,SPD Smith,0,0,"",""
ball,1,42.5,Canada,WD Balaji Rao,K Whatham,SPD Smith,1,0,"",""
ball,1,42.6,Canada,K Whatham,WD Balaji Rao,SPD Smith,1,0,"",""
ball,1,43.1,Canada,K Whatham,WD Balaji Rao,B Lee,1,0,"",""
ball,1,43.2,Canada,WD Balaji Rao,K Whatham,B Lee,0,0,"",""
ball,1,43.3,Canada,WD Balaji Rao,K Whatham,B Lee,0,0,"",""
ball,1,43.4,Canada,WD Balaji Rao,K Whatham,B Lee,0,0,"",""
ball,1,43.5,Canada,WD Balaji Rao,K Whatham,B Lee,0,0,"",""
ball,1,43.6,Canada,WD Balaji Rao,K Whatham,B Lee,0,0,bowled,WD Balaji Rao
ball,1,44.1,Canada,K Whatham,H Osinde,SPD Smith,0,0,"",""
ball,1,44.2,Canada,K Whatham,H Osinde,SPD Smith,0,0,"",""
ball,1,44.3,Canada,K Whatham,H Osinde,SPD Smith,1,0,"",""
ball,1,44.4,Canada,H Osinde,K Whatham,SPD Smith,1,0,"",""
ball,1,44.5,Canada,K Whatham,H Osinde,SPD Smith,0,0,"",""
ball,1,44.6,Canada,K Whatham,H Osinde,SPD Smith,4,0,"",""
ball,1,45.1,Canada,H Osinde,K Whatham,B Lee,0,0,"",""
ball,1,45.2,Canada,H Osinde,K Whatham,B Lee,1,0,"",""
ball,1,45.3,Canada,K Whatham,H Osinde,B Lee,0,0,"",""
ball,1,45.4,Canada,K Whatham,H Osinde,B Lee,0,0,bowled,K Whatham
ball,2,0.1,Australia,SR Watson,BJ Haddin,H Osinde,0,0,"",""
ball,2,0.2,Australia,SR Watson,BJ Haddin,H Osinde,0,0,"",""
ball,2,0.3,Australia,SR Watson,BJ Haddin,H Osinde,0,0,"",""
ball,2,0.4,Australia,SR Watson,BJ Haddin,H Osinde,1,0,"",""
ball,2,0.5,Australia,BJ Haddin,SR Watson,H Osinde,0,0,"",""
ball,2,0.6,Australia,BJ Haddin,SR Watson,H Osinde,0,0,"",""
ball,2,1.1,Australia,SR Watson,BJ Haddin,HS Baidwan,0,0,"",""
ball,2,1.2,Australia,SR Watson,BJ Haddin,HS Baidwan,1,0,"",""
ball,2,1.3,Australia,BJ Haddin,SR Watson,HS Baidwan,1,0,"",""
ball,2,1.4,Australia,SR Watson,BJ Haddin,HS Baidwan,0,0,"",""
ball,2,1.5,Australia,SR Watson,BJ Haddin,HS Baidwan,2,0,"",""
ball,2,1.6,Australia,SR Watson,BJ Haddin,HS Baidwan,0,0,"",""
ball,2,2.1,Australia,BJ Haddin,SR Watson,H Osinde,0,0,"",""
ball,2,2.2,Australia,BJ Haddin,SR Watson,H Osinde,0,0,"",""
ball,2,2.3,Australia,BJ Haddin,SR Watson,H Osinde,4,0,"",""
ball,2,2.4,Australia,BJ Haddin,SR Watson,H Osinde,0,0,"",""
ball,2,2.5,Australia,BJ Haddin,SR Watson,H Osinde,1,0,"",""
ball,2,2.6,Australia,SR Watson,BJ Haddin,H Osinde,0,0,"",""
ball,2,3.1,Australia,BJ Haddin,SR Watson,HS Baidwan,4,0,"",""
ball,2,3.2,Australia,BJ Haddin,SR Watson,HS Baidwan,0,0,"",""
ball,2,3.3,Australia,BJ Haddin,SR Watson,HS Baidwan,0,0,"",""
ball,2,3.4,Australia,BJ Haddin,SR Watson,HS Baidwan,4,0,"",""
ball,2,3.5,Australia,BJ Haddin,SR Watson,HS Baidwan,0,0,"",""
ball,2,3.6,Australia,BJ Haddin,SR Watson,HS Baidwan,1,0,"",""
ball,2,4.1,Australia,BJ Haddin,SR Watson,H Osinde,0,0,"",""
ball,2,4.2,Australia,BJ Haddin,SR Watson,H Osinde,0,0,"",""
ball,2,4.3,Australia,BJ Haddin,SR Watson,H Osinde,0,0,"",""
ball,2,4.4,Australia,BJ Haddin,SR Watson,H Osinde,0,0,"",""
ball,2,4.5,Australia,BJ Haddin,SR Watson,H Osinde,0,0,"",""
ball,2,4.6,Australia,BJ Haddin,SR Watson,H Osinde,4,0,"",""
ball,2,5.1,Australia,SR Watson,BJ Haddin,HS Baidwan,0,0,"",""
ball,2,5.2,Australia,SR Watson,BJ Haddin,HS Baidwan,0,0,"",""
ball,2,5.3,Australia,SR Watson,BJ Haddin,HS Baidwan,0,0,"",""
ball,2,5.4,Australia,SR Watson,BJ Haddin,HS Baidwan,4,0,"",""
ball,2,5.5,Australia,SR Watson,BJ Haddin,HS Baidwan,1,0,"",""
ball,2,5.6,Australia,BJ Haddin,SR Watson,HS Baidwan,0,0,"",""
ball,2,6.1,Australia,SR Watson,BJ Haddin,H Osinde,0,0,"",""
ball,2,6.2,Australia,SR Watson,BJ Haddin,H Osinde,1,0,"",""
ball,2,6.3,Australia,BJ Haddin,SR Watson,H Osinde,0,0,"",""
ball,2,6.4,Australia,BJ Haddin,SR Watson,H Osinde,4,0,"",""
ball,2,6.5,Australia,BJ Haddin,SR Watson,H Osinde,0,0,"",""
ball,2,6.6,Australia,BJ Haddin,SR Watson,H Osinde,0,0,"",""
ball,2,7.1,Australia,SR Watson,BJ Haddin,HS Baidwan,0,0,"",""
ball,2,7.2,Australia,SR Watson,BJ Haddin,HS Baidwan,4,0,"",""
ball,2,7.3,Australia,SR Watson,BJ Haddin,HS Baidwan,1,0,"",""
ball,2,7.4,Australia,BJ Haddin,SR Watson,HS Baidwan,0,0,"",""
ball,2,7.5,Australia,BJ Haddin,SR Watson,HS Baidwan,0,0,"",""
ball,2,7.6,Australia,BJ Haddin,SR Watson,HS Baidwan,0,0,"",""
ball,2,8.1,Australia,SR Watson,BJ Haddin,H Osinde,2,0,"",""
ball,2,8.2,Australia,SR Watson,BJ Haddin,H Osinde,0,0,"",""
ball,2,8.3,Australia,SR Watson,BJ Haddin,H Osinde,0,0,"",""
ball,2,8.4,Australia,SR Watson,BJ Haddin,H Osinde,1,0,"",""
ball,2,8.5,Australia,BJ Haddin,SR Watson,H Osinde,0,0,"",""
ball,2,8.6,Australia,BJ Haddin,SR Watson,H Osinde,0,0,"",""
ball,2,9.1,Australia,SR Watson,BJ Haddin,HS Baidwan,0,0,"",""
ball,2,9.2,Australia,SR Watson,BJ Haddin,HS Baidwan,0,0,"",""
ball,2,9.3,Australia,SR Watson,BJ Haddin,HS Baidwan,0,0,"",""
ball,2,9.4,Australia,SR Watson,BJ Haddin,HS Baidwan,0,0,"",""
ball,2,9.5,Australia,SR Watson,BJ Haddin,HS Baidwan,0,0,"",""
ball,2,9.6,Australia,SR Watson,BJ Haddin,HS Baidwan,0,0,"",""
ball,2,10.1,Australia,BJ Haddin,SR Watson,H Osinde,1,0,"",""
ball,2,10.2,Australia,SR Watson,BJ Haddin,H Osinde,0,0,"",""
ball,2,10.3,Australia,SR Watson,BJ Haddin,H Osinde,0,0,"",""
ball,2,10.4,Australia,SR Watson,BJ Haddin,H Osinde,4,0,"",""
ball,2,10.5,Australia,SR Watson,BJ Haddin,H Osinde,0,0,"",""
ball,2,10.6,Australia,SR Watson,BJ Haddin,H Osinde,1,0,"",""
ball,2,11.1,Australia,SR Watson,BJ Haddin,WD Balaji Rao,1,0,"",""
ball,2,11.2,Australia,BJ Haddin,SR Watson,WD Balaji Rao,1,0,"",""
ball,2,11.3,Australia,SR Watson,BJ Haddin,WD Balaji Rao,0,0,"",""
ball,2,11.4,Australia,SR Watson,BJ Haddin,WD Balaji Rao,0,0,"",""
ball,2,11.5,Australia,SR Watson,BJ Haddin,WD Balaji Rao,0,0,"",""
ball,2,11.6,Australia,SR Watson,BJ Haddin,WD Balaji Rao,4,0,"",""
ball,2,12.1,Australia,BJ Haddin,SR Watson,Rizwan Cheema,1,0,"",""
ball,2,12.2,Australia,SR Watson,BJ Haddin,Rizwan Cheema,0,0,"",""
ball,2,12.3,Australia,SR Watson,BJ Haddin,Rizwan Cheema,1,0,"",""
ball,2,12.4,Australia,BJ Haddin,SR Watson,Rizwan Cheema,1,0,"",""
ball,2,12.5,Australia,SR Watson,BJ Haddin,Rizwan Cheema,0,0,"",""
ball,2,12.6,Australia,SR Watson,BJ Haddin,Rizwan Cheema,1,0,"",""
ball,2,13.1,Australia,SR Watson,BJ Haddin,WD Balaji Rao,1,0,"",""
ball,2,13.2,Australia,BJ Haddin,SR Watson,WD Balaji Rao,0,0,"",""
ball,2,13.3,Australia,BJ Haddin,SR Watson,WD Balaji Rao,0,0,"",""
ball,2,13.4,Australia,BJ Haddin,SR Watson,WD Balaji Rao,1,0,"",""
ball,2,13.5,Australia,SR Watson,BJ Haddin,WD Balaji Rao,1,0,"",""
ball,2,13.6,Australia,BJ Haddin,SR Watson,WD Balaji Rao,1,0,"",""
ball,2,14.1,Australia,BJ Haddin,SR Watson,Rizwan Cheema,0,0,"",""
ball,2,14.2,Australia,BJ Haddin,SR Watson,Rizwan Cheema,0,0,"",""
ball,2,14.3,Australia,BJ Haddin,SR Watson,Rizwan Cheema,1,0,"",""
ball,2,14.4,Australia,SR Watson,BJ Haddin,Rizwan Cheema,0,0,"",""
ball,2,14.5,Australia,SR Watson,BJ Haddin,Rizwan Cheema,4,0,"",""
ball,2,14.6,Australia,SR Watson,BJ Haddin,Rizwan Cheema,1,0,"",""
ball,2,15.1,Australia,SR Watson,BJ Haddin,WD Balaji Rao,1,0,"",""
ball,2,15.2,Australia,BJ Haddin,SR Watson,WD Balaji Rao,0,0,"",""
ball,2,15.3,Australia,BJ Haddin,SR Watson,WD Balaji Rao,1,0,"",""
ball,2,15.4,Australia,SR Watson,BJ Haddin,WD Balaji Rao,1,0,"",""
ball,2,15.5,Australia,BJ Haddin,SR Watson,WD Balaji Rao,0,0,"",""
ball,2,15.6,Australia,BJ Haddin,SR Watson,WD Balaji Rao,2,0,"",""
ball,2,16.1,Australia,SR Watson,BJ Haddin,JM Davison,1,0,"",""
ball,2,16.2,Australia,BJ Haddin,SR Watson,JM Davison,0,0,"",""
ball,2,16.3,Australia,BJ Haddin,SR Watson,JM Davison,1,0,"",""
ball,2,16.4,Australia,SR Watson,BJ Haddin,JM Davison,1,0,"",""
ball,2,16.5,Australia,BJ Haddin,SR Watson,JM Davison,1,0,"",""
ball,2,16.6,Australia,SR Watson,BJ Haddin,JM Davison,1,0,"",""
ball,2,17.1,Australia,SR Watson,BJ Haddin,WD Balaji Rao,0,0,"",""
ball,2,17.2,Australia,SR Watson,BJ Haddin,WD Balaji Rao,0,0,"",""
ball,2,17.3,Australia,SR Watson,BJ Haddin,WD Balaji Rao,0,1,"",""
ball,2,17.4,Australia,BJ Haddin,SR Watson,WD Balaji Rao,0,0,"",""
ball,2,17.5,Australia,BJ Haddin,SR Watson,WD Balaji Rao,0,0,"",""
ball,2,17.6,Australia,BJ Haddin,SR Watson,WD Balaji Rao,1,0,"",""
ball,2,18.1,Australia,BJ Haddin,SR Watson,JM Davison,0,0,"",""
ball,2,18.2,Australia,BJ Haddin,SR Watson,JM Davison,1,0,"",""
ball,2,18.3,Australia,SR Watson,BJ Haddin,JM Davison,0,0,"",""
ball,2,18.4,Australia,SR Watson,BJ Haddin,JM Davison,0,0,"",""
ball,2,18.5,Australia,SR Watson,BJ Haddin,JM Davison,0,0,"",""
ball,2,18.6,Australia,SR Watson,BJ Haddin,JM Davison,1,0,"",""
ball,2,19.1,Australia,SR Watson,BJ Haddin,WD Balaji Rao,1,0,"",""
ball,2,19.2,Australia,BJ Haddin,SR Watson,WD Balaji Rao,0,0,"",""
ball,2,19.3,Australia,BJ Haddin,SR Watson,WD Balaji Rao,0,0,"",""
ball,2,19.4,Australia,BJ Haddin,SR Watson,WD Balaji Rao,0,0,"",""
ball,2,19.5,Australia,BJ Haddin,SR Watson,WD Balaji Rao,6,0,"",""
ball,2,19.6,Australia,BJ Haddin,SR Watson,WD Balaji Rao,2,0,"",""
ball,2,20.1,Australia,SR Watson,BJ Haddin,HS Baidwan,2,0,"",""
ball,2,20.2,Australia,SR Watson,BJ Haddin,HS Baidwan,0,0,"",""
ball,2,20.3,Australia,SR Watson,BJ Haddin,HS Baidwan,0,0,"",""
ball,2,20.4,Australia,SR Watson,BJ Haddin,HS Baidwan,1,0,"",""
ball,2,20.5,Australia,BJ Haddin,SR Watson,HS Baidwan,0,0,"",""
ball,2,20.6,Australia,BJ Haddin,SR Watson,HS Baidwan,1,0,"",""
ball,2,21.1,Australia,BJ Haddin,SR Watson,H Osinde,2,0,"",""
ball,2,21.2,Australia,BJ Haddin,SR Watson,H Osinde,1,0,"",""
ball,2,21.3,Australia,SR Watson,BJ Haddin,H Osinde,0,0,"",""
ball,2,21.4,Australia,SR Watson,BJ Haddin,H Osinde,1,0,"",""
ball,2,21.5,Australia,BJ Haddin,SR Watson,H Osinde,4,0,"",""
ball,2,21.6,Australia,BJ Haddin,SR Watson,H Osinde,4,0,"",""
ball,2,22.1,Australia,SR Watson,BJ Haddin,HS Baidwan,1,0,"",""
ball,2,22.2,Australia,BJ Haddin,SR Watson,HS Baidwan,1,0,"",""
ball,2,22.3,Australia,SR Watson,BJ Haddin,HS Baidwan,0,0,"",""
ball,2,22.4,Australia,SR Watson,BJ Haddin,HS Baidwan,1,0,"",""
ball,2,22.5,Australia,BJ Haddin,SR Watson,HS Baidwan,1,0,"",""
ball,2,22.6,Australia,SR Watson,BJ Haddin,HS Baidwan,4,0,"",""
ball,2,23.1,Australia,BJ Haddin,SR Watson,Rizwan Cheema,4,0,"",""
ball,2,23.2,Australia,BJ Haddin,SR Watson,Rizwan Cheema,0,0,"",""
ball,2,23.3,Australia,BJ Haddin,SR Watson,Rizwan Cheema,0,0,"",""
ball,2,23.4,Australia,BJ Haddin,SR Watson,Rizwan Cheema,4,0,"",""
ball,2,23.5,Australia,BJ Haddin,SR Watson,Rizwan Cheema,4,0,"",""
ball,2,23.6,Australia,BJ Haddin,SR Watson,Rizwan Cheema,1,0,"",""
ball,2,24.1,Australia,BJ Haddin,SR Watson,HS Baidwan,1,0,"",""
ball,2,24.2,Australia,SR Watson,BJ Haddin,HS Baidwan,1,0,"",""
ball,2,24.3,Australia,BJ Haddin,SR Watson,HS Baidwan,0,0,"",""
ball,2,24.4,Australia,BJ Haddin,SR Watson,HS Baidwan,1,0,"",""
ball,2,24.5,Australia,SR Watson,BJ Haddin,HS Baidwan,1,0,"",""
ball,2,24.6,Australia,BJ Haddin,SR Watson,HS Baidwan,0,0,"",""
ball,2,25.1,Australia,SR Watson,BJ Haddin,WD Balaji Rao,0,0,"",""
ball,2,25.2,Australia,SR Watson,BJ Haddin,WD Balaji Rao,6,0,"",""
ball,2,25.3,Australia,SR Watson,BJ Haddin,WD Balaji Rao,0,0,"",""
ball,2,25.4,Australia,SR Watson,BJ Haddin,WD Balaji Rao,0,0,"",""
ball,2,25.5,Australia,SR Watson,BJ Haddin,WD Balaji Rao,0,0,"",""
ball,2,25.6,Australia,SR Watson,BJ Haddin,WD Balaji Rao,6,0,"",""
ball,2,26.1,Australia,BJ Haddin,SR Watson,JM Davison,1,0,"",""
ball,2,26.2,Australia,SR Watson,BJ Haddin,JM Davison,1,0,"",""
ball,2,26.3,Australia,BJ Haddin,SR Watson,JM Davison,1,0,"",""
ball,2,26.4,Australia,SR Watson,BJ Haddin,JM Davison,0,0,"",""
ball,2,26.5,Australia,SR Watson,BJ Haddin,JM Davison,0,0,"",""
ball,2,26.6,Australia,SR Watson,BJ Haddin,JM Davison,6,0,"",""
ball,2,27.1,Australia,BJ Haddin,SR Watson,H Patel,0,0,"",""
ball,2,27.2,Australia,BJ Haddin,SR Watson,H Patel,1,0,"",""
ball,2,27.3,Australia,SR Watson,BJ Haddin,H Patel,6,0,"",""
ball,2,27.4,Australia,SR Watson,BJ Haddin,H Patel,4,0,"",""
ball,2,27.5,Australia,SR Watson,BJ Haddin,H Patel,4,0,"",""
ball,2,27.6,Australia,SR Watson,BJ Haddin,H Patel,4,0,"",""
ball,2,28.1,Australia,BJ Haddin,SR Watson,JM Davison,4,0,"",""
ball,2,28.2,Australia,BJ Haddin,SR Watson,JM Davison,6,0,"",""
ball,2,28.3,Australia,BJ Haddin,SR Watson,JM Davison,1,0,"",""
ball,2,28.4,Australia,SR Watson,BJ Haddin,JM Davison,1,0,"",""
ball,2,28.5,Australia,BJ Haddin,SR Watson,JM Davison,0,0,caught,BJ Haddin
ball,2,28.6,Australia,RT Ponting,SR Watson,JM Davison,1,0,"",""
ball,2,29.1,Australia,RT Ponting,SR Watson,HS Baidwan,0,0,"",""
ball,2,29.2,Australia,RT Ponting,SR Watson,HS Baidwan,1,0,"",""
ball,2,29.3,Australia,SR Watson,RT Ponting,HS Baidwan,0,0,caught,SR Watson
ball,2,29.4,Australia,RT Ponting,MJ Clarke,HS Baidwan,0,0,"",""
ball,2,29.5,Australia,RT Ponting,MJ Clarke,HS Baidwan,0,0,"",""
ball,2,29.6,Australia,RT Ponting,MJ Clarke,HS Baidwan,0,0,"",""
ball,2,30.1,Australia,MJ Clarke,RT Ponting,H Osinde,4,0,"",""
ball,2,30.2,Australia,MJ Clarke,RT Ponting,H Osinde,0,0,"",""
ball,2,30.3,Australia,MJ Clarke,RT Ponting,H Osinde,0,0,"",""
ball,2,30.4,Australia,MJ Clarke,RT Ponting,H Osinde,0,0,"",""
ball,2,30.5,Australia,MJ Clarke,RT Ponting,H Osinde,4,0,"",""
ball,2,30.6,Australia,MJ Clarke,RT Ponting,H Osinde,0,0,"",""
ball,2,31.1,Australia,RT Ponting,MJ Clarke,HS Baidwan,0,0,"",""
ball,2,31.2,Australia,RT Ponting,MJ Clarke,HS Baidwan,1,0,"",""
ball,2,31.3,Australia,MJ Clarke,RT Ponting,HS Baidwan,0,0,"",""
ball,2,31.4,Australia,MJ Clarke,RT Ponting,HS Baidwan,0,0,"",""
ball,2,31.5,Australia,MJ Clarke,RT Ponting,HS Baidwan,0,0,"",""
ball,2,31.6,Australia,MJ Clarke,RT Ponting,HS Baidwan,0,0,"",""
ball,2,32.1,Australia,RT Ponting,MJ Clarke,H Osinde,0,0,"",""
ball,2,32.2,Australia,RT Ponting,MJ Clarke,H Osinde,1,0,"",""
ball,2,32.3,Australia,MJ Clarke,RT Ponting,H Osinde,0,0,"",""
ball,2,32.4,Australia,MJ Clarke,RT Ponting,H Osinde,1,0,"",""
ball,2,32.5,Australia,RT Ponting,MJ Clarke,H Osinde,1,0,"",""
ball,2,32.6,Australia,MJ Clarke,RT Ponting,H Osinde,0,1,"",""
ball,2,32.7,Australia,MJ Clarke,RT Ponting,H Osinde,0,0,"",""
ball,2,33.1,Australia,RT Ponting,MJ Clarke,WD Balaji Rao,1,0,"",""
ball,2,33.2,Australia,MJ Clarke,RT Ponting,WD Balaji Rao,2,0,"",""
ball,2,33.3,Australia,MJ Clarke,RT Ponting,WD Balaji Rao,0,0,"",""
ball,2,33.4,Australia,MJ Clarke,RT Ponting,WD Balaji Rao,4,0,"",""
ball,2,33.5,Australia,MJ Clarke,RT Ponting,WD Balaji Rao,1,0,"",""
ball,2,33.6,Australia,RT Ponting,MJ Clarke,WD Balaji Rao,1,0,"",""
ball,2,34.1,Australia,RT Ponting,MJ Clarke,H Osinde,0,0,"",""
ball,2,34.2,Australia,RT Ponting,MJ Clarke,H Osinde,0,0,caught,RT Ponting
ball,2,34.3,Australia,CL White,MJ Clarke,H Osinde,0,0,"",""
ball,2,34.4,Australia,CL White,MJ Clarke,H Osinde,0,0,"",""
ball,2,34.5,Australia,CL White,MJ Clarke,H Osinde,4,0,"",""
ball,2,34.6,Australia,CL White,MJ Clarke,H Osinde,0,1,"",""
