version,1.3.0
info,team,Australia
info,team,Kenya
info,gender,male
info,season,2010/11
info,date,2011/03/13
info,competition,ICC Cricket World Cup
info,match_number,31
info,venue,M Chinnaswamy Stadium
info,city,Bangalore
info,neutralvenue,true
info,toss_winner,Australia
info,toss_decision,bat
info,player_of_match,CO Obuya
info,umpire,Asad Rauf
info,umpire,RA Kettleborough
info,reserve_umpire,AM Saheba
info,tv_umpire,BF Bowden
info,match_referee,AJ Pycroft
info,winner,Australia
info,winner_runs,60
ball,1,0.1,Australia,SR Watson,BJ Haddin,TM Odoyo,0,0,"",""
ball,1,0.2,Australia,SR Watson,BJ Haddin,TM Odoyo,0,0,"",""
ball,1,0.3,Australia,SR Watson,BJ Haddin,TM Odoyo,0,0,"",""
ball,1,0.4,Australia,SR Watson,BJ Haddin,TM Odoyo,1,0,"",""
ball,1,0.5,Australia,BJ Haddin,SR Watson,TM Odoyo,0,0,"",""
ball,1,0.6,Australia,BJ Haddin,SR Watson,TM Odoyo,1,0,"",""
ball,1,1.1,Australia,BJ Haddin,SR Watson,E Otieno,0,0,"",""
ball,1,1.2,Australia,BJ Haddin,SR Watson,E Otieno,0,0,"",""
ball,1,1.3,Australia,BJ Haddin,SR Watson,E Otieno,1,0,"",""
ball,1,1.4,Australia,SR Watson,BJ Haddin,E Otieno,4,0,"",""
ball,1,1.5,Australia,SR Watson,BJ Haddin,E Otieno,4,0,"",""
ball,1,1.6,Australia,SR Watson,BJ Haddin,E Otieno,6,0,"",""
ball,1,2.1,Australia,BJ Haddin,SR Watson,TM Odoyo,1,0,"",""
ball,1,2.2,Australia,SR Watson,BJ Haddin,TM Odoyo,0,0,"",""
ball,1,2.3,Australia,SR Watson,BJ Haddin,TM Odoyo,0,0,"",""
ball,1,2.4,Australia,SR Watson,BJ Haddin,TM Odoyo,0,0,"",""
ball,1,2.5,Australia,SR Watson,BJ Haddin,TM Odoyo,4,0,"",""
ball,1,2.6,Australia,SR Watson,BJ Haddin,TM Odoyo,0,0,"",""
ball,1,3.1,Australia,BJ Haddin,SR Watson,E Otieno,4,0,"",""
ball,1,3.2,Australia,BJ Haddin,SR Watson,E Otieno,0,0,"",""
ball,1,3.3,Australia,BJ Haddin,SR Watson,E Otieno,0,0,"",""
ball,1,3.4,Australia,BJ Haddin,SR Watson,E Otieno,4,0,"",""
ball,1,3.5,Australia,BJ Haddin,SR Watson,E Otieno,1,0,"",""
ball,1,3.6,Australia,SR Watson,BJ Haddin,E Otieno,0,0,"",""
ball,1,4.1,Australia,BJ Haddin,SR Watson,TM Odoyo,0,0,"",""
ball,1,4.2,Australia,BJ Haddin,SR Watson,TM Odoyo,0,0,"",""
ball,1,4.3,Australia,BJ Haddin,SR Watson,TM Odoyo,0,0,"",""
ball,1,4.4,Australia,BJ Haddin,SR Watson,TM Odoyo,0,0,"",""
ball,1,4.5,Australia,BJ Haddin,SR Watson,TM Odoyo,0,0,"",""
ball,1,4.6,Australia,BJ Haddin,SR Watson,TM Odoyo,4,0,"",""
ball,1,5.1,Australia,SR Watson,BJ Haddin,NN Odhiambo,1,0,"",""
ball,1,5.2,Australia,BJ Haddin,SR Watson,NN Odhiambo,0,1,"",""
ball,1,5.3,Australia,BJ Haddin,SR Watson,NN Odhiambo,0,0,"",""
ball,1,5.4,Australia,BJ Haddin,SR Watson,NN Odhiambo,0,0,"",""
ball,1,5.5,Australia,BJ Haddin,SR Watson,NN Odhiambo,0,0,"",""
ball,1,5.6,Australia,BJ Haddin,SR Watson,NN Odhiambo,0,0,"",""
ball,1,5.7,Australia,BJ Haddin,SR Watson,NN Odhiambo,0,0,"",""
ball,1,6.1,Australia,SR Watson,BJ Haddin,TM Odoyo,1,0,"",""
ball,1,6.2,Australia,BJ Haddin,SR Watson,TM Odoyo,0,0,"",""
ball,1,6.3,Australia,BJ Haddin,SR Watson,TM Odoyo,0,0,"",""
ball,1,6.4,Australia,BJ Haddin,SR Watson,TM Odoyo,0,0,"",""
ball,1,6.5,Australia,BJ Haddin,SR Watson,TM Odoyo,0,0,"",""
ball,1,6.6,Australia,BJ Haddin,SR Watson,TM Odoyo,0,0,"",""
ball,1,7.1,Australia,SR Watson,BJ Haddin,NN Odhiambo,0,0,"",""
ball,1,7.2,Australia,SR Watson,BJ Haddin,NN Odhiambo,0,0,caught,SR Watson
ball,1,7.3,Australia,RT Ponting,BJ Haddin,NN Odhiambo,0,0,"",""
ball,1,7.4,Australia,RT Ponting,BJ Haddin,NN Odhiambo,0,0,"",""
ball,1,7.5,Australia,RT Ponting,BJ Haddin,NN Odhiambo,0,0,"",""
ball,1,7.6,Australia,RT Ponting,BJ Haddin,NN Odhiambo,0,0,"",""
ball,1,8.1,Australia,BJ Haddin,RT Ponting,TM Odoyo,0,0,"",""
ball,1,8.2,Australia,BJ Haddin,RT Ponting,TM Odoyo,1,0,"",""
ball,1,8.3,Australia,RT Ponting,BJ Haddin,TM Odoyo,0,0,"",""
ball,1,8.4,Australia,RT Ponting,BJ Haddin,TM Odoyo,0,0,"",""
ball,1,8.5,Australia,RT Ponting,BJ Haddin,TM Odoyo,4,0,"",""
ball,1,8.6,Australia,RT Ponting,BJ Haddin,TM Odoyo,0,0,"",""
ball,1,9.1,Australia,BJ Haddin,RT Ponting,NN Odhiambo,0,0,"",""
ball,1,9.2,Australia,BJ Haddin,RT Ponting,NN Odhiambo,0,0,"",""
ball,1,9.3,Australia,BJ Haddin,RT Ponting,NN Odhiambo,1,0,"",""
ball,1,9.4,Australia,RT Ponting,BJ Haddin,NN Odhiambo,0,0,"",""
ball,1,9.5,Australia,RT Ponting,BJ Haddin,NN Odhiambo,0,0,"",""
ball,1,9.6,Australia,RT Ponting,BJ Haddin,NN Odhiambo,0,0,"",""
ball,1,10.1,Australia,BJ Haddin,RT Ponting,E Otieno,0,0,"",""
ball,1,10.2,Australia,BJ Haddin,RT Ponting,E Otieno,1,0,"",""
ball,1,10.3,Australia,RT Ponting,BJ Haddin,E Otieno,0,0,"",""
ball,1,10.4,Australia,RT Ponting,BJ Haddin,E Otieno,0,0,"",""
ball,1,10.5,Australia,RT Ponting,BJ Haddin,E Otieno,0,0,"",""
ball,1,10.6,Australia,RT Ponting,BJ Haddin,E Otieno,4,0,"",""
ball,1,11.1,Australia,BJ Haddin,RT Ponting,NN Odhiambo,0,0,"",""
ball,1,11.2,Australia,BJ Haddin,RT Ponting,NN Odhiambo,0,0,"",""
ball,1,11.3,Australia,BJ Haddin,RT Ponting,NN Odhiambo,0,0,"",""
ball,1,11.4,Australia,BJ Haddin,RT Ponting,NN Odhiambo,0,0,"",""
ball,1,11.5,Australia,BJ Haddin,RT Ponting,NN Odhiambo,1,0,"",""
ball,1,11.6,Australia,RT Ponting,BJ Haddin,NN Odhiambo,0,0,"",""
ball,1,12.1,Australia,BJ Haddin,RT Ponting,E Otieno,0,0,"",""
ball,1,12.2,Australia,BJ Haddin,RT Ponting,E Otieno,0,0,"",""
ball,1,12.3,Australia,BJ Haddin,RT Ponting,E Otieno,4,0,"",""
ball,1,12.4,Australia,BJ Haddin,RT Ponting,E Otieno,1,0,"",""
ball,1,12.5,Australia,RT Ponting,BJ Haddin,E Otieno,0,0,"",""
ball,1,12.6,Australia,RT Ponting,BJ Haddin,E Otieno,0,0,"",""
ball,1,13.1,Australia,BJ Haddin,RT Ponting,NN Odhiambo,1,0,"",""
ball,1,13.2,Australia,RT Ponting,BJ Haddin,NN Odhiambo,0,0,"",""
ball,1,13.3,Australia,RT Ponting,BJ Haddin,NN Odhiambo,4,0,"",""
ball,1,13.4,Australia,RT Ponting,BJ Haddin,NN Odhiambo,0,0,"",""
ball,1,13.5,Australia,RT Ponting,BJ Haddin,NN Odhiambo,0,0,"",""
ball,1,13.6,Australia,RT Ponting,BJ Haddin,NN Odhiambo,4,0,"",""
ball,1,14.1,Australia,BJ Haddin,RT Ponting,E Otieno,1,0,"",""
ball,1,14.2,Australia,RT Ponting,BJ Haddin,E Otieno,0,0,"",""
ball,1,14.3,Australia,RT Ponting,BJ Haddin,E Otieno,1,0,"",""
ball,1,14.4,Australia,BJ Haddin,RT Ponting,E Otieno,4,0,"",""
ball,1,14.5,Australia,BJ Haddin,RT Ponting,E Otieno,4,0,"",""
ball,1,14.6,Australia,BJ Haddin,RT Ponting,E Otieno,0,0,"",""
ball,1,15.1,Australia,RT Ponting,BJ Haddin,JO Ngoche,1,0,"",""
ball,1,15.2,Australia,BJ Haddin,RT Ponting,JO Ngoche,1,0,"",""
ball,1,15.3,Australia,RT Ponting,BJ Haddin,JO Ngoche,0,0,"",""
ball,1,15.4,Australia,RT Ponting,BJ Haddin,JO Ngoche,1,0,"",""
ball,1,15.5,Australia,BJ Haddin,RT Ponting,JO Ngoche,1,0,"",""
ball,1,15.6,Australia,RT Ponting,BJ Haddin,JO Ngoche,0,0,"",""
ball,1,16.1,Australia,BJ Haddin,RT Ponting,JK Kamande,0,0,"",""
ball,1,16.2,Australia,BJ Haddin,RT Ponting,JK Kamande,1,0,"",""
ball,1,16.3,Australia,RT Ponting,BJ Haddin,JK Kamande,0,0,"",""
ball,1,16.4,Australia,RT Ponting,BJ Haddin,JK Kamande,1,0,"",""
ball,1,16.5,Australia,BJ Haddin,RT Ponting,JK Kamande,0,0,"",""
ball,1,16.6,Australia,BJ Haddin,RT Ponting,JK Kamande,0,0,"",""
ball,1,17.1,Australia,RT Ponting,BJ Haddin,JO Ngoche,4,0,"",""
ball,1,17.2,Australia,RT Ponting,BJ Haddin,JO Ngoche,1,0,"",""
ball,1,17.3,Australia,BJ Haddin,RT Ponting,JO Ngoche,0,0,"",""
ball,1,17.4,Australia,BJ Haddin,RT Ponting,JO Ngoche,1,0,"",""
ball,1,17.5,Australia,RT Ponting,BJ Haddin,JO Ngoche,0,5,"",""
ball,1,17.6,Australia,RT Ponting,BJ Haddin,JO Ngoche,0,0,"",""
ball,1,17.7,Australia,RT Ponting,BJ Haddin,JO Ngoche,1,0,"",""
ball,1,18.1,Australia,RT Ponting,BJ Haddin,JK Kamande,0,0,"",""
ball,1,18.2,Australia,RT Ponting,BJ Haddin,JK Kamande,0,0,"",""
ball,1,18.3,Australia,RT Ponting,BJ Haddin,JK Kamande,1,0,"",""
ball,1,18.4,Australia,BJ Haddin,RT Ponting,JK Kamande,0,0,"",""
ball,1,18.5,Australia,BJ Haddin,RT Ponting,JK Kamande,0,0,"",""
ball,1,18.6,Australia,BJ Haddin,RT Ponting,JK Kamande,2,0,"",""
ball,1,19.1,Australia,RT Ponting,BJ Haddin,JO Ngoche,0,0,"",""
ball,1,19.2,Australia,RT Ponting,BJ Haddin,JO Ngoche,1,0,"",""
ball,1,19.3,Australia,BJ Haddin,RT Ponting,JO Ngoche,0,0,"",""
ball,1,19.4,Australia,BJ Haddin,RT Ponting,JO Ngoche,4,0,"",""
ball,1,19.5,Australia,BJ Haddin,RT Ponting,JO Ngoche,1,0,"",""
ball,1,19.6,Australia,RT Ponting,BJ Haddin,JO Ngoche,1,0,"",""
ball,1,20.1,Australia,RT Ponting,BJ Haddin,JK Kamande,1,0,"",""
ball,1,20.2,Australia,BJ Haddin,RT Ponting,JK Kamande,4,0,"",""
ball,1,20.3,Australia,BJ Haddin,RT Ponting,JK Kamande,0,0,"",""
ball,1,20.4,Australia,BJ Haddin,RT Ponting,JK Kamande,0,0,"",""
ball,1,20.5,Australia,BJ Haddin,RT Ponting,JK Kamande,0,0,"",""
ball,1,20.6,Australia,BJ Haddin,RT Ponting,JK Kamande,4,0,"",""
ball,1,21.1,Australia,RT Ponting,BJ Haddin,JO Ngoche,0,0,"",""
ball,1,21.2,Australia,RT Ponting,BJ Haddin,JO Ngoche,0,0,"",""
ball,1,21.3,Australia,RT Ponting,BJ Haddin,JO Ngoche,1,0,"",""
ball,1,21.4,Australia,BJ Haddin,RT Ponting,JO Ngoche,0,0,"",""
ball,1,21.5,Australia,BJ Haddin,RT Ponting,JO Ngoche,6,0,"",""
ball,1,21.6,Australia,BJ Haddin,RT Ponting,JO Ngoche,1,0,"",""
ball,1,22.1,Australia,BJ Haddin,RT Ponting,JK Kamande,0,0,"",""
ball,1,22.2,Australia,BJ Haddin,RT Ponting,JK Kamande,1,0,"",""
ball,1,22.3,Australia,RT Ponting,BJ Haddin,JK Kamande,0,0,"",""
ball,1,22.4,Australia,RT Ponting,BJ Haddin,JK Kamande,0,0,"",""
ball,1,22.5,Australia,RT Ponting,BJ Haddin,JK Kamande,0,0,"",""
ball,1,22.6,Australia,RT Ponting,BJ Haddin,JK Kamande,1,0,"",""
ball,1,23.1,Australia,RT Ponting,BJ Haddin,CO Obuya,1,0,"",""
ball,1,23.2,Australia,BJ Haddin,RT Ponting,CO Obuya,1,0,"",""
ball,1,23.3,Australia,RT Ponting,BJ Haddin,CO Obuya,1,0,"",""
ball,1,23.4,Australia,BJ Haddin,RT Ponting,CO Obuya,1,0,"",""
ball,1,23.5,Australia,RT Ponting,BJ Haddin,CO Obuya,1,0,"",""
ball,1,23.6,Australia,BJ Haddin,RT Ponting,CO Obuya,1,0,"",""
ball,1,24.1,Australia,BJ Haddin,RT Ponting,JK Kamande,0,0,"",""
ball,1,24.2,Australia,BJ Haddin,RT Ponting,JK Kamande,0,0,"",""
ball,1,24.3,Australia,BJ Haddin,RT Ponting,JK Kamande,0,0,"",""
ball,1,24.4,Australia,BJ Haddin,RT Ponting,JK Kamande,0,0,caught,BJ Haddin
ball,1,24.5,Australia,MJ Clarke,RT Ponting,JK Kamande,0,0,"",""
ball,1,24.6,Australia,MJ Clarke,RT Ponting,JK Kamande,1,0,"",""
ball,1,25.1,Australia,MJ Clarke,RT Ponting,CO Obuya,1,0,"",""
ball,1,25.2,Australia,RT Ponting,MJ Clarke,CO Obuya,1,0,"",""
ball,1,25.3,Australia,MJ Clarke,RT Ponting,CO Obuya,1,0,"",""
ball,1,25.4,Australia,RT Ponting,MJ Clarke,CO Obuya,0,0,lbw,RT Ponting
ball,1,25.5,Australia,CL White,MJ Clarke,CO Obuya,0,0,"",""
ball,1,25.6,Australia,CL White,MJ Clarke,CO Obuya,0,1,"",""
ball,1,25.7,Australia,CL White,MJ Clarke,CO Obuya,1,1,"",""
ball,1,25.8,Australia,MJ Clarke,CL White,CO Obuya,1,0,"",""
ball,1,26.1,Australia,MJ Clarke,CL White,JK Kamande,1,0,"",""
ball,1,26.2,Australia,CL White,MJ Clarke,JK Kamande,0,0,"",""
ball,1,26.3,Australia,CL White,MJ Clarke,JK Kamande,0,0,"",""
ball,1,26.4,Australia,CL White,MJ Clarke,JK Kamande,1,0,"",""
ball,1,26.5,Australia,MJ Clarke,CL White,JK Kamande,0,5,"",""
ball,1,26.6,Australia,MJ Clarke,CL White,JK Kamande,1,0,"",""
ball,1,26.7,Australia,CL White,MJ Clarke,JK Kamande,0,0,bowled,CL White
ball,1,27.1,Australia,MJ Clarke,MEK Hussey,CO Obuya,0,0,"",""
ball,1,27.2,Australia,MJ Clarke,MEK Hussey,CO Obuya,1,0,"",""
ball,1,27.3,Australia,MEK Hussey,MJ Clarke,CO Obuya,4,0,"",""
ball,1,27.4,Australia,MEK Hussey,MJ Clarke,CO Obuya,1,0,"",""
ball,1,27.5,Australia,MJ Clarke,MEK Hussey,CO Obuya,1,0,"",""
ball,1,27.6,Australia,MEK Hussey,MJ Clarke,CO Obuya,2,0,"",""
ball,1,28.1,Australia,MJ Clarke,MEK Hussey,JK Kamande,0,0,"",""
ball,1,28.2,Australia,MJ Clarke,MEK Hussey,JK Kamande,1,0,"",""
ball,1,28.3,Australia,MEK Hussey,MJ Clarke,JK Kamande,1,0,"",""
ball,1,28.4,Australia,MJ Clarke,MEK Hussey,JK Kamande,0,1,"",""
ball,1,28.5,Australia,MJ Clarke,MEK Hussey,JK Kamande,1,0,"",""
ball,1,28.6,Australia,MEK Hussey,MJ Clarke,JK Kamande,1,0,"",""
ball,1,28.7,Australia,MJ Clarke,MEK Hussey,JK Kamande,1,0,"",""
ball,1,29.1,Australia,MJ Clarke,MEK Hussey,CO Obuya,1,0,"",""
ball,1,29.2,Australia,MEK Hussey,MJ Clarke,CO Obuya,2,0,"",""
ball,1,29.3,Australia,MEK Hussey,MJ Clarke,CO Obuya,1,0,"",""
ball,1,29.4,Australia,MJ Clarke,MEK Hussey,CO Obuya,4,0,"",""
ball,1,29.5,Australia,MJ Clarke,MEK Hussey,CO Obuya,2,0,"",""
ball,1,29.6,Australia,MJ Clarke,MEK Hussey,CO Obuya,1,0,"",""
ball,1,30.1,Australia,MJ Clarke,MEK Hussey,JK Kamande,0,0,"",""
ball,1,30.2,Australia,MJ Clarke,MEK Hussey,JK Kamande,1,0,"",""
ball,1,30.3,Australia,MEK Hussey,MJ Clarke,JK Kamande,0,0,"",""
ball,1,30.4,Australia,MEK Hussey,MJ Clarke,JK Kamande,1,0,"",""
ball,1,30.5,Australia,MJ Clarke,MEK Hussey,JK Kamande,0,0,"",""
ball,1,30.6,Australia,MJ Clarke,MEK Hussey,JK Kamande,1,0,"",""
ball,1,31.1,Australia,MJ Clarke,MEK Hussey,JO Ngoche,1,0,"",""
ball,1,31.2,Australia,MEK Hussey,MJ Clarke,JO Ngoche,1,0,"",""
ball,1,31.3,Australia,MJ Clarke,MEK Hussey,JO Ngoche,0,0,"",""
ball,1,31.4,Australia,MJ Clarke,MEK Hussey,JO Ngoche,1,0,"",""
ball,1,31.5,Australia,MEK Hussey,MJ Clarke,JO Ngoche,1,0,"",""
ball,1,31.6,Australia,MJ Clarke,MEK Hussey,JO Ngoche,2,0,"",""
ball,1,32.1,Australia,MEK Hussey,MJ Clarke,JK Kamande,1,0,"",""
ball,1,32.2,Australia,MJ Clarke,MEK Hussey,JK Kamande,1,0,"",""
ball,1,32.3,Australia,MEK Hussey,MJ Clarke,JK Kamande,0,0,"",""
ball,1,32.4,Australia,MEK Hussey,MJ Clarke,JK Kamande,1,0,"",""
ball,1,32.5,Australia,MJ Clarke,MEK Hussey,JK Kamande,1,0,"",""
ball,1,32.6,Australia,MEK Hussey,MJ Clarke,JK Kamande,0,0,"",""
ball,1,33.1,Australia,MJ Clarke,MEK Hussey,JO Ngoche,0,0,"",""
ball,1,33.2,Australia,MJ Clarke,MEK Hussey,JO Ngoche,0,0,"",""
ball,1,33.3,Australia,MJ Clarke,MEK Hussey,JO Ngoche,1,0,"",""
ball,1,33.4,Australia,MEK Hussey,MJ Clarke,JO Ngoche,1,0,"",""
ball,1,33.5,Australia,MJ Clarke,MEK Hussey,JO Ngoche,0,0,"",""
ball,1,33.6,Australia,MJ Clarke,MEK Hussey,JO Ngoche,1,0,"",""
ball,1,34.1,Australia,MJ Clarke,MEK Hussey,TM Odoyo,3,0,"",""
ball,1,34.2,Australia,MEK Hussey,MJ Clarke,TM Odoyo,1,0,"",""
ball,1,34.3,Australia,MJ Clarke,MEK Hussey,TM Odoyo,4,0,"",""
ball,1,34.4,Australia,MJ Clarke,MEK Hussey,TM Odoyo,0,0,"",""
ball,1,34.5,Australia,MJ Clarke,MEK Hussey,TM Odoyo,0,0,"",""
ball,1,34.6,Australia,MJ Clarke,MEK Hussey,TM Odoyo,1,0,"",""
ball,1,35.1,Australia,MJ Clarke,MEK Hussey,JO Ngoche,1,0,"",""
ball,1,35.2,Australia,MEK Hussey,MJ Clarke,JO Ngoche,1,0,"",""
ball,1,35.3,Australia,MJ Clarke,MEK Hussey,JO Ngoche,0,0,"",""
ball,1,35.4,Australia,MJ Clarke,MEK Hussey,JO Ngoche,2,0,"",""
ball,1,35.5,Australia,MJ Clarke,MEK Hussey,JO Ngoche,1,0,"",""
ball,1,35.6,Australia,MEK Hussey,MJ Clarke,JO Ngoche,1,0,"",""
ball,1,36.1,Australia,MEK Hussey,MJ Clarke,JK Kamande,1,0,"",""
ball,1,36.2,Australia,MJ Clarke,MEK Hussey,JK Kamande,1,0,"",""
ball,1,36.3,Australia,MEK Hussey,MJ Clarke,JK Kamande,4,0,"",""
ball,1,36.4,Australia,MEK Hussey,MJ Clarke,JK Kamande,1,0,"",""
ball,1,36.5,Australia,MJ Clarke,MEK Hussey,JK Kamande,1,0,"",""
ball,1,36.6,Australia,MEK Hussey,MJ Clarke,JK Kamande,0,0,"",""
ball,1,37.1,Australia,MJ Clarke,MEK Hussey,JO Ngoche,4,0,"",""
ball,1,37.2,Australia,MJ Clarke,MEK Hussey,JO Ngoche,1,0,"",""
ball,1,37.3,Australia,MEK Hussey,MJ Clarke,JO Ngoche,0,0,"",""
ball,1,37.4,Australia,MEK Hussey,MJ Clarke,JO Ngoche,4,0,"",""
ball,1,37.5,Australia,MEK Hussey,MJ Clarke,JO Ngoche,1,0,"",""
ball,1,37.6,Australia,MJ Clarke,MEK Hussey,JO Ngoche,0,0,"",""
ball,1,38.1,Australia,MEK Hussey,MJ Clarke,TM Odoyo,1,0,"",""
ball,1,38.2,Australia,MJ Clarke,MEK Hussey,TM Odoyo,0,1,"",""
ball,1,38.3,Australia,MEK Hussey,MJ Clarke,TM Odoyo,2,0,"",""
ball,1,38.4,Australia,MEK Hussey,MJ Clarke,TM Odoyo,0,1,"",""
ball,1,38.5,Australia,MEK Hussey,MJ Clarke,TM Odoyo,0,0,"",""
ball,1,38.6,Australia,MEK Hussey,MJ Clarke,TM Odoyo,1,0,"",""
ball,1,38.7,Australia,MJ Clarke,MEK Hussey,TM Odoyo,1,0,"",""
ball,1,39.1,Australia,MJ Clarke,MEK Hussey,NN Odhiambo,0,0,"",""
ball,1,39.2,Australia,MJ Clarke,MEK Hussey,NN Odhiambo,0,2,"",""
ball,1,39.3,Australia,MEK Hussey,MJ Clarke,NN Odhiambo,3,0,"",""
ball,1,39.4,Australia,MJ Clarke,MEK Hussey,NN Odhiambo,0,0,"",""
ball,1,39.5,Australia,MJ Clarke,MEK Hussey,NN Odhiambo,1,0,"",""
ball,1,39.6,Australia,MEK Hussey,MJ Clarke,NN Odhiambo,0,0,"",""
ball,1,39.7,Australia,MEK Hussey,MJ Clarke,NN Odhiambo,0,0,"",""
ball,1,40.1,Australia,MJ Clarke,MEK Hussey,TM Odoyo,1,0,"",""
ball,1,40.2,Australia,MEK Hussey,MJ Clarke,TM Odoyo,2,0,"",""
ball,1,40.3,Australia,MEK Hussey,MJ Clarke,TM Odoyo,1,0,"",""
ball,1,40.4,Australia,MJ Clarke,MEK Hussey,TM Odoyo,1,0,"",""
ball,1,40.5,Australia,MEK Hussey,MJ Clarke,TM Odoyo,1,0,"",""
ball,1,40.6,Australia,MJ Clarke,MEK Hussey,TM Odoyo,0,0,"",""
ball,1,41.1,Australia,MEK Hussey,MJ Clarke,NN Odhiambo,4,0,"",""
ball,1,41.2,Australia,MEK Hussey,MJ Clarke,NN Odhiambo,1,0,"",""
ball,1,41.3,Australia,MJ Clarke,MEK Hussey,NN Odhiambo,4,0,"",""
ball,1,41.4,Australia,MJ Clarke,MEK Hussey,NN Odhiambo,1,0,"",""
ball,1,41.5,Australia,MEK Hussey,MJ Clarke,NN Odhiambo,1,0,"",""
ball,1,41.6,Australia,MJ Clarke,MEK Hussey,NN Odhiambo,0,0,"",""
ball,1,42.1,Australia,MEK Hussey,MJ Clarke,TM Odoyo,1,0,"",""
ball,1,42.2,Australia,MJ Clarke,MEK Hussey,TM Odoyo,1,0,"",""
ball,1,42.3,Australia,MEK Hussey,MJ Clarke,TM Odoyo,3,0,"",""
ball,1,42.4,Australia,MJ Clarke,MEK Hussey,TM Odoyo,2,0,"",""
ball,1,42.5,Australia,MJ Clarke,MEK Hussey,TM Odoyo,0,1,"",""
ball,1,42.6,Australia,MEK Hussey,MJ Clarke,TM Odoyo,1,0,"",""
ball,1,43.1,Australia,MEK Hussey,MJ Clarke,NN Odhiambo,0,0,caught,MEK Hussey
ball,1,43.2,Australia,MJ Clarke,SPD Smith,NN Odhiambo,4,0,"",""
ball,1,43.3,Australia,MJ Clarke,SPD Smith,NN Odhiambo,1,0,"",""
ball,1,43.4,Australia,SPD Smith,MJ Clarke,NN Odhiambo,1,0,"",""
ball,1,43.5,Australia,MJ Clarke,SPD Smith,NN Odhiambo,4,0,"",""
ball,1,43.6,Australia,MJ Clarke,SPD Smith,NN Odhiambo,1,0,"",""
ball,1,44.1,Australia,MJ Clarke,SPD Smith,TM Odoyo,1,0,"",""
ball,1,44.2,Australia,SPD Smith,MJ Clarke,TM Odoyo,0,0,"",""
ball,1,44.3,Australia,SPD Smith,MJ Clarke,TM Odoyo,1,0,"",""
ball,1,44.4,Australia,MJ Clarke,SPD Smith,TM Odoyo,1,0,"",""
ball,1,44.5,Australia,SPD Smith,MJ Clarke,TM Odoyo,0,1,"",""
ball,1,44.6,Australia,MJ Clarke,SPD Smith,TM Odoyo,1,0,"",""
ball,1,45.1,Australia,MJ Clarke,SPD Smith,E Otieno,4,0,"",""
ball,1,45.2,Australia,MJ Clarke,SPD Smith,E Otieno,2,0,"",""
ball,1,45.3,Australia,MJ Clarke,SPD Smith,E Otieno,6,0,"",""
ball,1,45.4,Australia,MJ Clarke,SPD Smith,E Otieno,2,0,"",""
ball,1,45.5,Australia,MJ Clarke,SPD Smith,E Otieno,1,0,"",""
ball,1,45.6,Australia,SPD Smith,MJ Clarke,E Otieno,1,0,"",""
ball,1,46.1,Australia,SPD Smith,MJ Clarke,NN Odhiambo,0,0,"",""
ball,1,46.2,Australia,SPD Smith,MJ Clarke,NN Odhiambo,1,0,"",""
ball,1,46.3,Australia,MJ Clarke,SPD Smith,NN Odhiambo,0,0,"",""
ball,1,46.4,Australia,MJ Clarke,SPD Smith,NN Odhiambo,2,0,"",""
ball,1,46.5,Australia,MJ Clarke,SPD Smith,NN Odhiambo,2,0,"",""
ball,1,46.6,Australia,MJ Clarke,SPD Smith,NN Odhiambo,0,0,"",""
ball,1,47.1,Australia,SPD Smith,MJ Clarke,E Otieno,1,0,"",""
ball,1,47.2,Australia,MJ Clarke,SPD Smith,E Otieno,0,1,"",""
ball,1,47.3,Australia,SPD Smith,MJ Clarke,E Otieno,4,0,"",""
ball,1,47.4,Australia,SPD Smith,MJ Clarke,E Otieno,0,1,"",""
ball,1,47.5,Australia,MJ Clarke,SPD Smith,E Otieno,1,0,"",""
ball,1,47.6,Australia,SPD Smith,MJ Clarke,E Otieno,2,0,"",""
ball,1,48.1,Australia,MJ Clarke,SPD Smith,NN Odhiambo,0,0,caught,MJ Clarke
ball,1,48.2,Australia,MG Johnson,SPD Smith,NN Odhiambo,1,0,"",""
ball,1,48.3,Australia,SPD Smith,MG Johnson,NN Odhiambo,1,0,"",""
ball,1,48.4,Australia,MG Johnson,SPD Smith,NN Odhiambo,4,0,"",""
ball,1,48.5,Australia,MG Johnson,SPD Smith,NN Odhiambo,1,0,"",""
ball,1,48.6,Australia,SPD Smith,MG Johnson,NN Odhiambo,4,0,"",""
ball,1,49.1,Australia,MG Johnson,SPD Smith,E Otieno,1,0,"",""
ball,1,49.2,Australia,SPD Smith,MG Johnson,E Otieno,0,1,"",""
ball,1,49.3,Australia,MG Johnson,SPD Smith,E Otieno,0,1,"",""
ball,1,49.4,Australia,SPD Smith,MG Johnson,E Otieno,1,0,"",""
ball,1,49.5,Australia,MG Johnson,SPD Smith,E Otieno,4,0,"",""
ball,1,49.6,Australia,MG Johnson,SPD Smith,E Otieno,1,0,"",""
ball,2,0.1,Kenya,MA Ouma,AA Obanda,B Lee,0,0,"",""
ball,2,0.2,Kenya,MA Ouma,AA Obanda,B Lee,2,0,"",""
ball,2,0.3,Kenya,MA Ouma,AA Obanda,B Lee,0,0,"",""
ball,2,0.4,Kenya,MA Ouma,AA Obanda,B Lee,0,0,"",""
ball,2,0.5,Kenya,MA Ouma,AA Obanda,B Lee,0,0,"",""
ball,2,0.6,Kenya,MA Ouma,AA Obanda,B Lee,1,0,"",""
ball,2,1.1,Kenya,MA Ouma,AA Obanda,SW Tait,0,0,"",""
ball,2,1.2,Kenya,MA Ouma,AA Obanda,SW Tait,1,0,"",""
ball,2,1.3,Kenya,AA Obanda,MA Ouma,SW Tait,0,0,"",""
ball,2,1.4,Kenya,AA Obanda,MA Ouma,SW Tait,0,0,"",""
ball,2,1.5,Kenya,AA Obanda,MA Ouma,SW Tait,0,0,"",""
ball,2,1.6,Kenya,AA Obanda,MA Ouma,SW Tait,0,1,"",""
ball,2,1.7,Kenya,AA Obanda,MA Ouma,SW Tait,0,1,"",""
ball,2,1.8,Kenya,AA Obanda,MA Ouma,SW Tait,6,0,"",""
ball,2,2.1,Kenya,MA Ouma,AA Obanda,B Lee,0,0,"",""
ball,2,2.2,Kenya,MA Ouma,AA Obanda,B Lee,0,0,"",""
ball,2,2.3,Kenya,MA Ouma,AA Obanda,B Lee,0,0,"",""
ball,2,2.4,Kenya,MA Ouma,AA Obanda,B Lee,0,0,"",""
ball,2,2.5,Kenya,MA Ouma,AA Obanda,B Lee,0,0,caught,MA Ouma
ball,2,2.6,Kenya,CO Obuya,AA Obanda,B Lee,0,0,"",""
ball,2,3.1,Kenya,AA Obanda,CO Obuya,SW Tait,0,1,"",""
ball,2,3.2,Kenya,AA Obanda,CO Obuya,SW Tait,0,0,"",""
ball,2,3.3,Kenya,AA Obanda,CO Obuya,SW Tait,2,0,"",""
ball,2,3.4,Kenya,AA Obanda,CO Obuya,SW Tait,6,0,"",""
ball,2,3.5,Kenya,AA Obanda,CO Obuya,SW Tait,0,0,"",""
ball,2,3.6,Kenya,AA Obanda,CO Obuya,SW Tait,0,0,"",""
ball,2,3.7,Kenya,AA Obanda,CO Obuya,SW Tait,0,0,bowled,AA Obanda
ball,2,4.1,Kenya,CO Obuya,DO Obuya,B Lee,0,0,"",""
ball,2,4.2,Kenya,CO Obuya,DO Obuya,B Lee,1,0,"",""
ball,2,4.3,Kenya,DO Obuya,CO Obuya,B Lee,1,0,"",""
ball,2,4.4,Kenya,CO Obuya,DO Obuya,B Lee,0,0,"",""
ball,2,4.5,Kenya,CO Obuya,DO Obuya,B Lee,0,0,"",""
ball,2,4.6,Kenya,CO Obuya,DO Obuya,B Lee,0,0,"",""
ball,2,5.1,Kenya,DO Obuya,CO Obuya,SW Tait,0,1,"",""
ball,2,5.2,Kenya,DO Obuya,CO Obuya,SW Tait,0,0,"",""
ball,2,5.3,Kenya,DO Obuya,CO Obuya,SW Tait,0,1,"",""
ball,2,5.4,Kenya,CO Obuya,DO Obuya,SW Tait,0,0,"",""
ball,2,5.5,Kenya,CO Obuya,DO Obuya,SW Tait,0,0,"",""
ball,2,5.6,Kenya,CO Obuya,DO Obuya,SW Tait,0,0,"",""
ball,2,5.7,Kenya,CO Obuya,DO Obuya,SW Tait,2,0,"",""
ball,2,6.1,Kenya,DO Obuya,CO Obuya,B Lee,1,0,"",""
ball,2,6.2,Kenya,CO Obuya,DO Obuya,B Lee,0,0,"",""
ball,2,6.3,Kenya,CO Obuya,DO Obuya,B Lee,1,0,"",""
ball,2,6.4,Kenya,DO Obuya,CO Obuya,B Lee,0,0,"",""
ball,2,6.5,Kenya,DO Obuya,CO Obuya,B Lee,0,0,"",""
ball,2,6.6,Kenya,DO Obuya,CO Obuya,B Lee,0,0,"",""
ball,2,7.1,Kenya,CO Obuya,DO Obuya,MG Johnson,0,1,"",""
ball,2,7.2,Kenya,CO Obuya,DO Obuya,MG Johnson,0,1,"",""
ball,2,7.3,Kenya,CO Obuya,DO Obuya,MG Johnson,0,0,"",""
ball,2,7.4,Kenya,CO Obuya,DO Obuya,MG Johnson,0,0,"",""
ball,2,7.5,Kenya,CO Obuya,DO Obuya,MG Johnson,0,0,"",""
ball,2,7.6,Kenya,CO Obuya,DO Obuya,MG Johnson,0,0,"",""
ball,2,7.7,Kenya,CO Obuya,DO Obuya,MG Johnson,0,0,"",""
ball,2,7.8,Kenya,CO Obuya,DO Obuya,MG Johnson,4,0,"",""
ball,2,8.1,Kenya,DO Obuya,CO Obuya,B Lee,0,0,"",""
ball,2,8.2,Kenya,DO Obuya,CO Obuya,B Lee,0,0,"",""
ball,2,8.3,Kenya,DO Obuya,CO Obuya,B Lee,1,0,"",""
ball,2,8.4,Kenya,CO Obuya,DO Obuya,B Lee,1,0,"",""
ball,2,8.5,Kenya,DO Obuya,CO Obuya,B Lee,4,0,"",""
ball,2,8.6,Kenya,DO Obuya,CO Obuya,B Lee,1,0,"",""
ball,2,9.1,Kenya,DO Obuya,CO Obuya,MG Johnson,0,0,"",""
ball,2,9.2,Kenya,DO Obuya,CO Obuya,MG Johnson,0,0,"",""
ball,2,9.3,Kenya,DO Obuya,CO Obuya,MG Johnson,4,0,"",""
ball,2,9.4,Kenya,DO Obuya,CO Obuya,MG Johnson,0,0,run out,DO Obuya
ball,2,9.5,Kenya,T Mishra,CO Obuya,MG Johnson,0,0,"",""
ball,2,9.6,Kenya,T Mishra,CO Obuya,MG Johnson,0,0,"",""
ball,2,10.1,Kenya,CO Obuya,T Mishra,SPD Smith,1,0,"",""
ball,2,10.2,Kenya,T Mishra,CO Obuya,SPD Smith,0,0,"",""
ball,2,10.3,Kenya,T Mishra,CO Obuya,SPD Smith,0,0,"",""
ball,2,10.4,Kenya,T Mishra,CO Obuya,SPD Smith,1,0,"",""
ball,2,10.5,Kenya,CO Obuya,T Mishra,SPD Smith,2,0,"",""
ball,2,10.6,Kenya,CO Obuya,T Mishra,SPD Smith,0,0,"",""
ball,2,11.1,Kenya,T Mishra,CO Obuya,MG Johnson,4,0,"",""
ball,2,11.2,Kenya,T Mishra,CO Obuya,MG Johnson,0,0,"",""
ball,2,11.3,Kenya,T Mishra,CO Obuya,MG Johnson,1,0,"",""
ball,2,11.4,Kenya,CO Obuya,T Mishra,MG Johnson,0,0,"",""
ball,2,11.5,Kenya,CO Obuya,T Mishra,MG Johnson,0,0,"",""
ball,2,11.6,Kenya,CO Obuya,T Mishra,MG Johnson,0,0,"",""
ball,2,12.1,Kenya,T Mishra,CO Obuya,SPD Smith,0,0,"",""
ball,2,12.2,Kenya,T Mishra,CO Obuya,SPD Smith,0,0,"",""
ball,2,12.3,Kenya,T Mishra,CO Obuya,SPD Smith,0,0,"",""
ball,2,12.4,Kenya,T Mishra,CO Obuya,SPD Smith,6,0,"",""
ball,2,12.5,Kenya,T Mishra,CO Obuya,SPD Smith,4,0,"",""
ball,2,12.6,Kenya,T Mishra,CO Obuya,SPD Smith,0,0,"",""
ball,2,13.1,Kenya,CO Obuya,T Mishra,MG Johnson,0,0,"",""
ball,2,13.2,Kenya,CO Obuya,T Mishra,MG Johnson,0,0,"",""
ball,2,13.3,Kenya,CO Obuya,T Mishra,MG Johnson,0,0,"",""
ball,2,13.4,Kenya,CO Obuya,T Mishra,MG Johnson,0,0,"",""
ball,2,13.5,Kenya,CO Obuya,T Mishra,MG Johnson,0,0,"",""
ball,2,13.6,Kenya,CO Obuya,T Mishra,MG Johnson,0,0,"",""
ball,2,14.1,Kenya,T Mishra,CO Obuya,SPD Smith,0,0,"",""
ball,2,14.2,Kenya,T Mishra,CO Obuya,SPD Smith,0,0,"",""
ball,2,14.3,Kenya,T Mishra,CO Obuya,SPD Smith,4,0,"",""
ball,2,14.4,Kenya,T Mishra,CO Obuya,SPD Smith,1,0,"",""
ball,2,14.5,Kenya,CO Obuya,T Mishra,SPD Smith,1,0,"",""
ball,2,14.6,Kenya,T Mishra,CO Obuya,SPD Smith,1,0,"",""
ball,2,15.1,Kenya,T Mishra,CO Obuya,MG Johnson,0,0,"",""
ball,2,15.2,Kenya,T Mishra,CO Obuya,MG Johnson,1,0,"",""
ball,2,15.3,Kenya,CO Obuya,T Mishra,MG Johnson,0,0,"",""
ball,2,15.4,Kenya,CO Obuya,T Mishra,MG Johnson,0,0,"",""
ball,2,15.5,Kenya,CO Obuya,T Mishra,MG Johnson,0,0,"",""
ball,2,15.6,Kenya,CO Obuya,T Mishra,MG Johnson,2,0,"",""
ball,2,16.1,Kenya,T Mishra,CO Obuya,SPD Smith,0,0,"",""
ball,2,16.2,Kenya,T Mishra,CO Obuya,SPD Smith,1,0,"",""
ball,2,16.3,Kenya,CO Obuya,T Mishra,SPD Smith,0,0,"",""
ball,2,16.4,Kenya,CO Obuya,T Mishra,SPD Smith,1,0,"",""
ball,2,16.5,Kenya,T Mishra,CO Obuya,SPD Smith,0,0,"",""
ball,2,16.6,Kenya,T Mishra,CO Obuya,SPD Smith,0,0,"",""
ball,2,17.1,Kenya,CO Obuya,T Mishra,JJ Krejza,0,0,"",""
ball,2,17.2,Kenya,CO Obuya,T Mishra,JJ Krejza,4,0,"",""
ball,2,17.3,Kenya,CO Obuya,T Mishra,JJ Krejza,0,0,"",""
ball,2,17.4,Kenya,CO Obuya,T Mishra,JJ Krejza,1,0,"",""
ball,2,17.5,Kenya,T Mishra,CO Obuya,JJ Krejza,0,0,"",""
ball,2,17.6,Kenya,T Mishra,CO Obuya,JJ Krejza,0,0,"",""
ball,2,18.1,Kenya,CO Obuya,T Mishra,SPD Smith,1,0,"",""
ball,2,18.2,Kenya,T Mishra,CO Obuya,SPD Smith,0,0,"",""
ball,2,18.3,Kenya,T Mishra,CO Obuya,SPD Smith,1,0,"",""
ball,2,18.4,Kenya,CO Obuya,T Mishra,SPD Smith,0,0,"",""
ball,2,18.5,Kenya,CO Obuya,T Mishra,SPD Smith,0,0,"",""
ball,2,18.6,Kenya,CO Obuya,T Mishra,SPD Smith,0,0,"",""
ball,2,19.1,Kenya,T Mishra,CO Obuya,JJ Krejza,1,0,"",""
ball,2,19.2,Kenya,CO Obuya,T Mishra,JJ Krejza,1,0,"",""
ball,2,19.3,Kenya,T Mishra,CO Obuya,JJ Krejza,0,0,"",""
ball,2,19.4,Kenya,T Mishra,CO Obuya,JJ Krejza,0,0,"",""
ball,2,19.5,Kenya,T Mishra,CO Obuya,JJ Krejza,2,0,"",""
ball,2,19.6,Kenya,T Mishra,CO Obuya,JJ Krejza,1,0,"",""
ball,2,20.1,Kenya,T Mishra,CO Obuya,SPD Smith,4,0,"",""
ball,2,20.2,Kenya,T Mishra,CO Obuya,SPD Smith,1,0,"",""
ball,2,20.3,Kenya,CO Obuya,T Mishra,SPD Smith,1,0,"",""
ball,2,20.4,Kenya,T Mishra,CO Obuya,SPD Smith,1,0,"",""
ball,2,20.5,Kenya,CO Obuya,T Mishra,SPD Smith,0,0,"",""
ball,2,20.6,Kenya,CO Obuya,T Mishra,SPD Smith,4,0,"",""
ball,2,21.1,Kenya,T Mishra,CO Obuya,JJ Krejza,1,0,"",""
ball,2,21.2,Kenya,CO Obuya,T Mishra,JJ Krejza,0,0,"",""
ball,2,21.3,Kenya,CO Obuya,T Mishra,JJ Krejza,0,0,"",""
ball,2,21.4,Kenya,CO Obuya,T Mishra,JJ Krejza,0,0,"",""
ball,2,21.5,Kenya,CO Obuya,T Mishra,JJ Krejza,0,0,"",""
ball,2,21.6,Kenya,CO Obuya,T Mishra,JJ Krejza,0,0,"",""
ball,2,22.1,Kenya,T Mishra,CO Obuya,SW Tait,0,0,"",""
ball,2,22.2,Kenya,T Mishra,CO Obuya,SW Tait,0,5,"",""
ball,2,22.3,Kenya,T Mishra,CO Obuya,SW Tait,0,0,"",""
ball,2,22.4,Kenya,T Mishra,CO Obuya,SW Tait,0,0,"",""
ball,2,22.5,Kenya,T Mishra,CO Obuya,SW Tait,0,0,"",""
ball,2,22.6,Kenya,T Mishra,CO Obuya,SW Tait,0,0,"",""
ball,2,22.7,Kenya,T Mishra,CO Obuya,SW Tait,0,0,"",""
ball,2,23.1,Kenya,CO Obuya,T Mishra,JJ Krejza,1,0,"",""
ball,2,23.2,Kenya,T Mishra,CO Obuya,JJ Krejza,4,0,"",""
ball,2,23.3,Kenya,T Mishra,CO Obuya,JJ Krejza,0,0,"",""
ball,2,23.4,Kenya,T Mishra,CO Obuya,JJ Krejza,0,0,"",""
ball,2,23.5,Kenya,T Mishra,CO Obuya,JJ Krejza,0,0,"",""
ball,2,23.6,Kenya,T Mishra,CO Obuya,JJ Krejza,1,0,"",""
ball,2,24.1,Kenya,T Mishra,CO Obuya,SW Tait,0,0,"",""
ball,2,24.2,Kenya,T Mishra,CO Obuya,SW Tait,0,0,"",""
ball,2,24.3,Kenya,T Mishra,CO Obuya,SW Tait,0,0,"",""
ball,2,24.4,Kenya,T Mishra,CO Obuya,SW Tait,0,0,"",""
ball,2,24.5,Kenya,T Mishra,CO Obuya,SW Tait,0,0,"",""
ball,2,24.6,Kenya,T Mishra,CO Obuya,SW Tait,1,0,"",""
ball,2,25.1,Kenya,T Mishra,CO Obuya,JJ Krejza,1,0,"",""
ball,2,25.2,Kenya,CO Obuya,T Mishra,JJ Krejza,1,0,"",""
ball,2,25.3,Kenya,T Mishra,CO Obuya,JJ Krejza,1,0,"",""
ball,2,25.4,Kenya,CO Obuya,T Mishra,JJ Krejza,0,0,"",""
ball,2,25.5,Kenya,CO Obuya,T Mishra,JJ Krejza,1,0,"",""
ball,2,25.6,Kenya,T Mishra,CO Obuya,JJ Krejza,0,0,"",""
ball,2,26.1,Kenya,CO Obuya,T Mishra,MJ Clarke,1,0,"",""
ball,2,26.2,Kenya,T Mishra,CO Obuya,MJ Clarke,1,0,"",""
ball,2,26.3,Kenya,CO Obuya,T Mishra,MJ Clarke,1,0,"",""
ball,2,26.4,Kenya,T Mishra,CO Obuya,MJ Clarke,4,0,"",""
ball,2,26.5,Kenya,T Mishra,CO Obuya,MJ Clarke,0,0,"",""
ball,2,26.6,Kenya,T Mishra,CO Obuya,MJ Clarke,0,0,"",""
ball,2,27.1,Kenya,CO Obuya,T Mishra,JJ Krejza,0,0,"",""
ball,2,27.2,Kenya,CO Obuya,T Mishra,JJ Krejza,0,0,"",""
ball,2,27.3,Kenya,CO Obuya,T Mishra,JJ Krejza,0,0,"",""
ball,2,27.4,Kenya,CO Obuya,T Mishra,JJ Krejza,0,0,"",""
ball,2,27.5,Kenya,CO Obuya,T Mishra,JJ Krejza,0,0,"",""
ball,2,27.6,Kenya,CO Obuya,T Mishra,JJ Krejza,1,0,"",""
ball,2,28.1,Kenya,CO Obuya,T Mishra,MJ Clarke,1,0,"",""
ball,2,28.2,Kenya,T Mishra,CO Obuya,MJ Clarke,1,0,"",""
ball,2,28.3,Kenya,CO Obuya,T Mishra,MJ Clarke,0,0,"",""
ball,2,28.4,Kenya,CO Obuya,T Mishra,MJ Clarke,1,0,"",""
ball,2,28.5,Kenya,T Mishra,CO Obuya,MJ Clarke,0,0,"",""
ball,2,28.6,Kenya,T Mishra,CO Obuya,MJ Clarke,1,0,"",""
ball,2,29.1,Kenya,T Mishra,CO Obuya,JJ Krejza,0,0,"",""
ball,2,29.2,Kenya,T Mishra,CO Obuya,JJ Krejza,4,0,"",""
ball,2,29.3,Kenya,T Mishra,CO Obuya,JJ Krejza,2,0,"",""
ball,2,29.4,Kenya,T Mishra,CO Obuya,JJ Krejza,0,0,"",""
ball,2,29.5,Kenya,T Mishra,CO Obuya,JJ Krejza,2,0,"",""
ball,2,29.6,Kenya,T Mishra,CO Obuya,JJ Krejza,0,0,"",""
ball,2,30.1,Kenya,CO Obuya,T Mishra,MJ Clarke,0,0,"",""
ball,2,30.2,Kenya,CO Obuya,T Mishra,MJ Clarke,0,0,"",""
ball,2,30.3,Kenya,CO Obuya,T Mishra,MJ Clarke,1,0,"",""
ball,2,30.4,Kenya,T Mishra,CO Obuya,MJ Clarke,2,0,"",""
ball,2,30.5,Kenya,T Mishra,CO Obuya,MJ Clarke,0,0,"",""
ball,2,30.6,Kenya,T Mishra,CO Obuya,MJ Clarke,0,0,"",""
ball,2,31.1,Kenya,CO Obuya,T Mishra,JJ Krejza,4,0,"",""
ball,2,31.2,Kenya,CO Obuya,T Mishra,JJ Krejza,0,0,"",""
ball,2,31.3,Kenya,CO Obuya,T Mishra,JJ Krejza,0,0,"",""
ball,2,31.4,Kenya,CO Obuya,T Mishra,JJ Krejza,0,0,"",""
ball,2,31.5,Kenya,CO Obuya,T Mishra,JJ Krejza,1,0,"",""
ball,2,31.6,Kenya,T Mishra,CO Obuya,JJ Krejza,1,0,"",""
ball,2,32.1,Kenya,T Mishra,CO Obuya,MJ Clarke,1,0,"",""
ball,2,32.2,Kenya,CO Obuya,T Mishra,MJ Clarke,1,0,"",""
ball,2,32.3,Kenya,T Mishra,CO Obuya,MJ Clarke,1,0,"",""
ball,2,32.4,Kenya,CO Obuya,T Mishra,MJ Clarke,1,0,"",""
ball,2,32.5,Kenya,T Mishra,CO Obuya,MJ Clarke,0,0,"",""
ball,2,32.6,Kenya,T Mishra,CO Obuya,MJ Clarke,0,0,"",""
ball,2,33.1,Kenya,CO Obuya,T Mishra,SR Watson,1,0,"",""
ball,2,33.2,Kenya,T Mishra,CO Obuya,SR Watson,0,0,"",""
ball,2,33.3,Kenya,T Mishra,CO Obuya,SR Watson,0,0,"",""
ball,2,33.4,Kenya,T Mishra,CO Obuya,SR Watson,0,0,"",""
ball,2,33.5,Kenya,T Mishra,CO Obuya,SR Watson,0,0,"",""
ball,2,33.6,Kenya,T Mishra,CO Obuya,SR Watson,1,0,"",""
ball,2,34.1,Kenya,T Mishra,CO Obuya,MJ Clarke,1,0,"",""
ball,2,34.2,Kenya,CO Obuya,T Mishra,MJ Clarke,0,0,"",""
ball,2,34.3,Kenya,CO Obuya,T Mishra,MJ Clarke,0,0,"",""
ball,2,34.4,Kenya,CO Obuya,T Mishra,MJ Clarke,1,0,"",""
ball,2,34.5,Kenya,T Mishra,CO Obuya,MJ Clarke,0,0,"",""
ball,2,34.6,Kenya,T Mishra,CO Obuya,MJ Clarke,1,0,"",""
ball,2,35.1,Kenya,T Mishra,CO Obuya,SR Watson,4,0,"",""
ball,2,35.2,Kenya,T Mishra,CO Obuya,SR Watson,1,0,"",""
ball,2,35.3,Kenya,CO Obuya,T Mishra,SR Watson,0,1,"",""
ball,2,35.4,Kenya,CO Obuya,T Mishra,SR Watson,0,0,run out,T Mishra
ball,2,35.5,Kenya,TM Odoyo,CO Obuya,SR Watson,0,0,"",""
ball,2,35.6,Kenya,TM Odoyo,CO Obuya,SR Watson,0,0,"",""
ball,2,35.7,Kenya,TM Odoyo,CO Obuya,SR Watson,0,0,"",""
ball,2,36.1,Kenya,CO Obuya,TM Odoyo,B Lee,0,0,"",""
ball,2,36.2,Kenya,CO Obuya,TM Odoyo,B Lee,0,0,"",""
ball,2,36.3,Kenya,CO Obuya,TM Odoyo,B Lee,0,0,"",""
ball,2,36.4,Kenya,CO Obuya,TM Odoyo,B Lee,0,1,"",""
ball,2,36.5,Kenya,TM Odoyo,CO Obuya,B Lee,4,0,"",""
ball,2,36.6,Kenya,TM Odoyo,CO Obuya,B Lee,0,0,"",""
ball,2,37.1,Kenya,CO Obuya,TM Odoyo,SR Watson,0,0,"",""
ball,2,37.2,Kenya,CO Obuya,TM Odoyo,SR Watson,0,0,"",""
ball,2,37.3,Kenya,CO Obuya,TM Odoyo,SR Watson,6,0,"",""
ball,2,37.4,Kenya,CO Obuya,TM Odoyo,SR Watson,0,0,"",""
ball,2,37.5,Kenya,CO Obuya,TM Odoyo,SR Watson,0,0,"",""
ball,2,37.6,Kenya,CO Obuya,TM Odoyo,SR Watson,1,0,"",""
ball,2,38.1,Kenya,CO Obuya,TM Odoyo,B Lee,0,4,"",""
ball,2,38.2,Kenya,CO Obuya,TM Odoyo,B Lee,1,0,"",""
ball,2,38.3,Kenya,TM Odoyo,CO Obuya,B Lee,0,0,"",""
ball,2,38.4,Kenya,TM Odoyo,CO Obuya,B Lee,0,0,"",""
ball,2,38.5,Kenya,TM Odoyo,CO Obuya,B Lee,0,0,"",""
ball,2,38.6,Kenya,TM Odoyo,CO Obuya,B Lee,0,0,"",""
ball,2,39.1,Kenya,CO Obuya,TM Odoyo,SR Watson,0,0,"",""
ball,2,39.2,Kenya,CO Obuya,TM Odoyo,SR Watson,0,0,"",""
ball,2,39.3,Kenya,CO Obuya,TM Odoyo,SR Watson,0,0,"",""
ball,2,39.4,Kenya,CO Obuya,TM Odoyo,SR Watson,0,1,"",""
ball,2,39.5,Kenya,TM Odoyo,CO Obuya,SR Watson,4,0,"",""
ball,2,39.6,Kenya,TM Odoyo,CO Obuya,SR Watson,1,0,"",""
ball,2,40.1,Kenya,TM Odoyo,CO Obuya,B Lee,1,0,"",""
ball,2,40.2,Kenya,CO Obuya,TM Odoyo,B Lee,0,0,"",""
ball,2,40.3,Kenya,CO Obuya,TM Odoyo,B Lee,1,0,"",""
ball,2,40.4,Kenya,TM Odoyo,CO Obuya,B Lee,4,0,"",""
ball,2,40.5,Kenya,TM Odoyo,CO Obuya,B Lee,1,0,"",""
ball,2,40.6,Kenya,CO Obuya,TM Odoyo,B Lee,0,0,"",""
ball,2,41.1,Kenya,TM Odoyo,CO Obuya,SR Watson,1,0,"",""
ball,2,41.2,Kenya,CO Obuya,TM Odoyo,SR Watson,6,0,"",""
ball,2,41.3,Kenya,CO Obuya,TM Odoyo,SR Watson,1,0,"",""
ball,2,41.4,Kenya,TM Odoyo,CO Obuya,SR Watson,1,0,"",""
ball,2,41.5,Kenya,CO Obuya,TM Odoyo,SR Watson,0,0,"",""
ball,2,41.6,Kenya,CO Obuya,TM Odoyo,SR Watson,0,0,"",""
ball,2,42.1,Kenya,TM Odoyo,CO Obuya,SW Tait,4,0,"",""
ball,2,42.2,Kenya,TM Odoyo,CO Obuya,SW Tait,0,0,"",""
ball,2,42.3,Kenya,TM Odoyo,CO Obuya,SW Tait,1,0,"",""
ball,2,42.4,Kenya,CO Obuya,TM Odoyo,SW Tait,4,1,"",""
ball,2,42.5,Kenya,CO Obuya,TM Odoyo,SW Tait,0,2,"",""
ball,2,42.6,Kenya,TM Odoyo,CO Obuya,SW Tait,0,1,"",""
ball,2,42.7,Kenya,CO Obuya,TM Odoyo,SW Tait,1,0,"",""
ball,2,42.8,Kenya,TM Odoyo,CO Obuya,SW Tait,0,0,"",""
ball,2,43.1,Kenya,CO Obuya,TM Odoyo,SR Watson,1,0,"",""
ball,2,43.2,Kenya,TM Odoyo,CO Obuya,SR Watson,0,0,"",""
ball,2,43.3,Kenya,TM Odoyo,CO Obuya,SR Watson,0,0,"",""
ball,2,43.4,Kenya,TM Odoyo,CO Obuya,SR Watson,1,0,"",""
ball,2,43.5,Kenya,CO Obuya,TM Odoyo,SR Watson,6,0,"",""
ball,2,43.6,Kenya,CO Obuya,TM Odoyo,SR Watson,4,0,"",""
ball,2,44.1,Kenya,TM Odoyo,CO Obuya,MG Johnson,0,0,"",""
ball,2,44.2,Kenya,TM Odoyo,CO Obuya,MG Johnson,1,0,"",""
ball,2,44.3,Kenya,CO Obuya,TM Odoyo,MG Johnson,0,0,"",""
ball,2,44.4,Kenya,CO Obuya,TM Odoyo,MG Johnson,4,0,"",""
ball,2,44.5,Kenya,CO Obuya,TM Odoyo,MG Johnson,1,0,"",""
ball,2,44.6,Kenya,TM Odoyo,CO Obuya,MG Johnson,1,0,"",""
ball,2,45.1,Kenya,TM Odoyo,CO Obuya,SR Watson,0,0,"",""
ball,2,45.2,Kenya,TM Odoyo,CO Obuya,SR Watson,0,0,"",""
ball,2,45.3,Kenya,TM Odoyo,CO Obuya,SR Watson,6,0,"",""
ball,2,45.4,Kenya,TM Odoyo,CO Obuya,SR Watson,0,0,"",""
ball,2,45.5,Kenya,TM Odoyo,CO Obuya,SR Watson,0,0,"",""
ball,2,45.6,Kenya,TM Odoyo,CO Obuya,SR Watson,1,0,"",""
ball,2,46.1,Kenya,TM Odoyo,CO Obuya,MG Johnson,1,0,"",""
ball,2,46.2,Kenya,CO Obuya,TM Odoyo,MG Johnson,0,0,"",""
ball,2,46.3,Kenya,CO Obuya,TM Odoyo,MG Johnson,1,0,"",""
ball,2,46.4,Kenya,TM Odoyo,CO Obuya,MG Johnson,0,0,"",""
ball,2,46.5,Kenya,TM Odoyo,CO Obuya,MG Johnson,1,0,"",""
ball,2,46.6,Kenya,CO Obuya,TM Odoyo,MG Johnson,2,0,"",""
ball,2,47.1,Kenya,TM Odoyo,CO Obuya,SW Tait,1,0,"",""
ball,2,47.2,Kenya,CO Obuya,TM Odoyo,SW Tait,1,0,"",""
ball,2,47.3,Kenya,TM Odoyo,CO Obuya,SW Tait,0,0,bowled,TM Odoyo
ball,2,47.4,Kenya,RR Patel,CO Obuya,SW Tait,0,0,"",""
ball,2,47.5,Kenya,RR Patel,CO Obuya,SW Tait,4,0,"",""
ball,2,47.6,Kenya,RR Patel,CO Obuya,SW Tait,0,0,"",""
ball,2,48.1,Kenya,CO Obuya,RR Patel,MG Johnson,0,0,"",""
ball,2,48.2,Kenya,CO Obuya,RR Patel,MG Johnson,4,0,"",""
ball,2,48.3,Kenya,CO Obuya,RR Patel,MG Johnson,1,0,"",""
ball,2,48.4,Kenya,RR Patel,CO Obuya,MG Johnson,1,0,"",""
ball,2,48.5,Kenya,CO Obuya,RR Patel,MG Johnson,0,0,"",""
ball,2,48.6,Kenya,CO Obuya,RR Patel,MG Johnson,4,0,"",""
ball,2,49.1,Kenya,RR Patel,CO Obuya,SW Tait,0,0,"",""
ball,2,49.2,Kenya,RR Patel,CO Obuya,SW Tait,0,0,"",""
ball,2,49.3,Kenya,RR Patel,CO Obuya,SW Tait,1,0,"",""
ball,2,49.4,Kenya,CO Obuya,RR Patel,SW Tait,1,0,run out,RR Patel
ball,2,49.5,Kenya,CO Obuya,JK Kamande,SW Tait,0,0,"",""
ball,2,49.6,Kenya,CO Obuya,JK Kamande,SW Tait,1,0,"",""
