version,1.3.0
info,team,Kenya
info,team,Pakistan
info,gender,male
info,season,2010/11
info,date,2011/02/23
info,competition,ICC Cricket World Cup
info,match_number,6
info,venue,"Mahinda Rajapaksa International Cricket Stadium, Sooriyawewa"
info,city,Hambantota
info,neutralvenue,true
info,toss_winner,Pakistan
info,toss_decision,bat
info,player_of_match,Umar Akmal
info,umpire,AL Hill
info,umpire,NJ Llong
info,reserve_umpire,SK Tarapore
info,tv_umpire,DJ Harper
info,match_referee,BC Broad
info,winner,Pakistan
info,winner_runs,205
ball,1,0.1,Pakistan,Mohammad Hafeez,Ahmed Shehzad,TM Odoyo,0,0,"",""
ball,1,0.2,Pakistan,Mohammad Hafeez,Ahmed Shehzad,TM Odoyo,0,0,"",""
ball,1,0.3,Pakistan,Mohammad Hafeez,Ahmed Shehzad,TM Odoyo,0,0,"",""
ball,1,0.4,Pakistan,Mohammad Hafeez,Ahmed Shehzad,TM Odoyo,0,0,"",""
ball,1,0.5,Pakistan,Mohammad Hafeez,Ahmed Shehzad,TM Odoyo,2,0,"",""
ball,1,0.6,Pakistan,Mohammad Hafeez,Ahmed Shehzad,TM Odoyo,2,0,"",""
ball,1,1.1,Pakistan,Ahmed Shehzad,Mohammad Hafeez,E Otieno,0,0,"",""
ball,1,1.2,Pakistan,Ahmed Shehzad,Mohammad Hafeez,E Otieno,0,1,"",""
ball,1,1.3,Pakistan,Mohammad Hafeez,Ahmed Shehzad,E Otieno,1,0,"",""
ball,1,1.4,Pakistan,Ahmed Shehzad,Mohammad Hafeez,E Otieno,0,0,"",""
ball,1,1.5,Pakistan,Ahmed Shehzad,Mohammad Hafeez,E Otieno,0,0,"",""
ball,1,1.6,Pakistan,Ahmed Shehzad,Mohammad Hafeez,E Otieno,0,0,"",""
ball,1,2.1,Pakistan,Mohammad Hafeez,Ahmed Shehzad,TM Odoyo,0,0,"",""
ball,1,2.2,Pakistan,Mohammad Hafeez,Ahmed Shehzad,TM Odoyo,0,0,"",""
ball,1,2.3,Pakistan,Mohammad Hafeez,Ahmed Shehzad,TM Odoyo,0,0,"",""
ball,1,2.4,Pakistan,Mohammad Hafeez,Ahmed Shehzad,TM Odoyo,0,0,"",""
ball,1,2.5,Pakistan,Mohammad Hafeez,Ahmed Shehzad,TM Odoyo,0,0,"",""
ball,1,2.6,Pakistan,Mohammad Hafeez,Ahmed Shehzad,TM Odoyo,0,0,"",""
ball,1,3.1,Pakistan,Ahmed Shehzad,Mohammad Hafeez,E Otieno,0,0,"",""
ball,1,3.2,Pakistan,Ahmed Shehzad,Mohammad Hafeez,E Otieno,0,0,"",""
ball,1,3.3,Pakistan,Ahmed Shehzad,Mohammad Hafeez,E Otieno,0,0,"",""
ball,1,3.4,Pakistan,Ahmed Shehzad,Mohammad Hafeez,E Otieno,0,0,"",""
ball,1,3.5,Pakistan,Ahmed Shehzad,Mohammad Hafeez,E Otieno,0,0,"",""
ball,1,3.6,Pakistan,Ahmed Shehzad,Mohammad Hafeez,E Otieno,0,0,"",""
ball,1,4.1,Pakistan,Mohammad Hafeez,Ahmed Shehzad,TM Odoyo,0,0,"",""
ball,1,4.2,Pakistan,Mohammad Hafeez,Ahmed Shehzad,TM Odoyo,0,0,"",""
ball,1,4.3,Pakistan,Mohammad Hafeez,Ahmed Shehzad,TM Odoyo,4,0,"",""
ball,1,4.4,Pakistan,Mohammad Hafeez,Ahmed Shehzad,TM Odoyo,0,0,"",""
ball,1,4.5,Pakistan,Mohammad Hafeez,Ahmed Shehzad,TM Odoyo,0,0,"",""
ball,1,4.6,Pakistan,Mohammad Hafeez,Ahmed Shehzad,TM Odoyo,0,0,"",""
ball,1,5.1,Pakistan,Ahmed Shehzad,Mohammad Hafeez,E Otieno,0,0,"",""
ball,1,5.2,Pakistan,Ahmed Shehzad,Mohammad Hafeez,E Otieno,1,0,"",""
ball,1,5.3,Pakistan,Mohammad Hafeez,Ahmed Shehzad,E Otieno,0,0,caught,Mohammad Hafeez
ball,1,5.4,Pakistan,Kamran Akmal,Ahmed Shehzad,E Otieno,0,0,"",""
ball,1,5.5,Pakistan,Kamran Akmal,Ahmed Shehzad,E Otieno,0,1,"",""
ball,1,5.6,Pakistan,Kamran Akmal,Ahmed Shehzad,E Otieno,0,0,"",""
ball,1,5.7,Pakistan,Kamran Akmal,Ahmed Shehzad,E Otieno,0,0,"",""
ball,1,6.1,Pakistan,Ahmed Shehzad,Kamran Akmal,TM Odoyo,0,0,"",""
ball,1,6.2,Pakistan,Ahmed Shehzad,Kamran Akmal,TM Odoyo,0,0,"",""
ball,1,6.3,Pakistan,Ahmed Shehzad,Kamran Akmal,TM Odoyo,0,0,"",""
ball,1,6.4,Pakistan,Ahmed Shehzad,Kamran Akmal,TM Odoyo,0,0,"",""
ball,1,6.5,Pakistan,Ahmed Shehzad,Kamran Akmal,TM Odoyo,0,0,caught,Ahmed Shehzad
ball,1,6.6,Pakistan,Younis Khan,Kamran Akmal,TM Odoyo,0,0,"",""
ball,1,7.1,Pakistan,Kamran Akmal,Younis Khan,E Otieno,0,0,"",""
ball,1,7.2,Pakistan,Kamran Akmal,Younis Khan,E Otieno,3,0,"",""
ball,1,7.3,Pakistan,Younis Khan,Kamran Akmal,E Otieno,0,0,"",""
ball,1,7.4,Pakistan,Younis Khan,Kamran Akmal,E Otieno,0,0,"",""
ball,1,7.5,Pakistan,Younis Khan,Kamran Akmal,E Otieno,1,0,"",""
ball,1,7.6,Pakistan,Kamran Akmal,Younis Khan,E Otieno,2,0,"",""
ball,1,8.1,Pakistan,Younis Khan,Kamran Akmal,TM Odoyo,3,0,"",""
ball,1,8.2,Pakistan,Kamran Akmal,Younis Khan,TM Odoyo,0,0,"",""
ball,1,8.3,Pakistan,Kamran Akmal,Younis Khan,TM Odoyo,0,0,"",""
ball,1,8.4,Pakistan,Kamran Akmal,Younis Khan,TM Odoyo,2,0,"",""
ball,1,8.5,Pakistan,Kamran Akmal,Younis Khan,TM Odoyo,0,1,"",""
ball,1,8.6,Pakistan,Kamran Akmal,Younis Khan,TM Odoyo,0,0,"",""
ball,1,8.7,Pakistan,Kamran Akmal,Younis Khan,TM Odoyo,0,0,"",""
ball,1,9.1,Pakistan,Younis Khan,Kamran Akmal,NN Odhiambo,4,1,"",""
ball,1,9.2,Pakistan,Younis Khan,Kamran Akmal,NN Odhiambo,0,0,"",""
ball,1,9.3,Pakistan,Younis Khan,Kamran Akmal,NN Odhiambo,1,0,"",""
ball,1,9.4,Pakistan,Kamran Akmal,Younis Khan,NN Odhiambo,0,1,"",""
ball,1,9.5,Pakistan,Kamran Akmal,Younis Khan,NN Odhiambo,4,1,"",""
ball,1,9.6,Pakistan,Kamran Akmal,Younis Khan,NN Odhiambo,4,0,"",""
ball,1,9.7,Pakistan,Kamran Akmal,Younis Khan,NN Odhiambo,0,0,"",""
ball,1,9.8,Pakistan,Kamran Akmal,Younis Khan,NN Odhiambo,0,0,"",""
ball,1,9.9,Pakistan,Kamran Akmal,Younis Khan,NN Odhiambo,0,0,"",""
ball,1,10.1,Pakistan,Younis Khan,Kamran Akmal,E Otieno,0,0,"",""
ball,1,10.2,Pakistan,Younis Khan,Kamran Akmal,E Otieno,1,0,"",""
ball,1,10.3,Pakistan,Kamran Akmal,Younis Khan,E Otieno,0,0,"",""
ball,1,10.4,Pakistan,Kamran Akmal,Younis Khan,E Otieno,0,0,"",""
ball,1,10.5,Pakistan,Kamran Akmal,Younis Khan,E Otieno,2,0,"",""
ball,1,10.6,Pakistan,Kamran Akmal,Younis Khan,E Otieno,1,0,"",""
ball,1,11.1,Pakistan,Kamran Akmal,Younis Khan,NN Odhiambo,0,0,"",""
ball,1,11.2,Pakistan,Kamran Akmal,Younis Khan,NN Odhiambo,0,0,"",""
ball,1,11.3,Pakistan,Kamran Akmal,Younis Khan,NN Odhiambo,4,0,"",""
ball,1,11.4,Pakistan,Kamran Akmal,Younis Khan,NN Odhiambo,0,0,"",""
ball,1,11.5,Pakistan,Kamran Akmal,Younis Khan,NN Odhiambo,0,0,"",""
ball,1,11.6,Pakistan,Kamran Akmal,Younis Khan,NN Odhiambo,0,0,"",""
ball,1,12.1,Pakistan,Younis Khan,Kamran Akmal,E Otieno,0,0,"",""
ball,1,12.2,Pakistan,Younis Khan,Kamran Akmal,E Otieno,3,0,"",""
ball,1,12.3,Pakistan,Kamran Akmal,Younis Khan,E Otieno,0,0,"",""
ball,1,12.4,Pakistan,Kamran Akmal,Younis Khan,E Otieno,1,0,"",""
ball,1,12.5,Pakistan,Younis Khan,Kamran Akmal,E Otieno,0,0,"",""
ball,1,12.6,Pakistan,Younis Khan,Kamran Akmal,E Otieno,0,0,"",""
ball,1,13.1,Pakistan,Kamran Akmal,Younis Khan,NN Odhiambo,4,0,"",""
ball,1,13.2,Pakistan,Kamran Akmal,Younis Khan,NN Odhiambo,0,0,"",""
ball,1,13.3,Pakistan,Kamran Akmal,Younis Khan,NN Odhiambo,0,0,"",""
ball,1,13.4,Pakistan,Kamran Akmal,Younis Khan,NN Odhiambo,1,0,"",""
ball,1,13.5,Pakistan,Younis Khan,Kamran Akmal,NN Odhiambo,1,0,"",""
ball,1,13.6,Pakistan,Kamran Akmal,Younis Khan,NN Odhiambo,0,0,"",""
ball,1,14.1,Pakistan,Younis Khan,Kamran Akmal,E Otieno,0,0,"",""
ball,1,14.2,Pakistan,Younis Khan,Kamran Akmal,E Otieno,1,0,"",""
ball,1,14.3,Pakistan,Kamran Akmal,Younis Khan,E Otieno,0,0,"",""
ball,1,14.4,Pakistan,Kamran Akmal,Younis Khan,E Otieno,0,0,"",""
ball,1,14.5,Pakistan,Kamran Akmal,Younis Khan,E Otieno,0,0,"",""
ball,1,14.6,Pakistan,Kamran Akmal,Younis Khan,E Otieno,2,0,"",""
ball,1,15.1,Pakistan,Younis Khan,Kamran Akmal,NN Odhiambo,0,0,"",""
ball,1,15.2,Pakistan,Younis Khan,Kamran Akmal,NN Odhiambo,1,0,"",""
ball,1,15.3,Pakistan,Kamran Akmal,Younis Khan,NN Odhiambo,0,1,"",""
ball,1,15.4,Pakistan,Kamran Akmal,Younis Khan,NN Odhiambo,0,0,"",""
ball,1,15.5,Pakistan,Kamran Akmal,Younis Khan,NN Odhiambo,0,0,"",""
ball,1,15.6,Pakistan,Kamran Akmal,Younis Khan,NN Odhiambo,1,0,"",""
ball,1,15.7,Pakistan,Younis Khan,Kamran Akmal,NN Odhiambo,1,0,"",""
ball,1,16.1,Pakistan,Younis Khan,Kamran Akmal,SO Ngoche,0,0,"",""
ball,1,16.2,Pakistan,Younis Khan,Kamran Akmal,SO Ngoche,1,0,"",""
ball,1,16.3,Pakistan,Kamran Akmal,Younis Khan,SO Ngoche,0,0,"",""
ball,1,16.4,Pakistan,Kamran Akmal,Younis Khan,SO Ngoche,1,0,"",""
ball,1,16.5,Pakistan,Younis Khan,Kamran Akmal,SO Ngoche,1,0,"",""
ball,1,16.6,Pakistan,Kamran Akmal,Younis Khan,SO Ngoche,1,0,"",""
ball,1,17.1,Pakistan,Kamran Akmal,Younis Khan,JK Kamande,3,0,"",""
ball,1,17.2,Pakistan,Younis Khan,Kamran Akmal,JK Kamande,0,0,"",""
ball,1,17.3,Pakistan,Younis Khan,Kamran Akmal,JK Kamande,1,0,"",""
ball,1,17.4,Pakistan,Kamran Akmal,Younis Khan,JK Kamande,0,0,"",""
ball,1,17.5,Pakistan,Kamran Akmal,Younis Khan,JK Kamande,3,0,"",""
ball,1,17.6,Pakistan,Younis Khan,Kamran Akmal,JK Kamande,1,0,"",""
ball,1,18.1,Pakistan,Younis Khan,Kamran Akmal,SO Ngoche,1,0,"",""
ball,1,18.2,Pakistan,Kamran Akmal,Younis Khan,SO Ngoche,1,0,"",""
ball,1,18.3,Pakistan,Younis Khan,Kamran Akmal,SO Ngoche,0,0,"",""
ball,1,18.4,Pakistan,Younis Khan,Kamran Akmal,SO Ngoche,0,0,"",""
ball,1,18.5,Pakistan,Younis Khan,Kamran Akmal,SO Ngoche,0,0,"",""
ball,1,18.6,Pakistan,Younis Khan,Kamran Akmal,SO Ngoche,1,0,"",""
ball,1,19.1,Pakistan,Younis Khan,Kamran Akmal,JK Kamande,0,1,"",""
ball,1,19.2,Pakistan,Younis Khan,Kamran Akmal,JK Kamande,0,0,"",""
ball,1,19.3,Pakistan,Younis Khan,Kamran Akmal,JK Kamande,1,0,"",""
ball,1,19.4,Pakistan,Kamran Akmal,Younis Khan,JK Kamande,1,0,"",""
ball,1,19.5,Pakistan,Younis Khan,Kamran Akmal,JK Kamande,4,0,"",""
ball,1,19.6,Pakistan,Younis Khan,Kamran Akmal,JK Kamande,0,0,"",""
ball,1,19.7,Pakistan,Younis Khan,Kamran Akmal,JK Kamande,0,0,"",""
ball,1,20.1,Pakistan,Kamran Akmal,Younis Khan,SO Ngoche,2,0,"",""
ball,1,20.2,Pakistan,Kamran Akmal,Younis Khan,SO Ngoche,0,0,"",""
ball,1,20.3,Pakistan,Kamran Akmal,Younis Khan,SO Ngoche,0,0,"",""
ball,1,20.4,Pakistan,Kamran Akmal,Younis Khan,SO Ngoche,1,0,"",""
ball,1,20.5,Pakistan,Younis Khan,Kamran Akmal,SO Ngoche,0,0,"",""
ball,1,20.6,Pakistan,Younis Khan,Kamran Akmal,SO Ngoche,0,0,"",""
ball,1,21.1,Pakistan,Kamran Akmal,Younis Khan,JK Kamande,2,0,"",""
ball,1,21.2,Pakistan,Kamran Akmal,Younis Khan,JK Kamande,0,0,"",""
ball,1,21.3,Pakistan,Kamran Akmal,Younis Khan,JK Kamande,1,0,"",""
ball,1,21.4,Pakistan,Younis Khan,Kamran Akmal,JK Kamande,1,0,"",""
ball,1,21.5,Pakistan,Kamran Akmal,Younis Khan,JK Kamande,1,0,"",""
ball,1,21.6,Pakistan,Younis Khan,Kamran Akmal,JK Kamande,1,0,"",""
ball,1,22.1,Pakistan,Younis Khan,Kamran Akmal,SO Ngoche,0,0,"",""
ball,1,22.2,Pakistan,Younis Khan,Kamran Akmal,SO Ngoche,2,0,"",""
ball,1,22.3,Pakistan,Younis Khan,Kamran Akmal,SO Ngoche,0,0,"",""
ball,1,22.4,Pakistan,Younis Khan,Kamran Akmal,SO Ngoche,1,0,"",""
ball,1,22.5,Pakistan,Kamran Akmal,Younis Khan,SO Ngoche,0,1,"",""
ball,1,22.6,Pakistan,Kamran Akmal,Younis Khan,SO Ngoche,0,0,"",""
ball,1,22.7,Pakistan,Kamran Akmal,Younis Khan,SO Ngoche,1,0,"",""
ball,1,23.1,Pakistan,Kamran Akmal,Younis Khan,JK Kamande,0,0,"",""
ball,1,23.2,Pakistan,Kamran Akmal,Younis Khan,JK Kamande,1,0,"",""
ball,1,23.3,Pakistan,Younis Khan,Kamran Akmal,JK Kamande,1,0,"",""
ball,1,23.4,Pakistan,Kamran Akmal,Younis Khan,JK Kamande,0,0,"",""
ball,1,23.5,Pakistan,Kamran Akmal,Younis Khan,JK Kamande,0,0,"",""
ball,1,23.6,Pakistan,Kamran Akmal,Younis Khan,JK Kamande,4,0,"",""
ball,1,24.1,Pakistan,Younis Khan,Kamran Akmal,SO Ngoche,1,0,"",""
ball,1,24.2,Pakistan,Kamran Akmal,Younis Khan,SO Ngoche,1,0,"",""
ball,1,24.3,Pakistan,Younis Khan,Kamran Akmal,SO Ngoche,1,0,"",""
ball,1,24.4,Pakistan,Kamran Akmal,Younis Khan,SO Ngoche,0,0,stumped,Kamran Akmal
ball,1,24.5,Pakistan,Misbah-ul-Haq,Younis Khan,SO Ngoche,0,0,"",""
ball,1,24.6,Pakistan,Misbah-ul-Haq,Younis Khan,SO Ngoche,0,0,"",""
ball,1,25.1,Pakistan,Younis Khan,Misbah-ul-Haq,SO Tikolo,1,1,"",""
ball,1,25.2,Pakistan,Misbah-ul-Haq,Younis Khan,SO Tikolo,6,0,"",""
ball,1,25.3,Pakistan,Misbah-ul-Haq,Younis Khan,SO Tikolo,0,0,"",""
ball,1,25.4,Pakistan,Misbah-ul-Haq,Younis Khan,SO Tikolo,0,0,"",""
ball,1,25.5,Pakistan,Misbah-ul-Haq,Younis Khan,SO Tikolo,0,0,"",""
ball,1,25.6,Pakistan,Misbah-ul-Haq,Younis Khan,SO Tikolo,0,0,"",""
ball,1,25.7,Pakistan,Misbah-ul-Haq,Younis Khan,SO Tikolo,1,0,"",""
ball,1,26.1,Pakistan,Misbah-ul-Haq,Younis Khan,SO Ngoche,2,0,"",""
ball,1,26.2,Pakistan,Misbah-ul-Haq,Younis Khan,SO Ngoche,1,0,"",""
ball,1,26.3,Pakistan,Younis Khan,Misbah-ul-Haq,SO Ngoche,1,0,"",""
ball,1,26.4,Pakistan,Misbah-ul-Haq,Younis Khan,SO Ngoche,1,0,"",""
ball,1,26.5,Pakistan,Younis Khan,Misbah-ul-Haq,SO Ngoche,0,0,"",""
ball,1,26.6,Pakistan,Younis Khan,Misbah-ul-Haq,SO Ngoche,1,0,"",""
ball,1,27.1,Pakistan,Younis Khan,Misbah-ul-Haq,SO Tikolo,1,0,"",""
ball,1,27.2,Pakistan,Misbah-ul-Haq,Younis Khan,SO Tikolo,1,0,"",""
ball,1,27.3,Pakistan,Younis Khan,Misbah-ul-Haq,SO Tikolo,0,0,"",""
ball,1,27.4,Pakistan,Younis Khan,Misbah-ul-Haq,SO Tikolo,1,0,"",""
ball,1,27.5,Pakistan,Misbah-ul-Haq,Younis Khan,SO Tikolo,1,0,"",""
ball,1,27.6,Pakistan,Younis Khan,Misbah-ul-Haq,SO Tikolo,0,0,"",""
ball,1,28.1,Pakistan,Misbah-ul-Haq,Younis Khan,SO Ngoche,0,0,"",""
ball,1,28.2,Pakistan,Misbah-ul-Haq,Younis Khan,SO Ngoche,2,0,"",""
ball,1,28.3,Pakistan,Misbah-ul-Haq,Younis Khan,SO Ngoche,0,0,"",""
ball,1,28.4,Pakistan,Misbah-ul-Haq,Younis Khan,SO Ngoche,2,0,"",""
ball,1,28.5,Pakistan,Misbah-ul-Haq,Younis Khan,SO Ngoche,1,0,"",""
ball,1,28.6,Pakistan,Younis Khan,Misbah-ul-Haq,SO Ngoche,1,0,"",""
ball,1,29.1,Pakistan,Younis Khan,Misbah-ul-Haq,SO Tikolo,1,0,"",""
ball,1,29.2,Pakistan,Misbah-ul-Haq,Younis Khan,SO Tikolo,1,0,"",""
ball,1,29.3,Pakistan,Younis Khan,Misbah-ul-Haq,SO Tikolo,0,0,"",""
ball,1,29.4,Pakistan,Younis Khan,Misbah-ul-Haq,SO Tikolo,2,0,"",""
ball,1,29.5,Pakistan,Younis Khan,Misbah-ul-Haq,SO Tikolo,1,0,"",""
ball,1,29.6,Pakistan,Misbah-ul-Haq,Younis Khan,SO Tikolo,0,0,"",""
ball,1,30.1,Pakistan,Younis Khan,Misbah-ul-Haq,SO Ngoche,1,0,"",""
ball,1,30.2,Pakistan,Misbah-ul-Haq,Younis Khan,SO Ngoche,0,0,"",""
ball,1,30.3,Pakistan,Misbah-ul-Haq,Younis Khan,SO Ngoche,4,0,"",""
ball,1,30.4,Pakistan,Misbah-ul-Haq,Younis Khan,SO Ngoche,2,0,"",""
ball,1,30.5,Pakistan,Misbah-ul-Haq,Younis Khan,SO Ngoche,1,0,"",""
ball,1,30.6,Pakistan,Younis Khan,Misbah-ul-Haq,SO Ngoche,0,0,"",""
ball,1,31.1,Pakistan,Misbah-ul-Haq,Younis Khan,SO Tikolo,0,0,"",""
ball,1,31.2,Pakistan,Misbah-ul-Haq,Younis Khan,SO Tikolo,0,0,"",""
ball,1,31.3,Pakistan,Misbah-ul-Haq,Younis Khan,SO Tikolo,0,0,"",""
ball,1,31.4,Pakistan,Misbah-ul-Haq,Younis Khan,SO Tikolo,0,0,"",""
ball,1,31.5,Pakistan,Misbah-ul-Haq,Younis Khan,SO Tikolo,0,0,"",""
ball,1,31.6,Pakistan,Misbah-ul-Haq,Younis Khan,SO Tikolo,1,0,"",""
ball,1,32.1,Pakistan,Misbah-ul-Haq,Younis Khan,SO Ngoche,1,0,"",""
ball,1,32.2,Pakistan,Younis Khan,Misbah-ul-Haq,SO Ngoche,0,0,"",""
ball,1,32.3,Pakistan,Younis Khan,Misbah-ul-Haq,SO Ngoche,1,0,"",""
ball,1,32.4,Pakistan,Misbah-ul-Haq,Younis Khan,SO Ngoche,0,0,"",""
ball,1,32.5,Pakistan,Misbah-ul-Haq,Younis Khan,SO Ngoche,0,0,"",""
ball,1,32.6,Pakistan,Misbah-ul-Haq,Younis Khan,SO Ngoche,1,0,"",""
ball,1,33.1,Pakistan,Misbah-ul-Haq,Younis Khan,SO Tikolo,1,0,"",""
ball,1,33.2,Pakistan,Younis Khan,Misbah-ul-Haq,SO Tikolo,0,0,"",""
ball,1,33.3,Pakistan,Younis Khan,Misbah-ul-Haq,SO Tikolo,2,0,"",""
ball,1,33.4,Pakistan,Younis Khan,Misbah-ul-Haq,SO Tikolo,0,0,lbw,Younis Khan
ball,1,33.5,Pakistan,Umar Akmal,Misbah-ul-Haq,SO Tikolo,0,0,"",""
ball,1,33.6,Pakistan,Umar Akmal,Misbah-ul-Haq,SO Tikolo,2,0,"",""
ball,1,34.1,Pakistan,Misbah-ul-Haq,Umar Akmal,TM Odoyo,0,5,"",""
ball,1,34.2,Pakistan,Misbah-ul-Haq,Umar Akmal,TM Odoyo,0,0,"",""
ball,1,34.3,Pakistan,Misbah-ul-Haq,Umar Akmal,TM Odoyo,0,5,"",""
ball,1,34.4,Pakistan,Misbah-ul-Haq,Umar Akmal,TM Odoyo,0,0,"",""
ball,1,34.5,Pakistan,Misbah-ul-Haq,Umar Akmal,TM Odoyo,1,0,"",""
ball,1,34.6,Pakistan,Umar Akmal,Misbah-ul-Haq,TM Odoyo,0,0,"",""
ball,1,34.7,Pakistan,Umar Akmal,Misbah-ul-Haq,TM Odoyo,2,0,"",""
ball,1,34.8,Pakistan,Umar Akmal,Misbah-ul-Haq,TM Odoyo,0,0,"",""
ball,1,35.1,Pakistan,Misbah-ul-Haq,Umar Akmal,SO Tikolo,2,0,"",""
ball,1,35.2,Pakistan,Misbah-ul-Haq,Umar Akmal,SO Tikolo,2,0,"",""
ball,1,35.3,Pakistan,Misbah-ul-Haq,Umar Akmal,SO Tikolo,1,0,"",""
ball,1,35.4,Pakistan,Umar Akmal,Misbah-ul-Haq,SO Tikolo,0,0,"",""
ball,1,35.5,Pakistan,Umar Akmal,Misbah-ul-Haq,SO Tikolo,1,0,"",""
ball,1,35.6,Pakistan,Misbah-ul-Haq,Umar Akmal,SO Tikolo,1,0,"",""
ball,1,36.1,Pakistan,Misbah-ul-Haq,Umar Akmal,JK Kamande,0,4,"",""
ball,1,36.2,Pakistan,Umar Akmal,Misbah-ul-Haq,JK Kamande,0,0,"",""
ball,1,36.3,Pakistan,Umar Akmal,Misbah-ul-Haq,JK Kamande,1,0,"",""
ball,1,36.4,Pakistan,Misbah-ul-Haq,Umar Akmal,JK Kamande,0,0,"",""
ball,1,36.5,Pakistan,Misbah-ul-Haq,Umar Akmal,JK Kamande,2,0,"",""
ball,1,36.6,Pakistan,Misbah-ul-Haq,Umar Akmal,JK Kamande,1,0,"",""
ball,1,36.7,Pakistan,Umar Akmal,Misbah-ul-Haq,JK Kamande,1,0,"",""
ball,1,37.1,Pakistan,Umar Akmal,Misbah-ul-Haq,SO Tikolo,4,0,"",""
ball,1,37.2,Pakistan,Umar Akmal,Misbah-ul-Haq,SO Tikolo,0,0,"",""
ball,1,37.3,Pakistan,Umar Akmal,Misbah-ul-Haq,SO Tikolo,1,0,"",""
ball,1,37.4,Pakistan,Misbah-ul-Haq,Umar Akmal,SO Tikolo,1,0,"",""
ball,1,37.5,Pakistan,Umar Akmal,Misbah-ul-Haq,SO Tikolo,0,0,"",""
ball,1,37.6,Pakistan,Umar Akmal,Misbah-ul-Haq,SO Tikolo,1,0,"",""
ball,1,38.1,Pakistan,Umar Akmal,Misbah-ul-Haq,JK Kamande,1,0,"",""
ball,1,38.2,Pakistan,Misbah-ul-Haq,Umar Akmal,JK Kamande,1,0,"",""
ball,1,38.3,Pakistan,Umar Akmal,Misbah-ul-Haq,JK Kamande,4,0,"",""
ball,1,38.4,Pakistan,Umar Akmal,Misbah-ul-Haq,JK Kamande,1,0,"",""
ball,1,38.5,Pakistan,Misbah-ul-Haq,Umar Akmal,JK Kamande,1,0,"",""
ball,1,38.6,Pakistan,Umar Akmal,Misbah-ul-Haq,JK Kamande,0,0,"",""
ball,1,39.1,Pakistan,Misbah-ul-Haq,Umar Akmal,SO Tikolo,1,0,"",""
ball,1,39.2,Pakistan,Umar Akmal,Misbah-ul-Haq,SO Tikolo,0,0,"",""
ball,1,39.3,Pakistan,Umar Akmal,Misbah-ul-Haq,SO Tikolo,1,0,"",""
ball,1,39.4,Pakistan,Misbah-ul-Haq,Umar Akmal,SO Tikolo,0,0,"",""
ball,1,39.5,Pakistan,Misbah-ul-Haq,Umar Akmal,SO Tikolo,0,0,"",""
ball,1,39.6,Pakistan,Misbah-ul-Haq,Umar Akmal,SO Tikolo,2,0,"",""
ball,1,40.1,Pakistan,Umar Akmal,Misbah-ul-Haq,SO Ngoche,1,0,"",""
ball,1,40.2,Pakistan,Misbah-ul-Haq,Umar Akmal,SO Ngoche,1,0,"",""
ball,1,40.3,Pakistan,Umar Akmal,Misbah-ul-Haq,SO Ngoche,1,0,"",""
ball,1,40.4,Pakistan,Misbah-ul-Haq,Umar Akmal,SO Ngoche,0,0,"",""
ball,1,40.5,Pakistan,Misbah-ul-Haq,Umar Akmal,SO Ngoche,1,0,"",""
ball,1,40.6,Pakistan,Umar Akmal,Misbah-ul-Haq,SO Ngoche,1,0,"",""
ball,1,41.1,Pakistan,Umar Akmal,Misbah-ul-Haq,SO Tikolo,1,0,"",""
ball,1,41.2,Pakistan,Misbah-ul-Haq,Umar Akmal,SO Tikolo,0,0,"",""
ball,1,41.3,Pakistan,Misbah-ul-Haq,Umar Akmal,SO Tikolo,1,0,"",""
ball,1,41.4,Pakistan,Umar Akmal,Misbah-ul-Haq,SO Tikolo,0,0,"",""
ball,1,41.5,Pakistan,Umar Akmal,Misbah-ul-Haq,SO Tikolo,0,0,"",""
ball,1,41.6,Pakistan,Umar Akmal,Misbah-ul-Haq,SO Tikolo,0,0,"",""
ball,1,42.1,Pakistan,Misbah-ul-Haq,Umar Akmal,CO Obuya,1,0,"",""
ball,1,42.2,Pakistan,Umar Akmal,Misbah-ul-Haq,CO Obuya,0,0,"",""
ball,1,42.3,Pakistan,Umar Akmal,Misbah-ul-Haq,CO Obuya,1,0,"",""
ball,1,42.4,Pakistan,Misbah-ul-Haq,Umar Akmal,CO Obuya,1,0,"",""
ball,1,42.5,Pakistan,Umar Akmal,Misbah-ul-Haq,CO Obuya,0,0,"",""
ball,1,42.6,Pakistan,Umar Akmal,Misbah-ul-Haq,CO Obuya,2,0,"",""
ball,1,43.1,Pakistan,Umar Akmal,Misbah-ul-Haq,NN Odhiambo,1,0,"",""
ball,1,43.2,Pakistan,Misbah-ul-Haq,Umar Akmal,NN Odhiambo,2,0,"",""
ball,1,43.3,Pakistan,Misbah-ul-Haq,Umar Akmal,NN Odhiambo,6,0,"",""
ball,1,43.4,Pakistan,Misbah-ul-Haq,Umar Akmal,NN Odhiambo,0,0,"",""
ball,1,43.5,Pakistan,Misbah-ul-Haq,Umar Akmal,NN Odhiambo,2,0,"",""
ball,1,43.6,Pakistan,Misbah-ul-Haq,Umar Akmal,NN Odhiambo,1,0,"",""
ball,1,44.1,Pakistan,Misbah-ul-Haq,Umar Akmal,E Otieno,1,0,"",""
ball,1,44.2,Pakistan,Umar Akmal,Misbah-ul-Haq,E Otieno,4,0,"",""
ball,1,44.3,Pakistan,Umar Akmal,Misbah-ul-Haq,E Otieno,4,0,"",""
ball,1,44.4,Pakistan,Umar Akmal,Misbah-ul-Haq,E Otieno,4,0,"",""
ball,1,44.5,Pakistan,Umar Akmal,Misbah-ul-Haq,E Otieno,2,0,"",""
ball,1,44.6,Pakistan,Umar Akmal,Misbah-ul-Haq,E Otieno,4,1,"",""
ball,1,44.7,Pakistan,Umar Akmal,Misbah-ul-Haq,E Otieno,0,0,"",""
ball,1,45.1,Pakistan,Misbah-ul-Haq,Umar Akmal,NN Odhiambo,1,0,"",""
ball,1,45.2,Pakistan,Umar Akmal,Misbah-ul-Haq,NN Odhiambo,4,0,"",""
ball,1,45.3,Pakistan,Umar Akmal,Misbah-ul-Haq,NN Odhiambo,1,0,"",""
ball,1,45.4,Pakistan,Misbah-ul-Haq,Umar Akmal,NN Odhiambo,1,0,"",""
ball,1,45.5,Pakistan,Umar Akmal,Misbah-ul-Haq,NN Odhiambo,0,1,"",""
ball,1,45.6,Pakistan,Misbah-ul-Haq,Umar Akmal,NN Odhiambo,0,0,"",""
ball,1,46.1,Pakistan,Umar Akmal,Misbah-ul-Haq,JK Kamande,2,0,"",""
ball,1,46.2,Pakistan,Umar Akmal,Misbah-ul-Haq,JK Kamande,4,0,"",""
ball,1,46.3,Pakistan,Umar Akmal,Misbah-ul-Haq,JK Kamande,6,0,"",""
ball,1,46.4,Pakistan,Umar Akmal,Misbah-ul-Haq,JK Kamande,0,1,"",""
ball,1,46.5,Pakistan,Misbah-ul-Haq,Umar Akmal,JK Kamande,0,3,"",""
ball,1,46.6,Pakistan,Misbah-ul-Haq,Umar Akmal,JK Kamande,0,0,caught,Misbah-ul-Haq
ball,1,46.7,Pakistan,Shahid Afridi,Umar Akmal,JK Kamande,0,1,"",""
ball,1,46.8,Pakistan,Shahid Afridi,Umar Akmal,JK Kamande,4,0,"",""
ball,1,47.1,Pakistan,Umar Akmal,Shahid Afridi,E Otieno,2,0,"",""
ball,1,47.2,Pakistan,Umar Akmal,Shahid Afridi,E Otieno,1,0,"",""
ball,1,47.3,Pakistan,Shahid Afridi,Umar Akmal,E Otieno,1,0,"",""
ball,1,47.4,Pakistan,Umar Akmal,Shahid Afridi,E Otieno,2,0,"",""
ball,1,47.5,Pakistan,Umar Akmal,Shahid Afridi,E Otieno,1,0,"",""
ball,1,47.6,Pakistan,Shahid Afridi,Umar Akmal,E Otieno,2,0,"",""
ball,1,48.1,Pakistan,Umar Akmal,Shahid Afridi,TM Odoyo,2,0,"",""
ball,1,48.2,Pakistan,Umar Akmal,Shahid Afridi,TM Odoyo,0,0,caught,Umar Akmal
ball,1,48.3,Pakistan,Shahid Afridi,Abdul Razzaq,TM Odoyo,0,0,lbw,Shahid Afridi
ball,1,48.4,Pakistan,Abdur Rehman,Abdul Razzaq,TM Odoyo,0,5,"",""
ball,1,48.5,Pakistan,Abdur Rehman,Abdul Razzaq,TM Odoyo,1,0,"",""
ball,1,48.6,Pakistan,Abdul Razzaq,Abdur Rehman,TM Odoyo,1,0,"",""
ball,1,48.7,Pakistan,Abdur Rehman,Abdul Razzaq,TM Odoyo,0,4,"",""
ball,1,48.8,Pakistan,Abdul Razzaq,Abdur Rehman,TM Odoyo,1,0,"",""
ball,1,49.1,Pakistan,Abdul Razzaq,Abdur Rehman,NN Odhiambo,1,0,"",""
ball,1,49.2,Pakistan,Abdur Rehman,Abdul Razzaq,NN Odhiambo,0,5,"",""
ball,1,49.3,Pakistan,Abdur Rehman,Abdul Razzaq,NN Odhiambo,1,0,"",""
ball,1,49.4,Pakistan,Abdul Razzaq,Abdur Rehman,NN Odhiambo,1,0,"",""
ball,1,49.5,Pakistan,Abdur Rehman,Abdul Razzaq,NN Odhiambo,3,0,"",""
ball,1,49.6,Pakistan,Abdul Razzaq,Abdur Rehman,NN Odhiambo,4,0,"",""
ball,1,49.7,Pakistan,Abdul Razzaq,Abdur Rehman,NN Odhiambo,0,1,"",""
ball,1,49.8,Pakistan,Abdul Razzaq,Abdur Rehman,NN Odhiambo,0,0,"",""
ball,2,0.1,Kenya,MA Ouma,SR Waters,Shoaib Akhtar,0,0,"",""
ball,2,0.2,Kenya,MA Ouma,SR Waters,Shoaib Akhtar,1,0,"",""
ball,2,0.3,Kenya,SR Waters,MA Ouma,Shoaib Akhtar,0,0,"",""
ball,2,0.4,Kenya,SR Waters,MA Ouma,Shoaib Akhtar,0,0,"",""
ball,2,0.5,Kenya,SR Waters,MA Ouma,Shoaib Akhtar,0,0,"",""
ball,2,0.6,Kenya,SR Waters,MA Ouma,Shoaib Akhtar,0,0,"",""
ball,2,1.1,Kenya,MA Ouma,SR Waters,Abdul Razzaq,3,0,"",""
ball,2,1.2,Kenya,SR Waters,MA Ouma,Abdul Razzaq,4,0,"",""
ball,2,1.3,Kenya,SR Waters,MA Ouma,Abdul Razzaq,3,0,"",""
ball,2,1.4,Kenya,MA Ouma,SR Waters,Abdul Razzaq,1,0,"",""
ball,2,1.5,Kenya,SR Waters,MA Ouma,Abdul Razzaq,0,0,"",""
ball,2,1.6,Kenya,SR Waters,MA Ouma,Abdul Razzaq,1,0,"",""
ball,2,2.1,Kenya,SR Waters,MA Ouma,Shoaib Akhtar,0,0,"",""
ball,2,2.2,Kenya,SR Waters,MA Ouma,Shoaib Akhtar,0,4,"",""
ball,2,2.3,Kenya,SR Waters,MA Ouma,Shoaib Akhtar,0,0,"",""
ball,2,2.4,Kenya,SR Waters,MA Ouma,Shoaib Akhtar,0,0,"",""
ball,2,2.5,Kenya,SR Waters,MA Ouma,Shoaib Akhtar,0,0,"",""
ball,2,2.6,Kenya,SR Waters,MA Ouma,Shoaib Akhtar,0,0,"",""
ball,2,3.1,Kenya,MA Ouma,SR Waters,Abdul Razzaq,0,0,"",""
ball,2,3.2,Kenya,MA Ouma,SR Waters,Abdul Razzaq,1,0,"",""
ball,2,3.3,Kenya,SR Waters,MA Ouma,Abdul Razzaq,1,0,"",""
ball,2,3.4,Kenya,MA Ouma,SR Waters,Abdul Razzaq,1,0,"",""
ball,2,3.5,Kenya,SR Waters,MA Ouma,Abdul Razzaq,0,0,"",""
ball,2,3.6,Kenya,SR Waters,MA Ouma,Abdul Razzaq,0,0,"",""
ball,2,4.1,Kenya,MA Ouma,SR Waters,Shoaib Akhtar,0,1,"",""
ball,2,4.2,Kenya,MA Ouma,SR Waters,Shoaib Akhtar,0,0,"",""
ball,2,4.3,Kenya,MA Ouma,SR Waters,Shoaib Akhtar,0,0,"",""
ball,2,4.4,Kenya,MA Ouma,SR Waters,Shoaib Akhtar,4,0,"",""
ball,2,4.5,Kenya,MA Ouma,SR Waters,Shoaib Akhtar,0,0,"",""
ball,2,4.6,Kenya,MA Ouma,SR Waters,Shoaib Akhtar,0,0,"",""
ball,2,4.7,Kenya,MA Ouma,SR Waters,Shoaib Akhtar,0,0,"",""
ball,2,5.1,Kenya,SR Waters,MA Ouma,Abdul Razzaq,0,0,"",""
ball,2,5.2,Kenya,SR Waters,MA Ouma,Abdul Razzaq,0,0,"",""
ball,2,5.3,Kenya,SR Waters,MA Ouma,Abdul Razzaq,1,0,"",""
ball,2,5.4,Kenya,MA Ouma,SR Waters,Abdul Razzaq,0,0,"",""
ball,2,5.5,Kenya,MA Ouma,SR Waters,Abdul Razzaq,2,0,"",""
ball,2,5.6,Kenya,MA Ouma,SR Waters,Abdul Razzaq,0,0,"",""
ball,2,6.1,Kenya,SR Waters,MA Ouma,Shoaib Akhtar,0,0,"",""
ball,2,6.2,Kenya,SR Waters,MA Ouma,Shoaib Akhtar,0,0,"",""
ball,2,6.3,Kenya,SR Waters,MA Ouma,Shoaib Akhtar,1,0,"",""
ball,2,6.4,Kenya,MA Ouma,SR Waters,Shoaib Akhtar,2,0,"",""
ball,2,6.5,Kenya,MA Ouma,SR Waters,Shoaib Akhtar,0,0,"",""
ball,2,6.6,Kenya,MA Ouma,SR Waters,Shoaib Akhtar,0,0,"",""
ball,2,7.1,Kenya,SR Waters,MA Ouma,Abdul Razzaq,0,0,"",""
ball,2,7.2,Kenya,SR Waters,MA Ouma,Abdul Razzaq,0,0,"",""
ball,2,7.3,Kenya,SR Waters,MA Ouma,Abdul Razzaq,4,0,"",""
ball,2,7.4,Kenya,SR Waters,MA Ouma,Abdul Razzaq,0,0,"",""
ball,2,7.5,Kenya,SR Waters,MA Ouma,Abdul Razzaq,1,0,"",""
ball,2,7.6,Kenya,MA Ouma,SR Waters,Abdul Razzaq,0,0,"",""
ball,2,8.1,Kenya,SR Waters,MA Ouma,Shoaib Akhtar,0,0,"",""
ball,2,8.2,Kenya,SR Waters,MA Ouma,Shoaib Akhtar,1,0,"",""
ball,2,8.3,Kenya,MA Ouma,SR Waters,Shoaib Akhtar,0,0,"",""
ball,2,8.4,Kenya,MA Ouma,SR Waters,Shoaib Akhtar,0,0,"",""
ball,2,8.5,Kenya,MA Ouma,SR Waters,Shoaib Akhtar,0,0,"",""
ball,2,8.6,Kenya,MA Ouma,SR Waters,Shoaib Akhtar,0,0,"",""
ball,2,9.1,Kenya,SR Waters,MA Ouma,Abdul Razzaq,0,0,run out,SR Waters
ball,2,9.2,Kenya,MA Ouma,CO Obuya,Abdul Razzaq,0,0,"",""
ball,2,9.3,Kenya,MA Ouma,CO Obuya,Abdul Razzaq,0,0,"",""
ball,2,9.4,Kenya,MA Ouma,CO Obuya,Abdul Razzaq,0,0,"",""
ball,2,9.5,Kenya,MA Ouma,CO Obuya,Abdul Razzaq,0,0,"",""
ball,2,9.6,Kenya,MA Ouma,CO Obuya,Abdul Razzaq,0,0,"",""
ball,2,10.1,Kenya,CO Obuya,MA Ouma,Umar Gul,0,0,"",""
ball,2,10.2,Kenya,CO Obuya,MA Ouma,Umar Gul,0,0,"",""
ball,2,10.3,Kenya,CO Obuya,MA Ouma,Umar Gul,0,1,"",""
ball,2,10.4,Kenya,MA Ouma,CO Obuya,Umar Gul,0,1,"",""
ball,2,10.5,Kenya,MA Ouma,CO Obuya,Umar Gul,0,0,"",""
ball,2,10.6,Kenya,MA Ouma,CO Obuya,Umar Gul,0,0,"",""
ball,2,10.7,Kenya,MA Ouma,CO Obuya,Umar Gul,0,0,"",""
ball,2,11.1,Kenya,CO Obuya,MA Ouma,Abdur Rehman,1,0,"",""
ball,2,11.2,Kenya,MA Ouma,CO Obuya,Abdur Rehman,0,0,"",""
ball,2,11.3,Kenya,MA Ouma,CO Obuya,Abdur Rehman,0,0,"",""
ball,2,11.4,Kenya,MA Ouma,CO Obuya,Abdur Rehman,1,0,"",""
ball,2,11.5,Kenya,CO Obuya,MA Ouma,Abdur Rehman,1,0,"",""
ball,2,11.6,Kenya,MA Ouma,CO Obuya,Abdur Rehman,0,0,"",""
ball,2,12.1,Kenya,CO Obuya,MA Ouma,Umar Gul,1,0,"",""
ball,2,12.2,Kenya,MA Ouma,CO Obuya,Umar Gul,0,0,caught,MA Ouma
ball,2,12.3,Kenya,SO Tikolo,CO Obuya,Umar Gul,4,0,"",""
ball,2,12.4,Kenya,SO Tikolo,CO Obuya,Umar Gul,0,1,"",""
ball,2,12.5,Kenya,CO Obuya,SO Tikolo,Umar Gul,0,0,"",""
ball,2,12.6,Kenya,CO Obuya,SO Tikolo,Umar Gul,0,0,"",""
ball,2,13.1,Kenya,SO Tikolo,CO Obuya,Abdur Rehman,0,0,"",""
ball,2,13.2,Kenya,SO Tikolo,CO Obuya,Abdur Rehman,0,0,"",""
ball,2,13.3,Kenya,SO Tikolo,CO Obuya,Abdur Rehman,0,0,"",""
ball,2,13.4,Kenya,SO Tikolo,CO Obuya,Abdur Rehman,0,0,"",""
ball,2,13.5,Kenya,SO Tikolo,CO Obuya,Abdur Rehman,0,0,"",""
ball,2,13.6,Kenya,SO Tikolo,CO Obuya,Abdur Rehman,0,0,"",""
ball,2,14.1,Kenya,CO Obuya,SO Tikolo,Umar Gul,0,0,"",""
ball,2,14.2,Kenya,CO Obuya,SO Tikolo,Umar Gul,1,0,"",""
ball,2,14.3,Kenya,SO Tikolo,CO Obuya,Umar Gul,1,0,"",""
ball,2,14.4,Kenya,CO Obuya,SO Tikolo,Umar Gul,0,0,"",""
ball,2,14.5,Kenya,CO Obuya,SO Tikolo,Umar Gul,0,1,"",""
ball,2,14.6,Kenya,SO Tikolo,CO Obuya,Umar Gul,0,0,"",""
ball,2,15.1,Kenya,CO Obuya,SO Tikolo,Abdur Rehman,0,0,"",""
ball,2,15.2,Kenya,CO Obuya,SO Tikolo,Abdur Rehman,1,0,"",""
ball,2,15.3,Kenya,SO Tikolo,CO Obuya,Abdur Rehman,0,0,"",""
ball,2,15.4,Kenya,SO Tikolo,CO Obuya,Abdur Rehman,1,0,"",""
ball,2,15.5,Kenya,CO Obuya,SO Tikolo,Abdur Rehman,1,0,"",""
ball,2,15.6,Kenya,SO Tikolo,CO Obuya,Abdur Rehman,0,0,"",""
ball,2,16.1,Kenya,CO Obuya,SO Tikolo,Umar Gul,0,0,"",""
ball,2,16.2,Kenya,CO Obuya,SO Tikolo,Umar Gul,1,0,"",""
ball,2,16.3,Kenya,SO Tikolo,CO Obuya,Umar Gul,0,1,"",""
ball,2,16.4,Kenya,SO Tikolo,CO Obuya,Umar Gul,0,0,"",""
ball,2,16.5,Kenya,SO Tikolo,CO Obuya,Umar Gul,2,0,"",""
ball,2,16.6,Kenya,SO Tikolo,CO Obuya,Umar Gul,0,0,"",""
ball,2,16.7,Kenya,SO Tikolo,CO Obuya,Umar Gul,0,0,"",""
ball,2,17.1,Kenya,CO Obuya,SO Tikolo,Abdur Rehman,1,0,"",""
ball,2,17.2,Kenya,SO Tikolo,CO Obuya,Abdur Rehman,0,0,"",""
ball,2,17.3,Kenya,SO Tikolo,CO Obuya,Abdur Rehman,0,0,"",""
ball,2,17.4,Kenya,SO Tikolo,CO Obuya,Abdur Rehman,1,0,"",""
ball,2,17.5,Kenya,CO Obuya,SO Tikolo,Abdur Rehman,0,0,"",""
ball,2,17.6,Kenya,CO Obuya,SO Tikolo,Abdur Rehman,0,0,"",""
ball,2,18.1,Kenya,SO Tikolo,CO Obuya,Shahid Afridi,0,0,"",""
ball,2,18.2,Kenya,SO Tikolo,CO Obuya,Shahid Afridi,0,0,"",""
ball,2,18.3,Kenya,SO Tikolo,CO Obuya,Shahid Afridi,0,0,"",""
ball,2,18.4,Kenya,SO Tikolo,CO Obuya,Shahid Afridi,0,0,"",""
ball,2,18.5,Kenya,SO Tikolo,CO Obuya,Shahid Afridi,0,0,"",""
ball,2,18.6,Kenya,SO Tikolo,CO Obuya,Shahid Afridi,0,0,"",""
ball,2,19.1,Kenya,CO Obuya,SO Tikolo,Abdur Rehman,0,0,"",""
ball,2,19.2,Kenya,CO Obuya,SO Tikolo,Abdur Rehman,0,0,"",""
ball,2,19.3,Kenya,CO Obuya,SO Tikolo,Abdur Rehman,0,0,"",""
ball,2,19.4,Kenya,CO Obuya,SO Tikolo,Abdur Rehman,1,0,"",""
ball,2,19.5,Kenya,SO Tikolo,CO Obuya,Abdur Rehman,0,0,"",""
ball,2,19.6,Kenya,SO Tikolo,CO Obuya,Abdur Rehman,1,0,"",""
ball,2,20.1,Kenya,SO Tikolo,CO Obuya,Shahid Afridi,2,0,"",""
ball,2,20.2,Kenya,SO Tikolo,CO Obuya,Shahid Afridi,1,0,"",""
ball,2,20.3,Kenya,CO Obuya,SO Tikolo,Shahid Afridi,0,0,"",""
ball,2,20.4,Kenya,CO Obuya,SO Tikolo,Shahid Afridi,0,0,"",""
ball,2,20.5,Kenya,CO Obuya,SO Tikolo,Shahid Afridi,0,0,"",""
ball,2,20.6,Kenya,CO Obuya,SO Tikolo,Shahid Afridi,1,0,"",""
ball,2,21.1,Kenya,CO Obuya,SO Tikolo,Abdur Rehman,0,0,"",""
ball,2,21.2,Kenya,CO Obuya,SO Tikolo,Abdur Rehman,0,0,"",""
ball,2,21.3,Kenya,CO Obuya,SO Tikolo,Abdur Rehman,0,0,"",""
ball,2,21.4,Kenya,CO Obuya,SO Tikolo,Abdur Rehman,1,0,"",""
ball,2,21.5,Kenya,CO Obuya,SO Tikolo,Abdur Rehman,6,0,"",""
ball,2,21.6,Kenya,CO Obuya,SO Tikolo,Abdur Rehman,0,0,"",""
ball,2,22.1,Kenya,SO Tikolo,CO Obuya,Shahid Afridi,0,0,"",""
ball,2,22.2,Kenya,SO Tikolo,CO Obuya,Shahid Afridi,0,0,bowled,SO Tikolo
ball,2,22.3,Kenya,T Mishra,CO Obuya,Shahid Afridi,0,0,"",""
ball,2,22.4,Kenya,T Mishra,CO Obuya,Shahid Afridi,1,0,"",""
ball,2,22.5,Kenya,CO Obuya,T Mishra,Shahid Afridi,0,0,"",""
ball,2,22.6,Kenya,CO Obuya,T Mishra,Shahid Afridi,0,0,"",""
ball,2,23.1,Kenya,T Mishra,CO Obuya,Abdur Rehman,0,0,"",""
ball,2,23.2,Kenya,T Mishra,CO Obuya,Abdur Rehman,0,0,"",""
ball,2,23.3,Kenya,T Mishra,CO Obuya,Abdur Rehman,0,0,"",""
ball,2,23.4,Kenya,T Mishra,CO Obuya,Abdur Rehman,0,0,"",""
ball,2,23.5,Kenya,T Mishra,CO Obuya,Abdur Rehman,1,0,"",""
ball,2,23.6,Kenya,CO Obuya,T Mishra,Abdur Rehman,0,0,"",""
ball,2,24.1,Kenya,T Mishra,CO Obuya,Shahid Afridi,0,0,"",""
ball,2,24.2,Kenya,T Mishra,CO Obuya,Shahid Afridi,4,0,"",""
ball,2,24.3,Kenya,T Mishra,CO Obuya,Shahid Afridi,0,0,"",""
ball,2,24.4,Kenya,T Mishra,CO Obuya,Shahid Afridi,0,0,"",""
ball,2,24.5,Kenya,T Mishra,CO Obuya,Shahid Afridi,0,0,"",""
ball,2,24.6,Kenya,T Mishra,CO Obuya,Shahid Afridi,0,0,"",""
ball,2,25.1,Kenya,CO Obuya,T Mishra,Mohammad Hafeez,0,0,"",""
ball,2,25.2,Kenya,CO Obuya,T Mishra,Mohammad Hafeez,0,0,"",""
ball,2,25.3,Kenya,CO Obuya,T Mishra,Mohammad Hafeez,0,0,"",""
ball,2,25.4,Kenya,CO Obuya,T Mishra,Mohammad Hafeez,0,0,"",""
ball,2,25.5,Kenya,CO Obuya,T Mishra,Mohammad Hafeez,0,0,"",""
ball,2,25.6,Kenya,CO Obuya,T Mishra,Mohammad Hafeez,0,0,"",""
ball,2,26.1,Kenya,T Mishra,CO Obuya,Shahid Afridi,0,0,"",""
ball,2,26.2,Kenya,T Mishra,CO Obuya,Shahid Afridi,0,0,"",""
ball,2,26.3,Kenya,T Mishra,CO Obuya,Shahid Afridi,0,0,lbw,T Mishra
ball,2,26.4,Kenya,RR Patel,CO Obuya,Shahid Afridi,0,0,"",""
ball,2,26.5,Kenya,RR Patel,CO Obuya,Shahid Afridi,0,0,"",""
ball,2,26.6,Kenya,RR Patel,CO Obuya,Shahid Afridi,0,0,"",""
ball,2,27.1,Kenya,CO Obuya,RR Patel,Mohammad Hafeez,4,0,"",""
ball,2,27.2,Kenya,CO Obuya,RR Patel,Mohammad Hafeez,1,0,"",""
ball,2,27.3,Kenya,RR Patel,CO Obuya,Mohammad Hafeez,0,0,"",""
ball,2,27.4,Kenya,RR Patel,CO Obuya,Mohammad Hafeez,0,1,"",""
ball,2,27.5,Kenya,RR Patel,CO Obuya,Mohammad Hafeez,0,0,"",""
ball,2,27.6,Kenya,RR Patel,CO Obuya,Mohammad Hafeez,0,0,caught,RR Patel
ball,2,27.7,Kenya,CO Obuya,JK Kamande,Mohammad Hafeez,0,0,"",""
ball,2,28.1,Kenya,JK Kamande,CO Obuya,Shahid Afridi,2,0,"",""
ball,2,28.2,Kenya,JK Kamande,CO Obuya,Shahid Afridi,0,0,"",""
ball,2,28.3,Kenya,JK Kamande,CO Obuya,Shahid Afridi,0,0,lbw,JK Kamande
ball,2,28.4,Kenya,TM Odoyo,CO Obuya,Shahid Afridi,0,0,"",""
ball,2,28.5,Kenya,TM Odoyo,CO Obuya,Shahid Afridi,0,0,"",""
ball,2,28.6,Kenya,TM Odoyo,CO Obuya,Shahid Afridi,0,0,"",""
ball,2,29.1,Kenya,CO Obuya,TM Odoyo,Mohammad Hafeez,2,0,"",""
ball,2,29.2,Kenya,CO Obuya,TM Odoyo,Mohammad Hafeez,6,0,"",""
ball,2,29.3,Kenya,CO Obuya,TM Odoyo,Mohammad Hafeez,0,0,"",""
ball,2,29.4,Kenya,CO Obuya,TM Odoyo,Mohammad Hafeez,1,0,"",""
ball,2,29.5,Kenya,TM Odoyo,CO Obuya,Mohammad Hafeez,0,0,"",""
ball,2,29.6,Kenya,TM Odoyo,CO Obuya,Mohammad Hafeez,0,0,"",""
ball,2,30.1,Kenya,CO Obuya,TM Odoyo,Shahid Afridi,4,0,"",""
ball,2,30.2,Kenya,CO Obuya,TM Odoyo,Shahid Afridi,1,0,"",""
ball,2,30.3,Kenya,TM Odoyo,CO Obuya,Shahid Afridi,0,0,"",""
ball,2,30.4,Kenya,TM Odoyo,CO Obuya,Shahid Afridi,0,0,"",""
ball,2,30.5,Kenya,TM Odoyo,CO Obuya,Shahid Afridi,0,0,lbw,TM Odoyo
ball,2,30.6,Kenya,NN Odhiambo,CO Obuya,Shahid Afridi,0,0,"",""
ball,2,31.1,Kenya,CO Obuya,NN Odhiambo,Mohammad Hafeez,0,0,"",""
ball,2,31.2,Kenya,CO Obuya,NN Odhiambo,Mohammad Hafeez,0,0,"",""
ball,2,31.3,Kenya,CO Obuya,NN Odhiambo,Mohammad Hafeez,4,0,"",""
ball,2,31.4,Kenya,CO Obuya,NN Odhiambo,Mohammad Hafeez,6,0,"",""
ball,2,31.5,Kenya,CO Obuya,NN Odhiambo,Mohammad Hafeez,1,0,"",""
ball,2,31.6,Kenya,NN Odhiambo,CO Obuya,Mohammad Hafeez,0,0,"",""
ball,2,32.1,Kenya,CO Obuya,NN Odhiambo,Shahid Afridi,0,0,caught,CO Obuya
ball,2,32.2,Kenya,NN Odhiambo,SO Ngoche,Shahid Afridi,0,0,"",""
ball,2,32.3,Kenya,NN Odhiambo,SO Ngoche,Shahid Afridi,0,0,"",""
ball,2,32.4,Kenya,NN Odhiambo,SO Ngoche,Shahid Afridi,0,0,"",""
ball,2,32.5,Kenya,NN Odhiambo,SO Ngoche,Shahid Afridi,0,0,run out,NN Odhiambo
ball,2,32.6,Kenya,E Otieno,SO Ngoche,Shahid Afridi,0,0,"",""
ball,2,33.1,Kenya,SO Ngoche,E Otieno,Umar Gul,0,0,bowled,SO Ngoche
