version,1.3.0
info,team,Canada
info,team,New Zealand
info,gender,male
info,season,2010/11
info,date,2011/03/13
info,competition,ICC Cricket World Cup
info,match_number,30
info,venue,Wankhede Stadium
info,city,Mumbai
info,neutralvenue,true
info,toss_winner,Canada
info,toss_decision,field
info,player_of_match,BB McCullum
info,umpire,BNJ Oxenford
info,umpire,SK Tarapore
info,reserve_umpire,EAR de Silva
info,tv_umpire,SJ Davis
info,match_referee,RS Mahanama
info,winner,New Zealand
info,winner_runs,97
ball,1,0.1,New Zealand,MJ Guptill,BB McCullum,Khurram Chohan,0,1,"",""
ball,1,0.2,New Zealand,MJ Guptill,BB McCullum,Khurram Chohan,0,0,"",""
ball,1,0.3,New Zealand,MJ Guptill,BB McCullum,Khurram Chohan,0,1,"",""
ball,1,0.4,New Zealand,MJ Guptill,BB McCullum,Khurram Chohan,0,1,"",""
ball,1,0.5,New Zealand,MJ Guptill,BB McCullum,Khurram Chohan,0,0,"",""
ball,1,0.6,New Zealand,MJ Guptill,BB McCullum,Khurram Chohan,0,0,"",""
ball,1,0.7,New Zealand,MJ Guptill,BB McCullum,Khurram Chohan,0,0,"",""
ball,1,0.8,New Zealand,MJ Guptill,BB McCullum,Khurram Chohan,1,0,"",""
ball,1,0.9,New Zealand,BB McCullum,MJ Guptill,Khurram Chohan,0,0,"",""
ball,1,1.1,New Zealand,MJ Guptill,BB McCullum,H Osinde,0,0,"",""
ball,1,1.2,New Zealand,MJ Guptill,BB McCullum,H Osinde,0,0,"",""
ball,1,1.3,New Zealand,MJ Guptill,BB McCullum,H Osinde,1,0,"",""
ball,1,1.4,New Zealand,BB McCullum,MJ Guptill,H Osinde,0,0,"",""
ball,1,1.5,New Zealand,BB McCullum,MJ Guptill,H Osinde,0,0,"",""
ball,1,1.6,New Zealand,BB McCullum,MJ Guptill,H Osinde,0,0,"",""
ball,1,2.1,New Zealand,MJ Guptill,BB McCullum,Khurram Chohan,1,0,"",""
ball,1,2.2,New Zealand,BB McCullum,MJ Guptill,Khurram Chohan,0,0,"",""
ball,1,2.3,New Zealand,BB McCullum,MJ Guptill,Khurram Chohan,1,0,"",""
ball,1,2.4,New Zealand,MJ Guptill,BB McCullum,Khurram Chohan,0,0,"",""
ball,1,2.5,New Zealand,MJ Guptill,BB McCullum,Khurram Chohan,0,0,"",""
ball,1,2.6,New Zealand,MJ Guptill,BB McCullum,Khurram Chohan,0,0,"",""
ball,1,3.1,New Zealand,BB McCullum,MJ Guptill,H Osinde,4,0,"",""
ball,1,3.2,New Zealand,BB McCullum,MJ Guptill,H Osinde,0,0,"",""
ball,1,3.3,New Zealand,BB McCullum,MJ Guptill,H Osinde,0,0,"",""
ball,1,3.4,New Zealand,BB McCullum,MJ Guptill,H Osinde,0,0,"",""
ball,1,3.5,New Zealand,BB McCullum,MJ Guptill,H Osinde,0,0,"",""
ball,1,3.6,New Zealand,BB McCullum,MJ Guptill,H Osinde,1,0,"",""
ball,1,4.1,New Zealand,BB McCullum,MJ Guptill,Khurram Chohan,4,0,"",""
ball,1,4.2,New Zealand,BB McCullum,MJ Guptill,Khurram Chohan,0,0,"",""
ball,1,4.3,New Zealand,BB McCullum,MJ Guptill,Khurram Chohan,0,0,"",""
ball,1,4.4,New Zealand,BB McCullum,MJ Guptill,Khurram Chohan,1,0,"",""
ball,1,4.5,New Zealand,MJ Guptill,BB McCullum,Khurram Chohan,0,0,"",""
ball,1,4.6,New Zealand,MJ Guptill,BB McCullum,Khurram Chohan,0,0,"",""
ball,1,5.1,New Zealand,BB McCullum,MJ Guptill,H Osinde,4,0,"",""
ball,1,5.2,New Zealand,BB McCullum,MJ Guptill,H Osinde,0,0,"",""
ball,1,5.3,New Zealand,BB McCullum,MJ Guptill,H Osinde,0,0,"",""
ball,1,5.4,New Zealand,BB McCullum,MJ Guptill,H Osinde,0,0,"",""
ball,1,5.5,New Zealand,BB McCullum,MJ Guptill,H Osinde,1,0,"",""
ball,1,5.6,New Zealand,MJ Guptill,BB McCullum,H Osinde,4,0,"",""
ball,1,6.1,New Zealand,BB McCullum,MJ Guptill,Khurram Chohan,4,0,"",""
ball,1,6.2,New Zealand,BB McCullum,MJ Guptill,Khurram Chohan,1,0,"",""
ball,1,6.3,New Zealand,MJ Guptill,BB McCullum,Khurram Chohan,0,0,"",""
ball,1,6.4,New Zealand,MJ Guptill,BB McCullum,Khurram Chohan,0,0,"",""
ball,1,6.5,New Zealand,MJ Guptill,BB McCullum,Khurram Chohan,0,0,"",""
ball,1,6.6,New Zealand,MJ Guptill,BB McCullum,Khurram Chohan,4,0,"",""
ball,1,7.1,New Zealand,BB McCullum,MJ Guptill,HS Baidwan,0,0,"",""
ball,1,7.2,New Zealand,BB McCullum,MJ Guptill,HS Baidwan,0,0,"",""
ball,1,7.3,New Zealand,BB McCullum,MJ Guptill,HS Baidwan,6,0,"",""
ball,1,7.4,New Zealand,BB McCullum,MJ Guptill,HS Baidwan,0,0,"",""
ball,1,7.5,New Zealand,BB McCullum,MJ Guptill,HS Baidwan,0,0,"",""
ball,1,7.6,New Zealand,BB McCullum,MJ Guptill,HS Baidwan,4,0,"",""
ball,1,8.1,New Zealand,MJ Guptill,BB McCullum,H Osinde,0,1,"",""
ball,1,8.2,New Zealand,MJ Guptill,BB McCullum,H Osinde,0,0,"",""
ball,1,8.3,New Zealand,MJ Guptill,BB McCullum,H Osinde,0,0,"",""
ball,1,8.4,New Zealand,MJ Guptill,BB McCullum,H Osinde,2,0,"",""
ball,1,8.5,New Zealand,MJ Guptill,BB McCullum,H Osinde,4,0,"",""
ball,1,8.6,New Zealand,MJ Guptill,BB McCullum,H Osinde,0,0,"",""
ball,1,8.7,New Zealand,MJ Guptill,BB McCullum,H Osinde,0,0,"",""
ball,1,9.1,New Zealand,BB McCullum,MJ Guptill,HS Baidwan,1,0,"",""
ball,1,9.2,New Zealand,MJ Guptill,BB McCullum,HS Baidwan,0,0,"",""
ball,1,9.3,New Zealand,MJ Guptill,BB McCullum,HS Baidwan,0,0,"",""
ball,1,9.4,New Zealand,MJ Guptill,BB McCullum,HS Baidwan,0,0,"",""
ball,1,9.5,New Zealand,MJ Guptill,BB McCullum,HS Baidwan,0,0,caught,MJ Guptill
ball,1,9.6,New Zealand,JD Ryder,BB McCullum,HS Baidwan,0,0,"",""
ball,1,10.1,New Zealand,BB McCullum,JD Ryder,H Osinde,4,0,"",""
ball,1,10.2,New Zealand,BB McCullum,JD Ryder,H Osinde,0,0,"",""
ball,1,10.3,New Zealand,BB McCullum,JD Ryder,H Osinde,4,0,"",""
ball,1,10.4,New Zealand,BB McCullum,JD Ryder,H Osinde,1,0,"",""
ball,1,10.5,New Zealand,JD Ryder,BB McCullum,H Osinde,1,0,"",""
ball,1,10.6,New Zealand,BB McCullum,JD Ryder,H Osinde,4,0,"",""
ball,1,11.1,New Zealand,JD Ryder,BB McCullum,HS Baidwan,0,0,"",""
ball,1,11.2,New Zealand,JD Ryder,BB McCullum,HS Baidwan,2,0,"",""
ball,1,11.3,New Zealand,JD Ryder,BB McCullum,HS Baidwan,4,0,"",""
ball,1,11.4,New Zealand,JD Ryder,BB McCullum,HS Baidwan,0,0,"",""
ball,1,11.5,New Zealand,JD Ryder,BB McCullum,HS Baidwan,4,0,"",""
ball,1,11.6,New Zealand,JD Ryder,BB McCullum,HS Baidwan,2,0,"",""
ball,1,12.1,New Zealand,BB McCullum,JD Ryder,Rizwan Cheema,4,0,"",""
ball,1,12.2,New Zealand,BB McCullum,JD Ryder,Rizwan Cheema,0,0,"",""
ball,1,12.3,New Zealand,BB McCullum,JD Ryder,Rizwan Cheema,2,0,"",""
ball,1,12.4,New Zealand,BB McCullum,JD Ryder,Rizwan Cheema,0,0,"",""
ball,1,12.5,New Zealand,BB McCullum,JD Ryder,Rizwan Cheema,0,0,"",""
ball,1,12.6,New Zealand,BB McCullum,JD Ryder,Rizwan Cheema,0,0,"",""
ball,1,13.1,New Zealand,JD Ryder,BB McCullum,HS Baidwan,0,0,"",""
ball,1,13.2,New Zealand,JD Ryder,BB McCullum,HS Baidwan,0,0,"",""
ball,1,13.3,New Zealand,JD Ryder,BB McCullum,HS Baidwan,0,0,"",""
ball,1,13.4,New Zealand,JD Ryder,BB McCullum,HS Baidwan,0,0,"",""
ball,1,13.5,New Zealand,JD Ryder,BB McCullum,HS Baidwan,1,0,"",""
ball,1,13.6,New Zealand,BB McCullum,JD Ryder,HS Baidwan,0,1,"",""
ball,1,14.1,New Zealand,BB McCullum,JD Ryder,Rizwan Cheema,0,0,"",""
ball,1,14.2,New Zealand,BB McCullum,JD Ryder,Rizwan Cheema,2,0,"",""
ball,1,14.3,New Zealand,BB McCullum,JD Ryder,Rizwan Cheema,1,0,"",""
ball,1,14.4,New Zealand,JD Ryder,BB McCullum,Rizwan Cheema,1,0,"",""
ball,1,14.5,New Zealand,BB McCullum,JD Ryder,Rizwan Cheema,4,0,"",""
ball,1,14.6,New Zealand,BB McCullum,JD Ryder,Rizwan Cheema,0,0,"",""
ball,1,15.1,New Zealand,JD Ryder,BB McCullum,HS Baidwan,0,0,"",""
ball,1,15.2,New Zealand,JD Ryder,BB McCullum,HS Baidwan,0,0,"",""
ball,1,15.3,New Zealand,JD Ryder,BB McCullum,HS Baidwan,1,0,"",""
ball,1,15.4,New Zealand,BB McCullum,JD Ryder,HS Baidwan,0,0,"",""
ball,1,15.5,New Zealand,BB McCullum,JD Ryder,HS Baidwan,0,0,"",""
ball,1,15.6,New Zealand,BB McCullum,JD Ryder,HS Baidwan,0,0,"",""
ball,1,16.1,New Zealand,JD Ryder,BB McCullum,WD Balaji Rao,0,0,"",""
ball,1,16.2,New Zealand,JD Ryder,BB McCullum,WD Balaji Rao,1,0,"",""
ball,1,16.3,New Zealand,BB McCullum,JD Ryder,WD Balaji Rao,1,0,"",""
ball,1,16.4,New Zealand,JD Ryder,BB McCullum,WD Balaji Rao,0,0,"",""
ball,1,16.5,New Zealand,JD Ryder,BB McCullum,WD Balaji Rao,1,0,"",""
ball,1,16.6,New Zealand,BB McCullum,JD Ryder,WD Balaji Rao,0,0,"",""
ball,1,17.1,New Zealand,JD Ryder,BB McCullum,HS Baidwan,1,0,"",""
ball,1,17.2,New Zealand,BB McCullum,JD Ryder,HS Baidwan,1,0,"",""
ball,1,17.3,New Zealand,JD Ryder,BB McCullum,HS Baidwan,1,0,"",""
ball,1,17.4,New Zealand,BB McCullum,JD Ryder,HS Baidwan,1,0,"",""
ball,1,17.5,New Zealand,JD Ryder,BB McCullum,HS Baidwan,0,0,"",""
ball,1,17.6,New Zealand,JD Ryder,BB McCullum,HS Baidwan,1,0,"",""
ball,1,18.1,New Zealand,JD Ryder,BB McCullum,WD Balaji Rao,0,0,"",""
ball,1,18.2,New Zealand,JD Ryder,BB McCullum,WD Balaji Rao,1,0,"",""
ball,1,18.3,New Zealand,BB McCullum,JD Ryder,WD Balaji Rao,1,0,"",""
ball,1,18.4,New Zealand,JD Ryder,BB McCullum,WD Balaji Rao,1,0,"",""
ball,1,18.5,New Zealand,BB McCullum,JD Ryder,WD Balaji Rao,1,0,"",""
ball,1,18.6,New Zealand,JD Ryder,BB McCullum,WD Balaji Rao,0,0,"",""
ball,1,19.1,New Zealand,BB McCullum,JD Ryder,JM Davison,1,0,"",""
ball,1,19.2,New Zealand,JD Ryder,BB McCullum,JM Davison,0,0,"",""
ball,1,19.3,New Zealand,JD Ryder,BB McCullum,JM Davison,0,0,"",""
ball,1,19.4,New Zealand,JD Ryder,BB McCullum,JM Davison,0,0,"",""
ball,1,19.5,New Zealand,JD Ryder,BB McCullum,JM Davison,0,0,"",""
ball,1,19.6,New Zealand,JD Ryder,BB McCullum,JM Davison,1,0,"",""
ball,1,20.1,New Zealand,JD Ryder,BB McCullum,WD Balaji Rao,1,0,"",""
ball,1,20.2,New Zealand,BB McCullum,JD Ryder,WD Balaji Rao,0,0,"",""
ball,1,20.3,New Zealand,BB McCullum,JD Ryder,WD Balaji Rao,0,0,"",""
ball,1,20.4,New Zealand,BB McCullum,JD Ryder,WD Balaji Rao,0,0,"",""
ball,1,20.5,New Zealand,BB McCullum,JD Ryder,WD Balaji Rao,1,0,"",""
ball,1,20.6,New Zealand,JD Ryder,BB McCullum,WD Balaji Rao,0,0,"",""
ball,1,21.1,New Zealand,BB McCullum,JD Ryder,JM Davison,4,0,"",""
ball,1,21.2,New Zealand,BB McCullum,JD Ryder,JM Davison,1,0,"",""
ball,1,21.3,New Zealand,JD Ryder,BB McCullum,JM Davison,0,0,"",""
ball,1,21.4,New Zealand,JD Ryder,BB McCullum,JM Davison,1,0,"",""
ball,1,21.5,New Zealand,BB McCullum,JD Ryder,JM Davison,0,0,"",""
ball,1,21.6,New Zealand,BB McCullum,JD Ryder,JM Davison,0,0,"",""
ball,1,22.1,New Zealand,JD Ryder,BB McCullum,WD Balaji Rao,1,0,"",""
ball,1,22.2,New Zealand,BB McCullum,JD Ryder,WD Balaji Rao,0,0,"",""
ball,1,22.3,New Zealand,BB McCullum,JD Ryder,WD Balaji Rao,0,0,"",""
ball,1,22.4,New Zealand,BB McCullum,JD Ryder,WD Balaji Rao,6,0,"",""
ball,1,22.5,New Zealand,BB McCullum,JD Ryder,WD Balaji Rao,0,0,"",""
ball,1,22.6,New Zealand,BB McCullum,JD Ryder,WD Balaji Rao,1,0,"",""
ball,1,23.1,New Zealand,BB McCullum,JD Ryder,JM Davison,0,0,"",""
ball,1,23.2,New Zealand,BB McCullum,JD Ryder,JM Davison,0,0,"",""
ball,1,23.3,New Zealand,BB McCullum,JD Ryder,JM Davison,1,0,"",""
ball,1,23.4,New Zealand,JD Ryder,BB McCullum,JM Davison,1,0,"",""
ball,1,23.5,New Zealand,BB McCullum,JD Ryder,JM Davison,1,0,"",""
ball,1,23.6,New Zealand,JD Ryder,BB McCullum,JM Davison,0,0,"",""
ball,1,24.1,New Zealand,BB McCullum,JD Ryder,WD Balaji Rao,0,0,"",""
ball,1,24.2,New Zealand,BB McCullum,JD Ryder,WD Balaji Rao,1,0,"",""
ball,1,24.3,New Zealand,JD Ryder,BB McCullum,WD Balaji Rao,4,0,"",""
ball,1,24.4,New Zealand,JD Ryder,BB McCullum,WD Balaji Rao,0,0,"",""
ball,1,24.5,New Zealand,JD Ryder,BB McCullum,WD Balaji Rao,0,0,"",""
ball,1,24.6,New Zealand,JD Ryder,BB McCullum,WD Balaji Rao,1,0,"",""
ball,1,25.1,New Zealand,JD Ryder,BB McCullum,JM Davison,0,0,"",""
ball,1,25.2,New Zealand,JD Ryder,BB McCullum,JM Davison,0,0,"",""
ball,1,25.3,New Zealand,JD Ryder,BB McCullum,JM Davison,0,0,"",""
ball,1,25.4,New Zealand,JD Ryder,BB McCullum,JM Davison,0,0,"",""
ball,1,25.5,New Zealand,JD Ryder,BB McCullum,JM Davison,1,0,"",""
ball,1,25.6,New Zealand,BB McCullum,JD Ryder,JM Davison,1,0,"",""
ball,1,26.1,New Zealand,BB McCullum,JD Ryder,Khurram Chohan,0,0,"",""
ball,1,26.2,New Zealand,BB McCullum,JD Ryder,Khurram Chohan,4,0,"",""
ball,1,26.3,New Zealand,BB McCullum,JD Ryder,Khurram Chohan,0,0,"",""
ball,1,26.4,New Zealand,BB McCullum,JD Ryder,Khurram Chohan,2,0,"",""
ball,1,26.5,New Zealand,BB McCullum,JD Ryder,Khurram Chohan,0,0,"",""
ball,1,26.6,New Zealand,BB McCullum,JD Ryder,Khurram Chohan,1,0,"",""
ball,1,27.1,New Zealand,BB McCullum,JD Ryder,JM Davison,0,0,"",""
ball,1,27.2,New Zealand,BB McCullum,JD Ryder,JM Davison,0,0,"",""
ball,1,27.3,New Zealand,BB McCullum,JD Ryder,JM Davison,0,0,"",""
ball,1,27.4,New Zealand,BB McCullum,JD Ryder,JM Davison,0,0,"",""
ball,1,27.5,New Zealand,BB McCullum,JD Ryder,JM Davison,0,0,"",""
ball,1,27.6,New Zealand,BB McCullum,JD Ryder,JM Davison,0,0,"",""
ball,1,28.1,New Zealand,JD Ryder,BB McCullum,Khurram Chohan,1,0,"",""
ball,1,28.2,New Zealand,BB McCullum,JD Ryder,Khurram Chohan,0,0,"",""
ball,1,28.3,New Zealand,BB McCullum,JD Ryder,Khurram Chohan,1,0,"",""
ball,1,28.4,New Zealand,JD Ryder,BB McCullum,Khurram Chohan,0,0,"",""
ball,1,28.5,New Zealand,JD Ryder,BB McCullum,Khurram Chohan,2,0,"",""
ball,1,28.6,New Zealand,JD Ryder,BB McCullum,Khurram Chohan,1,0,"",""
ball,1,29.1,New Zealand,JD Ryder,BB McCullum,JM Davison,0,0,"",""
ball,1,29.2,New Zealand,JD Ryder,BB McCullum,JM Davison,0,0,caught,JD Ryder
ball,1,29.3,New Zealand,BB McCullum,LRPL Taylor,JM Davison,1,0,"",""
ball,1,29.4,New Zealand,LRPL Taylor,BB McCullum,JM Davison,0,0,"",""
ball,1,29.5,New Zealand,LRPL Taylor,BB McCullum,JM Davison,0,0,"",""
ball,1,29.6,New Zealand,LRPL Taylor,BB McCullum,JM Davison,1,0,"",""
ball,1,30.1,New Zealand,LRPL Taylor,BB McCullum,H Osinde,0,1,"",""
ball,1,30.2,New Zealand,LRPL Taylor,BB McCullum,H Osinde,1,0,"",""
ball,1,30.3,New Zealand,BB McCullum,LRPL Taylor,H Osinde,0,0,"",""
ball,1,30.4,New Zealand,BB McCullum,LRPL Taylor,H Osinde,1,0,"",""
ball,1,30.5,New Zealand,LRPL Taylor,BB McCullum,H Osinde,0,0,"",""
ball,1,30.6,New Zealand,LRPL Taylor,BB McCullum,H Osinde,1,0,"",""
ball,1,30.7,New Zealand,BB McCullum,LRPL Taylor,H Osinde,0,0,"",""
ball,1,31.1,New Zealand,LRPL Taylor,BB McCullum,JM Davison,1,0,"",""
ball,1,31.2,New Zealand,BB McCullum,LRPL Taylor,JM Davison,1,0,"",""
ball,1,31.3,New Zealand,LRPL Taylor,BB McCullum,JM Davison,1,0,"",""
ball,1,31.4,New Zealand,BB McCullum,LRPL Taylor,JM Davison,1,0,"",""
ball,1,31.5,New Zealand,LRPL Taylor,BB McCullum,JM Davison,0,0,"",""
ball,1,31.6,New Zealand,LRPL Taylor,BB McCullum,JM Davison,1,0,"",""
ball,1,32.1,New Zealand,LRPL Taylor,BB McCullum,H Osinde,0,0,"",""
ball,1,32.2,New Zealand,LRPL Taylor,BB McCullum,H Osinde,4,0,"",""
ball,1,32.3,New Zealand,LRPL Taylor,BB McCullum,H Osinde,4,0,"",""
ball,1,32.4,New Zealand,LRPL Taylor,BB McCullum,H Osinde,1,0,"",""
ball,1,32.5,New Zealand,BB McCullum,LRPL Taylor,H Osinde,1,0,"",""
ball,1,32.6,New Zealand,LRPL Taylor,BB McCullum,H Osinde,2,0,"",""
ball,1,33.1,New Zealand,BB McCullum,LRPL Taylor,JM Davison,0,0,"",""
ball,1,33.2,New Zealand,BB McCullum,LRPL Taylor,JM Davison,1,0,"",""
ball,1,33.3,New Zealand,LRPL Taylor,BB McCullum,JM Davison,1,0,"",""
ball,1,33.4,New Zealand,BB McCullum,LRPL Taylor,JM Davison,1,0,"",""
ball,1,33.5,New Zealand,LRPL Taylor,BB McCullum,JM Davison,0,0,"",""
ball,1,33.6,New Zealand,LRPL Taylor,BB McCullum,JM Davison,0,0,"",""
ball,1,34.1,New Zealand,BB McCullum,LRPL Taylor,WD Balaji Rao,1,0,"",""
ball,1,34.2,New Zealand,LRPL Taylor,BB McCullum,WD Balaji Rao,0,0,"",""
ball,1,34.3,New Zealand,LRPL Taylor,BB McCullum,WD Balaji Rao,1,0,"",""
ball,1,34.4,New Zealand,BB McCullum,LRPL Taylor,WD Balaji Rao,1,0,"",""
ball,1,34.5,New Zealand,LRPL Taylor,BB McCullum,WD Balaji Rao,0,0,"",""
ball,1,34.6,New Zealand,LRPL Taylor,BB McCullum,WD Balaji Rao,0,0,"",""
ball,1,35.1,New Zealand,BB McCullum,LRPL Taylor,JM Davison,0,0,"",""
ball,1,35.2,New Zealand,BB McCullum,LRPL Taylor,JM Davison,0,0,"",""
ball,1,35.3,New Zealand,BB McCullum,LRPL Taylor,JM Davison,1,0,"",""
ball,1,35.4,New Zealand,LRPL Taylor,BB McCullum,JM Davison,1,0,"",""
ball,1,35.5,New Zealand,BB McCullum,LRPL Taylor,JM Davison,1,0,"",""
ball,1,35.6,New Zealand,LRPL Taylor,BB McCullum,JM Davison,0,0,"",""
ball,1,36.1,New Zealand,BB McCullum,LRPL Taylor,HS Baidwan,1,0,"",""
ball,1,36.2,New Zealand,LRPL Taylor,BB McCullum,HS Baidwan,2,0,"",""
ball,1,36.3,New Zealand,LRPL Taylor,BB McCullum,HS Baidwan,1,0,"",""
ball,1,36.4,New Zealand,BB McCullum,LRPL Taylor,HS Baidwan,0,0,caught,BB McCullum
ball,1,36.5,New Zealand,NL McCullum,LRPL Taylor,HS Baidwan,0,0,"",""
ball,1,36.6,New Zealand,NL McCullum,LRPL Taylor,HS Baidwan,0,0,"",""
ball,1,37.1,New Zealand,LRPL Taylor,NL McCullum,Rizwan Cheema,0,0,"",""
ball,1,37.2,New Zealand,LRPL Taylor,NL McCullum,Rizwan Cheema,0,0,"",""
ball,1,37.3,New Zealand,LRPL Taylor,NL McCullum,Rizwan Cheema,4,0,"",""
ball,1,37.4,New Zealand,LRPL Taylor,NL McCullum,Rizwan Cheema,1,0,"",""
ball,1,37.5,New Zealand,NL McCullum,LRPL Taylor,Rizwan Cheema,1,0,"",""
ball,1,37.6,New Zealand,LRPL Taylor,NL McCullum,Rizwan Cheema,1,0,"",""
ball,1,38.1,New Zealand,LRPL Taylor,NL McCullum,HS Baidwan,6,0,"",""
ball,1,38.2,New Zealand,LRPL Taylor,NL McCullum,HS Baidwan,6,0,"",""
ball,1,38.3,New Zealand,LRPL Taylor,NL McCullum,HS Baidwan,0,0,"",""
ball,1,38.4,New Zealand,LRPL Taylor,NL McCullum,HS Baidwan,6,0,"",""
ball,1,38.5,New Zealand,LRPL Taylor,NL McCullum,HS Baidwan,6,0,"",""
ball,1,38.6,New Zealand,LRPL Taylor,NL McCullum,HS Baidwan,4,0,"",""
ball,1,39.1,New Zealand,NL McCullum,LRPL Taylor,Rizwan Cheema,0,1,"",""
ball,1,39.2,New Zealand,LRPL Taylor,NL McCullum,Rizwan Cheema,1,0,"",""
ball,1,39.3,New Zealand,NL McCullum,LRPL Taylor,Rizwan Cheema,4,0,"",""
ball,1,39.4,New Zealand,NL McCullum,LRPL Taylor,Rizwan Cheema,1,0,"",""
ball,1,39.5,New Zealand,LRPL Taylor,NL McCullum,Rizwan Cheema,2,0,"",""
ball,1,39.6,New Zealand,LRPL Taylor,NL McCullum,Rizwan Cheema,0,1,"",""
ball,1,39.7,New Zealand,LRPL Taylor,NL McCullum,Rizwan Cheema,6,0,"",""
ball,1,40.1,New Zealand,NL McCullum,LRPL Taylor,WD Balaji Rao,4,0,"",""
ball,1,40.2,New Zealand,NL McCullum,LRPL Taylor,WD Balaji Rao,0,1,"",""
ball,1,40.3,New Zealand,LRPL Taylor,NL McCullum,WD Balaji Rao,4,0,"",""
ball,1,40.4,New Zealand,LRPL Taylor,NL McCullum,WD Balaji Rao,4,0,"",""
ball,1,40.5,New Zealand,LRPL Taylor,NL McCullum,WD Balaji Rao,0,5,"",""
ball,1,40.6,New Zealand,LRPL Taylor,NL McCullum,WD Balaji Rao,0,0,caught,LRPL Taylor
ball,1,40.7,New Zealand,KS Williamson,NL McCullum,WD Balaji Rao,1,0,"",""
ball,1,41.1,New Zealand,KS Williamson,NL McCullum,JM Davison,0,0,"",""
ball,1,41.2,New Zealand,KS Williamson,NL McCullum,JM Davison,0,0,"",""
ball,1,41.3,New Zealand,KS Williamson,NL McCullum,JM Davison,0,0,"",""
ball,1,41.4,New Zealand,KS Williamson,NL McCullum,JM Davison,0,0,"",""
ball,1,41.5,New Zealand,KS Williamson,NL McCullum,JM Davison,2,0,"",""
ball,1,41.6,New Zealand,KS Williamson,NL McCullum,JM Davison,2,0,"",""
ball,1,42.1,New Zealand,NL McCullum,KS Williamson,WD Balaji Rao,0,0,caught and bowled,NL McCullum
ball,1,42.2,New Zealand,SB Styris,KS Williamson,WD Balaji Rao,0,0,"",""
ball,1,42.3,New Zealand,SB Styris,KS Williamson,WD Balaji Rao,1,0,"",""
ball,1,42.4,New Zealand,KS Williamson,SB Styris,WD Balaji Rao,0,0,"",""
ball,1,42.5,New Zealand,KS Williamson,SB Styris,WD Balaji Rao,1,0,"",""
ball,1,42.6,New Zealand,SB Styris,KS Williamson,WD Balaji Rao,1,0,"",""
ball,1,43.1,New Zealand,SB Styris,KS Williamson,AS Hansra,2,0,"",""
ball,1,43.2,New Zealand,SB Styris,KS Williamson,AS Hansra,0,0,"",""
ball,1,43.3,New Zealand,SB Styris,KS Williamson,AS Hansra,1,0,"",""
ball,1,43.4,New Zealand,KS Williamson,SB Styris,AS Hansra,0,0,"",""
ball,1,43.5,New Zealand,KS Williamson,SB Styris,AS Hansra,0,0,"",""
ball,1,43.6,New Zealand,KS Williamson,SB Styris,AS Hansra,1,0,"",""
ball,1,44.1,New Zealand,KS Williamson,SB Styris,WD Balaji Rao,0,0,"",""
ball,1,44.2,New Zealand,KS Williamson,SB Styris,WD Balaji Rao,4,0,"",""
ball,1,44.3,New Zealand,KS Williamson,SB Styris,WD Balaji Rao,1,0,"",""
ball,1,44.4,New Zealand,SB Styris,KS Williamson,WD Balaji Rao,2,0,"",""
ball,1,44.5,New Zealand,SB Styris,KS Williamson,WD Balaji Rao,0,0,"",""
ball,1,44.6,New Zealand,SB Styris,KS Williamson,WD Balaji Rao,0,1,"",""
ball,1,45.1,New Zealand,SB Styris,KS Williamson,AS Hansra,6,0,"",""
ball,1,45.2,New Zealand,SB Styris,KS Williamson,AS Hansra,1,0,"",""
ball,1,45.3,New Zealand,KS Williamson,SB Styris,AS Hansra,2,0,"",""
ball,1,45.4,New Zealand,KS Williamson,SB Styris,AS Hansra,1,0,"",""
ball,1,45.5,New Zealand,SB Styris,KS Williamson,AS Hansra,6,0,"",""
ball,1,45.6,New Zealand,SB Styris,KS Williamson,AS Hansra,1,0,"",""
ball,1,46.1,New Zealand,SB Styris,KS Williamson,WD Balaji Rao,1,0,"",""
ball,1,46.2,New Zealand,KS Williamson,SB Styris,WD Balaji Rao,1,0,"",""
ball,1,46.3,New Zealand,SB Styris,KS Williamson,WD Balaji Rao,1,0,"",""
ball,1,46.4,New Zealand,KS Williamson,SB Styris,WD Balaji Rao,1,0,"",""
ball,1,46.5,New Zealand,SB Styris,KS Williamson,WD Balaji Rao,4,0,"",""
ball,1,46.6,New Zealand,SB Styris,KS Williamson,WD Balaji Rao,0,0,"",""
ball,1,47.1,New Zealand,KS Williamson,SB Styris,HS Baidwan,4,0,"",""
ball,1,47.2,New Zealand,KS Williamson,SB Styris,HS Baidwan,4,0,"",""
ball,1,47.3,New Zealand,KS Williamson,SB Styris,HS Baidwan,3,0,"",""
ball,1,47.4,New Zealand,SB Styris,KS Williamson,HS Baidwan,4,0,"",""
ball,1,47.5,New Zealand,SB Styris,KS Williamson,HS Baidwan,4,0,"",""
ball,1,47.6,New Zealand,SB Styris,KS Williamson,HS Baidwan,0,0,caught,SB Styris
ball,1,48.1,New Zealand,KS Williamson,JEC Franklin,Khurram Chohan,4,0,"",""
ball,1,48.2,New Zealand,KS Williamson,JEC Franklin,Khurram Chohan,1,0,"",""
ball,1,48.3,New Zealand,JEC Franklin,KS Williamson,Khurram Chohan,2,0,"",""
ball,1,48.4,New Zealand,JEC Franklin,KS Williamson,Khurram Chohan,1,0,"",""
ball,1,48.5,New Zealand,KS Williamson,JEC Franklin,Khurram Chohan,0,0,"",""
ball,1,48.6,New Zealand,KS Williamson,JEC Franklin,Khurram Chohan,0,1,"",""
ball,1,49.1,New Zealand,KS Williamson,JEC Franklin,Rizwan Cheema,1,0,"",""
ball,1,49.2,New Zealand,JEC Franklin,KS Williamson,Rizwan Cheema,6,0,"",""
ball,1,49.3,New Zealand,JEC Franklin,KS Williamson,Rizwan Cheema,6,0,"",""
ball,1,49.4,New Zealand,JEC Franklin,KS Williamson,Rizwan Cheema,4,0,"",""
ball,1,49.5,New Zealand,JEC Franklin,KS Williamson,Rizwan Cheema,6,0,"",""
ball,1,49.6,New Zealand,JEC Franklin,KS Williamson,Rizwan Cheema,4,1,"",""
ball,1,49.7,New Zealand,JEC Franklin,KS Williamson,HS Baidwan,0,1,"",""
ball,1,49.8,New Zealand,JEC Franklin,KS Williamson,HS Baidwan,2,0,"",""
ball,2,0.1,Canada,R Gunasekera,H Patel,KD Mills,0,0,"",""
ball,2,0.2,Canada,R Gunasekera,H Patel,KD Mills,0,0,"",""
ball,2,0.3,Canada,R Gunasekera,H Patel,KD Mills,2,0,"",""
ball,2,0.4,Canada,R Gunasekera,H Patel,KD Mills,0,0,"",""
ball,2,0.5,Canada,R Gunasekera,H Patel,KD Mills,0,0,"",""
ball,2,0.6,Canada,R Gunasekera,H Patel,KD Mills,0,0,"",""
ball,2,1.1,Canada,H Patel,R Gunasekera,TG Southee,0,0,"",""
ball,2,1.2,Canada,H Patel,R Gunasekera,TG Southee,0,0,"",""
ball,2,1.3,Canada,H Patel,R Gunasekera,TG Southee,0,0,"",""
ball,2,1.4,Canada,H Patel,R Gunasekera,TG Southee,0,0,"",""
ball,2,1.5,Canada,H Patel,R Gunasekera,TG Southee,0,0,"",""
ball,2,1.6,Canada,H Patel,R Gunasekera,TG Southee,0,0,"",""
ball,2,2.1,Canada,R Gunasekera,H Patel,KD Mills,0,0,caught,R Gunasekera
ball,2,2.2,Canada,ZE Surkari,H Patel,KD Mills,0,0,"",""
ball,2,2.3,Canada,ZE Surkari,H Patel,KD Mills,0,0,"",""
ball,2,2.4,Canada,ZE Surkari,H Patel,KD Mills,0,0,"",""
ball,2,2.5,Canada,ZE Surkari,H Patel,KD Mills,0,0,"",""
ball,2,2.6,Canada,ZE Surkari,H Patel,KD Mills,0,0,"",""
ball,2,3.1,Canada,H Patel,ZE Surkari,TG Southee,0,0,"",""
ball,2,3.2,Canada,H Patel,ZE Surkari,TG Southee,0,0,"",""
ball,2,3.3,Canada,H Patel,ZE Surkari,TG Southee,1,0,"",""
ball,2,3.4,Canada,ZE Surkari,H Patel,TG Southee,0,0,"",""
ball,2,3.5,Canada,ZE Surkari,H Patel,TG Southee,0,0,"",""
ball,2,3.6,Canada,ZE Surkari,H Patel,TG Southee,1,0,"",""
ball,2,4.1,Canada,ZE Surkari,H Patel,KD Mills,0,0,"",""
ball,2,4.2,Canada,ZE Surkari,H Patel,KD Mills,0,0,"",""
ball,2,4.3,Canada,ZE Surkari,H Patel,KD Mills,0,0,caught,ZE Surkari
ball,2,4.4,Canada,A Bagai,H Patel,KD Mills,0,0,"",""
ball,2,4.5,Canada,A Bagai,H Patel,JD Ryder,4,0,"",""
ball,2,4.6,Canada,A Bagai,H Patel,JD Ryder,4,0,"",""
ball,2,5.1,Canada,H Patel,A Bagai,TG Southee,0,0,"",""
ball,2,5.2,Canada,H Patel,A Bagai,TG Southee,0,0,"",""
ball,2,5.3,Canada,H Patel,A Bagai,TG Southee,0,0,"",""
ball,2,5.4,Canada,H Patel,A Bagai,TG Southee,0,0,"",""
ball,2,5.5,Canada,H Patel,A Bagai,TG Southee,4,0,"",""
ball,2,5.6,Canada,H Patel,A Bagai,TG Southee,0,0,"",""
ball,2,6.1,Canada,A Bagai,H Patel,JDP Oram,4,0,"",""
ball,2,6.2,Canada,A Bagai,H Patel,JDP Oram,0,0,"",""
ball,2,6.3,Canada,A Bagai,H Patel,JDP Oram,0,0,"",""
ball,2,6.4,Canada,A Bagai,H Patel,JDP Oram,0,0,"",""
ball,2,6.5,Canada,A Bagai,H Patel,JDP Oram,0,0,"",""
ball,2,6.6,Canada,A Bagai,H Patel,JDP Oram,0,0,"",""
ball,2,7.1,Canada,H Patel,A Bagai,TG Southee,0,0,"",""
ball,2,7.2,Canada,H Patel,A Bagai,TG Southee,0,0,"",""
ball,2,7.3,Canada,H Patel,A Bagai,TG Southee,0,0,"",""
ball,2,7.4,Canada,H Patel,A Bagai,TG Southee,4,0,"",""
ball,2,7.5,Canada,H Patel,A Bagai,TG Southee,4,0,"",""
ball,2,7.6,Canada,H Patel,A Bagai,TG Southee,4,0,"",""
ball,2,8.1,Canada,A Bagai,H Patel,JDP Oram,0,0,"",""
ball,2,8.2,Canada,A Bagai,H Patel,JDP Oram,0,0,"",""
ball,2,8.3,Canada,A Bagai,H Patel,JDP Oram,0,0,"",""
ball,2,8.4,Canada,A Bagai,H Patel,JDP Oram,0,0,"",""
ball,2,8.5,Canada,A Bagai,H Patel,JDP Oram,0,0,"",""
ball,2,8.6,Canada,A Bagai,H Patel,JDP Oram,0,0,"",""
ball,2,9.1,Canada,H Patel,A Bagai,JEC Franklin,0,1,"",""
ball,2,9.2,Canada,H Patel,A Bagai,JEC Franklin,6,0,"",""
ball,2,9.3,Canada,H Patel,A Bagai,JEC Franklin,0,0,"",""
ball,2,9.4,Canada,H Patel,A Bagai,JEC Franklin,0,0,"",""
ball,2,9.5,Canada,H Patel,A Bagai,JEC Franklin,1,0,"",""
ball,2,9.6,Canada,A Bagai,H Patel,JEC Franklin,0,0,"",""
ball,2,9.7,Canada,A Bagai,H Patel,JEC Franklin,0,0,"",""
ball,2,10.1,Canada,H Patel,A Bagai,JDP Oram,0,0,"",""
ball,2,10.2,Canada,H Patel,A Bagai,JDP Oram,1,0,"",""
ball,2,10.3,Canada,A Bagai,H Patel,JDP Oram,0,0,"",""
ball,2,10.4,Canada,A Bagai,H Patel,JDP Oram,0,0,"",""
ball,2,10.5,Canada,A Bagai,H Patel,JDP Oram,0,0,"",""
ball,2,10.6,Canada,A Bagai,H Patel,JDP Oram,0,0,"",""
ball,2,11.1,Canada,H Patel,A Bagai,JEC Franklin,1,0,"",""
ball,2,11.2,Canada,A Bagai,H Patel,JEC Franklin,1,0,"",""
ball,2,11.3,Canada,H Patel,A Bagai,JEC Franklin,0,0,"",""
ball,2,11.4,Canada,H Patel,A Bagai,JEC Franklin,4,0,"",""
ball,2,11.5,Canada,H Patel,A Bagai,JEC Franklin,1,0,"",""
ball,2,11.6,Canada,A Bagai,H Patel,JEC Franklin,2,0,"",""
ball,2,12.1,Canada,H Patel,A Bagai,JDP Oram,0,0,"",""
ball,2,12.2,Canada,H Patel,A Bagai,JDP Oram,0,0,"",""
ball,2,12.3,Canada,H Patel,A Bagai,JDP Oram,0,0,caught,H Patel
ball,2,12.4,Canada,AS Hansra,A Bagai,JDP Oram,0,0,"",""
ball,2,12.5,Canada,AS Hansra,A Bagai,JDP Oram,1,0,"",""
ball,2,12.6,Canada,A Bagai,AS Hansra,JDP Oram,0,0,"",""
ball,2,13.1,Canada,AS Hansra,A Bagai,JEC Franklin,0,0,"",""
ball,2,13.2,Canada,AS Hansra,A Bagai,JEC Franklin,0,0,"",""
ball,2,13.3,Canada,AS Hansra,A Bagai,JEC Franklin,0,0,"",""
ball,2,13.4,Canada,AS Hansra,A Bagai,JEC Franklin,1,0,"",""
ball,2,13.5,Canada,A Bagai,AS Hansra,JEC Franklin,0,0,"",""
ball,2,13.6,Canada,A Bagai,AS Hansra,JEC Franklin,4,0,"",""
ball,2,14.1,Canada,AS Hansra,A Bagai,JDP Oram,1,0,"",""
ball,2,14.2,Canada,A Bagai,AS Hansra,JDP Oram,0,0,"",""
ball,2,14.3,Canada,A Bagai,AS Hansra,JDP Oram,0,0,"",""
ball,2,14.4,Canada,A Bagai,AS Hansra,JDP Oram,1,0,"",""
ball,2,14.5,Canada,AS Hansra,A Bagai,JDP Oram,2,0,"",""
ball,2,14.6,Canada,AS Hansra,A Bagai,JDP Oram,1,0,"",""
ball,2,15.1,Canada,AS Hansra,A Bagai,JEC Franklin,0,0,"",""
ball,2,15.2,Canada,AS Hansra,A Bagai,JEC Franklin,2,0,"",""
ball,2,15.3,Canada,AS Hansra,A Bagai,JEC Franklin,1,0,"",""
ball,2,15.4,Canada,A Bagai,AS Hansra,JEC Franklin,4,0,"",""
ball,2,15.5,Canada,A Bagai,AS Hansra,JEC Franklin,1,0,"",""
ball,2,15.6,Canada,AS Hansra,A Bagai,JEC Franklin,1,0,"",""
ball,2,16.1,Canada,AS Hansra,A Bagai,NL McCullum,0,0,"",""
ball,2,16.2,Canada,AS Hansra,A Bagai,NL McCullum,1,0,"",""
ball,2,16.3,Canada,A Bagai,AS Hansra,NL McCullum,1,0,"",""
ball,2,16.4,Canada,AS Hansra,A Bagai,NL McCullum,1,0,"",""
ball,2,16.5,Canada,A Bagai,AS Hansra,NL McCullum,4,0,"",""
ball,2,16.6,Canada,A Bagai,AS Hansra,NL McCullum,1,0,"",""
ball,2,17.1,Canada,A Bagai,AS Hansra,SB Styris,0,0,"",""
ball,2,17.2,Canada,A Bagai,AS Hansra,SB Styris,1,0,"",""
ball,2,17.3,Canada,AS Hansra,A Bagai,SB Styris,0,1,"",""
ball,2,17.4,Canada,AS Hansra,A Bagai,SB Styris,0,0,"",""
ball,2,17.5,Canada,AS Hansra,A Bagai,SB Styris,0,0,"",""
ball,2,17.6,Canada,AS Hansra,A Bagai,SB Styris,0,0,"",""
ball,2,17.7,Canada,AS Hansra,A Bagai,SB Styris,0,0,"",""
ball,2,18.1,Canada,A Bagai,AS Hansra,NL McCullum,1,0,"",""
ball,2,18.2,Canada,AS Hansra,A Bagai,NL McCullum,0,0,"",""
ball,2,18.3,Canada,AS Hansra,A Bagai,NL McCullum,0,0,"",""
ball,2,18.4,Canada,AS Hansra,A Bagai,NL McCullum,1,0,"",""
ball,2,18.5,Canada,A Bagai,AS Hansra,NL McCullum,0,0,"",""
ball,2,18.6,Canada,A Bagai,AS Hansra,NL McCullum,0,0,"",""
ball,2,19.1,Canada,AS Hansra,A Bagai,SB Styris,0,0,"",""
ball,2,19.2,Canada,AS Hansra,A Bagai,SB Styris,0,0,"",""
ball,2,19.3,Canada,AS Hansra,A Bagai,SB Styris,1,0,"",""
ball,2,19.4,Canada,A Bagai,AS Hansra,SB Styris,1,0,"",""
ball,2,19.5,Canada,AS Hansra,A Bagai,SB Styris,1,0,"",""
ball,2,19.6,Canada,A Bagai,AS Hansra,SB Styris,0,0,"",""
ball,2,20.1,Canada,AS Hansra,A Bagai,NL McCullum,1,0,"",""
ball,2,20.2,Canada,A Bagai,AS Hansra,NL McCullum,0,0,"",""
ball,2,20.3,Canada,A Bagai,AS Hansra,NL McCullum,1,0,"",""
ball,2,20.4,Canada,AS Hansra,A Bagai,NL McCullum,0,0,"",""
ball,2,20.5,Canada,AS Hansra,A Bagai,NL McCullum,1,0,"",""
ball,2,20.6,Canada,A Bagai,AS Hansra,NL McCullum,0,0,"",""
ball,2,21.1,Canada,AS Hansra,A Bagai,SB Styris,1,0,"",""
ball,2,21.2,Canada,A Bagai,AS Hansra,SB Styris,1,0,"",""
ball,2,21.3,Canada,AS Hansra,A Bagai,SB Styris,0,0,"",""
ball,2,21.4,Canada,AS Hansra,A Bagai,SB Styris,0,0,"",""
ball,2,21.5,Canada,AS Hansra,A Bagai,SB Styris,2,0,"",""
ball,2,21.6,Canada,AS Hansra,A Bagai,SB Styris,0,0,"",""
ball,2,22.1,Canada,A Bagai,AS Hansra,NL McCullum,2,0,"",""
ball,2,22.2,Canada,A Bagai,AS Hansra,NL McCullum,1,0,"",""
ball,2,22.3,Canada,AS Hansra,A Bagai,NL McCullum,0,0,"",""
ball,2,22.4,Canada,AS Hansra,A Bagai,NL McCullum,0,0,"",""
ball,2,22.5,Canada,AS Hansra,A Bagai,NL McCullum,0,0,"",""
ball,2,22.6,Canada,AS Hansra,A Bagai,NL McCullum,1,0,"",""
ball,2,23.1,Canada,AS Hansra,A Bagai,TG Southee,0,0,"",""
ball,2,23.2,Canada,AS Hansra,A Bagai,TG Southee,0,0,"",""
ball,2,23.3,Canada,AS Hansra,A Bagai,TG Southee,1,0,"",""
ball,2,23.4,Canada,A Bagai,AS Hansra,TG Southee,0,0,"",""
ball,2,23.5,Canada,A Bagai,AS Hansra,TG Southee,0,0,"",""
ball,2,23.6,Canada,A Bagai,AS Hansra,TG Southee,0,0,"",""
ball,2,24.1,Canada,AS Hansra,A Bagai,NL McCullum,0,0,"",""
ball,2,24.2,Canada,AS Hansra,A Bagai,NL McCullum,0,0,"",""
ball,2,24.3,Canada,AS Hansra,A Bagai,NL McCullum,1,0,"",""
ball,2,24.4,Canada,A Bagai,AS Hansra,NL McCullum,2,0,"",""
ball,2,24.5,Canada,A Bagai,AS Hansra,NL McCullum,4,0,"",""
ball,2,24.6,Canada,A Bagai,AS Hansra,NL McCullum,2,0,"",""
ball,2,25.1,Canada,AS Hansra,A Bagai,TG Southee,0,0,"",""
ball,2,25.2,Canada,AS Hansra,A Bagai,TG Southee,0,0,"",""
ball,2,25.3,Canada,AS Hansra,A Bagai,TG Southee,0,0,"",""
ball,2,25.4,Canada,AS Hansra,A Bagai,TG Southee,0,0,"",""
ball,2,25.5,Canada,AS Hansra,A Bagai,TG Southee,4,0,"",""
ball,2,25.6,Canada,AS Hansra,A Bagai,TG Southee,1,0,"",""
ball,2,26.1,Canada,AS Hansra,A Bagai,KS Williamson,0,0,"",""
ball,2,26.2,Canada,AS Hansra,A Bagai,KS Williamson,1,0,"",""
ball,2,26.3,Canada,A Bagai,AS Hansra,KS Williamson,1,0,"",""
ball,2,26.4,Canada,AS Hansra,A Bagai,KS Williamson,1,0,"",""
ball,2,26.5,Canada,A Bagai,AS Hansra,KS Williamson,4,0,"",""
ball,2,26.6,Canada,A Bagai,AS Hansra,KS Williamson,1,0,"",""
ball,2,27.1,Canada,A Bagai,AS Hansra,SB Styris,1,0,"",""
ball,2,27.2,Canada,AS Hansra,A Bagai,SB Styris,1,0,"",""
ball,2,27.3,Canada,A Bagai,AS Hansra,SB Styris,0,0,"",""
ball,2,27.4,Canada,A Bagai,AS Hansra,SB Styris,0,0,"",""
ball,2,27.5,Canada,A Bagai,AS Hansra,SB Styris,1,0,"",""
ball,2,27.6,Canada,AS Hansra,A Bagai,SB Styris,0,0,"",""
ball,2,28.1,Canada,A Bagai,AS Hansra,KS Williamson,0,0,"",""
ball,2,28.2,Canada,A Bagai,AS Hansra,KS Williamson,1,0,"",""
ball,2,28.3,Canada,AS Hansra,A Bagai,KS Williamson,0,0,"",""
ball,2,28.4,Canada,AS Hansra,A Bagai,KS Williamson,2,0,"",""
ball,2,28.5,Canada,AS Hansra,A Bagai,KS Williamson,0,0,"",""
ball,2,28.6,Canada,AS Hansra,A Bagai,KS Williamson,0,0,"",""
ball,2,29.1,Canada,A Bagai,AS Hansra,SB Styris,2,0,"",""
ball,2,29.2,Canada,A Bagai,AS Hansra,SB Styris,4,0,"",""
ball,2,29.3,Canada,A Bagai,AS Hansra,SB Styris,1,0,"",""
ball,2,29.4,Canada,AS Hansra,A Bagai,SB Styris,1,0,"",""
ball,2,29.5,Canada,A Bagai,AS Hansra,SB Styris,1,0,"",""
ball,2,29.6,Canada,AS Hansra,A Bagai,SB Styris,1,0,"",""
ball,2,30.1,Canada,AS Hansra,A Bagai,KS Williamson,4,0,"",""
ball,2,30.2,Canada,AS Hansra,A Bagai,KS Williamson,0,0,"",""
ball,2,30.3,Canada,AS Hansra,A Bagai,KS Williamson,0,0,"",""
ball,2,30.4,Canada,AS Hansra,A Bagai,KS Williamson,1,0,"",""
ball,2,30.5,Canada,A Bagai,AS Hansra,KS Williamson,1,0,"",""
ball,2,30.6,Canada,AS Hansra,A Bagai,KS Williamson,0,0,"",""
ball,2,31.1,Canada,A Bagai,AS Hansra,SB Styris,0,0,"",""
ball,2,31.2,Canada,A Bagai,AS Hansra,SB Styris,0,0,"",""
ball,2,31.3,Canada,A Bagai,AS Hansra,SB Styris,1,0,"",""
ball,2,31.4,Canada,AS Hansra,A Bagai,SB Styris,0,0,"",""
ball,2,31.5,Canada,AS Hansra,A Bagai,SB Styris,1,0,"",""
ball,2,31.6,Canada,A Bagai,AS Hansra,SB Styris,0,0,"",""
ball,2,32.1,Canada,AS Hansra,A Bagai,KS Williamson,1,0,"",""
ball,2,32.2,Canada,A Bagai,AS Hansra,KS Williamson,1,0,"",""
ball,2,32.3,Canada,AS Hansra,A Bagai,KS Williamson,0,0,"",""
ball,2,32.4,Canada,AS Hansra,A Bagai,KS Williamson,0,5,"",""
ball,2,32.5,Canada,AS Hansra,A Bagai,KS Williamson,0,0,"",""
ball,2,32.6,Canada,AS Hansra,A Bagai,KS Williamson,1,0,"",""
ball,2,32.7,Canada,A Bagai,AS Hansra,KS Williamson,1,0,"",""
ball,2,33.1,Canada,A Bagai,AS Hansra,SB Styris,1,0,"",""
ball,2,33.2,Canada,AS Hansra,A Bagai,SB Styris,1,0,"",""
ball,2,33.3,Canada,A Bagai,AS Hansra,SB Styris,2,0,"",""
ball,2,33.4,Canada,A Bagai,AS Hansra,SB Styris,1,0,"",""
ball,2,33.5,Canada,AS Hansra,A Bagai,SB Styris,0,0,"",""
ball,2,33.6,Canada,AS Hansra,A Bagai,SB Styris,1,0,"",""
ball,2,34.1,Canada,AS Hansra,A Bagai,NL McCullum,1,0,"",""
ball,2,34.2,Canada,A Bagai,AS Hansra,NL McCullum,1,0,"",""
ball,2,34.3,Canada,AS Hansra,A Bagai,NL McCullum,1,0,"",""
ball,2,34.4,Canada,A Bagai,AS Hansra,NL McCullum,2,0,"",""
ball,2,34.5,Canada,A Bagai,AS Hansra,NL McCullum,1,0,"",""
ball,2,34.6,Canada,AS Hansra,A Bagai,NL McCullum,0,0,"",""
ball,2,35.1,Canada,A Bagai,AS Hansra,SB Styris,0,0,"",""
ball,2,35.2,Canada,A Bagai,AS Hansra,SB Styris,1,0,"",""
ball,2,35.3,Canada,AS Hansra,A Bagai,SB Styris,0,0,"",""
ball,2,35.4,Canada,AS Hansra,A Bagai,SB Styris,1,0,"",""
ball,2,35.5,Canada,A Bagai,AS Hansra,SB Styris,0,0,"",""
ball,2,35.6,Canada,A Bagai,AS Hansra,SB Styris,4,0,"",""
ball,2,36.1,Canada,AS Hansra,A Bagai,NL McCullum,1,0,"",""
ball,2,36.2,Canada,A Bagai,AS Hansra,NL McCullum,0,0,"",""
ball,2,36.3,Canada,A Bagai,AS Hansra,NL McCullum,2,0,"",""
ball,2,36.4,Canada,A Bagai,AS Hansra,NL McCullum,1,0,"",""
ball,2,36.5,Canada,AS Hansra,A Bagai,NL McCullum,1,0,"",""
ball,2,36.6,Canada,A Bagai,AS Hansra,NL McCullum,0,0,caught,A Bagai
ball,2,37.1,Canada,AS Hansra,Rizwan Cheema,SB Styris,1,0,"",""
ball,2,37.2,Canada,Rizwan Cheema,AS Hansra,SB Styris,0,0,"",""
ball,2,37.3,Canada,Rizwan Cheema,AS Hansra,SB Styris,1,0,"",""
ball,2,37.4,Canada,AS Hansra,Rizwan Cheema,SB Styris,1,0,"",""
ball,2,37.5,Canada,Rizwan Cheema,AS Hansra,SB Styris,1,0,"",""
ball,2,37.6,Canada,AS Hansra,Rizwan Cheema,SB Styris,0,0,"",""
ball,2,38.1,Canada,Rizwan Cheema,AS Hansra,JDP Oram,0,0,caught,Rizwan Cheema
ball,2,38.2,Canada,JM Davison,AS Hansra,JDP Oram,0,0,"",""
ball,2,38.3,Canada,JM Davison,AS Hansra,JDP Oram,4,0,"",""
ball,2,38.4,Canada,JM Davison,AS Hansra,JDP Oram,0,0,"",""
ball,2,38.5,Canada,JM Davison,AS Hansra,JDP Oram,0,0,"",""
ball,2,38.6,Canada,JM Davison,AS Hansra,JDP Oram,0,0,"",""
ball,2,39.1,Canada,AS Hansra,JM Davison,SB Styris,0,0,"",""
ball,2,39.2,Canada,AS Hansra,JM Davison,SB Styris,0,0,"",""
ball,2,39.3,Canada,AS Hansra,JM Davison,SB Styris,0,0,"",""
ball,2,39.4,Canada,AS Hansra,JM Davison,SB Styris,1,0,"",""
ball,2,39.5,Canada,JM Davison,AS Hansra,SB Styris,0,0,"",""
ball,2,39.6,Canada,JM Davison,AS Hansra,SB Styris,0,0,"",""
ball,2,40.1,Canada,AS Hansra,JM Davison,JDP Oram,0,1,"",""
ball,2,40.2,Canada,JM Davison,WD Balaji Rao,JDP Oram,1,0,"",""
ball,2,40.3,Canada,WD Balaji Rao,JM Davison,JDP Oram,1,0,"",""
ball,2,40.4,Canada,JM Davison,WD Balaji Rao,JDP Oram,0,0,"",""
ball,2,40.5,Canada,JM Davison,WD Balaji Rao,JDP Oram,1,0,"",""
ball,2,40.6,Canada,WD Balaji Rao,JM Davison,JDP Oram,4,0,"",""
ball,2,41.1,Canada,JM Davison,WD Balaji Rao,TG Southee,0,1,"",""
ball,2,41.2,Canada,WD Balaji Rao,JM Davison,TG Southee,0,0,"",""
ball,2,41.3,Canada,WD Balaji Rao,JM Davison,TG Southee,1,0,"",""
ball,2,41.4,Canada,JM Davison,WD Balaji Rao,TG Southee,4,0,"",""
ball,2,41.5,Canada,JM Davison,WD Balaji Rao,TG Southee,1,0,"",""
ball,2,41.6,Canada,WD Balaji Rao,JM Davison,TG Southee,0,1,"",""
ball,2,41.7,Canada,WD Balaji Rao,JM Davison,TG Southee,0,1,"",""
ball,2,42.1,Canada,WD Balaji Rao,JM Davison,JDP Oram,2,0,"",""
ball,2,42.2,Canada,WD Balaji Rao,JM Davison,JDP Oram,1,0,"",""
ball,2,42.3,Canada,JM Davison,WD Balaji Rao,JDP Oram,1,0,"",""
ball,2,42.4,Canada,WD Balaji Rao,JM Davison,JDP Oram,0,0,"",""
ball,2,42.5,Canada,WD Balaji Rao,JM Davison,JDP Oram,0,0,caught,WD Balaji Rao
ball,2,42.6,Canada,JM Davison,HS Baidwan,JDP Oram,1,0,"",""
ball,2,43.1,Canada,JM Davison,HS Baidwan,TG Southee,0,0,"",""
ball,2,43.2,Canada,JM Davison,HS Baidwan,TG Southee,0,4,"",""
ball,2,43.3,Canada,JM Davison,HS Baidwan,TG Southee,0,0,"",""
ball,2,43.4,Canada,JM Davison,HS Baidwan,TG Southee,1,0,"",""
ball,2,43.5,Canada,HS Baidwan,JM Davison,TG Southee,1,0,"",""
ball,2,43.6,Canada,JM Davison,HS Baidwan,TG Southee,1,0,"",""
ball,2,44.1,Canada,JM Davison,HS Baidwan,JDP Oram,0,0,run out,JM Davison
ball,2,44.2,Canada,HS Baidwan,Khurram Chohan,JDP Oram,2,0,"",""
ball,2,44.3,Canada,HS Baidwan,Khurram Chohan,JDP Oram,4,0,"",""
ball,2,44.4,Canada,HS Baidwan,Khurram Chohan,JDP Oram,0,0,"",""
ball,2,44.5,Canada,HS Baidwan,Khurram Chohan,JDP Oram,1,0,"",""
ball,2,44.6,Canada,Khurram Chohan,HS Baidwan,JDP Oram,1,0,"",""
ball,2,45.1,Canada,Khurram Chohan,HS Baidwan,TG Southee,1,0,"",""
ball,2,45.2,Canada,HS Baidwan,Khurram Chohan,TG Southee,0,0,caught,HS Baidwan
ball,2,45.3,Canada,AS Hansra,Khurram Chohan,TG Southee,0,0,"",""
ball,2,45.4,Canada,AS Hansra,Khurram Chohan,TG Southee,0,0,"",""
ball,2,45.5,Canada,AS Hansra,Khurram Chohan,TG Southee,0,0,"",""
ball,2,45.6,Canada,AS Hansra,Khurram Chohan,TG Southee,0,0,"",""
ball,2,46.1,Canada,Khurram Chohan,AS Hansra,JDP Oram,0,0,"",""
ball,2,46.2,Canada,Khurram Chohan,AS Hansra,JDP Oram,1,0,"",""
ball,2,46.3,Canada,AS Hansra,Khurram Chohan,JDP Oram,4,0,"",""
ball,2,46.4,Canada,AS Hansra,Khurram Chohan,JDP Oram,1,0,"",""
ball,2,46.5,Canada,Khurram Chohan,AS Hansra,JDP Oram,1,0,"",""
ball,2,46.6,Canada,AS Hansra,Khurram Chohan,JDP Oram,0,1,"",""
ball,2,46.7,Canada,AS Hansra,Khurram Chohan,JDP Oram,4,0,"",""
ball,2,47.1,Canada,Khurram Chohan,AS Hansra,TG Southee,0,0,"",""
ball,2,47.2,Canada,Khurram Chohan,AS Hansra,TG Southee,0,0,"",""
ball,2,47.3,Canada,Khurram Chohan,AS Hansra,TG Southee,0,0,"",""
ball,2,47.4,Canada,Khurram Chohan,AS Hansra,TG Southee,1,0,"",""
ball,2,47.5,Canada,AS Hansra,Khurram Chohan,TG Southee,0,0,"",""
ball,2,47.6,Canada,AS Hansra,Khurram Chohan,TG Southee,0,0,"",""
ball,2,48.1,Canada,Khurram Chohan,AS Hansra,NL McCullum,4,0,"",""
ball,2,48.2,Canada,Khurram Chohan,AS Hansra,NL McCullum,6,0,"",""
ball,2,48.3,Canada,Khurram Chohan,AS Hansra,NL McCullum,1,0,"",""
ball,2,48.4,Canada,AS Hansra,Khurram Chohan,NL McCullum,1,0,"",""
ball,2,48.5,Canada,Khurram Chohan,AS Hansra,NL McCullum,1,0,"",""
ball,2,48.6,Canada,AS Hansra,Khurram Chohan,NL McCullum,6,0,"",""
ball,2,49.1,Canada,Khurram Chohan,AS Hansra,JD Ryder,1,0,"",""
ball,2,49.2,Canada,AS Hansra,Khurram Chohan,JD Ryder,0,1,"",""
ball,2,49.3,Canada,AS Hansra,Khurram Chohan,JD Ryder,1,0,"",""
ball,2,49.4,Canada,Khurram Chohan,AS Hansra,JD Ryder,4,0,"",""
ball,2,49.5,Canada,Khurram Chohan,AS Hansra,JD Ryder,0,0,caught,Khurram Chohan
ball,2,49.6,Canada,AS Hansra,H Osinde,JD Ryder,0,0,"",""
ball,2,49.7,Canada,AS Hansra,H Osinde,JD Ryder,0,0,"",""
