version,1.3.0
info,team,New Zealand
info,team,Pakistan
info,gender,male
info,season,2010/11
info,date,2011/03/08
info,competition,ICC Cricket World Cup
info,match_number,24
info,venue,Pallekele International Cricket Stadium
info,city,
info,neutralvenue,true
info,toss_winner,New Zealand
info,toss_decision,bat
info,player_of_match,LRPL Taylor
info,umpire,DJ Harper
info,umpire,NJ Llong
info,reserve_umpire,SK Tarapore
info,tv_umpire,IJ Gould
info,match_referee,BC Broad
info,winner,New Zealand
info,winner_runs,110
ball,1,0.1,New Zealand,MJ Guptill,BB McCullum,Shoaib Akhtar,0,0,"",""
ball,1,0.2,New Zealand,MJ Guptill,BB McCullum,Shoaib Akhtar,1,0,"",""
ball,1,0.3,New Zealand,BB McCullum,MJ Guptill,Shoaib Akhtar,0,1,"",""
ball,1,0.4,New Zealand,BB McCullum,MJ Guptill,Shoaib Akhtar,6,0,"",""
ball,1,0.5,New Zealand,BB McCullum,MJ Guptill,Shoaib Akhtar,0,0,bowled,BB McCullum
ball,1,0.6,New Zealand,JM How,MJ Guptill,Shoaib Akhtar,0,0,"",""
ball,1,0.7,New Zealand,JM How,MJ Guptill,Shoaib Akhtar,0,0,"",""
ball,1,1.1,New Zealand,MJ Guptill,JM How,Abdur Rehman,1,0,"",""
ball,1,1.2,New Zealand,JM How,MJ Guptill,Abdur Rehman,0,0,"",""
ball,1,1.3,New Zealand,JM How,MJ Guptill,Abdur Rehman,0,0,"",""
ball,1,1.4,New Zealand,JM How,MJ Guptill,Abdur Rehman,0,0,"",""
ball,1,1.5,New Zealand,JM How,MJ Guptill,Abdur Rehman,0,0,"",""
ball,1,1.6,New Zealand,JM How,MJ Guptill,Abdur Rehman,0,0,"",""
ball,1,2.1,New Zealand,MJ Guptill,JM How,Shoaib Akhtar,0,0,"",""
ball,1,2.2,New Zealand,MJ Guptill,JM How,Shoaib Akhtar,1,0,"",""
ball,1,2.3,New Zealand,JM How,MJ Guptill,Shoaib Akhtar,0,0,"",""
ball,1,2.4,New Zealand,JM How,MJ Guptill,Shoaib Akhtar,0,0,"",""
ball,1,2.5,New Zealand,JM How,MJ Guptill,Shoaib Akhtar,1,0,"",""
ball,1,2.6,New Zealand,MJ Guptill,JM How,Shoaib Akhtar,0,1,"",""
ball,1,2.7,New Zealand,MJ Guptill,JM How,Shoaib Akhtar,4,0,"",""
ball,1,3.1,New Zealand,JM How,MJ Guptill,Abdur Rehman,0,0,"",""
ball,1,3.2,New Zealand,JM How,MJ Guptill,Abdur Rehman,1,0,"",""
ball,1,3.3,New Zealand,MJ Guptill,JM How,Abdur Rehman,0,0,"",""
ball,1,3.4,New Zealand,MJ Guptill,JM How,Abdur Rehman,2,0,"",""
ball,1,3.5,New Zealand,MJ Guptill,JM How,Abdur Rehman,0,0,"",""
ball,1,3.6,New Zealand,MJ Guptill,JM How,Abdur Rehman,1,0,"",""
ball,1,4.1,New Zealand,MJ Guptill,JM How,Shoaib Akhtar,1,0,"",""
ball,1,4.2,New Zealand,JM How,MJ Guptill,Shoaib Akhtar,0,0,"",""
ball,1,4.3,New Zealand,JM How,MJ Guptill,Shoaib Akhtar,0,0,"",""
ball,1,4.4,New Zealand,JM How,MJ Guptill,Shoaib Akhtar,0,0,"",""
ball,1,4.5,New Zealand,JM How,MJ Guptill,Shoaib Akhtar,0,0,"",""
ball,1,4.6,New Zealand,JM How,MJ Guptill,Shoaib Akhtar,0,0,"",""
ball,1,5.1,New Zealand,MJ Guptill,JM How,Abdur Rehman,0,0,"",""
ball,1,5.2,New Zealand,MJ Guptill,JM How,Abdur Rehman,0,0,"",""
ball,1,5.3,New Zealand,MJ Guptill,JM How,Abdur Rehman,0,0,"",""
ball,1,5.4,New Zealand,MJ Guptill,JM How,Abdur Rehman,1,0,"",""
ball,1,5.5,New Zealand,JM How,MJ Guptill,Abdur Rehman,0,0,"",""
ball,1,5.6,New Zealand,JM How,MJ Guptill,Abdur Rehman,0,0,"",""
ball,1,6.1,New Zealand,MJ Guptill,JM How,Shoaib Akhtar,0,0,"",""
ball,1,6.2,New Zealand,MJ Guptill,JM How,Shoaib Akhtar,0,0,"",""
ball,1,6.3,New Zealand,MJ Guptill,JM How,Shoaib Akhtar,0,0,"",""
ball,1,6.4,New Zealand,MJ Guptill,JM How,Shoaib Akhtar,4,0,"",""
ball,1,6.5,New Zealand,MJ Guptill,JM How,Shoaib Akhtar,0,0,"",""
ball,1,6.6,New Zealand,MJ Guptill,JM How,Shoaib Akhtar,4,0,"",""
ball,1,7.1,New Zealand,JM How,MJ Guptill,Abdur Rehman,0,0,"",""
ball,1,7.2,New Zealand,JM How,MJ Guptill,Abdur Rehman,1,0,"",""
ball,1,7.3,New Zealand,MJ Guptill,JM How,Abdur Rehman,0,0,"",""
ball,1,7.4,New Zealand,MJ Guptill,JM How,Abdur Rehman,0,0,"",""
ball,1,7.5,New Zealand,MJ Guptill,JM How,Abdur Rehman,0,0,"",""
ball,1,7.6,New Zealand,MJ Guptill,JM How,Abdur Rehman,3,0,"",""
ball,1,8.1,New Zealand,MJ Guptill,JM How,Shoaib Akhtar,0,0,"",""
ball,1,8.2,New Zealand,MJ Guptill,JM How,Shoaib Akhtar,0,0,"",""
ball,1,8.3,New Zealand,MJ Guptill,JM How,Shoaib Akhtar,0,0,"",""
ball,1,8.4,New Zealand,MJ Guptill,JM How,Shoaib Akhtar,0,0,"",""
ball,1,8.5,New Zealand,MJ Guptill,JM How,Shoaib Akhtar,0,1,"",""
ball,1,8.6,New Zealand,MJ Guptill,JM How,Shoaib Akhtar,4,0,"",""
ball,1,8.7,New Zealand,MJ Guptill,JM How,Shoaib Akhtar,0,1,"",""
ball,1,8.8,New Zealand,MJ Guptill,JM How,Shoaib Akhtar,1,0,"",""
ball,1,9.1,New Zealand,MJ Guptill,JM How,Abdur Rehman,0,0,"",""
ball,1,9.2,New Zealand,MJ Guptill,JM How,Abdur Rehman,2,0,"",""
ball,1,9.3,New Zealand,MJ Guptill,JM How,Abdur Rehman,1,0,"",""
ball,1,9.4,New Zealand,JM How,MJ Guptill,Abdur Rehman,1,0,"",""
ball,1,9.5,New Zealand,MJ Guptill,JM How,Abdur Rehman,0,0,"",""
ball,1,9.6,New Zealand,MJ Guptill,JM How,Abdur Rehman,0,0,"",""
ball,1,10.1,New Zealand,JM How,MJ Guptill,Umar Gul,0,0,"",""
ball,1,10.2,New Zealand,JM How,MJ Guptill,Umar Gul,0,0,"",""
ball,1,10.3,New Zealand,JM How,MJ Guptill,Umar Gul,0,0,"",""
ball,1,10.4,New Zealand,JM How,MJ Guptill,Umar Gul,0,0,"",""
ball,1,10.5,New Zealand,JM How,MJ Guptill,Umar Gul,0,0,"",""
ball,1,10.6,New Zealand,JM How,MJ Guptill,Umar Gul,0,0,"",""
ball,1,11.1,New Zealand,MJ Guptill,JM How,Abdul Razzaq,4,0,"",""
ball,1,11.2,New Zealand,MJ Guptill,JM How,Abdul Razzaq,0,0,"",""
ball,1,11.3,New Zealand,MJ Guptill,JM How,Abdul Razzaq,0,0,"",""
ball,1,11.4,New Zealand,MJ Guptill,JM How,Abdul Razzaq,4,0,"",""
ball,1,11.5,New Zealand,MJ Guptill,JM How,Abdul Razzaq,0,0,"",""
ball,1,11.6,New Zealand,MJ Guptill,JM How,Abdul Razzaq,1,0,"",""
ball,1,12.1,New Zealand,MJ Guptill,JM How,Umar Gul,0,0,"",""
ball,1,12.2,New Zealand,MJ Guptill,JM How,Umar Gul,1,0,"",""
ball,1,12.3,New Zealand,JM How,MJ Guptill,Umar Gul,0,0,lbw,JM How
ball,1,12.4,New Zealand,LRPL Taylor,MJ Guptill,Umar Gul,0,0,"",""
ball,1,12.5,New Zealand,LRPL Taylor,MJ Guptill,Umar Gul,0,0,"",""
ball,1,12.6,New Zealand,LRPL Taylor,MJ Guptill,Umar Gul,0,1,"",""
ball,1,13.1,New Zealand,LRPL Taylor,MJ Guptill,Shoaib Akhtar,0,0,"",""
ball,1,13.2,New Zealand,LRPL Taylor,MJ Guptill,Shoaib Akhtar,4,0,"",""
ball,1,13.3,New Zealand,LRPL Taylor,MJ Guptill,Shoaib Akhtar,4,0,"",""
ball,1,13.4,New Zealand,LRPL Taylor,MJ Guptill,Shoaib Akhtar,0,0,"",""
ball,1,13.5,New Zealand,LRPL Taylor,MJ Guptill,Shoaib Akhtar,0,0,"",""
ball,1,13.6,New Zealand,LRPL Taylor,MJ Guptill,Shoaib Akhtar,0,0,"",""
ball,1,14.1,New Zealand,MJ Guptill,LRPL Taylor,Umar Gul,0,0,"",""
ball,1,14.2,New Zealand,MJ Guptill,LRPL Taylor,Umar Gul,0,0,"",""
ball,1,14.3,New Zealand,MJ Guptill,LRPL Taylor,Umar Gul,0,0,"",""
ball,1,14.4,New Zealand,MJ Guptill,LRPL Taylor,Umar Gul,4,0,"",""
ball,1,14.5,New Zealand,MJ Guptill,LRPL Taylor,Umar Gul,0,0,"",""
ball,1,14.6,New Zealand,MJ Guptill,LRPL Taylor,Umar Gul,0,0,"",""
ball,1,15.1,New Zealand,LRPL Taylor,MJ Guptill,Shoaib Akhtar,1,0,"",""
ball,1,15.2,New Zealand,MJ Guptill,LRPL Taylor,Shoaib Akhtar,0,0,"",""
ball,1,15.3,New Zealand,MJ Guptill,LRPL Taylor,Shoaib Akhtar,0,0,"",""
ball,1,15.4,New Zealand,MJ Guptill,LRPL Taylor,Shoaib Akhtar,0,0,"",""
ball,1,15.5,New Zealand,MJ Guptill,LRPL Taylor,Shoaib Akhtar,0,0,"",""
ball,1,15.6,New Zealand,MJ Guptill,LRPL Taylor,Shoaib Akhtar,0,0,"",""
ball,1,16.1,New Zealand,LRPL Taylor,MJ Guptill,Umar Gul,0,0,"",""
ball,1,16.2,New Zealand,LRPL Taylor,MJ Guptill,Umar Gul,0,0,"",""
ball,1,16.3,New Zealand,LRPL Taylor,MJ Guptill,Umar Gul,0,0,"",""
ball,1,16.4,New Zealand,LRPL Taylor,MJ Guptill,Umar Gul,0,0,"",""
ball,1,16.5,New Zealand,LRPL Taylor,MJ Guptill,Umar Gul,0,0,"",""
ball,1,16.6,New Zealand,LRPL Taylor,MJ Guptill,Umar Gul,1,0,"",""
ball,1,17.1,New Zealand,LRPL Taylor,MJ Guptill,Shoaib Akhtar,0,0,"",""
ball,1,17.2,New Zealand,LRPL Taylor,MJ Guptill,Shoaib Akhtar,1,0,"",""
ball,1,17.3,New Zealand,MJ Guptill,LRPL Taylor,Shoaib Akhtar,0,0,"",""
ball,1,17.4,New Zealand,MJ Guptill,LRPL Taylor,Shoaib Akhtar,0,0,"",""
ball,1,17.5,New Zealand,MJ Guptill,LRPL Taylor,Shoaib Akhtar,1,0,"",""
ball,1,17.6,New Zealand,LRPL Taylor,MJ Guptill,Shoaib Akhtar,0,0,"",""
ball,1,18.1,New Zealand,MJ Guptill,LRPL Taylor,Umar Gul,1,0,"",""
ball,1,18.2,New Zealand,LRPL Taylor,MJ Guptill,Umar Gul,0,0,"",""
ball,1,18.3,New Zealand,LRPL Taylor,MJ Guptill,Umar Gul,0,0,"",""
ball,1,18.4,New Zealand,LRPL Taylor,MJ Guptill,Umar Gul,0,0,"",""
ball,1,18.5,New Zealand,LRPL Taylor,MJ Guptill,Umar Gul,0,0,"",""
ball,1,18.6,New Zealand,LRPL Taylor,MJ Guptill,Umar Gul,1,0,"",""
ball,1,19.1,New Zealand,LRPL Taylor,MJ Guptill,Abdul Razzaq,0,0,"",""
ball,1,19.2,New Zealand,LRPL Taylor,MJ Guptill,Abdul Razzaq,0,0,"",""
ball,1,19.3,New Zealand,LRPL Taylor,MJ Guptill,Abdul Razzaq,0,0,"",""
ball,1,19.4,New Zealand,LRPL Taylor,MJ Guptill,Abdul Razzaq,0,0,"",""
ball,1,19.5,New Zealand,LRPL Taylor,MJ Guptill,Abdul Razzaq,0,1,"",""
ball,1,19.6,New Zealand,LRPL Taylor,MJ Guptill,Abdul Razzaq,4,0,"",""
ball,1,19.7,New Zealand,LRPL Taylor,MJ Guptill,Abdul Razzaq,2,0,"",""
ball,1,20.1,New Zealand,MJ Guptill,LRPL Taylor,Shahid Afridi,1,0,"",""
ball,1,20.2,New Zealand,LRPL Taylor,MJ Guptill,Shahid Afridi,1,0,"",""
ball,1,20.3,New Zealand,MJ Guptill,LRPL Taylor,Shahid Afridi,0,0,"",""
ball,1,20.4,New Zealand,MJ Guptill,LRPL Taylor,Shahid Afridi,0,0,"",""
ball,1,20.5,New Zealand,MJ Guptill,LRPL Taylor,Shahid Afridi,0,0,"",""
ball,1,20.6,New Zealand,MJ Guptill,LRPL Taylor,Shahid Afridi,0,0,"",""
ball,1,21.1,New Zealand,LRPL Taylor,MJ Guptill,Abdul Razzaq,0,0,"",""
ball,1,21.2,New Zealand,LRPL Taylor,MJ Guptill,Abdul Razzaq,1,0,"",""
ball,1,21.3,New Zealand,MJ Guptill,LRPL Taylor,Abdul Razzaq,0,1,"",""
ball,1,21.4,New Zealand,MJ Guptill,LRPL Taylor,Abdul Razzaq,0,0,"",""
ball,1,21.5,New Zealand,MJ Guptill,LRPL Taylor,Abdul Razzaq,0,1,"",""
ball,1,21.6,New Zealand,LRPL Taylor,MJ Guptill,Abdul Razzaq,1,0,"",""
ball,1,21.7,New Zealand,MJ Guptill,LRPL Taylor,Abdul Razzaq,0,4,"",""
ball,1,22.1,New Zealand,LRPL Taylor,MJ Guptill,Shahid Afridi,0,0,"",""
ball,1,22.2,New Zealand,LRPL Taylor,MJ Guptill,Shahid Afridi,0,0,"",""
ball,1,22.3,New Zealand,LRPL Taylor,MJ Guptill,Shahid Afridi,0,0,"",""
ball,1,22.4,New Zealand,LRPL Taylor,MJ Guptill,Shahid Afridi,1,0,"",""
ball,1,22.5,New Zealand,MJ Guptill,LRPL Taylor,Shahid Afridi,1,0,"",""
ball,1,22.6,New Zealand,LRPL Taylor,MJ Guptill,Shahid Afridi,0,0,"",""
ball,1,23.1,New Zealand,MJ Guptill,LRPL Taylor,Mohammad Hafeez,1,0,"",""
ball,1,23.2,New Zealand,LRPL Taylor,MJ Guptill,Mohammad Hafeez,0,0,"",""
ball,1,23.3,New Zealand,LRPL Taylor,MJ Guptill,Mohammad Hafeez,0,0,"",""
ball,1,23.4,New Zealand,LRPL Taylor,MJ Guptill,Mohammad Hafeez,0,0,"",""
ball,1,23.5,New Zealand,LRPL Taylor,MJ Guptill,Mohammad Hafeez,0,0,"",""
ball,1,23.6,New Zealand,LRPL Taylor,MJ Guptill,Mohammad Hafeez,1,0,"",""
ball,1,24.1,New Zealand,LRPL Taylor,MJ Guptill,Shahid Afridi,1,0,"",""
ball,1,24.2,New Zealand,MJ Guptill,LRPL Taylor,Shahid Afridi,0,0,"",""
ball,1,24.3,New Zealand,MJ Guptill,LRPL Taylor,Shahid Afridi,0,0,"",""
ball,1,24.4,New Zealand,MJ Guptill,LRPL Taylor,Shahid Afridi,1,0,"",""
ball,1,24.5,New Zealand,LRPL Taylor,MJ Guptill,Shahid Afridi,1,0,"",""
ball,1,24.6,New Zealand,MJ Guptill,LRPL Taylor,Shahid Afridi,1,0,"",""
ball,1,25.1,New Zealand,MJ Guptill,LRPL Taylor,Mohammad Hafeez,0,0,"",""
ball,1,25.2,New Zealand,MJ Guptill,LRPL Taylor,Mohammad Hafeez,1,0,"",""
ball,1,25.3,New Zealand,LRPL Taylor,MJ Guptill,Mohammad Hafeez,0,0,"",""
ball,1,25.4,New Zealand,LRPL Taylor,MJ Guptill,Mohammad Hafeez,1,0,"",""
ball,1,25.5,New Zealand,MJ Guptill,LRPL Taylor,Mohammad Hafeez,0,0,"",""
ball,1,25.6,New Zealand,MJ Guptill,LRPL Taylor,Mohammad Hafeez,0,0,"",""
ball,1,26.1,New Zealand,LRPL Taylor,MJ Guptill,Shahid Afridi,0,0,"",""
ball,1,26.2,New Zealand,LRPL Taylor,MJ Guptill,Shahid Afridi,1,0,"",""
ball,1,26.3,New Zealand,MJ Guptill,LRPL Taylor,Shahid Afridi,1,0,"",""
ball,1,26.4,New Zealand,LRPL Taylor,MJ Guptill,Shahid Afridi,1,0,"",""
ball,1,26.5,New Zealand,MJ Guptill,LRPL Taylor,Shahid Afridi,1,0,"",""
ball,1,26.6,New Zealand,LRPL Taylor,MJ Guptill,Shahid Afridi,1,0,"",""
ball,1,27.1,New Zealand,LRPL Taylor,MJ Guptill,Mohammad Hafeez,0,0,"",""
ball,1,27.2,New Zealand,LRPL Taylor,MJ Guptill,Mohammad Hafeez,1,0,"",""
ball,1,27.3,New Zealand,MJ Guptill,LRPL Taylor,Mohammad Hafeez,1,0,"",""
ball,1,27.4,New Zealand,LRPL Taylor,MJ Guptill,Mohammad Hafeez,0,0,"",""
ball,1,27.5,New Zealand,LRPL Taylor,MJ Guptill,Mohammad Hafeez,0,0,"",""
ball,1,27.6,New Zealand,LRPL Taylor,MJ Guptill,Mohammad Hafeez,2,0,"",""
ball,1,28.1,New Zealand,MJ Guptill,LRPL Taylor,Shahid Afridi,1,0,"",""
ball,1,28.2,New Zealand,LRPL Taylor,MJ Guptill,Shahid Afridi,1,0,"",""
ball,1,28.3,New Zealand,MJ Guptill,LRPL Taylor,Shahid Afridi,0,0,"",""
ball,1,28.4,New Zealand,MJ Guptill,LRPL Taylor,Shahid Afridi,0,0,"",""
ball,1,28.5,New Zealand,MJ Guptill,LRPL Taylor,Shahid Afridi,0,0,bowled,MJ Guptill
ball,1,28.6,New Zealand,JEC Franklin,LRPL Taylor,Shahid Afridi,1,0,"",""
ball,1,29.1,New Zealand,JEC Franklin,LRPL Taylor,Mohammad Hafeez,0,0,lbw,JEC Franklin
ball,1,29.2,New Zealand,SB Styris,LRPL Taylor,Mohammad Hafeez,1,0,"",""
ball,1,29.3,New Zealand,LRPL Taylor,SB Styris,Mohammad Hafeez,1,0,"",""
ball,1,29.4,New Zealand,SB Styris,LRPL Taylor,Mohammad Hafeez,0,0,"",""
ball,1,29.5,New Zealand,SB Styris,LRPL Taylor,Mohammad Hafeez,3,0,"",""
ball,1,29.6,New Zealand,LRPL Taylor,SB Styris,Mohammad Hafeez,1,0,"",""
ball,1,30.1,New Zealand,LRPL Taylor,SB Styris,Shahid Afridi,0,0,"",""
ball,1,30.2,New Zealand,LRPL Taylor,SB Styris,Shahid Afridi,4,0,"",""
ball,1,30.3,New Zealand,LRPL Taylor,SB Styris,Shahid Afridi,1,0,"",""
ball,1,30.4,New Zealand,SB Styris,LRPL Taylor,Shahid Afridi,1,0,"",""
ball,1,30.5,New Zealand,LRPL Taylor,SB Styris,Shahid Afridi,1,0,"",""
ball,1,30.6,New Zealand,SB Styris,LRPL Taylor,Shahid Afridi,0,0,"",""
ball,1,31.1,New Zealand,LRPL Taylor,SB Styris,Mohammad Hafeez,1,0,"",""
ball,1,31.2,New Zealand,SB Styris,LRPL Taylor,Mohammad Hafeez,0,0,"",""
ball,1,31.3,New Zealand,SB Styris,LRPL Taylor,Mohammad Hafeez,1,0,"",""
ball,1,31.4,New Zealand,LRPL Taylor,SB Styris,Mohammad Hafeez,1,0,"",""
ball,1,31.5,New Zealand,SB Styris,LRPL Taylor,Mohammad Hafeez,1,0,"",""
ball,1,31.6,New Zealand,LRPL Taylor,SB Styris,Mohammad Hafeez,1,0,"",""
ball,1,32.1,New Zealand,LRPL Taylor,SB Styris,Shahid Afridi,0,0,"",""
ball,1,32.2,New Zealand,LRPL Taylor,SB Styris,Shahid Afridi,1,0,"",""
ball,1,32.3,New Zealand,SB Styris,LRPL Taylor,Shahid Afridi,0,0,"",""
ball,1,32.4,New Zealand,SB Styris,LRPL Taylor,Shahid Afridi,1,0,"",""
ball,1,32.5,New Zealand,LRPL Taylor,SB Styris,Shahid Afridi,0,0,"",""
ball,1,32.6,New Zealand,LRPL Taylor,SB Styris,Shahid Afridi,2,0,"",""
ball,1,33.1,New Zealand,SB Styris,LRPL Taylor,Mohammad Hafeez,1,0,"",""
ball,1,33.2,New Zealand,LRPL Taylor,SB Styris,Mohammad Hafeez,0,0,"",""
ball,1,33.3,New Zealand,LRPL Taylor,SB Styris,Mohammad Hafeez,0,0,"",""
ball,1,33.4,New Zealand,LRPL Taylor,SB Styris,Mohammad Hafeez,0,0,"",""
ball,1,33.5,New Zealand,LRPL Taylor,SB Styris,Mohammad Hafeez,1,0,"",""
ball,1,33.6,New Zealand,SB Styris,LRPL Taylor,Mohammad Hafeez,0,0,"",""
ball,1,34.1,New Zealand,LRPL Taylor,SB Styris,Abdur Rehman,0,0,"",""
ball,1,34.2,New Zealand,LRPL Taylor,SB Styris,Abdur Rehman,1,0,"",""
ball,1,34.3,New Zealand,SB Styris,LRPL Taylor,Abdur Rehman,1,0,"",""
ball,1,34.4,New Zealand,LRPL Taylor,SB Styris,Abdur Rehman,1,0,"",""
ball,1,34.5,New Zealand,SB Styris,LRPL Taylor,Abdur Rehman,0,0,"",""
ball,1,34.6,New Zealand,SB Styris,LRPL Taylor,Abdur Rehman,1,0,"",""
ball,1,35.1,New Zealand,SB Styris,LRPL Taylor,Mohammad Hafeez,1,0,"",""
ball,1,35.2,New Zealand,LRPL Taylor,SB Styris,Mohammad Hafeez,0,1,"",""
ball,1,35.3,New Zealand,LRPL Taylor,SB Styris,Mohammad Hafeez,0,1,"",""
ball,1,35.4,New Zealand,SB Styris,LRPL Taylor,Mohammad Hafeez,1,0,"",""
ball,1,35.5,New Zealand,LRPL Taylor,SB Styris,Mohammad Hafeez,1,0,"",""
ball,1,35.6,New Zealand,SB Styris,LRPL Taylor,Mohammad Hafeez,0,0,"",""
ball,1,35.7,New Zealand,SB Styris,LRPL Taylor,Mohammad Hafeez,1,0,"",""
ball,1,36.1,New Zealand,SB Styris,LRPL Taylor,Abdur Rehman,1,0,"",""
ball,1,36.2,New Zealand,LRPL Taylor,SB Styris,Abdur Rehman,1,0,"",""
ball,1,36.3,New Zealand,SB Styris,LRPL Taylor,Abdur Rehman,1,0,"",""
ball,1,36.4,New Zealand,LRPL Taylor,SB Styris,Abdur Rehman,0,0,"",""
ball,1,36.5,New Zealand,LRPL Taylor,SB Styris,Abdur Rehman,0,0,"",""
ball,1,36.6,New Zealand,LRPL Taylor,SB Styris,Abdur Rehman,0,0,"",""
ball,1,37.1,New Zealand,SB Styris,LRPL Taylor,Umar Gul,1,0,"",""
ball,1,37.2,New Zealand,LRPL Taylor,SB Styris,Umar Gul,1,0,"",""
ball,1,37.3,New Zealand,SB Styris,LRPL Taylor,Umar Gul,1,0,"",""
ball,1,37.4,New Zealand,LRPL Taylor,SB Styris,Umar Gul,1,0,"",""
ball,1,37.5,New Zealand,SB Styris,LRPL Taylor,Umar Gul,0,1,"",""
ball,1,37.6,New Zealand,SB Styris,LRPL Taylor,Umar Gul,0,0,"",""
ball,1,37.7,New Zealand,SB Styris,LRPL Taylor,Umar Gul,0,0,"",""
ball,1,38.1,New Zealand,LRPL Taylor,SB Styris,Abdur Rehman,1,0,"",""
ball,1,38.2,New Zealand,SB Styris,LRPL Taylor,Abdur Rehman,1,0,"",""
ball,1,38.3,New Zealand,LRPL Taylor,SB Styris,Abdur Rehman,2,0,"",""
ball,1,38.4,New Zealand,LRPL Taylor,SB Styris,Abdur Rehman,0,0,"",""
ball,1,38.5,New Zealand,LRPL Taylor,SB Styris,Abdur Rehman,1,0,"",""
ball,1,38.6,New Zealand,SB Styris,LRPL Taylor,Abdur Rehman,0,0,"",""
ball,1,39.1,New Zealand,LRPL Taylor,SB Styris,Umar Gul,1,0,"",""
ball,1,39.2,New Zealand,SB Styris,LRPL Taylor,Umar Gul,1,0,"",""
ball,1,39.3,New Zealand,LRPL Taylor,SB Styris,Umar Gul,0,0,"",""
ball,1,39.4,New Zealand,LRPL Taylor,SB Styris,Umar Gul,0,0,"",""
ball,1,39.5,New Zealand,LRPL Taylor,SB Styris,Umar Gul,1,0,"",""
ball,1,39.6,New Zealand,SB Styris,LRPL Taylor,Umar Gul,0,0,"",""
ball,1,40.1,New Zealand,LRPL Taylor,SB Styris,Shahid Afridi,0,0,"",""
ball,1,40.2,New Zealand,LRPL Taylor,SB Styris,Shahid Afridi,2,0,"",""
ball,1,40.3,New Zealand,LRPL Taylor,SB Styris,Shahid Afridi,1,0,"",""
ball,1,40.4,New Zealand,SB Styris,LRPL Taylor,Shahid Afridi,4,0,"",""
ball,1,40.5,New Zealand,SB Styris,LRPL Taylor,Shahid Afridi,0,0,"",""
ball,1,40.6,New Zealand,SB Styris,LRPL Taylor,Shahid Afridi,3,0,"",""
ball,1,41.1,New Zealand,SB Styris,LRPL Taylor,Umar Gul,0,0,"",""
ball,1,41.2,New Zealand,SB Styris,LRPL Taylor,Umar Gul,1,0,"",""
ball,1,41.3,New Zealand,LRPL Taylor,SB Styris,Umar Gul,1,0,"",""
ball,1,41.4,New Zealand,SB Styris,LRPL Taylor,Umar Gul,0,0,"",""
ball,1,41.5,New Zealand,SB Styris,LRPL Taylor,Umar Gul,0,0,"",""
ball,1,41.6,New Zealand,SB Styris,LRPL Taylor,Umar Gul,0,0,lbw,SB Styris
ball,1,42.1,New Zealand,LRPL Taylor,NL McCullum,Shahid Afridi,1,0,"",""
ball,1,42.2,New Zealand,NL McCullum,LRPL Taylor,Shahid Afridi,0,1,"",""
ball,1,42.3,New Zealand,LRPL Taylor,NL McCullum,Shahid Afridi,0,0,"",""
ball,1,42.4,New Zealand,LRPL Taylor,NL McCullum,Shahid Afridi,1,0,"",""
ball,1,42.5,New Zealand,NL McCullum,LRPL Taylor,Shahid Afridi,1,0,"",""
ball,1,42.6,New Zealand,LRPL Taylor,NL McCullum,Shahid Afridi,1,0,"",""
ball,1,43.1,New Zealand,LRPL Taylor,NL McCullum,Umar Gul,0,1,"",""
ball,1,43.2,New Zealand,NL McCullum,LRPL Taylor,Umar Gul,4,0,"",""
ball,1,43.3,New Zealand,NL McCullum,LRPL Taylor,Umar Gul,0,0,"",""
ball,1,43.4,New Zealand,NL McCullum,LRPL Taylor,Umar Gul,0,1,"",""
ball,1,43.5,New Zealand,LRPL Taylor,NL McCullum,Umar Gul,0,1,"",""
ball,1,43.6,New Zealand,LRPL Taylor,NL McCullum,Umar Gul,0,0,"",""
ball,1,43.7,New Zealand,LRPL Taylor,NL McCullum,Umar Gul,1,0,"",""
ball,1,44.1,New Zealand,LRPL Taylor,NL McCullum,Shahid Afridi,0,0,"",""
ball,1,44.2,New Zealand,LRPL Taylor,NL McCullum,Shahid Afridi,0,0,"",""
ball,1,44.3,New Zealand,LRPL Taylor,NL McCullum,Shahid Afridi,1,0,"",""
ball,1,44.4,New Zealand,NL McCullum,LRPL Taylor,Shahid Afridi,6,0,"",""
ball,1,44.5,New Zealand,NL McCullum,LRPL Taylor,Shahid Afridi,1,0,"",""
ball,1,44.6,New Zealand,LRPL Taylor,NL McCullum,Shahid Afridi,6,0,"",""
ball,1,45.1,New Zealand,NL McCullum,LRPL Taylor,Umar Gul,1,0,"",""
ball,1,45.2,New Zealand,LRPL Taylor,NL McCullum,Umar Gul,0,0,"",""
ball,1,45.3,New Zealand,LRPL Taylor,NL McCullum,Umar Gul,1,0,"",""
ball,1,45.4,New Zealand,NL McCullum,LRPL Taylor,Umar Gul,6,0,"",""
ball,1,45.5,New Zealand,NL McCullum,LRPL Taylor,Umar Gul,0,0,bowled,NL McCullum
ball,1,45.6,New Zealand,JDP Oram,LRPL Taylor,Umar Gul,0,0,"",""
ball,1,46.1,New Zealand,LRPL Taylor,JDP Oram,Shoaib Akhtar,4,0,"",""
ball,1,46.2,New Zealand,LRPL Taylor,JDP Oram,Shoaib Akhtar,6,0,"",""
ball,1,46.3,New Zealand,LRPL Taylor,JDP Oram,Shoaib Akhtar,6,0,"",""
ball,1,46.4,New Zealand,LRPL Taylor,JDP Oram,Shoaib Akhtar,0,1,"",""
ball,1,46.5,New Zealand,LRPL Taylor,JDP Oram,Shoaib Akhtar,0,0,"",""
ball,1,46.6,New Zealand,LRPL Taylor,JDP Oram,Shoaib Akhtar,4,0,"",""
ball,1,46.7,New Zealand,LRPL Taylor,JDP Oram,Shoaib Akhtar,0,1,"",""
ball,1,46.8,New Zealand,LRPL Taylor,JDP Oram,Shoaib Akhtar,6,0,"",""
ball,1,47.1,New Zealand,JDP Oram,LRPL Taylor,Abdur Rehman,2,0,"",""
ball,1,47.2,New Zealand,JDP Oram,LRPL Taylor,Abdur Rehman,0,0,"",""
ball,1,47.3,New Zealand,JDP Oram,LRPL Taylor,Abdur Rehman,4,0,"",""
ball,1,47.4,New Zealand,JDP Oram,LRPL Taylor,Abdur Rehman,0,1,"",""
ball,1,47.5,New Zealand,JDP Oram,LRPL Taylor,Abdur Rehman,1,0,"",""
ball,1,47.6,New Zealand,LRPL Taylor,JDP Oram,Abdur Rehman,1,0,"",""
ball,1,47.7,New Zealand,JDP Oram,LRPL Taylor,Abdur Rehman,6,0,"",""
ball,1,48.1,New Zealand,LRPL Taylor,JDP Oram,Abdul Razzaq,4,0,"",""
ball,1,48.2,New Zealand,LRPL Taylor,JDP Oram,Abdul Razzaq,6,0,"",""
ball,1,48.3,New Zealand,LRPL Taylor,JDP Oram,Abdul Razzaq,0,1,"",""
ball,1,48.4,New Zealand,LRPL Taylor,JDP Oram,Abdul Razzaq,6,0,"",""
ball,1,48.5,New Zealand,LRPL Taylor,JDP Oram,Abdul Razzaq,0,1,"",""
ball,1,48.6,New Zealand,LRPL Taylor,JDP Oram,Abdul Razzaq,2,0,"",""
ball,1,48.7,New Zealand,LRPL Taylor,JDP Oram,Abdul Razzaq,4,0,"",""
ball,1,48.8,New Zealand,LRPL Taylor,JDP Oram,Abdul Razzaq,6,0,"",""
ball,1,49.1,New Zealand,JDP Oram,LRPL Taylor,Abdur Rehman,6,0,"",""
ball,1,49.2,New Zealand,JDP Oram,LRPL Taylor,Abdur Rehman,6,0,"",""
ball,1,49.3,New Zealand,JDP Oram,LRPL Taylor,Abdur Rehman,0,0,caught,JDP Oram
ball,1,49.4,New Zealand,KD Mills,LRPL Taylor,Abdur Rehman,4,0,"",""
ball,1,49.5,New Zealand,KD Mills,LRPL Taylor,Abdur Rehman,2,0,"",""
ball,1,49.6,New Zealand,KD Mills,LRPL Taylor,Abdur Rehman,1,0,"",""
ball,2,0.1,Pakistan,Mohammad Hafeez,Ahmed Shehzad,KD Mills,0,0,"",""
ball,2,0.2,Pakistan,Mohammad Hafeez,Ahmed Shehzad,KD Mills,4,0,"",""
ball,2,0.3,Pakistan,Mohammad Hafeez,Ahmed Shehzad,KD Mills,0,0,"",""
ball,2,0.4,Pakistan,Mohammad Hafeez,Ahmed Shehzad,KD Mills,1,0,"",""
ball,2,0.5,Pakistan,Ahmed Shehzad,Mohammad Hafeez,KD Mills,0,0,"",""
ball,2,0.6,Pakistan,Ahmed Shehzad,Mohammad Hafeez,KD Mills,0,0,"",""
ball,2,1.1,Pakistan,Mohammad Hafeez,Ahmed Shehzad,TG Southee,0,0,"",""
ball,2,1.2,Pakistan,Mohammad Hafeez,Ahmed Shehzad,TG Southee,0,0,lbw,Mohammad Hafeez
ball,2,1.3,Pakistan,Kamran Akmal,Ahmed Shehzad,TG Southee,0,0,"",""
ball,2,1.4,Pakistan,Kamran Akmal,Ahmed Shehzad,TG Southee,0,0,"",""
ball,2,1.5,Pakistan,Kamran Akmal,Ahmed Shehzad,TG Southee,0,0,"",""
ball,2,1.6,Pakistan,Kamran Akmal,Ahmed Shehzad,TG Southee,2,0,"",""
ball,2,2.1,Pakistan,Ahmed Shehzad,Kamran Akmal,KD Mills,0,0,"",""
ball,2,2.2,Pakistan,Ahmed Shehzad,Kamran Akmal,KD Mills,2,0,"",""
ball,2,2.3,Pakistan,Ahmed Shehzad,Kamran Akmal,KD Mills,0,0,"",""
ball,2,2.4,Pakistan,Ahmed Shehzad,Kamran Akmal,KD Mills,0,0,"",""
ball,2,2.5,Pakistan,Ahmed Shehzad,Kamran Akmal,KD Mills,0,0,"",""
ball,2,2.6,Pakistan,Ahmed Shehzad,Kamran Akmal,KD Mills,4,0,"",""
ball,2,3.1,Pakistan,Kamran Akmal,Ahmed Shehzad,TG Southee,0,0,"",""
ball,2,3.2,Pakistan,Kamran Akmal,Ahmed Shehzad,TG Southee,0,0,"",""
ball,2,3.3,Pakistan,Kamran Akmal,Ahmed Shehzad,TG Southee,0,0,"",""
ball,2,3.4,Pakistan,Kamran Akmal,Ahmed Shehzad,TG Southee,0,0,"",""
ball,2,3.5,Pakistan,Kamran Akmal,Ahmed Shehzad,TG Southee,0,0,"",""
ball,2,3.6,Pakistan,Kamran Akmal,Ahmed Shehzad,TG Southee,0,0,"",""
ball,2,4.1,Pakistan,Ahmed Shehzad,Kamran Akmal,KD Mills,0,0,"",""
ball,2,4.2,Pakistan,Ahmed Shehzad,Kamran Akmal,KD Mills,0,0,"",""
ball,2,4.3,Pakistan,Ahmed Shehzad,Kamran Akmal,KD Mills,1,0,"",""
ball,2,4.4,Pakistan,Kamran Akmal,Ahmed Shehzad,KD Mills,1,0,"",""
ball,2,4.5,Pakistan,Ahmed Shehzad,Kamran Akmal,KD Mills,1,0,"",""
ball,2,4.6,Pakistan,Kamran Akmal,Ahmed Shehzad,KD Mills,0,0,"",""
ball,2,5.1,Pakistan,Ahmed Shehzad,Kamran Akmal,TG Southee,1,0,"",""
ball,2,5.2,Pakistan,Kamran Akmal,Ahmed Shehzad,TG Southee,4,0,"",""
ball,2,5.3,Pakistan,Kamran Akmal,Ahmed Shehzad,TG Southee,1,0,"",""
ball,2,5.4,Pakistan,Ahmed Shehzad,Kamran Akmal,TG Southee,0,0,"",""
ball,2,5.5,Pakistan,Ahmed Shehzad,Kamran Akmal,TG Southee,1,0,"",""
ball,2,5.6,Pakistan,Kamran Akmal,Ahmed Shehzad,TG Southee,0,0,"",""
ball,2,6.1,Pakistan,Ahmed Shehzad,Kamran Akmal,KD Mills,0,0,lbw,Ahmed Shehzad
ball,2,6.2,Pakistan,Younis Khan,Kamran Akmal,KD Mills,0,0,"",""
ball,2,6.3,Pakistan,Younis Khan,Kamran Akmal,KD Mills,0,0,"",""
ball,2,6.4,Pakistan,Younis Khan,Kamran Akmal,KD Mills,0,0,bowled,Younis Khan
ball,2,6.5,Pakistan,Misbah-ul-Haq,Kamran Akmal,KD Mills,0,0,"",""
ball,2,6.6,Pakistan,Misbah-ul-Haq,Kamran Akmal,KD Mills,0,0,"",""
ball,2,7.1,Pakistan,Kamran Akmal,Misbah-ul-Haq,TG Southee,0,0,caught,Kamran Akmal
ball,2,7.2,Pakistan,Umar Akmal,Misbah-ul-Haq,TG Southee,1,0,"",""
ball,2,7.3,Pakistan,Misbah-ul-Haq,Umar Akmal,TG Southee,0,0,"",""
ball,2,7.4,Pakistan,Misbah-ul-Haq,Umar Akmal,TG Southee,2,0,"",""
ball,2,7.5,Pakistan,Misbah-ul-Haq,Umar Akmal,TG Southee,0,0,"",""
ball,2,7.6,Pakistan,Misbah-ul-Haq,Umar Akmal,TG Southee,1,0,"",""
ball,2,8.1,Pakistan,Misbah-ul-Haq,Umar Akmal,KD Mills,0,0,"",""
ball,2,8.2,Pakistan,Misbah-ul-Haq,Umar Akmal,KD Mills,0,0,"",""
ball,2,8.3,Pakistan,Misbah-ul-Haq,Umar Akmal,KD Mills,0,0,"",""
ball,2,8.4,Pakistan,Misbah-ul-Haq,Umar Akmal,KD Mills,0,0,"",""
ball,2,8.5,Pakistan,Misbah-ul-Haq,Umar Akmal,KD Mills,1,0,"",""
ball,2,8.6,Pakistan,Umar Akmal,Misbah-ul-Haq,KD Mills,0,0,"",""
ball,2,9.1,Pakistan,Misbah-ul-Haq,Umar Akmal,JDP Oram,0,0,"",""
ball,2,9.2,Pakistan,Misbah-ul-Haq,Umar Akmal,JDP Oram,0,0,"",""
ball,2,9.3,Pakistan,Misbah-ul-Haq,Umar Akmal,JDP Oram,1,0,"",""
ball,2,9.4,Pakistan,Umar Akmal,Misbah-ul-Haq,JDP Oram,0,1,"",""
ball,2,9.5,Pakistan,Misbah-ul-Haq,Umar Akmal,JDP Oram,0,0,"",""
ball,2,9.6,Pakistan,Misbah-ul-Haq,Umar Akmal,JDP Oram,0,0,"",""
ball,2,10.1,Pakistan,Umar Akmal,Misbah-ul-Haq,KD Mills,1,0,"",""
ball,2,10.2,Pakistan,Misbah-ul-Haq,Umar Akmal,KD Mills,0,0,"",""
ball,2,10.3,Pakistan,Misbah-ul-Haq,Umar Akmal,KD Mills,0,4,"",""
ball,2,10.4,Pakistan,Misbah-ul-Haq,Umar Akmal,KD Mills,0,0,"",""
ball,2,10.5,Pakistan,Misbah-ul-Haq,Umar Akmal,KD Mills,0,0,"",""
ball,2,10.6,Pakistan,Misbah-ul-Haq,Umar Akmal,KD Mills,0,0,"",""
ball,2,11.1,Pakistan,Umar Akmal,Misbah-ul-Haq,JDP Oram,0,0,"",""
ball,2,11.2,Pakistan,Umar Akmal,Misbah-ul-Haq,JDP Oram,1,0,"",""
ball,2,11.3,Pakistan,Misbah-ul-Haq,Umar Akmal,JDP Oram,0,0,"",""
ball,2,11.4,Pakistan,Misbah-ul-Haq,Umar Akmal,JDP Oram,1,0,"",""
ball,2,11.5,Pakistan,Umar Akmal,Misbah-ul-Haq,JDP Oram,1,0,"",""
ball,2,11.6,Pakistan,Misbah-ul-Haq,Umar Akmal,JDP Oram,0,0,"",""
ball,2,12.1,Pakistan,Umar Akmal,Misbah-ul-Haq,TG Southee,0,0,"",""
ball,2,12.2,Pakistan,Umar Akmal,Misbah-ul-Haq,TG Southee,1,0,"",""
ball,2,12.3,Pakistan,Misbah-ul-Haq,Umar Akmal,TG Southee,1,0,"",""
ball,2,12.4,Pakistan,Umar Akmal,Misbah-ul-Haq,TG Southee,4,0,"",""
ball,2,12.5,Pakistan,Umar Akmal,Misbah-ul-Haq,TG Southee,0,0,"",""
ball,2,12.6,Pakistan,Umar Akmal,Misbah-ul-Haq,TG Southee,0,0,"",""
ball,2,13.1,Pakistan,Misbah-ul-Haq,Umar Akmal,JDP Oram,0,0,"",""
ball,2,13.2,Pakistan,Misbah-ul-Haq,Umar Akmal,JDP Oram,0,1,"",""
ball,2,13.3,Pakistan,Umar Akmal,Misbah-ul-Haq,JDP Oram,0,0,"",""
ball,2,13.4,Pakistan,Umar Akmal,Misbah-ul-Haq,JDP Oram,0,0,"",""
ball,2,13.5,Pakistan,Umar Akmal,Misbah-ul-Haq,JDP Oram,0,0,"",""
ball,2,13.6,Pakistan,Umar Akmal,Misbah-ul-Haq,JDP Oram,0,0,"",""
ball,2,14.1,Pakistan,Misbah-ul-Haq,Umar Akmal,TG Southee,0,0,"",""
ball,2,14.2,Pakistan,Misbah-ul-Haq,Umar Akmal,TG Southee,0,0,"",""
ball,2,14.3,Pakistan,Misbah-ul-Haq,Umar Akmal,TG Southee,0,0,"",""
ball,2,14.4,Pakistan,Misbah-ul-Haq,Umar Akmal,TG Southee,0,0,caught,Misbah-ul-Haq
ball,2,14.5,Pakistan,Shahid Afridi,Umar Akmal,TG Southee,1,0,"",""
ball,2,14.6,Pakistan,Umar Akmal,Shahid Afridi,TG Southee,0,0,"",""
ball,2,15.1,Pakistan,Shahid Afridi,Umar Akmal,JDP Oram,0,0,"",""
ball,2,15.2,Pakistan,Shahid Afridi,Umar Akmal,JDP Oram,4,0,"",""
ball,2,15.3,Pakistan,Shahid Afridi,Umar Akmal,JDP Oram,4,0,"",""
ball,2,15.4,Pakistan,Shahid Afridi,Umar Akmal,JDP Oram,1,0,"",""
ball,2,15.5,Pakistan,Umar Akmal,Shahid Afridi,JDP Oram,2,0,"",""
ball,2,15.6,Pakistan,Umar Akmal,Shahid Afridi,JDP Oram,0,0,"",""
ball,2,16.1,Pakistan,Shahid Afridi,Umar Akmal,JEC Franklin,0,0,"",""
ball,2,16.2,Pakistan,Shahid Afridi,Umar Akmal,JEC Franklin,6,0,"",""
ball,2,16.3,Pakistan,Shahid Afridi,Umar Akmal,JEC Franklin,1,0,"",""
ball,2,16.4,Pakistan,Umar Akmal,Shahid Afridi,JEC Franklin,2,0,"",""
ball,2,16.5,Pakistan,Umar Akmal,Shahid Afridi,JEC Franklin,0,0,"",""
ball,2,16.6,Pakistan,Umar Akmal,Shahid Afridi,JEC Franklin,0,0,"",""
ball,2,17.1,Pakistan,Shahid Afridi,Umar Akmal,JDP Oram,0,0,bowled,Shahid Afridi
ball,2,17.2,Pakistan,Abdul Razzaq,Umar Akmal,JDP Oram,4,0,"",""
ball,2,17.3,Pakistan,Abdul Razzaq,Umar Akmal,JDP Oram,0,0,"",""
ball,2,17.4,Pakistan,Abdul Razzaq,Umar Akmal,JDP Oram,0,0,"",""
ball,2,17.5,Pakistan,Abdul Razzaq,Umar Akmal,JDP Oram,0,0,"",""
ball,2,17.6,Pakistan,Abdul Razzaq,Umar Akmal,JDP Oram,0,0,"",""
ball,2,18.1,Pakistan,Umar Akmal,Abdul Razzaq,JEC Franklin,0,0,"",""
ball,2,18.2,Pakistan,Umar Akmal,Abdul Razzaq,JEC Franklin,1,0,"",""
ball,2,18.3,Pakistan,Abdul Razzaq,Umar Akmal,JEC Franklin,0,0,"",""
ball,2,18.4,Pakistan,Abdul Razzaq,Umar Akmal,JEC Franklin,1,0,"",""
ball,2,18.5,Pakistan,Umar Akmal,Abdul Razzaq,JEC Franklin,0,0,"",""
ball,2,18.6,Pakistan,Umar Akmal,Abdul Razzaq,JEC Franklin,1,0,"",""
ball,2,19.1,Pakistan,Umar Akmal,Abdul Razzaq,JDP Oram,0,0,"",""
ball,2,19.2,Pakistan,Umar Akmal,Abdul Razzaq,JDP Oram,0,0,"",""
ball,2,19.3,Pakistan,Umar Akmal,Abdul Razzaq,JDP Oram,0,0,"",""
ball,2,19.4,Pakistan,Umar Akmal,Abdul Razzaq,JDP Oram,0,0,"",""
ball,2,19.5,Pakistan,Umar Akmal,Abdul Razzaq,JDP Oram,3,0,"",""
ball,2,19.6,Pakistan,Abdul Razzaq,Umar Akmal,JDP Oram,0,0,"",""
ball,2,20.1,Pakistan,Umar Akmal,Abdul Razzaq,JEC Franklin,1,0,"",""
ball,2,20.2,Pakistan,Abdul Razzaq,Umar Akmal,JEC Franklin,0,0,"",""
ball,2,20.3,Pakistan,Abdul Razzaq,Umar Akmal,JEC Franklin,1,0,"",""
ball,2,20.4,Pakistan,Umar Akmal,Abdul Razzaq,JEC Franklin,0,0,"",""
ball,2,20.5,Pakistan,Umar Akmal,Abdul Razzaq,JEC Franklin,0,0,"",""
ball,2,20.6,Pakistan,Umar Akmal,Abdul Razzaq,JEC Franklin,1,0,"",""
ball,2,21.1,Pakistan,Umar Akmal,Abdul Razzaq,JDP Oram,0,0,"",""
ball,2,21.2,Pakistan,Umar Akmal,Abdul Razzaq,JDP Oram,0,0,"",""
ball,2,21.3,Pakistan,Umar Akmal,Abdul Razzaq,JDP Oram,2,0,"",""
ball,2,21.4,Pakistan,Umar Akmal,Abdul Razzaq,JDP Oram,1,0,"",""
ball,2,21.5,Pakistan,Abdul Razzaq,Umar Akmal,JDP Oram,0,0,"",""
ball,2,21.6,Pakistan,Abdul Razzaq,Umar Akmal,JDP Oram,1,0,"",""
ball,2,22.1,Pakistan,Abdul Razzaq,Umar Akmal,TG Southee,1,0,"",""
ball,2,22.2,Pakistan,Umar Akmal,Abdul Razzaq,TG Southee,1,0,"",""
ball,2,22.3,Pakistan,Abdul Razzaq,Umar Akmal,TG Southee,0,0,"",""
ball,2,22.4,Pakistan,Abdul Razzaq,Umar Akmal,TG Southee,1,0,"",""
ball,2,22.5,Pakistan,Umar Akmal,Abdul Razzaq,TG Southee,0,0,"",""
ball,2,22.6,Pakistan,Umar Akmal,Abdul Razzaq,TG Southee,1,0,"",""
ball,2,23.1,Pakistan,Umar Akmal,Abdul Razzaq,JEC Franklin,4,0,"",""
ball,2,23.2,Pakistan,Umar Akmal,Abdul Razzaq,JEC Franklin,0,0,"",""
ball,2,23.3,Pakistan,Umar Akmal,Abdul Razzaq,JEC Franklin,0,0,"",""
ball,2,23.4,Pakistan,Umar Akmal,Abdul Razzaq,JEC Franklin,1,0,"",""
ball,2,23.5,Pakistan,Abdul Razzaq,Umar Akmal,JEC Franklin,0,0,"",""
ball,2,23.6,Pakistan,Abdul Razzaq,Umar Akmal,JEC Franklin,0,0,"",""
ball,2,24.1,Pakistan,Umar Akmal,Abdul Razzaq,TG Southee,1,0,"",""
ball,2,24.2,Pakistan,Abdul Razzaq,Umar Akmal,TG Southee,0,0,"",""
ball,2,24.3,Pakistan,Abdul Razzaq,Umar Akmal,TG Southee,0,0,"",""
ball,2,24.4,Pakistan,Abdul Razzaq,Umar Akmal,TG Southee,0,0,"",""
ball,2,24.5,Pakistan,Abdul Razzaq,Umar Akmal,TG Southee,0,0,"",""
ball,2,24.6,Pakistan,Abdul Razzaq,Umar Akmal,TG Southee,0,0,"",""
ball,2,25.1,Pakistan,Umar Akmal,Abdul Razzaq,JEC Franklin,4,0,"",""
ball,2,25.2,Pakistan,Umar Akmal,Abdul Razzaq,JEC Franklin,0,0,"",""
ball,2,25.3,Pakistan,Umar Akmal,Abdul Razzaq,JEC Franklin,0,0,"",""
ball,2,25.4,Pakistan,Umar Akmal,Abdul Razzaq,JEC Franklin,0,0,"",""
ball,2,25.5,Pakistan,Umar Akmal,Abdul Razzaq,JEC Franklin,1,0,"",""
ball,2,25.6,Pakistan,Abdul Razzaq,Umar Akmal,JEC Franklin,1,0,"",""
ball,2,26.1,Pakistan,Abdul Razzaq,Umar Akmal,NL McCullum,0,0,"",""
ball,2,26.2,Pakistan,Abdul Razzaq,Umar Akmal,NL McCullum,0,0,"",""
ball,2,26.3,Pakistan,Abdul Razzaq,Umar Akmal,NL McCullum,1,0,"",""
ball,2,26.4,Pakistan,Umar Akmal,Abdul Razzaq,NL McCullum,1,0,"",""
ball,2,26.5,Pakistan,Abdul Razzaq,Umar Akmal,NL McCullum,0,0,"",""
ball,2,26.6,Pakistan,Abdul Razzaq,Umar Akmal,NL McCullum,0,0,"",""
ball,2,27.1,Pakistan,Umar Akmal,Abdul Razzaq,SB Styris,0,0,"",""
ball,2,27.2,Pakistan,Umar Akmal,Abdul Razzaq,SB Styris,1,0,"",""
ball,2,27.3,Pakistan,Abdul Razzaq,Umar Akmal,SB Styris,0,0,"",""
ball,2,27.4,Pakistan,Abdul Razzaq,Umar Akmal,SB Styris,0,0,"",""
ball,2,27.5,Pakistan,Abdul Razzaq,Umar Akmal,SB Styris,0,0,"",""
ball,2,27.6,Pakistan,Abdul Razzaq,Umar Akmal,SB Styris,0,0,"",""
ball,2,28.1,Pakistan,Umar Akmal,Abdul Razzaq,NL McCullum,0,0,"",""
ball,2,28.2,Pakistan,Umar Akmal,Abdul Razzaq,NL McCullum,0,0,"",""
ball,2,28.3,Pakistan,Umar Akmal,Abdul Razzaq,NL McCullum,0,0,caught,Umar Akmal
ball,2,28.4,Pakistan,Abdur Rehman,Abdul Razzaq,NL McCullum,0,0,"",""
ball,2,28.5,Pakistan,Abdur Rehman,Abdul Razzaq,NL McCullum,0,4,"",""
ball,2,28.6,Pakistan,Abdul Razzaq,Abdur Rehman,NL McCullum,0,0,"",""
ball,2,28.7,Pakistan,Abdul Razzaq,Abdur Rehman,NL McCullum,0,0,"",""
ball,2,29.1,Pakistan,Abdur Rehman,Abdul Razzaq,SB Styris,0,0,"",""
ball,2,29.2,Pakistan,Abdur Rehman,Abdul Razzaq,SB Styris,0,0,"",""
ball,2,29.3,Pakistan,Abdur Rehman,Abdul Razzaq,SB Styris,1,0,"",""
ball,2,29.4,Pakistan,Abdul Razzaq,Abdur Rehman,SB Styris,0,0,"",""
ball,2,29.5,Pakistan,Abdul Razzaq,Abdur Rehman,SB Styris,0,0,"",""
ball,2,29.6,Pakistan,Abdul Razzaq,Abdur Rehman,SB Styris,1,0,"",""
ball,2,30.1,Pakistan,Abdul Razzaq,Abdur Rehman,NL McCullum,0,0,"",""
ball,2,30.2,Pakistan,Abdul Razzaq,Abdur Rehman,NL McCullum,2,0,"",""
ball,2,30.3,Pakistan,Abdul Razzaq,Abdur Rehman,NL McCullum,4,0,"",""
ball,2,30.4,Pakistan,Abdul Razzaq,Abdur Rehman,NL McCullum,1,0,"",""
ball,2,30.5,Pakistan,Abdur Rehman,Abdul Razzaq,NL McCullum,0,0,"",""
ball,2,30.6,Pakistan,Abdur Rehman,Abdul Razzaq,NL McCullum,0,0,"",""
ball,2,31.1,Pakistan,Abdul Razzaq,Abdur Rehman,SB Styris,0,0,"",""
ball,2,31.2,Pakistan,Abdul Razzaq,Abdur Rehman,SB Styris,4,0,"",""
ball,2,31.3,Pakistan,Abdul Razzaq,Abdur Rehman,SB Styris,4,0,"",""
ball,2,31.4,Pakistan,Abdul Razzaq,Abdur Rehman,SB Styris,0,0,"",""
ball,2,31.5,Pakistan,Abdul Razzaq,Abdur Rehman,SB Styris,1,0,"",""
ball,2,31.6,Pakistan,Abdur Rehman,Abdul Razzaq,SB Styris,0,0,"",""
ball,2,32.1,Pakistan,Abdul Razzaq,Abdur Rehman,NL McCullum,1,0,"",""
ball,2,32.2,Pakistan,Abdur Rehman,Abdul Razzaq,NL McCullum,0,0,"",""
ball,2,32.3,Pakistan,Abdur Rehman,Abdul Razzaq,NL McCullum,0,0,"",""
ball,2,32.4,Pakistan,Abdur Rehman,Abdul Razzaq,NL McCullum,0,0,lbw,Abdur Rehman
ball,2,32.5,Pakistan,Umar Gul,Abdul Razzaq,NL McCullum,1,0,"",""
ball,2,32.6,Pakistan,Abdul Razzaq,Umar Gul,NL McCullum,1,0,"",""
ball,2,33.1,Pakistan,Abdul Razzaq,Umar Gul,JDP Oram,0,0,"",""
ball,2,33.2,Pakistan,Abdul Razzaq,Umar Gul,JDP Oram,4,0,"",""
ball,2,33.3,Pakistan,Abdul Razzaq,Umar Gul,JDP Oram,0,0,"",""
ball,2,33.4,Pakistan,Abdul Razzaq,Umar Gul,JDP Oram,0,0,"",""
ball,2,33.5,Pakistan,Abdul Razzaq,Umar Gul,JDP Oram,1,0,"",""
ball,2,33.6,Pakistan,Umar Gul,Abdul Razzaq,JDP Oram,0,0,"",""
ball,2,34.1,Pakistan,Abdul Razzaq,Umar Gul,KD Mills,4,0,"",""
ball,2,34.2,Pakistan,Abdul Razzaq,Umar Gul,KD Mills,1,0,"",""
ball,2,34.3,Pakistan,Umar Gul,Abdul Razzaq,KD Mills,1,0,"",""
ball,2,34.4,Pakistan,Abdul Razzaq,Umar Gul,KD Mills,0,0,"",""
ball,2,34.5,Pakistan,Abdul Razzaq,Umar Gul,KD Mills,0,0,"",""
ball,2,34.6,Pakistan,Abdul Razzaq,Umar Gul,KD Mills,4,0,"",""
ball,2,35.1,Pakistan,Umar Gul,Abdul Razzaq,JDP Oram,0,0,"",""
ball,2,35.2,Pakistan,Umar Gul,Abdul Razzaq,JDP Oram,0,0,"",""
ball,2,35.3,Pakistan,Umar Gul,Abdul Razzaq,JDP Oram,1,0,"",""
ball,2,35.4,Pakistan,Abdul Razzaq,Umar Gul,JDP Oram,4,0,"",""
ball,2,35.5,Pakistan,Abdul Razzaq,Umar Gul,JDP Oram,1,0,"",""
ball,2,35.6,Pakistan,Umar Gul,Abdul Razzaq,JDP Oram,0,0,"",""
ball,2,36.1,Pakistan,Abdul Razzaq,Umar Gul,KD Mills,0,0,"",""
ball,2,36.2,Pakistan,Abdul Razzaq,Umar Gul,KD Mills,4,0,"",""
ball,2,36.3,Pakistan,Abdul Razzaq,Umar Gul,KD Mills,1,0,"",""
ball,2,36.4,Pakistan,Umar Gul,Abdul Razzaq,KD Mills,4,0,"",""
ball,2,36.5,Pakistan,Umar Gul,Abdul Razzaq,KD Mills,6,0,"",""
ball,2,36.6,Pakistan,Umar Gul,Abdul Razzaq,KD Mills,2,0,"",""
ball,2,37.1,Pakistan,Abdul Razzaq,Umar Gul,JDP Oram,1,0,"",""
ball,2,37.2,Pakistan,Umar Gul,Abdul Razzaq,JDP Oram,1,0,"",""
ball,2,37.3,Pakistan,Abdul Razzaq,Umar Gul,JDP Oram,1,0,"",""
ball,2,37.4,Pakistan,Umar Gul,Abdul Razzaq,JDP Oram,2,0,"",""
ball,2,37.5,Pakistan,Umar Gul,Abdul Razzaq,JDP Oram,4,0,"",""
ball,2,37.6,Pakistan,Umar Gul,Abdul Razzaq,JDP Oram,1,0,"",""
ball,2,38.1,Pakistan,Umar Gul,Abdul Razzaq,NL McCullum,4,0,"",""
ball,2,38.2,Pakistan,Umar Gul,Abdul Razzaq,NL McCullum,1,0,"",""
ball,2,38.3,Pakistan,Abdul Razzaq,Umar Gul,NL McCullum,1,0,"",""
ball,2,38.4,Pakistan,Umar Gul,Abdul Razzaq,NL McCullum,0,0,"",""
ball,2,38.5,Pakistan,Umar Gul,Abdul Razzaq,NL McCullum,1,0,"",""
ball,2,38.6,Pakistan,Abdul Razzaq,Umar Gul,NL McCullum,1,0,"",""
ball,2,39.1,Pakistan,Abdul Razzaq,Umar Gul,SB Styris,1,0,"",""
ball,2,39.2,Pakistan,Umar Gul,Abdul Razzaq,SB Styris,0,0,"",""
ball,2,39.3,Pakistan,Umar Gul,Abdul Razzaq,SB Styris,1,0,"",""
ball,2,39.4,Pakistan,Abdul Razzaq,Umar Gul,SB Styris,0,0,"",""
ball,2,39.5,Pakistan,Abdul Razzaq,Umar Gul,SB Styris,1,0,"",""
ball,2,39.6,Pakistan,Umar Gul,Abdul Razzaq,SB Styris,1,0,"",""
ball,2,40.1,Pakistan,Umar Gul,Abdul Razzaq,NL McCullum,1,0,"",""
ball,2,40.2,Pakistan,Abdul Razzaq,Umar Gul,NL McCullum,0,0,"",""
ball,2,40.3,Pakistan,Abdul Razzaq,Umar Gul,NL McCullum,1,0,"",""
ball,2,40.4,Pakistan,Umar Gul,Abdul Razzaq,NL McCullum,1,0,"",""
ball,2,40.5,Pakistan,Abdul Razzaq,Umar Gul,NL McCullum,1,0,"",""
ball,2,40.6,Pakistan,Umar Gul,Abdul Razzaq,NL McCullum,0,0,"",""
ball,2,41.1,Pakistan,Abdul Razzaq,Umar Gul,SB Styris,0,0,caught,Abdul Razzaq
ball,2,41.2,Pakistan,Umar Gul,Shoaib Akhtar,SB Styris,1,0,"",""
ball,2,41.3,Pakistan,Shoaib Akhtar,Umar Gul,SB Styris,0,0,"",""
ball,2,41.4,Pakistan,Shoaib Akhtar,Umar Gul,SB Styris,0,0,caught,Shoaib Akhtar
