version,1.3.0
info,team,Australia
info,team,New Zealand
info,gender,male
info,season,2010/11
info,date,2011/02/25
info,competition,ICC Cricket World Cup
info,match_number,8
info,series,Chappell-Hadlee Trophy
info,venue,"Vidarbha Cricket Association Stadium, Jamtha"
info,city,Nagpur
info,neutralvenue,true
info,toss_winner,Australia
info,toss_decision,field
info,player_of_match,MG Johnson
info,umpire,HDPK Dharmasena
info,umpire,BR Doctrove
info,reserve_umpire,BNJ Oxenford
info,tv_umpire,Asad Rauf
info,match_referee,RS Madugalle
info,winner,Australia
info,winner_wickets,7
ball,1,0.1,New Zealand,MJ Guptill,BB McCullum,B Lee,0,0,"",""
ball,1,0.2,New Zealand,MJ Guptill,BB McCullum,B Lee,0,0,"",""
ball,1,0.3,New Zealand,MJ Guptill,BB McCullum,B Lee,0,0,"",""
ball,1,0.4,New Zealand,MJ Guptill,BB McCullum,B Lee,0,0,"",""
ball,1,0.5,New Zealand,MJ Guptill,BB McCullum,B Lee,0,0,"",""
ball,1,0.6,New Zealand,MJ Guptill,BB McCullum,B Lee,0,0,"",""
ball,1,1.1,New Zealand,BB McCullum,MJ Guptill,SW Tait,0,1,"",""
ball,1,1.2,New Zealand,BB McCullum,MJ Guptill,SW Tait,0,1,"",""
ball,1,1.3,New Zealand,BB McCullum,MJ Guptill,SW Tait,0,0,"",""
ball,1,1.4,New Zealand,BB McCullum,MJ Guptill,SW Tait,0,0,"",""
ball,1,1.5,New Zealand,BB McCullum,MJ Guptill,SW Tait,4,0,"",""
ball,1,1.6,New Zealand,BB McCullum,MJ Guptill,SW Tait,3,0,"",""
ball,1,1.7,New Zealand,MJ Guptill,BB McCullum,SW Tait,0,0,"",""
ball,1,1.8,New Zealand,MJ Guptill,BB McCullum,SW Tait,0,0,"",""
ball,1,2.1,New Zealand,BB McCullum,MJ Guptill,B Lee,0,0,"",""
ball,1,2.2,New Zealand,BB McCullum,MJ Guptill,B Lee,0,0,"",""
ball,1,2.3,New Zealand,BB McCullum,MJ Guptill,B Lee,1,0,"",""
ball,1,2.4,New Zealand,MJ Guptill,BB McCullum,B Lee,0,0,"",""
ball,1,2.5,New Zealand,MJ Guptill,BB McCullum,B Lee,0,0,"",""
ball,1,2.6,New Zealand,MJ Guptill,BB McCullum,B Lee,0,0,"",""
ball,1,3.1,New Zealand,BB McCullum,MJ Guptill,SW Tait,0,1,"",""
ball,1,3.2,New Zealand,BB McCullum,MJ Guptill,SW Tait,0,1,"",""
ball,1,3.3,New Zealand,BB McCullum,MJ Guptill,SW Tait,4,0,"",""
ball,1,3.4,New Zealand,BB McCullum,MJ Guptill,SW Tait,0,0,"",""
ball,1,3.5,New Zealand,BB McCullum,MJ Guptill,SW Tait,4,0,"",""
ball,1,3.6,New Zealand,BB McCullum,MJ Guptill,SW Tait,0,0,caught,BB McCullum
ball,1,3.7,New Zealand,JD Ryder,MJ Guptill,SW Tait,0,0,"",""
ball,1,3.8,New Zealand,JD Ryder,MJ Guptill,SW Tait,1,0,"",""
ball,1,4.1,New Zealand,JD Ryder,MJ Guptill,B Lee,0,0,"",""
ball,1,4.2,New Zealand,JD Ryder,MJ Guptill,B Lee,0,0,"",""
ball,1,4.3,New Zealand,JD Ryder,MJ Guptill,B Lee,0,0,"",""
ball,1,4.4,New Zealand,JD Ryder,MJ Guptill,B Lee,0,0,"",""
ball,1,4.5,New Zealand,JD Ryder,MJ Guptill,B Lee,0,0,"",""
ball,1,4.6,New Zealand,JD Ryder,MJ Guptill,B Lee,4,0,"",""
ball,1,5.1,New Zealand,MJ Guptill,JD Ryder,MG Johnson,0,0,"",""
ball,1,5.2,New Zealand,MJ Guptill,JD Ryder,MG Johnson,0,0,"",""
ball,1,5.3,New Zealand,MJ Guptill,JD Ryder,MG Johnson,0,0,"",""
ball,1,5.4,New Zealand,MJ Guptill,JD Ryder,MG Johnson,0,0,"",""
ball,1,5.5,New Zealand,MJ Guptill,JD Ryder,MG Johnson,0,0,"",""
ball,1,5.6,New Zealand,MJ Guptill,JD Ryder,MG Johnson,0,0,"",""
ball,1,6.1,New Zealand,JD Ryder,MJ Guptill,B Lee,0,0,"",""
ball,1,6.2,New Zealand,JD Ryder,MJ Guptill,B Lee,0,0,"",""
ball,1,6.3,New Zealand,JD Ryder,MJ Guptill,B Lee,0,1,"",""
ball,1,6.4,New Zealand,MJ Guptill,JD Ryder,B Lee,0,0,"",""
ball,1,6.5,New Zealand,MJ Guptill,JD Ryder,B Lee,2,0,"",""
ball,1,6.6,New Zealand,MJ Guptill,JD Ryder,B Lee,4,0,"",""
ball,1,7.1,New Zealand,JD Ryder,MJ Guptill,MG Johnson,0,0,"",""
ball,1,7.2,New Zealand,JD Ryder,MJ Guptill,MG Johnson,0,0,"",""
ball,1,7.3,New Zealand,JD Ryder,MJ Guptill,MG Johnson,0,0,"",""
ball,1,7.4,New Zealand,JD Ryder,MJ Guptill,MG Johnson,4,0,"",""
ball,1,7.5,New Zealand,JD Ryder,MJ Guptill,MG Johnson,0,0,"",""
ball,1,7.6,New Zealand,JD Ryder,MJ Guptill,MG Johnson,0,0,"",""
ball,1,8.1,New Zealand,MJ Guptill,JD Ryder,SR Watson,0,0,"",""
ball,1,8.2,New Zealand,MJ Guptill,JD Ryder,SR Watson,4,0,"",""
ball,1,8.3,New Zealand,MJ Guptill,JD Ryder,SR Watson,0,0,"",""
ball,1,8.4,New Zealand,MJ Guptill,JD Ryder,SR Watson,0,0,"",""
ball,1,8.5,New Zealand,MJ Guptill,JD Ryder,SR Watson,0,0,bowled,MJ Guptill
ball,1,8.6,New Zealand,LRPL Taylor,JD Ryder,SR Watson,0,0,"",""
ball,1,9.1,New Zealand,JD Ryder,LRPL Taylor,MG Johnson,4,0,"",""
ball,1,9.2,New Zealand,JD Ryder,LRPL Taylor,MG Johnson,4,0,"",""
ball,1,9.3,New Zealand,JD Ryder,LRPL Taylor,MG Johnson,0,1,"",""
ball,1,9.4,New Zealand,JD Ryder,LRPL Taylor,MG Johnson,0,0,"",""
ball,1,9.5,New Zealand,JD Ryder,LRPL Taylor,MG Johnson,0,0,"",""
ball,1,9.6,New Zealand,JD Ryder,LRPL Taylor,MG Johnson,0,0,"",""
ball,1,9.7,New Zealand,JD Ryder,LRPL Taylor,MG Johnson,0,0,"",""
ball,1,10.1,New Zealand,LRPL Taylor,JD Ryder,SR Watson,0,0,"",""
ball,1,10.2,New Zealand,LRPL Taylor,JD Ryder,SR Watson,0,0,"",""
ball,1,10.3,New Zealand,LRPL Taylor,JD Ryder,SR Watson,0,0,"",""
ball,1,10.4,New Zealand,LRPL Taylor,JD Ryder,SR Watson,0,0,"",""
ball,1,10.5,New Zealand,LRPL Taylor,JD Ryder,SR Watson,0,0,"",""
ball,1,10.6,New Zealand,LRPL Taylor,JD Ryder,SR Watson,0,0,"",""
ball,1,11.1,New Zealand,JD Ryder,LRPL Taylor,MG Johnson,0,0,"",""
ball,1,11.2,New Zealand,JD Ryder,LRPL Taylor,MG Johnson,4,0,"",""
ball,1,11.3,New Zealand,JD Ryder,LRPL Taylor,MG Johnson,4,0,"",""
ball,1,11.4,New Zealand,JD Ryder,LRPL Taylor,MG Johnson,0,0,"",""
ball,1,11.5,New Zealand,JD Ryder,LRPL Taylor,MG Johnson,0,0,"",""
ball,1,11.6,New Zealand,JD Ryder,LRPL Taylor,MG Johnson,0,0,"",""
ball,1,12.1,New Zealand,LRPL Taylor,JD Ryder,SR Watson,0,1,"",""
ball,1,12.2,New Zealand,LRPL Taylor,JD Ryder,SR Watson,0,0,"",""
ball,1,12.3,New Zealand,LRPL Taylor,JD Ryder,SR Watson,0,0,"",""
ball,1,12.4,New Zealand,LRPL Taylor,JD Ryder,SR Watson,0,0,"",""
ball,1,12.5,New Zealand,LRPL Taylor,JD Ryder,SR Watson,4,0,"",""
ball,1,12.6,New Zealand,LRPL Taylor,JD Ryder,SR Watson,0,0,"",""
ball,1,12.7,New Zealand,LRPL Taylor,JD Ryder,SR Watson,0,4,"",""
ball,1,13.1,New Zealand,JD Ryder,LRPL Taylor,MG Johnson,0,0,"",""
ball,1,13.2,New Zealand,JD Ryder,LRPL Taylor,MG Johnson,0,0,caught,JD Ryder
ball,1,13.3,New Zealand,JEC Franklin,LRPL Taylor,MG Johnson,0,0,"",""
ball,1,13.4,New Zealand,JEC Franklin,LRPL Taylor,MG Johnson,0,0,"",""
ball,1,13.5,New Zealand,JEC Franklin,LRPL Taylor,MG Johnson,0,0,caught,JEC Franklin
ball,1,13.6,New Zealand,SB Styris,LRPL Taylor,MG Johnson,0,0,"",""
ball,1,14.1,New Zealand,LRPL Taylor,SB Styris,SW Tait,1,0,"",""
ball,1,14.2,New Zealand,SB Styris,LRPL Taylor,SW Tait,0,0,"",""
ball,1,14.3,New Zealand,SB Styris,LRPL Taylor,SW Tait,0,0,"",""
ball,1,14.4,New Zealand,SB Styris,LRPL Taylor,SW Tait,0,0,caught,SB Styris
ball,1,14.5,New Zealand,JM How,LRPL Taylor,SW Tait,1,0,"",""
ball,1,14.6,New Zealand,LRPL Taylor,JM How,SW Tait,0,0,"",""
ball,1,15.1,New Zealand,JM How,LRPL Taylor,MG Johnson,0,0,"",""
ball,1,15.2,New Zealand,JM How,LRPL Taylor,MG Johnson,0,0,"",""
ball,1,15.3,New Zealand,JM How,LRPL Taylor,MG Johnson,0,0,"",""
ball,1,15.4,New Zealand,JM How,LRPL Taylor,MG Johnson,1,0,"",""
ball,1,15.5,New Zealand,LRPL Taylor,JM How,MG Johnson,0,0,"",""
ball,1,15.6,New Zealand,LRPL Taylor,JM How,MG Johnson,1,0,"",""
ball,1,16.1,New Zealand,LRPL Taylor,JM How,SW Tait,1,0,"",""
ball,1,16.2,New Zealand,JM How,LRPL Taylor,SW Tait,0,1,"",""
ball,1,16.3,New Zealand,JM How,LRPL Taylor,SW Tait,1,0,"",""
ball,1,16.4,New Zealand,LRPL Taylor,JM How,SW Tait,0,0,"",""
ball,1,16.5,New Zealand,LRPL Taylor,JM How,SW Tait,0,0,"",""
ball,1,16.6,New Zealand,LRPL Taylor,JM How,SW Tait,0,0,"",""
ball,1,16.7,New Zealand,LRPL Taylor,JM How,SW Tait,0,0,bowled,LRPL Taylor
ball,1,17.1,New Zealand,JM How,NL McCullum,MG Johnson,0,0,"",""
ball,1,17.2,New Zealand,JM How,NL McCullum,MG Johnson,0,0,"",""
ball,1,17.3,New Zealand,JM How,NL McCullum,MG Johnson,0,0,"",""
ball,1,17.4,New Zealand,JM How,NL McCullum,MG Johnson,0,0,"",""
ball,1,17.5,New Zealand,JM How,NL McCullum,MG Johnson,0,0,"",""
ball,1,17.6,New Zealand,JM How,NL McCullum,MG Johnson,0,0,"",""
ball,1,18.1,New Zealand,NL McCullum,JM How,SW Tait,0,0,"",""
ball,1,18.2,New Zealand,NL McCullum,JM How,SW Tait,2,0,"",""
ball,1,18.3,New Zealand,NL McCullum,JM How,SW Tait,0,0,"",""
ball,1,18.4,New Zealand,NL McCullum,JM How,SW Tait,1,0,"",""
ball,1,18.5,New Zealand,JM How,NL McCullum,SW Tait,1,0,"",""
ball,1,18.6,New Zealand,NL McCullum,JM How,SW Tait,1,0,"",""
ball,1,19.1,New Zealand,NL McCullum,JM How,JJ Krejza,0,0,"",""
ball,1,19.2,New Zealand,NL McCullum,JM How,JJ Krejza,1,0,"",""
ball,1,19.3,New Zealand,JM How,NL McCullum,JJ Krejza,1,0,"",""
ball,1,19.4,New Zealand,NL McCullum,JM How,JJ Krejza,1,0,"",""
ball,1,19.5,New Zealand,JM How,NL McCullum,JJ Krejza,1,0,"",""
ball,1,19.6,New Zealand,NL McCullum,JM How,JJ Krejza,1,0,"",""
ball,1,20.1,New Zealand,NL McCullum,JM How,B Lee,0,0,"",""
ball,1,20.2,New Zealand,NL McCullum,JM How,B Lee,0,0,"",""
ball,1,20.3,New Zealand,NL McCullum,JM How,B Lee,0,1,"",""
ball,1,20.4,New Zealand,JM How,NL McCullum,B Lee,0,0,"",""
ball,1,20.5,New Zealand,JM How,NL McCullum,B Lee,0,0,"",""
ball,1,20.6,New Zealand,JM How,NL McCullum,B Lee,1,0,"",""
ball,1,21.1,New Zealand,JM How,NL McCullum,JJ Krejza,1,0,"",""
ball,1,21.2,New Zealand,NL McCullum,JM How,JJ Krejza,1,0,"",""
ball,1,21.3,New Zealand,JM How,NL McCullum,JJ Krejza,1,0,"",""
ball,1,21.4,New Zealand,NL McCullum,JM How,JJ Krejza,0,0,"",""
ball,1,21.5,New Zealand,NL McCullum,JM How,JJ Krejza,1,0,"",""
ball,1,21.6,New Zealand,JM How,NL McCullum,JJ Krejza,1,0,"",""
ball,1,22.1,New Zealand,JM How,NL McCullum,B Lee,1,0,"",""
ball,1,22.2,New Zealand,NL McCullum,JM How,B Lee,1,0,"",""
ball,1,22.3,New Zealand,JM How,NL McCullum,B Lee,0,0,"",""
ball,1,22.4,New Zealand,JM How,NL McCullum,B Lee,1,0,"",""
ball,1,22.5,New Zealand,NL McCullum,JM How,B Lee,0,0,"",""
ball,1,22.6,New Zealand,NL McCullum,JM How,B Lee,4,0,"",""
ball,1,23.1,New Zealand,JM How,NL McCullum,JJ Krejza,0,0,"",""
ball,1,23.2,New Zealand,JM How,NL McCullum,JJ Krejza,1,0,"",""
ball,1,23.3,New Zealand,NL McCullum,JM How,JJ Krejza,0,0,"",""
ball,1,23.4,New Zealand,NL McCullum,JM How,JJ Krejza,2,0,"",""
ball,1,23.5,New Zealand,NL McCullum,JM How,JJ Krejza,0,0,"",""
ball,1,23.6,New Zealand,NL McCullum,JM How,JJ Krejza,0,0,"",""
ball,1,24.1,New Zealand,JM How,NL McCullum,B Lee,0,0,"",""
ball,1,24.2,New Zealand,JM How,NL McCullum,B Lee,0,0,"",""
ball,1,24.3,New Zealand,JM How,NL McCullum,B Lee,0,0,"",""
ball,1,24.4,New Zealand,JM How,NL McCullum,B Lee,0,0,"",""
ball,1,24.5,New Zealand,JM How,NL McCullum,B Lee,0,0,"",""
ball,1,24.6,New Zealand,JM How,NL McCullum,B Lee,0,0,"",""
ball,1,25.1,New Zealand,NL McCullum,JM How,JJ Krejza,0,1,"",""
ball,1,25.2,New Zealand,JM How,NL McCullum,JJ Krejza,1,0,"",""
ball,1,25.3,New Zealand,NL McCullum,JM How,JJ Krejza,1,0,"",""
ball,1,25.4,New Zealand,JM How,NL McCullum,JJ Krejza,0,0,"",""
ball,1,25.5,New Zealand,JM How,NL McCullum,JJ Krejza,1,0,"",""
ball,1,25.6,New Zealand,NL McCullum,JM How,JJ Krejza,1,0,"",""
ball,1,26.1,New Zealand,NL McCullum,JM How,SPD Smith,1,0,"",""
ball,1,26.2,New Zealand,JM How,NL McCullum,SPD Smith,0,0,"",""
ball,1,26.3,New Zealand,JM How,NL McCullum,SPD Smith,0,0,"",""
ball,1,26.4,New Zealand,JM How,NL McCullum,SPD Smith,0,0,"",""
ball,1,26.5,New Zealand,JM How,NL McCullum,SPD Smith,2,0,"",""
ball,1,26.6,New Zealand,JM How,NL McCullum,SPD Smith,0,0,"",""
ball,1,27.1,New Zealand,NL McCullum,JM How,JJ Krejza,0,0,"",""
ball,1,27.2,New Zealand,NL McCullum,JM How,JJ Krejza,0,0,"",""
ball,1,27.3,New Zealand,NL McCullum,JM How,JJ Krejza,0,5,"",""
ball,1,27.4,New Zealand,NL McCullum,JM How,JJ Krejza,1,0,"",""
ball,1,27.5,New Zealand,JM How,NL McCullum,JJ Krejza,4,0,"",""
ball,1,27.6,New Zealand,JM How,NL McCullum,JJ Krejza,0,0,"",""
ball,1,27.7,New Zealand,JM How,NL McCullum,JJ Krejza,0,0,"",""
ball,1,28.1,New Zealand,NL McCullum,JM How,SPD Smith,0,0,"",""
ball,1,28.2,New Zealand,NL McCullum,JM How,SPD Smith,1,0,"",""
ball,1,28.3,New Zealand,JM How,NL McCullum,SPD Smith,0,0,"",""
ball,1,28.4,New Zealand,JM How,NL McCullum,SPD Smith,1,0,"",""
ball,1,28.5,New Zealand,NL McCullum,JM How,SPD Smith,1,0,"",""
ball,1,28.6,New Zealand,JM How,NL McCullum,SPD Smith,0,0,lbw,JM How
ball,1,29.1,New Zealand,NL McCullum,DL Vettori,JJ Krejza,1,0,"",""
ball,1,29.2,New Zealand,DL Vettori,NL McCullum,JJ Krejza,0,0,"",""
ball,1,29.3,New Zealand,DL Vettori,NL McCullum,JJ Krejza,1,0,"",""
ball,1,29.4,New Zealand,NL McCullum,DL Vettori,JJ Krejza,1,0,"",""
ball,1,29.5,New Zealand,DL Vettori,NL McCullum,JJ Krejza,1,0,"",""
ball,1,29.6,New Zealand,NL McCullum,DL Vettori,JJ Krejza,0,0,"",""
ball,1,30.1,New Zealand,DL Vettori,NL McCullum,SPD Smith,1,0,"",""
ball,1,30.2,New Zealand,NL McCullum,DL Vettori,SPD Smith,1,0,"",""
ball,1,30.3,New Zealand,DL Vettori,NL McCullum,SPD Smith,0,0,"",""
ball,1,30.4,New Zealand,DL Vettori,NL McCullum,SPD Smith,0,0,"",""
ball,1,30.5,New Zealand,DL Vettori,NL McCullum,SPD Smith,0,0,"",""
ball,1,30.6,New Zealand,DL Vettori,NL McCullum,SPD Smith,0,0,"",""
ball,1,31.1,New Zealand,NL McCullum,DL Vettori,SW Tait,0,0,"",""
ball,1,31.2,New Zealand,NL McCullum,DL Vettori,SW Tait,0,0,"",""
ball,1,31.3,New Zealand,NL McCullum,DL Vettori,SW Tait,0,0,"",""
ball,1,31.4,New Zealand,NL McCullum,DL Vettori,SW Tait,2,0,"",""
ball,1,31.5,New Zealand,NL McCullum,DL Vettori,SW Tait,0,0,"",""
ball,1,31.6,New Zealand,NL McCullum,DL Vettori,SW Tait,0,1,"",""
ball,1,32.1,New Zealand,NL McCullum,DL Vettori,SPD Smith,1,0,"",""
ball,1,32.2,New Zealand,DL Vettori,NL McCullum,SPD Smith,1,0,"",""
ball,1,32.3,New Zealand,NL McCullum,DL Vettori,SPD Smith,0,0,"",""
ball,1,32.4,New Zealand,NL McCullum,DL Vettori,SPD Smith,1,0,"",""
ball,1,32.5,New Zealand,DL Vettori,NL McCullum,SPD Smith,1,0,"",""
ball,1,32.6,New Zealand,NL McCullum,DL Vettori,SPD Smith,1,0,"",""
ball,1,33.1,New Zealand,NL McCullum,DL Vettori,SW Tait,0,1,"",""
ball,1,33.2,New Zealand,NL McCullum,DL Vettori,SW Tait,0,0,"",""
ball,1,33.3,New Zealand,NL McCullum,DL Vettori,SW Tait,2,0,"",""
ball,1,33.4,New Zealand,NL McCullum,DL Vettori,SW Tait,0,0,"",""
ball,1,33.5,New Zealand,NL McCullum,DL Vettori,SW Tait,0,0,"",""
ball,1,33.6,New Zealand,NL McCullum,DL Vettori,SW Tait,0,0,"",""
ball,1,33.7,New Zealand,NL McCullum,DL Vettori,SW Tait,0,0,"",""
ball,1,34.1,New Zealand,DL Vettori,NL McCullum,SPD Smith,0,0,"",""
ball,1,34.2,New Zealand,DL Vettori,NL McCullum,SPD Smith,1,0,"",""
ball,1,34.3,New Zealand,NL McCullum,DL Vettori,SPD Smith,1,0,"",""
ball,1,34.4,New Zealand,DL Vettori,NL McCullum,SPD Smith,0,1,"",""
ball,1,34.5,New Zealand,DL Vettori,NL McCullum,SPD Smith,1,0,"",""
ball,1,34.6,New Zealand,NL McCullum,DL Vettori,SPD Smith,1,0,"",""
ball,1,34.7,New Zealand,DL Vettori,NL McCullum,SPD Smith,1,0,"",""
ball,1,35.1,New Zealand,DL Vettori,NL McCullum,JJ Krejza,0,0,"",""
ball,1,35.2,New Zealand,DL Vettori,NL McCullum,JJ Krejza,0,0,"",""
ball,1,35.3,New Zealand,DL Vettori,NL McCullum,JJ Krejza,0,0,"",""
ball,1,35.4,New Zealand,DL Vettori,NL McCullum,JJ Krejza,1,0,"",""
ball,1,35.5,New Zealand,NL McCullum,DL Vettori,JJ Krejza,4,0,"",""
ball,1,35.6,New Zealand,NL McCullum,DL Vettori,JJ Krejza,1,0,"",""
ball,1,36.1,New Zealand,NL McCullum,DL Vettori,SPD Smith,0,0,"",""
ball,1,36.2,New Zealand,NL McCullum,DL Vettori,SPD Smith,0,0,"",""
ball,1,36.3,New Zealand,NL McCullum,DL Vettori,SPD Smith,0,0,"",""
ball,1,36.4,New Zealand,NL McCullum,DL Vettori,SPD Smith,0,0,"",""
ball,1,36.5,New Zealand,NL McCullum,DL Vettori,SPD Smith,1,0,"",""
ball,1,36.6,New Zealand,DL Vettori,NL McCullum,SPD Smith,1,0,"",""
ball,1,37.1,New Zealand,DL Vettori,NL McCullum,JJ Krejza,1,0,"",""
ball,1,37.2,New Zealand,NL McCullum,DL Vettori,JJ Krejza,0,0,"",""
ball,1,37.3,New Zealand,NL McCullum,DL Vettori,JJ Krejza,1,0,"",""
ball,1,37.4,New Zealand,DL Vettori,NL McCullum,JJ Krejza,0,0,"",""
ball,1,37.5,New Zealand,DL Vettori,NL McCullum,JJ Krejza,1,0,"",""
ball,1,37.6,New Zealand,NL McCullum,DL Vettori,JJ Krejza,1,0,"",""
ball,1,38.1,New Zealand,NL McCullum,DL Vettori,SPD Smith,0,0,"",""
ball,1,38.2,New Zealand,NL McCullum,DL Vettori,SPD Smith,4,0,"",""
ball,1,38.3,New Zealand,NL McCullum,DL Vettori,SPD Smith,0,0,"",""
ball,1,38.4,New Zealand,NL McCullum,DL Vettori,SPD Smith,2,0,"",""
ball,1,38.5,New Zealand,NL McCullum,DL Vettori,SPD Smith,0,0,"",""
ball,1,38.6,New Zealand,NL McCullum,DL Vettori,SPD Smith,1,0,"",""
ball,1,39.1,New Zealand,NL McCullum,DL Vettori,JJ Krejza,0,0,"",""
ball,1,39.2,New Zealand,NL McCullum,DL Vettori,JJ Krejza,1,0,"",""
ball,1,39.3,New Zealand,DL Vettori,NL McCullum,JJ Krejza,0,0,"",""
ball,1,39.4,New Zealand,DL Vettori,NL McCullum,JJ Krejza,4,0,"",""
ball,1,39.5,New Zealand,DL Vettori,NL McCullum,JJ Krejza,1,0,"",""
ball,1,39.6,New Zealand,NL McCullum,DL Vettori,JJ Krejza,0,0,"",""
ball,1,40.1,New Zealand,DL Vettori,NL McCullum,SPD Smith,0,0,"",""
ball,1,40.2,New Zealand,DL Vettori,NL McCullum,SPD Smith,1,0,"",""
ball,1,40.3,New Zealand,NL McCullum,DL Vettori,SPD Smith,1,0,"",""
ball,1,40.4,New Zealand,DL Vettori,NL McCullum,SPD Smith,1,0,"",""
ball,1,40.5,New Zealand,NL McCullum,DL Vettori,SPD Smith,1,0,"",""
ball,1,40.6,New Zealand,DL Vettori,NL McCullum,SPD Smith,1,0,"",""
ball,1,41.1,New Zealand,DL Vettori,NL McCullum,MG Johnson,1,0,"",""
ball,1,41.2,New Zealand,NL McCullum,DL Vettori,MG Johnson,0,0,lbw,NL McCullum
ball,1,41.3,New Zealand,TG Southee,DL Vettori,MG Johnson,0,0,"",""
ball,1,41.4,New Zealand,TG Southee,DL Vettori,MG Johnson,0,0,"",""
ball,1,41.5,New Zealand,TG Southee,DL Vettori,MG Johnson,1,0,"",""
ball,1,41.6,New Zealand,DL Vettori,TG Southee,MG Johnson,1,0,"",""
ball,1,42.1,New Zealand,DL Vettori,TG Southee,SPD Smith,2,0,"",""
ball,1,42.2,New Zealand,DL Vettori,TG Southee,SPD Smith,0,0,"",""
ball,1,42.3,New Zealand,DL Vettori,TG Southee,SPD Smith,4,0,"",""
ball,1,42.4,New Zealand,DL Vettori,TG Southee,SPD Smith,4,0,"",""
ball,1,42.5,New Zealand,DL Vettori,TG Southee,SPD Smith,1,0,"",""
ball,1,42.6,New Zealand,TG Southee,DL Vettori,SPD Smith,0,0,"",""
ball,1,43.1,New Zealand,DL Vettori,TG Southee,MG Johnson,0,0,"",""
ball,1,43.2,New Zealand,DL Vettori,TG Southee,MG Johnson,1,0,"",""
ball,1,43.3,New Zealand,TG Southee,DL Vettori,MG Johnson,0,0,"",""
ball,1,43.4,New Zealand,TG Southee,DL Vettori,MG Johnson,0,1,"",""
ball,1,43.5,New Zealand,DL Vettori,TG Southee,MG Johnson,4,0,"",""
ball,1,43.6,New Zealand,DL Vettori,TG Southee,MG Johnson,0,1,"",""
ball,1,43.7,New Zealand,DL Vettori,TG Southee,MG Johnson,1,0,"",""
ball,1,44.1,New Zealand,DL Vettori,TG Southee,B Lee,4,0,"",""
ball,1,44.2,New Zealand,DL Vettori,TG Southee,B Lee,1,0,"",""
ball,1,44.3,New Zealand,TG Southee,DL Vettori,B Lee,2,0,"",""
ball,1,44.4,New Zealand,TG Southee,DL Vettori,B Lee,0,0,"",""
ball,1,44.5,New Zealand,TG Southee,DL Vettori,B Lee,3,0,"",""
ball,1,44.6,New Zealand,DL Vettori,TG Southee,B Lee,0,0,caught,DL Vettori
ball,1,45.1,New Zealand,TG Southee,HK Bennett,MG Johnson,0,0,caught,TG Southee
ball,2,0.1,Australia,SR Watson,BJ Haddin,TG Southee,0,1,"",""
ball,2,0.2,Australia,SR Watson,BJ Haddin,TG Southee,0,0,"",""
ball,2,0.3,Australia,SR Watson,BJ Haddin,TG Southee,1,0,"",""
ball,2,0.4,Australia,BJ Haddin,SR Watson,TG Southee,0,1,"",""
ball,2,0.5,Australia,BJ Haddin,SR Watson,TG Southee,0,0,"",""
ball,2,0.6,Australia,BJ Haddin,SR Watson,TG Southee,1,0,"",""
ball,2,0.7,Australia,SR Watson,BJ Haddin,TG Southee,1,0,"",""
ball,2,0.8,Australia,BJ Haddin,SR Watson,TG Southee,4,0,"",""
ball,2,1.1,Australia,SR Watson,BJ Haddin,DL Vettori,0,0,"",""
ball,2,1.2,Australia,SR Watson,BJ Haddin,DL Vettori,0,0,"",""
ball,2,1.3,Australia,SR Watson,BJ Haddin,DL Vettori,1,0,"",""
ball,2,1.4,Australia,BJ Haddin,SR Watson,DL Vettori,1,0,"",""
ball,2,1.5,Australia,SR Watson,BJ Haddin,DL Vettori,0,0,"",""
ball,2,1.6,Australia,SR Watson,BJ Haddin,DL Vettori,1,0,"",""
ball,2,2.1,Australia,SR Watson,BJ Haddin,TG Southee,1,0,"",""
ball,2,2.2,Australia,BJ Haddin,SR Watson,TG Southee,4,0,"",""
ball,2,2.3,Australia,BJ Haddin,SR Watson,TG Southee,0,0,"",""
ball,2,2.4,Australia,BJ Haddin,SR Watson,TG Southee,0,0,"",""
ball,2,2.5,Australia,BJ Haddin,SR Watson,TG Southee,1,0,"",""
ball,2,2.6,Australia,SR Watson,BJ Haddin,TG Southee,0,0,"",""
ball,2,3.1,Australia,BJ Haddin,SR Watson,DL Vettori,1,0,"",""
ball,2,3.2,Australia,SR Watson,BJ Haddin,DL Vettori,0,0,"",""
ball,2,3.3,Australia,SR Watson,BJ Haddin,DL Vettori,2,0,"",""
ball,2,3.4,Australia,SR Watson,BJ Haddin,DL Vettori,1,0,"",""
ball,2,3.5,Australia,BJ Haddin,SR Watson,DL Vettori,4,0,"",""
ball,2,3.6,Australia,BJ Haddin,SR Watson,DL Vettori,1,0,"",""
ball,2,4.1,Australia,BJ Haddin,SR Watson,TG Southee,0,0,"",""
ball,2,4.2,Australia,BJ Haddin,SR Watson,TG Southee,4,0,"",""
ball,2,4.3,Australia,BJ Haddin,SR Watson,TG Southee,1,0,"",""
ball,2,4.4,Australia,SR Watson,BJ Haddin,TG Southee,2,0,"",""
ball,2,4.5,Australia,SR Watson,BJ Haddin,TG Southee,0,0,"",""
ball,2,4.6,Australia,SR Watson,BJ Haddin,TG Southee,0,0,"",""
ball,2,5.1,Australia,BJ Haddin,SR Watson,HK Bennett,2,0,"",""
ball,2,5.2,Australia,BJ Haddin,SR Watson,HK Bennett,0,0,"",""
ball,2,5.3,Australia,BJ Haddin,SR Watson,HK Bennett,0,1,"",""
ball,2,5.4,Australia,BJ Haddin,SR Watson,HK Bennett,0,0,"",""
ball,2,5.5,Australia,BJ Haddin,SR Watson,HK Bennett,0,0,"",""
ball,2,5.6,Australia,BJ Haddin,SR Watson,HK Bennett,0,0,"",""
ball,2,5.7,Australia,BJ Haddin,SR Watson,HK Bennett,0,0,"",""
ball,2,6.1,Australia,SR Watson,BJ Haddin,TG Southee,1,0,"",""
ball,2,6.2,Australia,BJ Haddin,SR Watson,TG Southee,1,0,"",""
ball,2,6.3,Australia,SR Watson,BJ Haddin,TG Southee,0,0,"",""
ball,2,6.4,Australia,SR Watson,BJ Haddin,TG Southee,0,0,"",""
ball,2,6.5,Australia,SR Watson,BJ Haddin,TG Southee,0,0,"",""
ball,2,6.6,Australia,SR Watson,BJ Haddin,TG Southee,0,0,"",""
ball,2,7.1,Australia,BJ Haddin,SR Watson,HK Bennett,0,0,"",""
ball,2,7.2,Australia,BJ Haddin,SR Watson,HK Bennett,3,0,"",""
ball,2,7.3,Australia,SR Watson,BJ Haddin,HK Bennett,0,5,"",""
ball,2,7.4,Australia,SR Watson,BJ Haddin,HK Bennett,0,0,"",""
ball,2,7.5,Australia,SR Watson,BJ Haddin,HK Bennett,4,0,"",""
ball,2,7.6,Australia,SR Watson,BJ Haddin,HK Bennett,3,0,"",""
ball,2,7.7,Australia,BJ Haddin,SR Watson,HK Bennett,4,0,"",""
ball,2,8.1,Australia,SR Watson,BJ Haddin,TG Southee,1,0,"",""
ball,2,8.2,Australia,BJ Haddin,SR Watson,TG Southee,4,0,"",""
ball,2,8.3,Australia,BJ Haddin,SR Watson,TG Southee,0,0,"",""
ball,2,8.4,Australia,BJ Haddin,SR Watson,TG Southee,4,0,"",""
ball,2,8.5,Australia,BJ Haddin,SR Watson,TG Southee,0,0,"",""
ball,2,8.6,Australia,BJ Haddin,SR Watson,TG Southee,0,0,"",""
ball,2,9.1,Australia,SR Watson,BJ Haddin,NL McCullum,0,0,"",""
ball,2,9.2,Australia,SR Watson,BJ Haddin,NL McCullum,1,0,"",""
ball,2,9.3,Australia,BJ Haddin,SR Watson,NL McCullum,2,0,"",""
ball,2,9.4,Australia,BJ Haddin,SR Watson,NL McCullum,4,0,"",""
ball,2,9.5,Australia,BJ Haddin,SR Watson,NL McCullum,0,0,"",""
ball,2,9.6,Australia,BJ Haddin,SR Watson,NL McCullum,0,0,"",""
ball,2,10.1,Australia,SR Watson,BJ Haddin,JD Ryder,0,0,"",""
ball,2,10.2,Australia,SR Watson,BJ Haddin,JD Ryder,0,0,"",""
ball,2,10.3,Australia,SR Watson,BJ Haddin,JD Ryder,0,0,"",""
ball,2,10.4,Australia,SR Watson,BJ Haddin,JD Ryder,0,0,"",""
ball,2,10.5,Australia,SR Watson,BJ Haddin,JD Ryder,0,0,"",""
ball,2,10.6,Australia,SR Watson,BJ Haddin,JD Ryder,0,5,"",""
ball,2,10.7,Australia,SR Watson,BJ Haddin,JD Ryder,1,0,"",""
ball,2,11.1,Australia,SR Watson,BJ Haddin,NL McCullum,0,0,"",""
ball,2,11.2,Australia,SR Watson,BJ Haddin,NL McCullum,1,0,"",""
ball,2,11.3,Australia,BJ Haddin,SR Watson,NL McCullum,0,0,"",""
ball,2,11.4,Australia,BJ Haddin,SR Watson,NL McCullum,0,0,"",""
ball,2,11.5,Australia,BJ Haddin,SR Watson,NL McCullum,1,0,"",""
ball,2,11.6,Australia,SR Watson,BJ Haddin,NL McCullum,0,0,"",""
ball,2,12.1,Australia,BJ Haddin,SR Watson,JD Ryder,2,0,"",""
ball,2,12.2,Australia,BJ Haddin,SR Watson,JD Ryder,0,0,"",""
ball,2,12.3,Australia,BJ Haddin,SR Watson,JD Ryder,1,0,"",""
ball,2,12.4,Australia,SR Watson,BJ Haddin,JD Ryder,0,1,"",""
ball,2,12.5,Australia,SR Watson,BJ Haddin,JD Ryder,1,0,"",""
ball,2,12.6,Australia,BJ Haddin,SR Watson,JD Ryder,0,0,"",""
ball,2,12.7,Australia,BJ Haddin,SR Watson,JD Ryder,0,0,"",""
ball,2,13.1,Australia,SR Watson,BJ Haddin,NL McCullum,4,0,"",""
ball,2,13.2,Australia,SR Watson,BJ Haddin,NL McCullum,0,0,"",""
ball,2,13.3,Australia,SR Watson,BJ Haddin,NL McCullum,1,0,"",""
ball,2,13.4,Australia,BJ Haddin,SR Watson,NL McCullum,1,0,"",""
ball,2,13.5,Australia,SR Watson,BJ Haddin,NL McCullum,6,0,"",""
ball,2,13.6,Australia,SR Watson,BJ Haddin,NL McCullum,1,0,"",""
ball,2,14.1,Australia,SR Watson,BJ Haddin,HK Bennett,0,2,"",""
ball,2,14.2,Australia,SR Watson,BJ Haddin,HK Bennett,0,1,"",""
ball,2,14.3,Australia,SR Watson,BJ Haddin,HK Bennett,2,0,"",""
ball,2,14.4,Australia,SR Watson,BJ Haddin,HK Bennett,2,0,"",""
ball,2,14.5,Australia,SR Watson,BJ Haddin,HK Bennett,0,0,"",""
ball,2,14.6,Australia,SR Watson,BJ Haddin,HK Bennett,0,0,"",""
ball,2,14.7,Australia,SR Watson,BJ Haddin,HK Bennett,1,0,"",""
ball,2,15.1,Australia,SR Watson,BJ Haddin,DL Vettori,4,0,"",""
ball,2,15.2,Australia,SR Watson,BJ Haddin,DL Vettori,0,0,"",""
ball,2,15.3,Australia,SR Watson,BJ Haddin,DL Vettori,4,0,"",""
ball,2,15.4,Australia,SR Watson,BJ Haddin,DL Vettori,4,0,"",""
ball,2,15.5,Australia,SR Watson,BJ Haddin,DL Vettori,1,0,"",""
ball,2,15.6,Australia,BJ Haddin,SR Watson,DL Vettori,0,0,"",""
ball,2,16.1,Australia,SR Watson,BJ Haddin,HK Bennett,1,0,"",""
ball,2,16.2,Australia,BJ Haddin,SR Watson,HK Bennett,0,0,"",""
ball,2,16.3,Australia,BJ Haddin,SR Watson,HK Bennett,0,0,"",""
ball,2,16.4,Australia,BJ Haddin,SR Watson,HK Bennett,1,0,"",""
ball,2,16.5,Australia,SR Watson,BJ Haddin,HK Bennett,4,0,"",""
ball,2,16.6,Australia,SR Watson,BJ Haddin,HK Bennett,0,1,"",""
ball,2,16.7,Australia,SR Watson,BJ Haddin,HK Bennett,0,0,"",""
ball,2,17.1,Australia,BJ Haddin,SR Watson,DL Vettori,1,0,"",""
ball,2,17.2,Australia,SR Watson,BJ Haddin,DL Vettori,1,0,"",""
ball,2,17.3,Australia,BJ Haddin,SR Watson,DL Vettori,1,0,"",""
ball,2,17.4,Australia,SR Watson,BJ Haddin,DL Vettori,1,0,"",""
ball,2,17.5,Australia,BJ Haddin,SR Watson,DL Vettori,1,0,"",""
ball,2,17.6,Australia,SR Watson,BJ Haddin,DL Vettori,0,0,"",""
ball,2,18.1,Australia,BJ Haddin,SR Watson,HK Bennett,0,0,caught,BJ Haddin
ball,2,18.2,Australia,SR Watson,RT Ponting,HK Bennett,2,0,"",""
ball,2,18.3,Australia,SR Watson,RT Ponting,HK Bennett,0,1,"",""
ball,2,18.4,Australia,SR Watson,RT Ponting,HK Bennett,0,0,bowled,SR Watson
ball,2,18.5,Australia,MJ Clarke,RT Ponting,HK Bennett,0,1,"",""
ball,2,18.6,Australia,RT Ponting,MJ Clarke,HK Bennett,1,0,"",""
ball,2,18.7,Australia,MJ Clarke,RT Ponting,HK Bennett,1,0,"",""
ball,2,19.1,Australia,MJ Clarke,RT Ponting,DL Vettori,1,0,"",""
ball,2,19.2,Australia,RT Ponting,MJ Clarke,DL Vettori,1,0,"",""
ball,2,19.3,Australia,MJ Clarke,RT Ponting,DL Vettori,0,0,"",""
ball,2,19.4,Australia,MJ Clarke,RT Ponting,DL Vettori,0,0,"",""
ball,2,19.5,Australia,MJ Clarke,RT Ponting,DL Vettori,0,0,"",""
ball,2,19.6,Australia,MJ Clarke,RT Ponting,DL Vettori,0,0,"",""
ball,2,20.1,Australia,RT Ponting,MJ Clarke,HK Bennett,0,0,"",""
ball,2,20.2,Australia,RT Ponting,MJ Clarke,HK Bennett,2,0,"",""
ball,2,20.3,Australia,RT Ponting,MJ Clarke,HK Bennett,1,0,"",""
ball,2,20.4,Australia,MJ Clarke,RT Ponting,HK Bennett,0,1,"",""
ball,2,20.5,Australia,MJ Clarke,RT Ponting,HK Bennett,0,0,"",""
ball,2,20.6,Australia,MJ Clarke,RT Ponting,HK Bennett,4,0,"",""
ball,2,20.7,Australia,MJ Clarke,RT Ponting,HK Bennett,0,0,"",""
ball,2,21.1,Australia,RT Ponting,MJ Clarke,DL Vettori,0,0,"",""
ball,2,21.2,Australia,RT Ponting,MJ Clarke,DL Vettori,4,0,"",""
ball,2,21.3,Australia,RT Ponting,MJ Clarke,DL Vettori,0,0,"",""
ball,2,21.4,Australia,RT Ponting,MJ Clarke,DL Vettori,0,0,"",""
ball,2,21.5,Australia,RT Ponting,MJ Clarke,DL Vettori,0,0,"",""
ball,2,21.6,Australia,RT Ponting,MJ Clarke,DL Vettori,0,0,"",""
ball,2,22.1,Australia,MJ Clarke,RT Ponting,TG Southee,1,0,"",""
ball,2,22.2,Australia,RT Ponting,MJ Clarke,TG Southee,0,0,"",""
ball,2,22.3,Australia,RT Ponting,MJ Clarke,TG Southee,0,0,"",""
ball,2,22.4,Australia,RT Ponting,MJ Clarke,TG Southee,0,0,"",""
ball,2,22.5,Australia,RT Ponting,MJ Clarke,TG Southee,2,0,"",""
ball,2,22.6,Australia,RT Ponting,MJ Clarke,TG Southee,0,0,"",""
ball,2,23.1,Australia,MJ Clarke,RT Ponting,DL Vettori,0,0,"",""
ball,2,23.2,Australia,MJ Clarke,RT Ponting,DL Vettori,0,0,"",""
ball,2,23.3,Australia,MJ Clarke,RT Ponting,DL Vettori,1,0,"",""
ball,2,23.4,Australia,RT Ponting,MJ Clarke,DL Vettori,0,1,"",""
ball,2,23.5,Australia,RT Ponting,MJ Clarke,DL Vettori,1,0,"",""
ball,2,23.6,Australia,MJ Clarke,RT Ponting,DL Vettori,0,0,"",""
ball,2,23.7,Australia,MJ Clarke,RT Ponting,DL Vettori,0,0,"",""
ball,2,24.1,Australia,RT Ponting,MJ Clarke,TG Southee,0,0,"",""
ball,2,24.2,Australia,RT Ponting,MJ Clarke,TG Southee,0,0,"",""
ball,2,24.3,Australia,RT Ponting,MJ Clarke,TG Southee,0,0,"",""
ball,2,24.4,Australia,RT Ponting,MJ Clarke,TG Southee,0,0,"",""
ball,2,24.5,Australia,RT Ponting,MJ Clarke,TG Southee,0,0,"",""
ball,2,24.6,Australia,RT Ponting,MJ Clarke,TG Southee,0,0,"",""
ball,2,25.1,Australia,MJ Clarke,RT Ponting,JD Ryder,0,0,"",""
ball,2,25.2,Australia,MJ Clarke,RT Ponting,JD Ryder,0,0,"",""
ball,2,25.3,Australia,MJ Clarke,RT Ponting,JD Ryder,1,0,"",""
ball,2,25.4,Australia,RT Ponting,MJ Clarke,JD Ryder,0,0,"",""
ball,2,25.5,Australia,RT Ponting,MJ Clarke,JD Ryder,0,0,"",""
ball,2,25.6,Australia,RT Ponting,MJ Clarke,JD Ryder,0,0,"",""
ball,2,26.1,Australia,MJ Clarke,RT Ponting,TG Southee,0,5,"",""
ball,2,26.2,Australia,MJ Clarke,RT Ponting,TG Southee,0,0,"",""
ball,2,26.3,Australia,MJ Clarke,RT Ponting,TG Southee,1,0,"",""
ball,2,26.4,Australia,RT Ponting,MJ Clarke,TG Southee,0,0,"",""
ball,2,26.5,Australia,RT Ponting,MJ Clarke,TG Southee,0,0,"",""
ball,2,26.6,Australia,RT Ponting,MJ Clarke,TG Southee,0,1,stumped,RT Ponting
ball,2,26.7,Australia,CL White,MJ Clarke,TG Southee,0,0,"",""
ball,2,26.8,Australia,CL White,MJ Clarke,TG Southee,0,0,"",""
ball,2,27.1,Australia,MJ Clarke,CL White,JD Ryder,4,0,"",""
ball,2,27.2,Australia,MJ Clarke,CL White,JD Ryder,0,0,"",""
ball,2,27.3,Australia,MJ Clarke,CL White,JD Ryder,0,0,"",""
ball,2,27.4,Australia,MJ Clarke,CL White,JD Ryder,0,2,"",""
ball,2,27.5,Australia,CL White,MJ Clarke,JD Ryder,4,0,"",""
ball,2,27.6,Australia,CL White,MJ Clarke,JD Ryder,0,0,"",""
ball,2,27.7,Australia,CL White,MJ Clarke,JD Ryder,0,0,"",""
ball,2,28.1,Australia,MJ Clarke,CL White,TG Southee,0,0,"",""
ball,2,28.2,Australia,MJ Clarke,CL White,TG Southee,0,0,"",""
ball,2,28.3,Australia,MJ Clarke,CL White,TG Southee,0,0,"",""
ball,2,28.4,Australia,MJ Clarke,CL White,TG Southee,0,0,"",""
ball,2,28.5,Australia,MJ Clarke,CL White,TG Southee,0,0,"",""
ball,2,28.6,Australia,MJ Clarke,CL White,TG Southee,0,0,"",""
ball,2,29.1,Australia,CL White,MJ Clarke,JD Ryder,0,0,"",""
ball,2,29.2,Australia,CL White,MJ Clarke,JD Ryder,0,0,"",""
ball,2,29.3,Australia,CL White,MJ Clarke,JD Ryder,0,0,"",""
ball,2,29.4,Australia,CL White,MJ Clarke,JD Ryder,0,0,"",""
ball,2,29.5,Australia,CL White,MJ Clarke,JD Ryder,2,0,"",""
ball,2,29.6,Australia,CL White,MJ Clarke,JD Ryder,0,0,"",""
ball,2,30.1,Australia,MJ Clarke,CL White,TG Southee,1,0,"",""
ball,2,30.2,Australia,CL White,MJ Clarke,TG Southee,0,0,"",""
ball,2,30.3,Australia,CL White,MJ Clarke,TG Southee,0,0,"",""
ball,2,30.4,Australia,CL White,MJ Clarke,TG Southee,0,0,"",""
ball,2,30.5,Australia,CL White,MJ Clarke,TG Southee,1,0,"",""
ball,2,30.6,Australia,MJ Clarke,CL White,TG Southee,0,0,"",""
ball,2,31.1,Australia,CL White,MJ Clarke,JEC Franklin,1,0,"",""
ball,2,31.2,Australia,MJ Clarke,CL White,JEC Franklin,1,0,"",""
ball,2,31.3,Australia,CL White,MJ Clarke,JEC Franklin,2,0,"",""
ball,2,31.4,Australia,CL White,MJ Clarke,JEC Franklin,0,0,"",""
ball,2,31.5,Australia,CL White,MJ Clarke,JEC Franklin,0,0,"",""
ball,2,31.6,Australia,CL White,MJ Clarke,JEC Franklin,2,0,"",""
ball,2,32.1,Australia,MJ Clarke,CL White,HK Bennett,4,0,"",""
ball,2,32.2,Australia,MJ Clarke,CL White,HK Bennett,0,2,"",""
ball,2,32.3,Australia,CL White,MJ Clarke,HK Bennett,4,0,"",""
ball,2,32.4,Australia,CL White,MJ Clarke,HK Bennett,1,0,"",""
ball,2,32.5,Australia,MJ Clarke,CL White,HK Bennett,0,0,"",""
ball,2,32.6,Australia,MJ Clarke,CL White,HK Bennett,0,0,"",""
ball,2,32.7,Australia,MJ Clarke,CL White,HK Bennett,4,0,"",""
ball,2,33.1,Australia,CL White,MJ Clarke,JEC Franklin,0,0,"",""
ball,2,33.2,Australia,CL White,MJ Clarke,JEC Franklin,0,0,"",""
ball,2,33.3,Australia,CL White,MJ Clarke,JEC Franklin,0,0,"",""
ball,2,33.4,Australia,CL White,MJ Clarke,JEC Franklin,0,0,"",""
ball,2,33.5,Australia,CL White,MJ Clarke,JEC Franklin,4,0,"",""
ball,2,33.6,Australia,CL White,MJ Clarke,JEC Franklin,1,0,"",""
