version,1.3.0
info,team,West Indies
info,team,Zimbabwe
info,gender,male
info,season,2009/10
info,date,2010/03/12
info,series,Zimbabwe in West Indies ODI Series
info,match_number,4
info,venue,"Arnos Vale Ground, Kingstown"
info,city,St Vincent
info,toss_winner,West Indies
info,toss_decision,field
info,player_of_match,DJ Bravo
info,umpire,NA Malcolm
info,umpire,SJA Taufel
info,reserve_umpire,CE Mack
info,tv_umpire,GE Greaves
info,match_referee,RS Mahanama
info,winner,West Indies
info,winner_wickets,4
ball,1,0.1,Zimbabwe,H Masakadza,V Sibanda,KAJ Roach,0,4,"",""
ball,1,0.2,Zimbabwe,H Masakadza,V Sibanda,KAJ Roach,0,0,"",""
ball,1,0.3,Zimbabwe,H Masakadza,V Sibanda,KAJ Roach,0,0,"",""
ball,1,0.4,Zimbabwe,H Masakadza,V Sibanda,KAJ Roach,0,5,"",""
ball,1,0.5,Zimbabwe,H Masakadza,V Sibanda,KAJ Roach,0,0,"",""
ball,1,0.6,Zimbabwe,H Masakadza,V Sibanda,KAJ Roach,0,1,"",""
ball,1,0.7,Zimbabwe,H Masakadza,V Sibanda,KAJ Roach,0,0,"",""
ball,1,0.8,Zimbabwe,H Masakadza,V Sibanda,KAJ Roach,0,0,"",""
ball,1,1.1,Zimbabwe,V Sibanda,H Masakadza,R Rampaul,1,0,"",""
ball,1,1.2,Zimbabwe,H Masakadza,V Sibanda,R Rampaul,0,0,"",""
ball,1,1.3,Zimbabwe,H Masakadza,V Sibanda,R Rampaul,0,0,"",""
ball,1,1.4,Zimbabwe,H Masakadza,V Sibanda,R Rampaul,0,0,caught,H Masakadza
ball,1,1.5,Zimbabwe,T Maruma,V Sibanda,R Rampaul,0,0,"",""
ball,1,1.6,Zimbabwe,T Maruma,V Sibanda,R Rampaul,1,0,"",""
ball,1,2.1,Zimbabwe,T Maruma,V Sibanda,KAJ Roach,0,0,"",""
ball,1,2.2,Zimbabwe,T Maruma,V Sibanda,KAJ Roach,0,5,"",""
ball,1,2.3,Zimbabwe,T Maruma,V Sibanda,KAJ Roach,0,0,"",""
ball,1,2.4,Zimbabwe,T Maruma,V Sibanda,KAJ Roach,0,2,"",""
ball,1,2.5,Zimbabwe,T Maruma,V Sibanda,KAJ Roach,0,0,"",""
ball,1,2.6,Zimbabwe,T Maruma,V Sibanda,KAJ Roach,0,0,"",""
ball,1,2.7,Zimbabwe,T Maruma,V Sibanda,KAJ Roach,0,0,"",""
ball,1,3.1,Zimbabwe,V Sibanda,T Maruma,R Rampaul,0,0,"",""
ball,1,3.2,Zimbabwe,V Sibanda,T Maruma,R Rampaul,0,0,"",""
ball,1,3.3,Zimbabwe,V Sibanda,T Maruma,R Rampaul,0,0,"",""
ball,1,3.4,Zimbabwe,V Sibanda,T Maruma,R Rampaul,0,0,"",""
ball,1,3.5,Zimbabwe,V Sibanda,T Maruma,R Rampaul,0,0,"",""
ball,1,3.6,Zimbabwe,V Sibanda,T Maruma,R Rampaul,0,0,"",""
ball,1,4.1,Zimbabwe,T Maruma,V Sibanda,KAJ Roach,4,0,"",""
ball,1,4.2,Zimbabwe,T Maruma,V Sibanda,KAJ Roach,0,0,"",""
ball,1,4.3,Zimbabwe,T Maruma,V Sibanda,KAJ Roach,0,0,"",""
ball,1,4.4,Zimbabwe,T Maruma,V Sibanda,KAJ Roach,0,0,"",""
ball,1,4.5,Zimbabwe,T Maruma,V Sibanda,KAJ Roach,0,0,"",""
ball,1,4.6,Zimbabwe,T Maruma,V Sibanda,KAJ Roach,0,0,"",""
ball,1,5.1,Zimbabwe,V Sibanda,T Maruma,R Rampaul,0,0,"",""
ball,1,5.2,Zimbabwe,V Sibanda,T Maruma,R Rampaul,0,0,"",""
ball,1,5.3,Zimbabwe,V Sibanda,T Maruma,R Rampaul,4,0,"",""
ball,1,5.4,Zimbabwe,V Sibanda,T Maruma,R Rampaul,0,0,"",""
ball,1,5.5,Zimbabwe,V Sibanda,T Maruma,R Rampaul,0,0,"",""
ball,1,5.6,Zimbabwe,V Sibanda,T Maruma,R Rampaul,0,0,"",""
ball,1,6.1,Zimbabwe,T Maruma,V Sibanda,KAJ Roach,0,0,"",""
ball,1,6.2,Zimbabwe,T Maruma,V Sibanda,KAJ Roach,0,0,"",""
ball,1,6.3,Zimbabwe,T Maruma,V Sibanda,KAJ Roach,0,0,"",""
ball,1,6.4,Zimbabwe,T Maruma,V Sibanda,KAJ Roach,0,0,"",""
ball,1,6.5,Zimbabwe,T Maruma,V Sibanda,KAJ Roach,3,0,"",""
ball,1,6.6,Zimbabwe,V Sibanda,T Maruma,KAJ Roach,5,0,"",""
ball,1,7.1,Zimbabwe,V Sibanda,T Maruma,R Rampaul,0,0,"",""
ball,1,7.2,Zimbabwe,V Sibanda,T Maruma,R Rampaul,0,0,"",""
ball,1,7.3,Zimbabwe,V Sibanda,T Maruma,R Rampaul,0,0,"",""
ball,1,7.4,Zimbabwe,V Sibanda,T Maruma,R Rampaul,0,0,"",""
ball,1,7.5,Zimbabwe,V Sibanda,T Maruma,R Rampaul,0,1,"",""
ball,1,7.6,Zimbabwe,T Maruma,V Sibanda,R Rampaul,1,0,"",""
ball,1,8.1,Zimbabwe,T Maruma,V Sibanda,DJ Bravo,0,0,caught,T Maruma
ball,1,8.2,Zimbabwe,BRM Taylor,V Sibanda,DJ Bravo,0,0,"",""
ball,1,8.3,Zimbabwe,BRM Taylor,V Sibanda,DJ Bravo,0,0,"",""
ball,1,8.4,Zimbabwe,BRM Taylor,V Sibanda,DJ Bravo,0,0,"",""
ball,1,8.5,Zimbabwe,BRM Taylor,V Sibanda,DJ Bravo,1,0,"",""
ball,1,8.6,Zimbabwe,V Sibanda,BRM Taylor,DJ Bravo,0,0,"",""
ball,1,9.1,Zimbabwe,BRM Taylor,V Sibanda,R Rampaul,0,0,"",""
ball,1,9.2,Zimbabwe,BRM Taylor,V Sibanda,R Rampaul,0,0,bowled,BRM Taylor
ball,1,9.3,Zimbabwe,T Taibu,V Sibanda,R Rampaul,0,0,"",""
ball,1,9.4,Zimbabwe,T Taibu,V Sibanda,R Rampaul,0,0,"",""
ball,1,9.5,Zimbabwe,T Taibu,V Sibanda,R Rampaul,0,0,"",""
ball,1,9.6,Zimbabwe,T Taibu,V Sibanda,R Rampaul,3,0,"",""
ball,1,10.1,Zimbabwe,T Taibu,V Sibanda,DJ Bravo,0,0,"",""
ball,1,10.2,Zimbabwe,T Taibu,V Sibanda,DJ Bravo,0,0,"",""
ball,1,10.3,Zimbabwe,T Taibu,V Sibanda,DJ Bravo,0,0,"",""
ball,1,10.4,Zimbabwe,T Taibu,V Sibanda,DJ Bravo,0,0,"",""
ball,1,10.5,Zimbabwe,T Taibu,V Sibanda,DJ Bravo,3,0,"",""
ball,1,10.6,Zimbabwe,V Sibanda,T Taibu,DJ Bravo,0,0,"",""
ball,1,11.1,Zimbabwe,T Taibu,V Sibanda,R Rampaul,0,0,"",""
ball,1,11.2,Zimbabwe,T Taibu,V Sibanda,R Rampaul,0,0,"",""
ball,1,11.3,Zimbabwe,T Taibu,V Sibanda,R Rampaul,0,0,"",""
ball,1,11.4,Zimbabwe,T Taibu,V Sibanda,R Rampaul,0,0,"",""
ball,1,11.5,Zimbabwe,T Taibu,V Sibanda,R Rampaul,0,0,"",""
ball,1,11.6,Zimbabwe,T Taibu,V Sibanda,R Rampaul,0,1,"",""
ball,1,12.1,Zimbabwe,T Taibu,V Sibanda,DJ Bravo,0,0,"",""
ball,1,12.2,Zimbabwe,T Taibu,V Sibanda,DJ Bravo,1,0,"",""
ball,1,12.3,Zimbabwe,V Sibanda,T Taibu,DJ Bravo,1,0,"",""
ball,1,12.4,Zimbabwe,T Taibu,V Sibanda,DJ Bravo,2,0,"",""
ball,1,12.5,Zimbabwe,T Taibu,V Sibanda,DJ Bravo,0,0,"",""
ball,1,12.6,Zimbabwe,T Taibu,V Sibanda,DJ Bravo,1,0,"",""
ball,1,13.1,Zimbabwe,T Taibu,V Sibanda,DJG Sammy,0,0,"",""
ball,1,13.2,Zimbabwe,T Taibu,V Sibanda,DJG Sammy,0,0,"",""
ball,1,13.3,Zimbabwe,T Taibu,V Sibanda,DJG Sammy,0,0,"",""
ball,1,13.4,Zimbabwe,T Taibu,V Sibanda,DJG Sammy,1,0,"",""
ball,1,13.5,Zimbabwe,V Sibanda,T Taibu,DJG Sammy,0,0,run out,V Sibanda
ball,1,13.6,Zimbabwe,T Taibu,S Matsikenyeri,DJG Sammy,0,0,"",""
ball,1,14.1,Zimbabwe,S Matsikenyeri,T Taibu,DJ Bravo,0,0,"",""
ball,1,14.2,Zimbabwe,S Matsikenyeri,T Taibu,DJ Bravo,0,0,"",""
ball,1,14.3,Zimbabwe,S Matsikenyeri,T Taibu,DJ Bravo,0,0,"",""
ball,1,14.4,Zimbabwe,S Matsikenyeri,T Taibu,DJ Bravo,0,0,"",""
ball,1,14.5,Zimbabwe,S Matsikenyeri,T Taibu,DJ Bravo,0,0,"",""
ball,1,14.6,Zimbabwe,S Matsikenyeri,T Taibu,DJ Bravo,0,0,"",""
ball,1,15.1,Zimbabwe,T Taibu,S Matsikenyeri,DJG Sammy,0,0,"",""
ball,1,15.2,Zimbabwe,T Taibu,S Matsikenyeri,DJG Sammy,0,0,"",""
ball,1,15.3,Zimbabwe,T Taibu,S Matsikenyeri,DJG Sammy,0,0,"",""
ball,1,15.4,Zimbabwe,T Taibu,S Matsikenyeri,DJG Sammy,1,0,"",""
ball,1,15.5,Zimbabwe,S Matsikenyeri,T Taibu,DJG Sammy,0,0,"",""
ball,1,15.6,Zimbabwe,S Matsikenyeri,T Taibu,DJG Sammy,1,0,"",""
ball,1,16.1,Zimbabwe,S Matsikenyeri,T Taibu,DJ Bravo,0,0,bowled,S Matsikenyeri
ball,1,16.2,Zimbabwe,GA Lamb,T Taibu,DJ Bravo,0,0,"",""
ball,1,16.3,Zimbabwe,GA Lamb,T Taibu,DJ Bravo,0,0,"",""
ball,1,16.4,Zimbabwe,GA Lamb,T Taibu,DJ Bravo,0,0,"",""
ball,1,16.5,Zimbabwe,GA Lamb,T Taibu,DJ Bravo,3,0,"",""
ball,1,16.6,Zimbabwe,T Taibu,GA Lamb,DJ Bravo,1,0,"",""
ball,1,17.1,Zimbabwe,T Taibu,GA Lamb,DJG Sammy,1,0,"",""
ball,1,17.2,Zimbabwe,GA Lamb,T Taibu,DJG Sammy,0,0,"",""
ball,1,17.3,Zimbabwe,GA Lamb,T Taibu,DJG Sammy,0,0,"",""
ball,1,17.4,Zimbabwe,GA Lamb,T Taibu,DJG Sammy,0,0,"",""
ball,1,17.5,Zimbabwe,GA Lamb,T Taibu,DJG Sammy,0,1,"",""
ball,1,17.6,Zimbabwe,GA Lamb,T Taibu,DJG Sammy,0,0,"",""
ball,1,17.7,Zimbabwe,GA Lamb,T Taibu,DJG Sammy,0,1,"",""
ball,1,17.8,Zimbabwe,GA Lamb,T Taibu,DJG Sammy,1,0,"",""
ball,1,18.1,Zimbabwe,GA Lamb,T Taibu,DJ Bravo,0,0,"",""
ball,1,18.2,Zimbabwe,GA Lamb,T Taibu,DJ Bravo,0,0,"",""
ball,1,18.3,Zimbabwe,GA Lamb,T Taibu,DJ Bravo,0,0,"",""
ball,1,18.4,Zimbabwe,GA Lamb,T Taibu,DJ Bravo,1,0,"",""
ball,1,18.5,Zimbabwe,T Taibu,GA Lamb,DJ Bravo,0,0,"",""
ball,1,18.6,Zimbabwe,T Taibu,GA Lamb,DJ Bravo,0,0,caught,T Taibu
ball,1,19.1,Zimbabwe,E Chigumbura,GA Lamb,DJG Sammy,0,0,"",""
ball,1,19.2,Zimbabwe,E Chigumbura,GA Lamb,DJG Sammy,0,0,"",""
ball,1,19.3,Zimbabwe,E Chigumbura,GA Lamb,DJG Sammy,0,1,"",""
ball,1,19.4,Zimbabwe,GA Lamb,E Chigumbura,DJG Sammy,0,0,"",""
ball,1,19.5,Zimbabwe,GA Lamb,E Chigumbura,DJG Sammy,0,0,"",""
ball,1,19.6,Zimbabwe,GA Lamb,E Chigumbura,DJG Sammy,0,0,"",""
ball,1,20.1,Zimbabwe,E Chigumbura,GA Lamb,DJ Bravo,0,0,"",""
ball,1,20.2,Zimbabwe,E Chigumbura,GA Lamb,DJ Bravo,0,0,"",""
ball,1,20.3,Zimbabwe,E Chigumbura,GA Lamb,DJ Bravo,0,0,"",""
ball,1,20.4,Zimbabwe,E Chigumbura,GA Lamb,DJ Bravo,0,0,"",""
ball,1,20.5,Zimbabwe,E Chigumbura,GA Lamb,DJ Bravo,0,0,"",""
ball,1,20.6,Zimbabwe,E Chigumbura,GA Lamb,DJ Bravo,0,0,"",""
ball,1,21.1,Zimbabwe,GA Lamb,E Chigumbura,DJG Sammy,0,0,"",""
ball,1,21.2,Zimbabwe,GA Lamb,E Chigumbura,DJG Sammy,0,0,"",""
ball,1,21.3,Zimbabwe,GA Lamb,E Chigumbura,DJG Sammy,0,0,"",""
ball,1,21.4,Zimbabwe,GA Lamb,E Chigumbura,DJG Sammy,0,0,"",""
ball,1,21.5,Zimbabwe,GA Lamb,E Chigumbura,DJG Sammy,0,0,"",""
ball,1,21.6,Zimbabwe,GA Lamb,E Chigumbura,DJG Sammy,0,0,"",""
ball,1,22.1,Zimbabwe,E Chigumbura,GA Lamb,KAJ Roach,0,0,"",""
ball,1,22.2,Zimbabwe,E Chigumbura,GA Lamb,KAJ Roach,1,0,"",""
ball,1,22.3,Zimbabwe,GA Lamb,E Chigumbura,KAJ Roach,0,0,"",""
ball,1,22.4,Zimbabwe,GA Lamb,E Chigumbura,KAJ Roach,0,0,"",""
ball,1,22.5,Zimbabwe,GA Lamb,E Chigumbura,KAJ Roach,0,0,"",""
ball,1,22.6,Zimbabwe,GA Lamb,E Chigumbura,KAJ Roach,1,0,"",""
ball,1,23.1,Zimbabwe,GA Lamb,E Chigumbura,DJG Sammy,0,0,"",""
ball,1,23.2,Zimbabwe,GA Lamb,E Chigumbura,DJG Sammy,0,0,"",""
ball,1,23.3,Zimbabwe,GA Lamb,E Chigumbura,DJG Sammy,1,0,"",""
ball,1,23.4,Zimbabwe,E Chigumbura,GA Lamb,DJG Sammy,0,0,"",""
ball,1,23.5,Zimbabwe,E Chigumbura,GA Lamb,DJG Sammy,1,0,"",""
ball,1,23.6,Zimbabwe,GA Lamb,E Chigumbura,DJG Sammy,0,0,"",""
ball,1,24.1,Zimbabwe,E Chigumbura,GA Lamb,KAJ Roach,0,0,"",""
ball,1,24.2,Zimbabwe,E Chigumbura,GA Lamb,KAJ Roach,1,0,"",""
ball,1,24.3,Zimbabwe,GA Lamb,E Chigumbura,KAJ Roach,0,0,"",""
ball,1,24.4,Zimbabwe,GA Lamb,E Chigumbura,KAJ Roach,0,0,"",""
ball,1,24.5,Zimbabwe,GA Lamb,E Chigumbura,KAJ Roach,0,0,"",""
ball,1,24.6,Zimbabwe,GA Lamb,E Chigumbura,KAJ Roach,0,0,"",""
ball,1,25.1,Zimbabwe,E Chigumbura,GA Lamb,DJG Sammy,0,0,"",""
ball,1,25.2,Zimbabwe,E Chigumbura,GA Lamb,DJG Sammy,0,0,"",""
ball,1,25.3,Zimbabwe,E Chigumbura,GA Lamb,DJG Sammy,4,0,"",""
ball,1,25.4,Zimbabwe,E Chigumbura,GA Lamb,DJG Sammy,0,0,"",""
ball,1,25.5,Zimbabwe,E Chigumbura,GA Lamb,DJG Sammy,0,0,"",""
ball,1,25.6,Zimbabwe,E Chigumbura,GA Lamb,DJG Sammy,0,0,"",""
ball,1,26.1,Zimbabwe,GA Lamb,E Chigumbura,NO Miller,1,0,"",""
ball,1,26.2,Zimbabwe,E Chigumbura,GA Lamb,NO Miller,0,0,"",""
ball,1,26.3,Zimbabwe,E Chigumbura,GA Lamb,NO Miller,0,0,"",""
ball,1,26.4,Zimbabwe,E Chigumbura,GA Lamb,NO Miller,6,0,"",""
ball,1,26.5,Zimbabwe,E Chigumbura,GA Lamb,NO Miller,0,0,"",""
ball,1,26.6,Zimbabwe,E Chigumbura,GA Lamb,NO Miller,0,0,"",""
ball,1,27.1,Zimbabwe,GA Lamb,E Chigumbura,DJG Sammy,1,0,"",""
ball,1,27.2,Zimbabwe,E Chigumbura,GA Lamb,DJG Sammy,0,0,"",""
ball,1,27.3,Zimbabwe,E Chigumbura,GA Lamb,DJG Sammy,0,0,"",""
ball,1,27.4,Zimbabwe,E Chigumbura,GA Lamb,DJG Sammy,0,0,"",""
ball,1,27.5,Zimbabwe,E Chigumbura,GA Lamb,DJG Sammy,1,0,"",""
ball,1,27.6,Zimbabwe,GA Lamb,E Chigumbura,DJG Sammy,1,0,"",""
ball,1,28.1,Zimbabwe,GA Lamb,E Chigumbura,NO Miller,0,0,"",""
ball,1,28.2,Zimbabwe,GA Lamb,E Chigumbura,NO Miller,0,0,"",""
ball,1,28.3,Zimbabwe,GA Lamb,E Chigumbura,NO Miller,0,0,"",""
ball,1,28.4,Zimbabwe,GA Lamb,E Chigumbura,NO Miller,0,0,"",""
ball,1,28.5,Zimbabwe,GA Lamb,E Chigumbura,NO Miller,0,0,"",""
ball,1,28.6,Zimbabwe,GA Lamb,E Chigumbura,NO Miller,0,0,"",""
ball,1,29.1,Zimbabwe,E Chigumbura,GA Lamb,KA Pollard,1,0,"",""
ball,1,29.2,Zimbabwe,GA Lamb,E Chigumbura,KA Pollard,0,0,"",""
ball,1,29.3,Zimbabwe,GA Lamb,E Chigumbura,KA Pollard,1,0,"",""
ball,1,29.4,Zimbabwe,E Chigumbura,GA Lamb,KA Pollard,0,0,"",""
ball,1,29.5,Zimbabwe,E Chigumbura,GA Lamb,KA Pollard,0,0,"",""
ball,1,29.6,Zimbabwe,E Chigumbura,GA Lamb,KA Pollard,1,0,"",""
ball,1,30.1,Zimbabwe,E Chigumbura,GA Lamb,NO Miller,1,0,"",""
ball,1,30.2,Zimbabwe,GA Lamb,E Chigumbura,NO Miller,1,0,"",""
ball,1,30.3,Zimbabwe,E Chigumbura,GA Lamb,NO Miller,1,0,"",""
ball,1,30.4,Zimbabwe,GA Lamb,E Chigumbura,NO Miller,0,0,"",""
ball,1,30.5,Zimbabwe,GA Lamb,E Chigumbura,NO Miller,0,0,"",""
ball,1,30.6,Zimbabwe,GA Lamb,E Chigumbura,NO Miller,0,0,caught and bowled,GA Lamb
ball,1,31.1,Zimbabwe,E Chigumbura,AG Cremer,KA Pollard,0,0,"",""
ball,1,31.2,Zimbabwe,E Chigumbura,AG Cremer,KA Pollard,1,0,"",""
ball,1,31.3,Zimbabwe,AG Cremer,E Chigumbura,KA Pollard,0,0,"",""
ball,1,31.4,Zimbabwe,AG Cremer,E Chigumbura,KA Pollard,0,0,"",""
ball,1,31.5,Zimbabwe,AG Cremer,E Chigumbura,KA Pollard,0,0,"",""
ball,1,31.6,Zimbabwe,AG Cremer,E Chigumbura,KA Pollard,0,0,"",""
ball,1,32.1,Zimbabwe,E Chigumbura,AG Cremer,NO Miller,0,0,"",""
ball,1,32.2,Zimbabwe,E Chigumbura,AG Cremer,NO Miller,0,0,"",""
ball,1,32.3,Zimbabwe,E Chigumbura,AG Cremer,NO Miller,0,0,"",""
ball,1,32.4,Zimbabwe,E Chigumbura,AG Cremer,NO Miller,0,0,"",""
ball,1,32.5,Zimbabwe,E Chigumbura,AG Cremer,NO Miller,0,0,"",""
ball,1,32.6,Zimbabwe,E Chigumbura,AG Cremer,NO Miller,0,0,"",""
ball,1,33.1,Zimbabwe,AG Cremer,E Chigumbura,KA Pollard,3,0,"",""
ball,1,33.2,Zimbabwe,E Chigumbura,AG Cremer,KA Pollard,0,0,"",""
ball,1,33.3,Zimbabwe,E Chigumbura,AG Cremer,KA Pollard,1,0,"",""
ball,1,33.4,Zimbabwe,AG Cremer,E Chigumbura,KA Pollard,0,0,"",""
ball,1,33.5,Zimbabwe,AG Cremer,E Chigumbura,KA Pollard,0,0,"",""
ball,1,33.6,Zimbabwe,AG Cremer,E Chigumbura,KA Pollard,1,0,"",""
ball,1,34.1,Zimbabwe,AG Cremer,E Chigumbura,NO Miller,0,0,"",""
ball,1,34.2,Zimbabwe,AG Cremer,E Chigumbura,NO Miller,1,0,"",""
ball,1,34.3,Zimbabwe,E Chigumbura,AG Cremer,NO Miller,0,0,"",""
ball,1,34.4,Zimbabwe,E Chigumbura,AG Cremer,NO Miller,0,0,"",""
ball,1,34.5,Zimbabwe,E Chigumbura,AG Cremer,NO Miller,0,0,"",""
ball,1,34.6,Zimbabwe,E Chigumbura,AG Cremer,NO Miller,2,0,"",""
ball,1,35.1,Zimbabwe,AG Cremer,E Chigumbura,KA Pollard,0,0,"",""
ball,1,35.2,Zimbabwe,AG Cremer,E Chigumbura,KA Pollard,0,0,"",""
ball,1,35.3,Zimbabwe,AG Cremer,E Chigumbura,KA Pollard,0,0,"",""
ball,1,35.4,Zimbabwe,AG Cremer,E Chigumbura,KA Pollard,0,0,"",""
ball,1,35.5,Zimbabwe,AG Cremer,E Chigumbura,KA Pollard,0,0,"",""
ball,1,35.6,Zimbabwe,AG Cremer,E Chigumbura,KA Pollard,0,0,"",""
ball,1,36.1,Zimbabwe,E Chigumbura,AG Cremer,NO Miller,0,0,"",""
ball,1,36.2,Zimbabwe,E Chigumbura,AG Cremer,NO Miller,0,0,"",""
ball,1,36.3,Zimbabwe,E Chigumbura,AG Cremer,NO Miller,0,0,"",""
ball,1,36.4,Zimbabwe,E Chigumbura,AG Cremer,NO Miller,0,0,"",""
ball,1,36.5,Zimbabwe,E Chigumbura,AG Cremer,NO Miller,0,0,"",""
ball,1,36.6,Zimbabwe,E Chigumbura,AG Cremer,NO Miller,0,0,"",""
ball,1,37.1,Zimbabwe,AG Cremer,E Chigumbura,R Rampaul,0,0,"",""
ball,1,37.2,Zimbabwe,AG Cremer,E Chigumbura,R Rampaul,0,0,"",""
ball,1,37.3,Zimbabwe,AG Cremer,E Chigumbura,R Rampaul,1,0,"",""
ball,1,37.4,Zimbabwe,E Chigumbura,AG Cremer,R Rampaul,1,1,"",""
ball,1,37.5,Zimbabwe,AG Cremer,E Chigumbura,R Rampaul,0,0,"",""
ball,1,37.6,Zimbabwe,AG Cremer,E Chigumbura,R Rampaul,0,0,"",""
ball,1,37.7,Zimbabwe,AG Cremer,E Chigumbura,R Rampaul,1,0,"",""
ball,1,38.1,Zimbabwe,AG Cremer,E Chigumbura,NO Miller,0,0,"",""
ball,1,38.2,Zimbabwe,AG Cremer,E Chigumbura,NO Miller,0,0,"",""
ball,1,38.3,Zimbabwe,AG Cremer,E Chigumbura,NO Miller,1,0,"",""
ball,1,38.4,Zimbabwe,E Chigumbura,AG Cremer,NO Miller,0,1,"",""
ball,1,38.5,Zimbabwe,AG Cremer,E Chigumbura,NO Miller,0,0,"",""
ball,1,38.6,Zimbabwe,AG Cremer,E Chigumbura,NO Miller,0,0,"",""
ball,1,39.1,Zimbabwe,E Chigumbura,AG Cremer,R Rampaul,0,1,"",""
ball,1,39.2,Zimbabwe,AG Cremer,E Chigumbura,R Rampaul,1,0,"",""
ball,1,39.3,Zimbabwe,E Chigumbura,AG Cremer,R Rampaul,0,0,"",""
ball,1,39.4,Zimbabwe,E Chigumbura,AG Cremer,R Rampaul,1,0,"",""
ball,1,39.5,Zimbabwe,AG Cremer,E Chigumbura,R Rampaul,1,0,"",""
ball,1,39.6,Zimbabwe,E Chigumbura,AG Cremer,R Rampaul,4,0,"",""
ball,1,40.1,Zimbabwe,AG Cremer,E Chigumbura,NO Miller,0,0,"",""
ball,1,40.2,Zimbabwe,AG Cremer,E Chigumbura,NO Miller,0,0,"",""
ball,1,40.3,Zimbabwe,AG Cremer,E Chigumbura,NO Miller,0,0,"",""
ball,1,40.4,Zimbabwe,AG Cremer,E Chigumbura,NO Miller,2,0,"",""
ball,1,40.5,Zimbabwe,AG Cremer,E Chigumbura,NO Miller,1,0,"",""
ball,1,40.6,Zimbabwe,E Chigumbura,AG Cremer,NO Miller,1,0,"",""
ball,1,41.1,Zimbabwe,E Chigumbura,AG Cremer,DJG Sammy,0,0,"",""
ball,1,41.2,Zimbabwe,E Chigumbura,AG Cremer,DJG Sammy,0,0,"",""
ball,1,41.3,Zimbabwe,E Chigumbura,AG Cremer,DJG Sammy,0,0,"",""
ball,1,41.4,Zimbabwe,E Chigumbura,AG Cremer,DJG Sammy,0,0,"",""
ball,1,41.5,Zimbabwe,E Chigumbura,AG Cremer,DJG Sammy,1,0,"",""
ball,1,41.6,Zimbabwe,AG Cremer,E Chigumbura,DJG Sammy,0,0,"",""
ball,1,42.1,Zimbabwe,E Chigumbura,AG Cremer,NO Miller,0,0,"",""
ball,1,42.2,Zimbabwe,E Chigumbura,AG Cremer,NO Miller,6,0,"",""
ball,1,42.3,Zimbabwe,E Chigumbura,AG Cremer,NO Miller,0,0,"",""
ball,1,42.4,Zimbabwe,E Chigumbura,AG Cremer,NO Miller,0,0,"",""
ball,1,42.5,Zimbabwe,E Chigumbura,AG Cremer,NO Miller,0,0,"",""
ball,1,42.6,Zimbabwe,E Chigumbura,AG Cremer,NO Miller,0,0,"",""
ball,1,43.1,Zimbabwe,AG Cremer,E Chigumbura,DJG Sammy,1,0,"",""
ball,1,43.2,Zimbabwe,E Chigumbura,AG Cremer,DJG Sammy,6,0,"",""
ball,1,43.3,Zimbabwe,E Chigumbura,AG Cremer,DJG Sammy,0,0,"",""
ball,1,43.4,Zimbabwe,E Chigumbura,AG Cremer,DJG Sammy,0,0,"",""
ball,1,43.5,Zimbabwe,E Chigumbura,AG Cremer,DJG Sammy,0,0,caught,E Chigumbura
ball,1,43.6,Zimbabwe,P Utseya,AG Cremer,DJG Sammy,0,0,"",""
ball,1,44.1,Zimbabwe,AG Cremer,P Utseya,NO Miller,0,0,"",""
ball,1,44.2,Zimbabwe,AG Cremer,P Utseya,NO Miller,0,0,"",""
ball,1,44.3,Zimbabwe,AG Cremer,P Utseya,NO Miller,1,0,"",""
ball,1,44.4,Zimbabwe,P Utseya,AG Cremer,NO Miller,0,0,"",""
ball,1,44.5,Zimbabwe,P Utseya,AG Cremer,NO Miller,0,0,"",""
ball,1,44.6,Zimbabwe,P Utseya,AG Cremer,NO Miller,0,0,"",""
ball,1,45.1,Zimbabwe,AG Cremer,P Utseya,DJ Bravo,0,0,"",""
ball,1,45.2,Zimbabwe,AG Cremer,P Utseya,DJ Bravo,0,0,caught,AG Cremer
ball,1,45.3,Zimbabwe,P Utseya,RW Price,DJ Bravo,0,0,"",""
ball,1,45.4,Zimbabwe,P Utseya,RW Price,DJ Bravo,1,0,"",""
ball,1,45.5,Zimbabwe,RW Price,P Utseya,DJ Bravo,0,0,"",""
ball,1,45.6,Zimbabwe,RW Price,P Utseya,DJ Bravo,4,0,"",""
ball,1,46.1,Zimbabwe,P Utseya,RW Price,KAJ Roach,0,0,"",""
ball,1,46.2,Zimbabwe,P Utseya,RW Price,KAJ Roach,0,0,"",""
ball,1,46.3,Zimbabwe,P Utseya,RW Price,KAJ Roach,0,0,"",""
ball,1,46.4,Zimbabwe,P Utseya,RW Price,KAJ Roach,4,0,"",""
ball,1,46.5,Zimbabwe,P Utseya,RW Price,KAJ Roach,0,0,"",""
ball,1,46.6,Zimbabwe,P Utseya,RW Price,KAJ Roach,0,0,"",""
ball,1,47.1,Zimbabwe,RW Price,P Utseya,DJ Bravo,0,0,"",""
ball,1,47.2,Zimbabwe,RW Price,P Utseya,DJ Bravo,0,0,"",""
ball,1,47.3,Zimbabwe,RW Price,P Utseya,DJ Bravo,1,0,"",""
ball,1,47.4,Zimbabwe,P Utseya,RW Price,DJ Bravo,0,0,"",""
ball,1,47.5,Zimbabwe,P Utseya,RW Price,DJ Bravo,0,0,"",""
ball,1,47.6,Zimbabwe,P Utseya,RW Price,DJ Bravo,0,1,"",""
ball,1,47.7,Zimbabwe,P Utseya,RW Price,DJ Bravo,0,0,"",""
ball,1,48.1,Zimbabwe,RW Price,P Utseya,KAJ Roach,0,0,"",""
ball,1,48.2,Zimbabwe,RW Price,P Utseya,KAJ Roach,0,0,bowled,RW Price
ball,2,0.1,West Indies,AB Barath,CH Gayle,E Chigumbura,2,0,"",""
ball,2,0.2,West Indies,AB Barath,CH Gayle,E Chigumbura,1,0,"",""
ball,2,0.3,West Indies,CH Gayle,AB Barath,E Chigumbura,0,0,"",""
ball,2,0.4,West Indies,CH Gayle,AB Barath,E Chigumbura,0,1,"",""
ball,2,0.5,West Indies,CH Gayle,AB Barath,E Chigumbura,0,0,"",""
ball,2,0.6,West Indies,CH Gayle,AB Barath,E Chigumbura,0,0,"",""
ball,2,1.1,West Indies,AB Barath,CH Gayle,RW Price,0,0,"",""
ball,2,1.2,West Indies,AB Barath,CH Gayle,RW Price,0,0,"",""
ball,2,1.3,West Indies,AB Barath,CH Gayle,RW Price,0,0,"",""
ball,2,1.4,West Indies,AB Barath,CH Gayle,RW Price,0,0,"",""
ball,2,1.5,West Indies,AB Barath,CH Gayle,RW Price,0,0,"",""
ball,2,1.6,West Indies,AB Barath,CH Gayle,RW Price,0,0,"",""
ball,2,2.1,West Indies,CH Gayle,AB Barath,E Chigumbura,0,0,"",""
ball,2,2.2,West Indies,CH Gayle,AB Barath,E Chigumbura,4,0,"",""
ball,2,2.3,West Indies,CH Gayle,AB Barath,E Chigumbura,4,0,"",""
ball,2,2.4,West Indies,CH Gayle,AB Barath,E Chigumbura,6,0,"",""
ball,2,2.5,West Indies,CH Gayle,AB Barath,E Chigumbura,0,2,"",""
ball,2,2.6,West Indies,CH Gayle,AB Barath,E Chigumbura,6,0,"",""
ball,2,3.1,West Indies,AB Barath,CH Gayle,RW Price,1,0,"",""
ball,2,3.2,West Indies,CH Gayle,AB Barath,RW Price,1,0,"",""
ball,2,3.3,West Indies,AB Barath,CH Gayle,RW Price,1,0,"",""
ball,2,3.4,West Indies,CH Gayle,AB Barath,RW Price,0,0,"",""
ball,2,3.5,West Indies,CH Gayle,AB Barath,RW Price,1,0,"",""
ball,2,3.6,West Indies,AB Barath,CH Gayle,RW Price,0,0,"",""
ball,2,4.1,West Indies,CH Gayle,AB Barath,GA Lamb,4,0,"",""
ball,2,4.2,West Indies,CH Gayle,AB Barath,GA Lamb,0,0,"",""
ball,2,4.3,West Indies,CH Gayle,AB Barath,GA Lamb,0,0,"",""
ball,2,4.4,West Indies,CH Gayle,AB Barath,GA Lamb,4,0,"",""
ball,2,4.5,West Indies,CH Gayle,AB Barath,GA Lamb,1,0,"",""
ball,2,4.6,West Indies,AB Barath,CH Gayle,GA Lamb,1,0,"",""
ball,2,5.1,West Indies,AB Barath,CH Gayle,RW Price,0,0,"",""
ball,2,5.2,West Indies,AB Barath,CH Gayle,RW Price,4,0,"",""
ball,2,5.3,West Indies,AB Barath,CH Gayle,RW Price,1,0,"",""
ball,2,5.4,West Indies,CH Gayle,AB Barath,RW Price,0,0,"",""
ball,2,5.5,West Indies,CH Gayle,AB Barath,RW Price,1,0,"",""
ball,2,5.6,West Indies,AB Barath,CH Gayle,RW Price,0,0,"",""
ball,2,6.1,West Indies,CH Gayle,AB Barath,GA Lamb,0,0,caught,CH Gayle
ball,2,6.2,West Indies,S Chanderpaul,AB Barath,GA Lamb,0,0,"",""
ball,2,6.3,West Indies,S Chanderpaul,AB Barath,GA Lamb,1,0,"",""
ball,2,6.4,West Indies,AB Barath,S Chanderpaul,GA Lamb,1,0,"",""
ball,2,6.5,West Indies,S Chanderpaul,AB Barath,GA Lamb,0,0,"",""
ball,2,6.6,West Indies,S Chanderpaul,AB Barath,GA Lamb,0,0,"",""
ball,2,7.1,West Indies,AB Barath,S Chanderpaul,RW Price,0,0,"",""
ball,2,7.2,West Indies,AB Barath,S Chanderpaul,RW Price,1,0,"",""
ball,2,7.3,West Indies,S Chanderpaul,AB Barath,RW Price,0,0,"",""
ball,2,7.4,West Indies,S Chanderpaul,AB Barath,RW Price,0,0,"",""
ball,2,7.5,West Indies,S Chanderpaul,AB Barath,RW Price,0,0,"",""
ball,2,7.6,West Indies,S Chanderpaul,AB Barath,RW Price,0,0,"",""
ball,2,8.1,West Indies,AB Barath,S Chanderpaul,GA Lamb,1,0,"",""
ball,2,8.2,West Indies,S Chanderpaul,AB Barath,GA Lamb,0,0,"",""
ball,2,8.3,West Indies,S Chanderpaul,AB Barath,GA Lamb,0,0,"",""
ball,2,8.4,West Indies,S Chanderpaul,AB Barath,GA Lamb,1,0,"",""
ball,2,8.5,West Indies,AB Barath,S Chanderpaul,GA Lamb,0,0,"",""
ball,2,8.6,West Indies,AB Barath,S Chanderpaul,GA Lamb,0,0,"",""
ball,2,9.1,West Indies,S Chanderpaul,AB Barath,E Chigumbura,0,0,caught,S Chanderpaul
ball,2,9.2,West Indies,AB Barath,D Ramdin,E Chigumbura,4,0,"",""
ball,2,9.3,West Indies,AB Barath,D Ramdin,E Chigumbura,3,0,"",""
ball,2,9.4,West Indies,D Ramdin,AB Barath,E Chigumbura,0,0,"",""
ball,2,9.5,West Indies,D Ramdin,AB Barath,E Chigumbura,0,0,"",""
ball,2,9.6,West Indies,D Ramdin,AB Barath,E Chigumbura,0,0,"",""
ball,2,10.1,West Indies,AB Barath,D Ramdin,AG Cremer,0,0,"",""
ball,2,10.2,West Indies,AB Barath,D Ramdin,AG Cremer,0,0,"",""
ball,2,10.3,West Indies,AB Barath,D Ramdin,AG Cremer,4,0,"",""
ball,2,10.4,West Indies,AB Barath,D Ramdin,AG Cremer,0,0,caught,AB Barath
ball,2,10.5,West Indies,N Deonarine,D Ramdin,AG Cremer,0,0,"",""
ball,2,10.6,West Indies,N Deonarine,D Ramdin,AG Cremer,0,0,"",""
ball,2,11.1,West Indies,D Ramdin,N Deonarine,RW Price,0,0,"",""
ball,2,11.2,West Indies,D Ramdin,N Deonarine,RW Price,0,0,"",""
ball,2,11.3,West Indies,D Ramdin,N Deonarine,RW Price,0,0,"",""
ball,2,11.4,West Indies,D Ramdin,N Deonarine,RW Price,0,0,"",""
ball,2,11.5,West Indies,D Ramdin,N Deonarine,RW Price,0,0,"",""
ball,2,11.6,West Indies,D Ramdin,N Deonarine,RW Price,0,0,"",""
ball,2,12.1,West Indies,N Deonarine,D Ramdin,AG Cremer,0,0,"",""
ball,2,12.2,West Indies,N Deonarine,D Ramdin,AG Cremer,0,0,"",""
ball,2,12.3,West Indies,N Deonarine,D Ramdin,AG Cremer,0,0,"",""
ball,2,12.4,West Indies,N Deonarine,D Ramdin,AG Cremer,0,0,"",""
ball,2,12.5,West Indies,N Deonarine,D Ramdin,AG Cremer,0,0,"",""
ball,2,12.6,West Indies,N Deonarine,D Ramdin,AG Cremer,4,0,"",""
ball,2,13.1,West Indies,D Ramdin,N Deonarine,RW Price,1,0,"",""
ball,2,13.2,West Indies,N Deonarine,D Ramdin,RW Price,0,0,"",""
ball,2,13.3,West Indies,N Deonarine,D Ramdin,RW Price,0,0,"",""
ball,2,13.4,West Indies,N Deonarine,D Ramdin,RW Price,0,0,"",""
ball,2,13.5,West Indies,N Deonarine,D Ramdin,RW Price,0,0,"",""
ball,2,13.6,West Indies,N Deonarine,D Ramdin,RW Price,0,0,"",""
ball,2,14.1,West Indies,D Ramdin,N Deonarine,AG Cremer,1,0,"",""
ball,2,14.2,West Indies,N Deonarine,D Ramdin,AG Cremer,1,0,"",""
ball,2,14.3,West Indies,D Ramdin,N Deonarine,AG Cremer,1,0,"",""
ball,2,14.4,West Indies,N Deonarine,D Ramdin,AG Cremer,0,0,"",""
ball,2,14.5,West Indies,N Deonarine,D Ramdin,AG Cremer,0,0,"",""
ball,2,14.6,West Indies,N Deonarine,D Ramdin,AG Cremer,1,0,"",""
ball,2,15.1,West Indies,N Deonarine,D Ramdin,P Utseya,0,0,"",""
ball,2,15.2,West Indies,N Deonarine,D Ramdin,P Utseya,0,0,"",""
ball,2,15.3,West Indies,N Deonarine,D Ramdin,P Utseya,0,1,"",""
ball,2,15.4,West Indies,D Ramdin,N Deonarine,P Utseya,2,0,"",""
ball,2,15.5,West Indies,D Ramdin,N Deonarine,P Utseya,0,0,"",""
ball,2,15.6,West Indies,D Ramdin,N Deonarine,P Utseya,0,0,"",""
ball,2,16.1,West Indies,N Deonarine,D Ramdin,AG Cremer,1,0,"",""
ball,2,16.2,West Indies,D Ramdin,N Deonarine,AG Cremer,0,1,"",""
ball,2,16.3,West Indies,N Deonarine,D Ramdin,AG Cremer,0,0,"",""
ball,2,16.4,West Indies,N Deonarine,D Ramdin,AG Cremer,0,0,"",""
ball,2,16.5,West Indies,N Deonarine,D Ramdin,AG Cremer,0,0,"",""
ball,2,16.6,West Indies,N Deonarine,D Ramdin,AG Cremer,2,0,"",""
ball,2,17.1,West Indies,D Ramdin,N Deonarine,P Utseya,1,0,"",""
ball,2,17.2,West Indies,N Deonarine,D Ramdin,P Utseya,0,0,"",""
ball,2,17.3,West Indies,N Deonarine,D Ramdin,P Utseya,0,0,"",""
ball,2,17.4,West Indies,N Deonarine,D Ramdin,P Utseya,0,0,"",""
ball,2,17.5,West Indies,N Deonarine,D Ramdin,P Utseya,0,0,"",""
ball,2,17.6,West Indies,N Deonarine,D Ramdin,P Utseya,0,1,"",""
ball,2,18.1,West Indies,N Deonarine,D Ramdin,AG Cremer,1,0,"",""
ball,2,18.2,West Indies,D Ramdin,N Deonarine,AG Cremer,0,0,"",""
ball,2,18.3,West Indies,D Ramdin,N Deonarine,AG Cremer,4,0,"",""
ball,2,18.4,West Indies,D Ramdin,N Deonarine,AG Cremer,0,0,"",""
ball,2,18.5,West Indies,D Ramdin,N Deonarine,AG Cremer,0,0,"",""
ball,2,18.6,West Indies,D Ramdin,N Deonarine,AG Cremer,1,0,"",""
ball,2,19.1,West Indies,D Ramdin,N Deonarine,P Utseya,1,0,"",""
ball,2,19.2,West Indies,N Deonarine,D Ramdin,P Utseya,4,0,"",""
ball,2,19.3,West Indies,N Deonarine,D Ramdin,P Utseya,2,0,"",""
ball,2,19.4,West Indies,N Deonarine,D Ramdin,P Utseya,0,0,"",""
ball,2,19.5,West Indies,N Deonarine,D Ramdin,P Utseya,0,0,"",""
ball,2,19.6,West Indies,N Deonarine,D Ramdin,P Utseya,0,0,"",""
ball,2,20.1,West Indies,D Ramdin,N Deonarine,AG Cremer,0,0,"",""
ball,2,20.2,West Indies,D Ramdin,N Deonarine,AG Cremer,0,0,"",""
ball,2,20.3,West Indies,D Ramdin,N Deonarine,AG Cremer,0,0,lbw,D Ramdin
ball,2,20.4,West Indies,DJ Bravo,N Deonarine,AG Cremer,0,0,"",""
ball,2,20.5,West Indies,DJ Bravo,N Deonarine,AG Cremer,4,0,"",""
ball,2,20.6,West Indies,DJ Bravo,N Deonarine,AG Cremer,2,0,"",""
ball,2,21.1,West Indies,N Deonarine,DJ Bravo,P Utseya,0,0,"",""
ball,2,21.2,West Indies,N Deonarine,DJ Bravo,P Utseya,1,0,"",""
ball,2,21.3,West Indies,DJ Bravo,N Deonarine,P Utseya,0,0,"",""
ball,2,21.4,West Indies,DJ Bravo,N Deonarine,P Utseya,0,0,"",""
ball,2,21.5,West Indies,DJ Bravo,N Deonarine,P Utseya,0,0,"",""
ball,2,21.6,West Indies,DJ Bravo,N Deonarine,P Utseya,0,0,"",""
ball,2,22.1,West Indies,N Deonarine,DJ Bravo,AG Cremer,1,0,"",""
ball,2,22.2,West Indies,DJ Bravo,N Deonarine,AG Cremer,0,0,caught,DJ Bravo
ball,2,22.3,West Indies,KA Pollard,N Deonarine,AG Cremer,0,0,"",""
ball,2,22.4,West Indies,KA Pollard,N Deonarine,AG Cremer,1,0,"",""
ball,2,22.5,West Indies,N Deonarine,KA Pollard,AG Cremer,0,0,"",""
ball,2,22.6,West Indies,N Deonarine,KA Pollard,AG Cremer,0,0,"",""
ball,2,23.1,West Indies,KA Pollard,N Deonarine,P Utseya,2,0,"",""
ball,2,23.2,West Indies,KA Pollard,N Deonarine,P Utseya,0,0,"",""
ball,2,23.3,West Indies,KA Pollard,N Deonarine,P Utseya,1,0,"",""
ball,2,23.4,West Indies,N Deonarine,KA Pollard,P Utseya,1,0,"",""
ball,2,23.5,West Indies,KA Pollard,N Deonarine,P Utseya,0,0,"",""
ball,2,23.6,West Indies,KA Pollard,N Deonarine,P Utseya,0,0,"",""
ball,2,24.1,West Indies,N Deonarine,KA Pollard,AG Cremer,0,0,"",""
ball,2,24.2,West Indies,N Deonarine,KA Pollard,AG Cremer,0,0,"",""
ball,2,24.3,West Indies,N Deonarine,KA Pollard,AG Cremer,0,0,"",""
ball,2,24.4,West Indies,N Deonarine,KA Pollard,AG Cremer,0,0,"",""
ball,2,24.5,West Indies,N Deonarine,KA Pollard,AG Cremer,2,0,"",""
ball,2,24.6,West Indies,N Deonarine,KA Pollard,AG Cremer,0,0,"",""
ball,2,25.1,West Indies,KA Pollard,N Deonarine,GA Lamb,0,0,"",""
ball,2,25.2,West Indies,KA Pollard,N Deonarine,GA Lamb,0,0,"",""
ball,2,25.3,West Indies,KA Pollard,N Deonarine,GA Lamb,1,0,"",""
ball,2,25.4,West Indies,N Deonarine,KA Pollard,GA Lamb,1,0,"",""
ball,2,25.5,West Indies,KA Pollard,N Deonarine,GA Lamb,0,0,"",""
ball,2,25.6,West Indies,KA Pollard,N Deonarine,GA Lamb,0,0,"",""
ball,2,26.1,West Indies,N Deonarine,KA Pollard,AG Cremer,0,0,"",""
ball,2,26.2,West Indies,N Deonarine,KA Pollard,AG Cremer,0,0,"",""
ball,2,26.3,West Indies,N Deonarine,KA Pollard,AG Cremer,0,0,"",""
ball,2,26.4,West Indies,N Deonarine,KA Pollard,AG Cremer,0,0,"",""
ball,2,26.5,West Indies,N Deonarine,KA Pollard,AG Cremer,1,0,"",""
ball,2,26.6,West Indies,KA Pollard,N Deonarine,AG Cremer,0,0,"",""
ball,2,27.1,West Indies,N Deonarine,KA Pollard,T Maruma,0,0,"",""
ball,2,27.2,West Indies,N Deonarine,KA Pollard,T Maruma,1,0,"",""
ball,2,27.3,West Indies,KA Pollard,N Deonarine,T Maruma,4,0,"",""
ball,2,27.4,West Indies,KA Pollard,N Deonarine,T Maruma,0,1,"",""
ball,2,27.5,West Indies,KA Pollard,N Deonarine,T Maruma,0,0,"",""
ball,2,27.6,West Indies,KA Pollard,N Deonarine,T Maruma,1,0,"",""
ball,2,27.7,West Indies,N Deonarine,KA Pollard,T Maruma,0,0,"",""
ball,2,28.1,West Indies,KA Pollard,N Deonarine,AG Cremer,0,0,"",""
ball,2,28.2,West Indies,KA Pollard,N Deonarine,AG Cremer,1,0,"",""
ball,2,28.3,West Indies,N Deonarine,KA Pollard,AG Cremer,0,0,"",""
ball,2,28.4,West Indies,N Deonarine,KA Pollard,AG Cremer,0,0,"",""
ball,2,28.5,West Indies,N Deonarine,KA Pollard,AG Cremer,1,0,"",""
ball,2,28.6,West Indies,KA Pollard,N Deonarine,AG Cremer,0,0,"",""
ball,2,29.1,West Indies,N Deonarine,KA Pollard,T Maruma,2,0,"",""
ball,2,29.2,West Indies,N Deonarine,KA Pollard,T Maruma,1,0,"",""
ball,2,29.3,West Indies,KA Pollard,N Deonarine,T Maruma,0,0,"",""
ball,2,29.4,West Indies,KA Pollard,N Deonarine,T Maruma,0,1,"",""
ball,2,29.5,West Indies,KA Pollard,N Deonarine,T Maruma,0,0,"",""
ball,2,29.6,West Indies,KA Pollard,N Deonarine,T Maruma,1,0,"",""
ball,2,29.7,West Indies,N Deonarine,KA Pollard,T Maruma,0,0,"",""
ball,2,30.1,West Indies,KA Pollard,N Deonarine,RW Price,0,0,"",""
ball,2,30.2,West Indies,KA Pollard,N Deonarine,RW Price,0,0,"",""
ball,2,30.3,West Indies,KA Pollard,N Deonarine,RW Price,0,0,"",""
ball,2,30.4,West Indies,KA Pollard,N Deonarine,RW Price,2,0,"",""
ball,2,30.5,West Indies,KA Pollard,N Deonarine,RW Price,0,0,"",""
ball,2,30.6,West Indies,KA Pollard,N Deonarine,RW Price,0,0,"",""
ball,2,31.1,West Indies,N Deonarine,KA Pollard,T Maruma,1,0,"",""
ball,2,31.2,West Indies,KA Pollard,N Deonarine,T Maruma,0,0,"",""
ball,2,31.3,West Indies,KA Pollard,N Deonarine,T Maruma,0,0,"",""
ball,2,31.4,West Indies,KA Pollard,N Deonarine,T Maruma,0,0,"",""
ball,2,31.5,West Indies,KA Pollard,N Deonarine,T Maruma,0,1,"",""
ball,2,31.6,West Indies,KA Pollard,N Deonarine,T Maruma,0,0,"",""
ball,2,31.7,West Indies,KA Pollard,N Deonarine,T Maruma,1,0,"",""
ball,2,32.1,West Indies,KA Pollard,N Deonarine,RW Price,6,0,"",""
ball,2,32.2,West Indies,KA Pollard,N Deonarine,RW Price,0,0,"",""
ball,2,32.3,West Indies,KA Pollard,N Deonarine,RW Price,1,0,"",""
ball,2,32.4,West Indies,N Deonarine,KA Pollard,RW Price,1,0,"",""
ball,2,32.5,West Indies,KA Pollard,N Deonarine,RW Price,0,0,"",""
ball,2,32.6,West Indies,KA Pollard,N Deonarine,RW Price,0,0,"",""
ball,2,33.1,West Indies,N Deonarine,KA Pollard,T Maruma,0,0,"",""
ball,2,33.2,West Indies,N Deonarine,KA Pollard,T Maruma,1,0,"",""
ball,2,33.3,West Indies,KA Pollard,N Deonarine,T Maruma,0,0,caught and bowled,KA Pollard
ball,2,33.4,West Indies,DJG Sammy,N Deonarine,T Maruma,0,0,"",""
ball,2,33.5,West Indies,DJG Sammy,N Deonarine,T Maruma,0,0,"",""
ball,2,33.6,West Indies,DJG Sammy,N Deonarine,T Maruma,0,0,"",""
ball,2,34.1,West Indies,N Deonarine,DJG Sammy,RW Price,1,0,"",""
ball,2,34.2,West Indies,DJG Sammy,N Deonarine,RW Price,0,0,"",""
ball,2,34.3,West Indies,DJG Sammy,N Deonarine,RW Price,1,0,"",""
ball,2,34.4,West Indies,N Deonarine,DJG Sammy,RW Price,0,1,"",""
