version,1.3.0
info,team,West Indies
info,team,South Africa
info,gender,male
info,season,2010
info,date,2010/05/30
info,series,South Africa in West Indies ODI Series
info,match_number,4
info,venue,"Windsor Park, Roseau"
info,city,Dominica
info,toss_winner,West Indies
info,toss_decision,bat
info,player_of_match,HM Amla
info,umpire,BR Doctrove
info,umpire,DJ Harper
info,reserve_umpire,CR Duncan
info,tv_umpire,NA Malcolm
info,match_referee,RS Mahanama
info,winner,South Africa
info,winner_wickets,7
ball,1,0.1,West Indies,DM Richards,CH Gayle,CK Langeveldt,0,0,"",""
ball,1,0.2,West Indies,DM Richards,CH Gayle,CK Langeveldt,0,0,"",""
ball,1,0.3,West Indies,DM Richards,CH Gayle,CK Langeveldt,0,0,"",""
ball,1,0.4,West Indies,DM Richards,CH Gayle,CK Langeveldt,0,1,"",""
ball,1,0.5,West Indies,DM Richards,CH Gayle,CK Langeveldt,0,0,"",""
ball,1,0.6,West Indies,DM Richards,CH Gayle,CK Langeveldt,0,0,"",""
ball,1,0.7,West Indies,DM Richards,CH Gayle,CK Langeveldt,4,0,"",""
ball,1,1.1,West Indies,CH Gayle,DM Richards,LL Tsotsobe,0,0,"",""
ball,1,1.2,West Indies,CH Gayle,DM Richards,LL Tsotsobe,0,0,"",""
ball,1,1.3,West Indies,CH Gayle,DM Richards,LL Tsotsobe,2,0,"",""
ball,1,1.4,West Indies,CH Gayle,DM Richards,LL Tsotsobe,0,0,"",""
ball,1,1.5,West Indies,CH Gayle,DM Richards,LL Tsotsobe,0,0,"",""
ball,1,1.6,West Indies,CH Gayle,DM Richards,LL Tsotsobe,0,0,"",""
ball,1,2.1,West Indies,DM Richards,CH Gayle,CK Langeveldt,2,0,"",""
ball,1,2.2,West Indies,DM Richards,CH Gayle,CK Langeveldt,0,0,"",""
ball,1,2.3,West Indies,DM Richards,CH Gayle,CK Langeveldt,0,0,"",""
ball,1,2.4,West Indies,DM Richards,CH Gayle,CK Langeveldt,0,0,"",""
ball,1,2.5,West Indies,DM Richards,CH Gayle,CK Langeveldt,0,0,"",""
ball,1,2.6,West Indies,DM Richards,CH Gayle,CK Langeveldt,0,0,"",""
ball,1,3.1,West Indies,CH Gayle,DM Richards,LL Tsotsobe,0,0,"",""
ball,1,3.2,West Indies,CH Gayle,DM Richards,LL Tsotsobe,1,0,"",""
ball,1,3.3,West Indies,DM Richards,CH Gayle,LL Tsotsobe,0,0,"",""
ball,1,3.4,West Indies,DM Richards,CH Gayle,LL Tsotsobe,6,0,"",""
ball,1,3.5,West Indies,DM Richards,CH Gayle,LL Tsotsobe,0,0,"",""
ball,1,3.6,West Indies,DM Richards,CH Gayle,LL Tsotsobe,2,0,"",""
ball,1,4.1,West Indies,CH Gayle,DM Richards,CK Langeveldt,0,0,"",""
ball,1,4.2,West Indies,CH Gayle,DM Richards,CK Langeveldt,4,0,"",""
ball,1,4.3,West Indies,CH Gayle,DM Richards,CK Langeveldt,4,0,"",""
ball,1,4.4,West Indies,CH Gayle,DM Richards,CK Langeveldt,2,0,"",""
ball,1,4.5,West Indies,CH Gayle,DM Richards,CK Langeveldt,0,0,"",""
ball,1,4.6,West Indies,CH Gayle,DM Richards,CK Langeveldt,0,0,"",""
ball,1,5.1,West Indies,DM Richards,CH Gayle,LL Tsotsobe,0,0,"",""
ball,1,5.2,West Indies,DM Richards,CH Gayle,LL Tsotsobe,2,0,"",""
ball,1,5.3,West Indies,DM Richards,CH Gayle,LL Tsotsobe,1,0,"",""
ball,1,5.4,West Indies,CH Gayle,DM Richards,LL Tsotsobe,0,0,"",""
ball,1,5.5,West Indies,CH Gayle,DM Richards,LL Tsotsobe,1,0,"",""
ball,1,5.6,West Indies,DM Richards,CH Gayle,LL Tsotsobe,4,0,"",""
ball,1,6.1,West Indies,CH Gayle,DM Richards,M Morkel,0,0,"",""
ball,1,6.2,West Indies,CH Gayle,DM Richards,M Morkel,0,0,"",""
ball,1,6.3,West Indies,CH Gayle,DM Richards,M Morkel,4,0,"",""
ball,1,6.4,West Indies,CH Gayle,DM Richards,M Morkel,1,0,"",""
ball,1,6.5,West Indies,DM Richards,CH Gayle,M Morkel,1,0,"",""
ball,1,6.6,West Indies,CH Gayle,DM Richards,M Morkel,1,0,"",""
ball,1,7.1,West Indies,CH Gayle,DM Richards,R McLaren,1,0,"",""
ball,1,7.2,West Indies,DM Richards,CH Gayle,R McLaren,1,0,"",""
ball,1,7.3,West Indies,CH Gayle,DM Richards,R McLaren,4,0,"",""
ball,1,7.4,West Indies,CH Gayle,DM Richards,R McLaren,1,0,"",""
ball,1,7.5,West Indies,DM Richards,CH Gayle,R McLaren,0,0,"",""
ball,1,7.6,West Indies,DM Richards,CH Gayle,R McLaren,0,0,"",""
ball,1,8.1,West Indies,CH Gayle,DM Richards,M Morkel,1,0,"",""
ball,1,8.2,West Indies,DM Richards,CH Gayle,M Morkel,4,0,"",""
ball,1,8.3,West Indies,DM Richards,CH Gayle,M Morkel,0,0,"",""
ball,1,8.4,West Indies,DM Richards,CH Gayle,M Morkel,0,0,"",""
ball,1,8.5,West Indies,DM Richards,CH Gayle,M Morkel,0,0,"",""
ball,1,8.6,West Indies,DM Richards,CH Gayle,M Morkel,1,0,"",""
ball,1,9.1,West Indies,DM Richards,CH Gayle,R McLaren,4,0,"",""
ball,1,9.2,West Indies,DM Richards,CH Gayle,R McLaren,0,0,"",""
ball,1,9.3,West Indies,DM Richards,CH Gayle,R McLaren,0,0,"",""
ball,1,9.4,West Indies,DM Richards,CH Gayle,R McLaren,0,0,"",""
ball,1,9.5,West Indies,DM Richards,CH Gayle,R McLaren,0,0,"",""
ball,1,9.6,West Indies,DM Richards,CH Gayle,R McLaren,0,0,"",""
ball,1,10.1,West Indies,CH Gayle,DM Richards,M Morkel,0,1,"",""
ball,1,10.2,West Indies,DM Richards,CH Gayle,M Morkel,1,0,"",""
ball,1,10.3,West Indies,CH Gayle,DM Richards,M Morkel,2,0,"",""
ball,1,10.4,West Indies,CH Gayle,DM Richards,M Morkel,0,0,caught,CH Gayle
ball,1,10.5,West Indies,DM Richards,S Chanderpaul,M Morkel,2,0,"",""
ball,1,10.6,West Indies,DM Richards,S Chanderpaul,M Morkel,0,0,"",""
ball,1,11.1,West Indies,S Chanderpaul,DM Richards,R McLaren,0,0,"",""
ball,1,11.2,West Indies,S Chanderpaul,DM Richards,R McLaren,0,0,"",""
ball,1,11.3,West Indies,S Chanderpaul,DM Richards,R McLaren,0,0,"",""
ball,1,11.4,West Indies,S Chanderpaul,DM Richards,R McLaren,0,0,"",""
ball,1,11.5,West Indies,S Chanderpaul,DM Richards,R McLaren,0,0,"",""
ball,1,11.6,West Indies,S Chanderpaul,DM Richards,R McLaren,0,0,"",""
ball,1,12.1,West Indies,DM Richards,S Chanderpaul,M Morkel,0,0,"",""
ball,1,12.2,West Indies,DM Richards,S Chanderpaul,M Morkel,0,0,"",""
ball,1,12.3,West Indies,DM Richards,S Chanderpaul,M Morkel,0,0,"",""
ball,1,12.4,West Indies,DM Richards,S Chanderpaul,M Morkel,0,0,"",""
ball,1,12.5,West Indies,DM Richards,S Chanderpaul,M Morkel,1,0,"",""
ball,1,12.6,West Indies,S Chanderpaul,DM Richards,M Morkel,0,0,"",""
ball,1,13.1,West Indies,DM Richards,S Chanderpaul,R McLaren,0,0,"",""
ball,1,13.2,West Indies,DM Richards,S Chanderpaul,R McLaren,1,0,"",""
ball,1,13.3,West Indies,S Chanderpaul,DM Richards,R McLaren,0,0,"",""
ball,1,13.4,West Indies,S Chanderpaul,DM Richards,R McLaren,4,0,"",""
ball,1,13.5,West Indies,S Chanderpaul,DM Richards,R McLaren,0,0,"",""
ball,1,13.6,West Indies,S Chanderpaul,DM Richards,R McLaren,0,0,"",""
ball,1,14.1,West Indies,DM Richards,S Chanderpaul,JH Kallis,0,1,"",""
ball,1,14.2,West Indies,S Chanderpaul,DM Richards,JH Kallis,0,0,"",""
ball,1,14.3,West Indies,S Chanderpaul,DM Richards,JH Kallis,0,0,"",""
ball,1,14.4,West Indies,S Chanderpaul,DM Richards,JH Kallis,0,0,"",""
ball,1,14.5,West Indies,S Chanderpaul,DM Richards,JH Kallis,0,0,"",""
ball,1,14.6,West Indies,S Chanderpaul,DM Richards,JH Kallis,0,0,"",""
ball,1,15.1,West Indies,DM Richards,S Chanderpaul,J Botha,0,0,"",""
ball,1,15.2,West Indies,DM Richards,S Chanderpaul,J Botha,0,1,"",""
ball,1,15.3,West Indies,S Chanderpaul,DM Richards,J Botha,0,0,"",""
ball,1,15.4,West Indies,S Chanderpaul,DM Richards,J Botha,1,0,"",""
ball,1,15.5,West Indies,DM Richards,S Chanderpaul,J Botha,1,0,"",""
ball,1,15.6,West Indies,S Chanderpaul,DM Richards,J Botha,1,0,"",""
ball,1,16.1,West Indies,S Chanderpaul,DM Richards,JH Kallis,1,0,"",""
ball,1,16.2,West Indies,DM Richards,S Chanderpaul,JH Kallis,0,2,"",""
ball,1,16.3,West Indies,DM Richards,S Chanderpaul,JH Kallis,1,0,"",""
ball,1,16.4,West Indies,S Chanderpaul,DM Richards,JH Kallis,0,0,"",""
ball,1,16.5,West Indies,S Chanderpaul,DM Richards,JH Kallis,1,0,"",""
ball,1,16.6,West Indies,DM Richards,S Chanderpaul,JH Kallis,4,0,"",""
ball,1,17.1,West Indies,S Chanderpaul,DM Richards,J Botha,1,0,"",""
ball,1,17.2,West Indies,DM Richards,S Chanderpaul,J Botha,1,0,"",""
ball,1,17.3,West Indies,S Chanderpaul,DM Richards,J Botha,1,0,"",""
ball,1,17.4,West Indies,DM Richards,S Chanderpaul,J Botha,1,0,"",""
ball,1,17.5,West Indies,S Chanderpaul,DM Richards,J Botha,1,0,"",""
ball,1,17.6,West Indies,DM Richards,S Chanderpaul,J Botha,0,0,"",""
ball,1,18.1,West Indies,S Chanderpaul,DM Richards,JH Kallis,1,0,"",""
ball,1,18.2,West Indies,DM Richards,S Chanderpaul,JH Kallis,0,0,"",""
ball,1,18.3,West Indies,DM Richards,S Chanderpaul,JH Kallis,4,0,"",""
ball,1,18.4,West Indies,DM Richards,S Chanderpaul,JH Kallis,0,0,"",""
ball,1,18.5,West Indies,DM Richards,S Chanderpaul,JH Kallis,0,0,"",""
ball,1,18.6,West Indies,DM Richards,S Chanderpaul,JH Kallis,0,0,"",""
ball,1,19.1,West Indies,S Chanderpaul,DM Richards,J Botha,0,0,"",""
ball,1,19.2,West Indies,S Chanderpaul,DM Richards,J Botha,0,0,"",""
ball,1,19.3,West Indies,S Chanderpaul,DM Richards,J Botha,1,0,"",""
ball,1,19.4,West Indies,DM Richards,S Chanderpaul,J Botha,1,0,"",""
ball,1,19.5,West Indies,S Chanderpaul,DM Richards,J Botha,1,0,"",""
ball,1,19.6,West Indies,DM Richards,S Chanderpaul,J Botha,0,0,"",""
ball,1,20.1,West Indies,S Chanderpaul,DM Richards,LL Tsotsobe,1,0,"",""
ball,1,20.2,West Indies,DM Richards,S Chanderpaul,LL Tsotsobe,1,0,"",""
ball,1,20.3,West Indies,S Chanderpaul,DM Richards,LL Tsotsobe,0,1,"",""
ball,1,20.4,West Indies,S Chanderpaul,DM Richards,LL Tsotsobe,0,1,"",""
ball,1,20.5,West Indies,DM Richards,S Chanderpaul,LL Tsotsobe,2,0,"",""
ball,1,20.6,West Indies,DM Richards,S Chanderpaul,LL Tsotsobe,4,0,"",""
ball,1,20.7,West Indies,DM Richards,S Chanderpaul,LL Tsotsobe,0,0,"",""
ball,1,21.1,West Indies,S Chanderpaul,DM Richards,J Botha,1,0,"",""
ball,1,21.2,West Indies,DM Richards,S Chanderpaul,J Botha,0,0,"",""
ball,1,21.3,West Indies,DM Richards,S Chanderpaul,J Botha,1,0,"",""
ball,1,21.4,West Indies,S Chanderpaul,DM Richards,J Botha,1,0,"",""
ball,1,21.5,West Indies,DM Richards,S Chanderpaul,J Botha,0,0,"",""
ball,1,21.6,West Indies,DM Richards,S Chanderpaul,J Botha,0,0,"",""
ball,1,22.1,West Indies,S Chanderpaul,DM Richards,LL Tsotsobe,0,0,"",""
ball,1,22.2,West Indies,S Chanderpaul,DM Richards,LL Tsotsobe,0,1,"",""
ball,1,22.3,West Indies,DM Richards,S Chanderpaul,LL Tsotsobe,0,0,"",""
ball,1,22.4,West Indies,DM Richards,S Chanderpaul,LL Tsotsobe,1,0,"",""
ball,1,22.5,West Indies,S Chanderpaul,DM Richards,LL Tsotsobe,1,0,"",""
ball,1,22.6,West Indies,DM Richards,S Chanderpaul,LL Tsotsobe,0,0,caught,DM Richards
ball,1,23.1,West Indies,S Chanderpaul,DJ Bravo,J Botha,1,0,"",""
ball,1,23.2,West Indies,DJ Bravo,S Chanderpaul,J Botha,1,0,"",""
ball,1,23.3,West Indies,S Chanderpaul,DJ Bravo,J Botha,1,0,"",""
ball,1,23.4,West Indies,DJ Bravo,S Chanderpaul,J Botha,0,0,"",""
ball,1,23.5,West Indies,DJ Bravo,S Chanderpaul,J Botha,1,0,"",""
ball,1,23.6,West Indies,S Chanderpaul,DJ Bravo,J Botha,0,0,"",""
ball,1,24.1,West Indies,DJ Bravo,S Chanderpaul,LL Tsotsobe,0,0,"",""
ball,1,24.2,West Indies,DJ Bravo,S Chanderpaul,LL Tsotsobe,0,0,"",""
ball,1,24.3,West Indies,DJ Bravo,S Chanderpaul,LL Tsotsobe,2,0,"",""
ball,1,24.4,West Indies,DJ Bravo,S Chanderpaul,LL Tsotsobe,0,0,"",""
ball,1,24.5,West Indies,DJ Bravo,S Chanderpaul,LL Tsotsobe,2,0,"",""
ball,1,24.6,West Indies,DJ Bravo,S Chanderpaul,LL Tsotsobe,1,0,"",""
ball,1,25.1,West Indies,DJ Bravo,S Chanderpaul,J Botha,0,0,"",""
ball,1,25.2,West Indies,DJ Bravo,S Chanderpaul,J Botha,0,0,"",""
ball,1,25.3,West Indies,DJ Bravo,S Chanderpaul,J Botha,0,0,"",""
ball,1,25.4,West Indies,DJ Bravo,S Chanderpaul,J Botha,0,0,"",""
ball,1,25.5,West Indies,DJ Bravo,S Chanderpaul,J Botha,1,0,"",""
ball,1,25.6,West Indies,S Chanderpaul,DJ Bravo,J Botha,1,0,"",""
ball,1,26.1,West Indies,S Chanderpaul,DJ Bravo,CK Langeveldt,0,0,"",""
ball,1,26.2,West Indies,S Chanderpaul,DJ Bravo,CK Langeveldt,1,0,"",""
ball,1,26.3,West Indies,DJ Bravo,S Chanderpaul,CK Langeveldt,2,0,"",""
ball,1,26.4,West Indies,DJ Bravo,S Chanderpaul,CK Langeveldt,0,0,"",""
ball,1,26.5,West Indies,DJ Bravo,S Chanderpaul,CK Langeveldt,0,0,"",""
ball,1,26.6,West Indies,DJ Bravo,S Chanderpaul,CK Langeveldt,1,0,"",""
ball,1,27.1,West Indies,DJ Bravo,S Chanderpaul,R McLaren,0,0,"",""
ball,1,27.2,West Indies,DJ Bravo,S Chanderpaul,R McLaren,1,0,"",""
ball,1,27.3,West Indies,S Chanderpaul,DJ Bravo,R McLaren,0,0,"",""
ball,1,27.4,West Indies,S Chanderpaul,DJ Bravo,R McLaren,2,0,"",""
ball,1,27.5,West Indies,S Chanderpaul,DJ Bravo,R McLaren,1,0,"",""
ball,1,27.6,West Indies,DJ Bravo,S Chanderpaul,R McLaren,0,0,"",""
ball,1,28.1,West Indies,S Chanderpaul,DJ Bravo,CK Langeveldt,0,0,"",""
ball,1,28.2,West Indies,S Chanderpaul,DJ Bravo,CK Langeveldt,0,0,"",""
ball,1,28.3,West Indies,S Chanderpaul,DJ Bravo,CK Langeveldt,1,0,"",""
ball,1,28.4,West Indies,DJ Bravo,S Chanderpaul,CK Langeveldt,1,0,"",""
ball,1,28.5,West Indies,S Chanderpaul,DJ Bravo,CK Langeveldt,1,0,"",""
ball,1,28.6,West Indies,DJ Bravo,S Chanderpaul,CK Langeveldt,1,0,"",""
ball,1,29.1,West Indies,DJ Bravo,S Chanderpaul,R McLaren,0,0,"",""
ball,1,29.2,West Indies,DJ Bravo,S Chanderpaul,R McLaren,1,0,"",""
ball,1,29.3,West Indies,S Chanderpaul,DJ Bravo,R McLaren,0,0,"",""
ball,1,29.4,West Indies,S Chanderpaul,DJ Bravo,R McLaren,0,0,"",""
ball,1,29.5,West Indies,S Chanderpaul,DJ Bravo,R McLaren,0,0,"",""
ball,1,29.6,West Indies,S Chanderpaul,DJ Bravo,R McLaren,0,0,"",""
ball,1,30.1,West Indies,DJ Bravo,S Chanderpaul,J Botha,1,0,"",""
ball,1,30.2,West Indies,S Chanderpaul,DJ Bravo,J Botha,1,0,"",""
ball,1,30.3,West Indies,DJ Bravo,S Chanderpaul,J Botha,1,0,"",""
ball,1,30.4,West Indies,S Chanderpaul,DJ Bravo,J Botha,1,0,"",""
ball,1,30.5,West Indies,DJ Bravo,S Chanderpaul,J Botha,0,0,"",""
ball,1,30.6,West Indies,DJ Bravo,S Chanderpaul,J Botha,0,0,"",""
ball,1,31.1,West Indies,S Chanderpaul,DJ Bravo,JH Kallis,1,0,"",""
ball,1,31.2,West Indies,DJ Bravo,S Chanderpaul,JH Kallis,0,0,"",""
ball,1,31.3,West Indies,DJ Bravo,S Chanderpaul,JH Kallis,4,0,"",""
ball,1,31.4,West Indies,DJ Bravo,S Chanderpaul,JH Kallis,1,0,"",""
ball,1,31.5,West Indies,S Chanderpaul,DJ Bravo,JH Kallis,1,0,"",""
ball,1,31.6,West Indies,DJ Bravo,S Chanderpaul,JH Kallis,2,0,"",""
ball,1,32.1,West Indies,S Chanderpaul,DJ Bravo,J Botha,1,0,"",""
ball,1,32.2,West Indies,DJ Bravo,S Chanderpaul,J Botha,1,0,"",""
ball,1,32.3,West Indies,S Chanderpaul,DJ Bravo,J Botha,1,0,"",""
ball,1,32.4,West Indies,DJ Bravo,S Chanderpaul,J Botha,1,0,"",""
ball,1,32.5,West Indies,S Chanderpaul,DJ Bravo,J Botha,0,0,"",""
ball,1,32.6,West Indies,S Chanderpaul,DJ Bravo,J Botha,1,0,"",""
ball,1,33.1,West Indies,S Chanderpaul,DJ Bravo,JH Kallis,1,0,"",""
ball,1,33.2,West Indies,DJ Bravo,S Chanderpaul,JH Kallis,1,0,"",""
ball,1,33.3,West Indies,S Chanderpaul,DJ Bravo,JH Kallis,1,0,"",""
ball,1,33.4,West Indies,DJ Bravo,S Chanderpaul,JH Kallis,1,0,"",""
ball,1,33.5,West Indies,S Chanderpaul,DJ Bravo,JH Kallis,2,0,"",""
ball,1,33.6,West Indies,S Chanderpaul,DJ Bravo,JH Kallis,0,0,"",""
ball,1,34.1,West Indies,DJ Bravo,S Chanderpaul,M Morkel,1,0,"",""
ball,1,34.2,West Indies,S Chanderpaul,DJ Bravo,M Morkel,0,0,"",""
ball,1,34.3,West Indies,S Chanderpaul,DJ Bravo,M Morkel,1,0,"",""
ball,1,34.4,West Indies,DJ Bravo,S Chanderpaul,M Morkel,1,0,"",""
ball,1,34.5,West Indies,S Chanderpaul,DJ Bravo,M Morkel,0,1,"",""
ball,1,34.6,West Indies,S Chanderpaul,DJ Bravo,M Morkel,1,0,"",""
ball,1,34.7,West Indies,DJ Bravo,S Chanderpaul,M Morkel,0,0,"",""
ball,1,35.1,West Indies,S Chanderpaul,DJ Bravo,LL Tsotsobe,1,0,"",""
ball,1,35.2,West Indies,DJ Bravo,S Chanderpaul,LL Tsotsobe,4,0,"",""
ball,1,35.3,West Indies,DJ Bravo,S Chanderpaul,LL Tsotsobe,1,0,"",""
ball,1,35.4,West Indies,S Chanderpaul,DJ Bravo,LL Tsotsobe,1,0,"",""
ball,1,35.5,West Indies,DJ Bravo,S Chanderpaul,LL Tsotsobe,1,0,"",""
ball,1,35.6,West Indies,S Chanderpaul,DJ Bravo,LL Tsotsobe,1,0,"",""
ball,1,36.1,West Indies,S Chanderpaul,DJ Bravo,M Morkel,1,0,"",""
ball,1,36.2,West Indies,DJ Bravo,S Chanderpaul,M Morkel,2,0,"",""
ball,1,36.3,West Indies,DJ Bravo,S Chanderpaul,M Morkel,0,0,"",""
ball,1,36.4,West Indies,DJ Bravo,S Chanderpaul,M Morkel,6,0,"",""
ball,1,36.5,West Indies,DJ Bravo,S Chanderpaul,M Morkel,0,0,"",""
ball,1,36.6,West Indies,DJ Bravo,S Chanderpaul,M Morkel,1,0,"",""
ball,1,37.1,West Indies,DJ Bravo,S Chanderpaul,LL Tsotsobe,1,0,"",""
ball,1,37.2,West Indies,S Chanderpaul,DJ Bravo,LL Tsotsobe,2,0,"",""
ball,1,37.3,West Indies,S Chanderpaul,DJ Bravo,LL Tsotsobe,0,0,"",""
ball,1,37.4,West Indies,S Chanderpaul,DJ Bravo,LL Tsotsobe,1,0,"",""
ball,1,37.5,West Indies,DJ Bravo,S Chanderpaul,LL Tsotsobe,0,0,"",""
ball,1,37.6,West Indies,DJ Bravo,S Chanderpaul,LL Tsotsobe,0,0,bowled,DJ Bravo
ball,1,38.1,West Indies,S Chanderpaul,DM Bravo,J Botha,1,0,"",""
ball,1,38.2,West Indies,DM Bravo,S Chanderpaul,J Botha,1,0,"",""
ball,1,38.3,West Indies,S Chanderpaul,DM Bravo,J Botha,1,0,"",""
ball,1,38.4,West Indies,DM Bravo,S Chanderpaul,J Botha,1,0,"",""
ball,1,38.5,West Indies,S Chanderpaul,DM Bravo,J Botha,0,0,"",""
ball,1,38.6,West Indies,S Chanderpaul,DM Bravo,J Botha,1,0,"",""
ball,1,39.1,West Indies,S Chanderpaul,DM Bravo,JP Duminy,2,0,"",""
ball,1,39.2,West Indies,S Chanderpaul,DM Bravo,JP Duminy,1,0,"",""
ball,1,39.3,West Indies,DM Bravo,S Chanderpaul,JP Duminy,1,0,"",""
ball,1,39.4,West Indies,S Chanderpaul,DM Bravo,JP Duminy,2,0,"",""
ball,1,39.5,West Indies,S Chanderpaul,DM Bravo,JP Duminy,1,0,"",""
ball,1,39.6,West Indies,DM Bravo,S Chanderpaul,JP Duminy,2,0,"",""
ball,1,40.1,West Indies,S Chanderpaul,DM Bravo,J Botha,2,0,"",""
ball,1,40.2,West Indies,S Chanderpaul,DM Bravo,J Botha,4,0,"",""
ball,1,40.3,West Indies,S Chanderpaul,DM Bravo,J Botha,4,0,"",""
ball,1,40.4,West Indies,S Chanderpaul,DM Bravo,J Botha,0,5,"",""
ball,1,40.5,West Indies,S Chanderpaul,DM Bravo,J Botha,0,1,"",""
ball,1,40.6,West Indies,DM Bravo,S Chanderpaul,J Botha,0,0,"",""
ball,1,40.7,West Indies,DM Bravo,S Chanderpaul,J Botha,1,0,"",""
ball,1,41.1,West Indies,DM Bravo,S Chanderpaul,R McLaren,1,0,"",""
ball,1,41.2,West Indies,S Chanderpaul,DM Bravo,R McLaren,0,0,caught,S Chanderpaul
ball,1,41.3,West Indies,DM Bravo,KA Pollard,R McLaren,0,0,"",""
ball,1,41.4,West Indies,DM Bravo,KA Pollard,R McLaren,0,0,"",""
ball,1,41.5,West Indies,DM Bravo,KA Pollard,R McLaren,1,0,"",""
ball,1,41.6,West Indies,KA Pollard,DM Bravo,R McLaren,0,0,"",""
ball,1,42.1,West Indies,DM Bravo,KA Pollard,M Morkel,0,1,"",""
ball,1,42.2,West Indies,DM Bravo,KA Pollard,M Morkel,1,0,"",""
ball,1,42.3,West Indies,KA Pollard,DM Bravo,M Morkel,1,0,"",""
ball,1,42.4,West Indies,DM Bravo,KA Pollard,M Morkel,3,0,"",""
ball,1,42.5,West Indies,KA Pollard,DM Bravo,M Morkel,0,1,"",""
ball,1,42.6,West Indies,DM Bravo,KA Pollard,M Morkel,2,0,"",""
ball,1,42.7,West Indies,DM Bravo,KA Pollard,M Morkel,0,0,"",""
ball,1,43.1,West Indies,KA Pollard,DM Bravo,R McLaren,0,0,"",""
ball,1,43.2,West Indies,KA Pollard,DM Bravo,R McLaren,1,0,"",""
ball,1,43.3,West Indies,DM Bravo,KA Pollard,R McLaren,0,0,"",""
ball,1,43.4,West Indies,DM Bravo,KA Pollard,R McLaren,1,0,"",""
ball,1,43.5,West Indies,KA Pollard,DM Bravo,R McLaren,2,0,"",""
ball,1,43.6,West Indies,KA Pollard,DM Bravo,R McLaren,0,0,"",""
ball,1,44.1,West Indies,DM Bravo,KA Pollard,M Morkel,0,0,"",""
ball,1,44.2,West Indies,DM Bravo,KA Pollard,M Morkel,6,0,"",""
ball,1,44.3,West Indies,DM Bravo,KA Pollard,M Morkel,1,0,"",""
ball,1,44.4,West Indies,KA Pollard,DM Bravo,M Morkel,0,1,"",""
ball,1,44.5,West Indies,KA Pollard,DM Bravo,M Morkel,1,0,"",""
ball,1,44.6,West Indies,DM Bravo,KA Pollard,M Morkel,4,0,"",""
ball,1,44.7,West Indies,DM Bravo,KA Pollard,M Morkel,1,0,"",""
ball,1,45.1,West Indies,DM Bravo,KA Pollard,CK Langeveldt,4,0,"",""
ball,1,45.2,West Indies,DM Bravo,KA Pollard,CK Langeveldt,1,0,"",""
ball,1,45.3,West Indies,KA Pollard,DM Bravo,CK Langeveldt,1,0,"",""
ball,1,45.4,West Indies,DM Bravo,KA Pollard,CK Langeveldt,2,0,"",""
ball,1,45.5,West Indies,DM Bravo,KA Pollard,CK Langeveldt,1,0,"",""
ball,1,45.6,West Indies,KA Pollard,DM Bravo,CK Langeveldt,1,0,"",""
ball,1,46.1,West Indies,KA Pollard,DM Bravo,R McLaren,1,0,"",""
ball,1,46.2,West Indies,DM Bravo,KA Pollard,R McLaren,1,0,"",""
ball,1,46.3,West Indies,KA Pollard,DM Bravo,R McLaren,0,0,"",""
ball,1,46.4,West Indies,KA Pollard,DM Bravo,R McLaren,1,0,"",""
ball,1,46.5,West Indies,DM Bravo,KA Pollard,R McLaren,1,0,"",""
ball,1,46.6,West Indies,KA Pollard,DM Bravo,R McLaren,1,0,"",""
ball,1,47.1,West Indies,KA Pollard,DM Bravo,CK Langeveldt,6,0,"",""
ball,1,47.2,West Indies,KA Pollard,DM Bravo,CK Langeveldt,4,0,"",""
ball,1,47.3,West Indies,KA Pollard,DM Bravo,CK Langeveldt,6,0,"",""
ball,1,47.4,West Indies,KA Pollard,DM Bravo,CK Langeveldt,0,0,bowled,KA Pollard
ball,1,47.5,West Indies,DJG Sammy,DM Bravo,CK Langeveldt,0,0,bowled,DJG Sammy
ball,1,47.6,West Indies,DE Bernard,DM Bravo,CK Langeveldt,1,0,"",""
ball,1,48.1,West Indies,DE Bernard,DM Bravo,R McLaren,2,0,"",""
ball,1,48.2,West Indies,DE Bernard,DM Bravo,R McLaren,1,0,"",""
ball,1,48.3,West Indies,DM Bravo,DE Bernard,R McLaren,1,0,"",""
ball,1,48.4,West Indies,DE Bernard,DM Bravo,R McLaren,4,0,"",""
ball,1,48.5,West Indies,DE Bernard,DM Bravo,R McLaren,1,0,"",""
ball,1,48.6,West Indies,DM Bravo,DE Bernard,R McLaren,4,0,"",""
ball,1,49.1,West Indies,DE Bernard,DM Bravo,CK Langeveldt,0,0,"",""
ball,1,49.2,West Indies,DE Bernard,DM Bravo,CK Langeveldt,2,0,"",""
ball,1,49.3,West Indies,DE Bernard,DM Bravo,CK Langeveldt,1,0,"",""
ball,1,49.4,West Indies,DM Bravo,DE Bernard,CK Langeveldt,2,0,"",""
ball,1,49.5,West Indies,DM Bravo,DE Bernard,CK Langeveldt,1,0,"",""
ball,1,49.6,West Indies,DE Bernard,DM Bravo,CK Langeveldt,1,0,"",""
ball,2,0.1,South Africa,GC Smith,HM Amla,DE Bernard,0,0,"",""
ball,2,0.2,South Africa,GC Smith,HM Amla,DE Bernard,0,1,"",""
ball,2,0.3,South Africa,GC Smith,HM Amla,DE Bernard,0,0,"",""
ball,2,0.4,South Africa,GC Smith,HM Amla,DE Bernard,2,0,"",""
ball,2,0.5,South Africa,GC Smith,HM Amla,DE Bernard,0,0,"",""
ball,2,0.6,South Africa,GC Smith,HM Amla,DE Bernard,0,0,"",""
ball,2,0.7,South Africa,GC Smith,HM Amla,DE Bernard,0,0,"",""
ball,2,1.1,South Africa,HM Amla,GC Smith,R Rampaul,2,0,"",""
ball,2,1.2,South Africa,HM Amla,GC Smith,R Rampaul,0,0,"",""
ball,2,1.3,South Africa,HM Amla,GC Smith,R Rampaul,2,0,"",""
ball,2,1.4,South Africa,HM Amla,GC Smith,R Rampaul,0,0,"",""
ball,2,1.5,South Africa,HM Amla,GC Smith,R Rampaul,0,0,"",""
ball,2,1.6,South Africa,HM Amla,GC Smith,R Rampaul,1,0,"",""
ball,2,2.1,South Africa,HM Amla,GC Smith,DE Bernard,0,1,"",""
ball,2,2.2,South Africa,HM Amla,GC Smith,DE Bernard,1,0,"",""
ball,2,2.3,South Africa,GC Smith,HM Amla,DE Bernard,0,0,"",""
ball,2,2.4,South Africa,GC Smith,HM Amla,DE Bernard,0,0,"",""
ball,2,2.5,South Africa,GC Smith,HM Amla,DE Bernard,0,0,"",""
ball,2,2.6,South Africa,GC Smith,HM Amla,DE Bernard,0,0,"",""
ball,2,2.7,South Africa,GC Smith,HM Amla,DE Bernard,0,0,"",""
ball,2,3.1,South Africa,HM Amla,GC Smith,R Rampaul,0,0,"",""
ball,2,3.2,South Africa,HM Amla,GC Smith,R Rampaul,1,0,"",""
ball,2,3.3,South Africa,GC Smith,HM Amla,R Rampaul,1,0,"",""
ball,2,3.4,South Africa,HM Amla,GC Smith,R Rampaul,1,0,"",""
ball,2,3.5,South Africa,GC Smith,HM Amla,R Rampaul,0,0,"",""
ball,2,3.6,South Africa,GC Smith,HM Amla,R Rampaul,0,1,"",""
ball,2,4.1,South Africa,GC Smith,HM Amla,DE Bernard,4,0,"",""
ball,2,4.2,South Africa,GC Smith,HM Amla,DE Bernard,0,0,"",""
ball,2,4.3,South Africa,GC Smith,HM Amla,DE Bernard,2,0,"",""
ball,2,4.4,South Africa,GC Smith,HM Amla,DE Bernard,1,0,"",""
ball,2,4.5,South Africa,HM Amla,GC Smith,DE Bernard,1,0,"",""
ball,2,4.6,South Africa,GC Smith,HM Amla,DE Bernard,1,0,"",""
ball,2,5.1,South Africa,GC Smith,HM Amla,R Rampaul,1,0,"",""
ball,2,5.2,South Africa,HM Amla,GC Smith,R Rampaul,0,0,"",""
ball,2,5.3,South Africa,HM Amla,GC Smith,R Rampaul,4,0,"",""
ball,2,5.4,South Africa,HM Amla,GC Smith,R Rampaul,0,0,"",""
ball,2,5.5,South Africa,HM Amla,GC Smith,R Rampaul,0,0,"",""
ball,2,5.6,South Africa,HM Amla,GC Smith,R Rampaul,1,0,"",""
ball,2,6.1,South Africa,HM Amla,GC Smith,DE Bernard,1,0,"",""
ball,2,6.2,South Africa,GC Smith,HM Amla,DE Bernard,0,0,"",""
ball,2,6.3,South Africa,GC Smith,HM Amla,DE Bernard,4,0,"",""
ball,2,6.4,South Africa,GC Smith,HM Amla,DE Bernard,1,0,"",""
ball,2,6.5,South Africa,HM Amla,GC Smith,DE Bernard,4,0,"",""
ball,2,6.6,South Africa,HM Amla,GC Smith,DE Bernard,1,0,"",""
ball,2,7.1,South Africa,HM Amla,GC Smith,DJ Bravo,1,0,"",""
ball,2,7.2,South Africa,GC Smith,HM Amla,DJ Bravo,1,0,"",""
ball,2,7.3,South Africa,HM Amla,GC Smith,DJ Bravo,1,0,"",""
ball,2,7.4,South Africa,GC Smith,HM Amla,DJ Bravo,0,0,"",""
ball,2,7.5,South Africa,GC Smith,HM Amla,DJ Bravo,0,0,"",""
ball,2,7.6,South Africa,GC Smith,HM Amla,DJ Bravo,2,0,"",""
ball,2,8.1,South Africa,HM Amla,GC Smith,DJG Sammy,0,0,"",""
ball,2,8.2,South Africa,HM Amla,GC Smith,DJG Sammy,0,0,"",""
ball,2,8.3,South Africa,HM Amla,GC Smith,DJG Sammy,6,0,"",""
ball,2,8.4,South Africa,HM Amla,GC Smith,DJG Sammy,4,0,"",""
ball,2,8.5,South Africa,HM Amla,GC Smith,DJG Sammy,0,0,"",""
ball,2,8.6,South Africa,HM Amla,GC Smith,DJG Sammy,0,0,"",""
ball,2,9.1,South Africa,GC Smith,HM Amla,DJ Bravo,3,0,"",""
ball,2,9.2,South Africa,HM Amla,GC Smith,DJ Bravo,1,0,"",""
ball,2,9.3,South Africa,GC Smith,HM Amla,DJ Bravo,0,0,bowled,GC Smith
ball,2,9.4,South Africa,JH Kallis,HM Amla,DJ Bravo,0,0,"",""
ball,2,9.5,South Africa,JH Kallis,HM Amla,DJ Bravo,1,0,"",""
ball,2,9.6,South Africa,HM Amla,JH Kallis,DJ Bravo,4,0,"",""
ball,2,10.1,South Africa,JH Kallis,HM Amla,DJG Sammy,0,0,"",""
ball,2,10.2,South Africa,JH Kallis,HM Amla,DJG Sammy,0,0,"",""
ball,2,10.3,South Africa,JH Kallis,HM Amla,DJG Sammy,1,0,"",""
ball,2,10.4,South Africa,HM Amla,JH Kallis,DJG Sammy,0,1,"",""
ball,2,10.5,South Africa,HM Amla,JH Kallis,DJG Sammy,0,0,"",""
ball,2,10.6,South Africa,HM Amla,JH Kallis,DJG Sammy,0,0,"",""
ball,2,10.7,South Africa,HM Amla,JH Kallis,DJG Sammy,1,0,"",""
ball,2,11.1,South Africa,HM Amla,JH Kallis,DJ Bravo,1,0,"",""
ball,2,11.2,South Africa,JH Kallis,HM Amla,DJ Bravo,0,0,"",""
ball,2,11.3,South Africa,JH Kallis,HM Amla,DJ Bravo,1,0,"",""
ball,2,11.4,South Africa,HM Amla,JH Kallis,DJ Bravo,2,0,"",""
ball,2,11.5,South Africa,HM Amla,JH Kallis,DJ Bravo,1,0,"",""
ball,2,11.6,South Africa,JH Kallis,HM Amla,DJ Bravo,4,0,"",""
ball,2,12.1,South Africa,HM Amla,JH Kallis,SJ Benn,2,0,"",""
ball,2,12.2,South Africa,HM Amla,JH Kallis,SJ Benn,0,0,"",""
ball,2,12.3,South Africa,HM Amla,JH Kallis,SJ Benn,1,0,"",""
ball,2,12.4,South Africa,JH Kallis,HM Amla,SJ Benn,1,0,"",""
ball,2,12.5,South Africa,HM Amla,JH Kallis,SJ Benn,1,0,"",""
ball,2,12.6,South Africa,JH Kallis,HM Amla,SJ Benn,0,0,"",""
ball,2,13.1,South Africa,HM Amla,JH Kallis,DJG Sammy,0,0,"",""
ball,2,13.2,South Africa,HM Amla,JH Kallis,DJG Sammy,1,0,"",""
ball,2,13.3,South Africa,JH Kallis,HM Amla,DJG Sammy,1,0,"",""
ball,2,13.4,South Africa,HM Amla,JH Kallis,DJG Sammy,0,0,"",""
ball,2,13.5,South Africa,HM Amla,JH Kallis,DJG Sammy,1,0,"",""
ball,2,13.6,South Africa,JH Kallis,HM Amla,DJG Sammy,2,0,"",""
ball,2,14.1,South Africa,HM Amla,JH Kallis,SJ Benn,1,0,"",""
ball,2,14.2,South Africa,JH Kallis,HM Amla,SJ Benn,1,0,"",""
ball,2,14.3,South Africa,HM Amla,JH Kallis,SJ Benn,1,0,"",""
ball,2,14.4,South Africa,JH Kallis,HM Amla,SJ Benn,6,0,"",""
ball,2,14.5,South Africa,JH Kallis,HM Amla,SJ Benn,0,0,"",""
ball,2,14.6,South Africa,JH Kallis,HM Amla,SJ Benn,1,0,"",""
ball,2,15.1,South Africa,JH Kallis,HM Amla,CH Gayle,0,0,"",""
ball,2,15.2,South Africa,JH Kallis,HM Amla,CH Gayle,1,0,"",""
ball,2,15.3,South Africa,HM Amla,JH Kallis,CH Gayle,0,0,"",""
ball,2,15.4,South Africa,HM Amla,JH Kallis,CH Gayle,1,0,"",""
ball,2,15.5,South Africa,JH Kallis,HM Amla,CH Gayle,1,0,"",""
ball,2,15.6,South Africa,HM Amla,JH Kallis,CH Gayle,0,0,"",""
ball,2,16.1,South Africa,JH Kallis,HM Amla,SJ Benn,0,0,"",""
ball,2,16.2,South Africa,JH Kallis,HM Amla,SJ Benn,0,0,"",""
ball,2,16.3,South Africa,JH Kallis,HM Amla,SJ Benn,0,0,"",""
ball,2,16.4,South Africa,JH Kallis,HM Amla,SJ Benn,1,0,"",""
ball,2,16.5,South Africa,HM Amla,JH Kallis,SJ Benn,1,0,"",""
ball,2,16.6,South Africa,JH Kallis,HM Amla,SJ Benn,0,0,"",""
ball,2,17.1,South Africa,HM Amla,JH Kallis,CH Gayle,1,0,"",""
ball,2,17.2,South Africa,JH Kallis,HM Amla,CH Gayle,2,0,"",""
ball,2,17.3,South Africa,JH Kallis,HM Amla,CH Gayle,2,0,"",""
ball,2,17.4,South Africa,JH Kallis,HM Amla,CH Gayle,1,0,"",""
ball,2,17.5,South Africa,HM Amla,JH Kallis,CH Gayle,2,0,"",""
ball,2,17.6,South Africa,HM Amla,JH Kallis,CH Gayle,1,0,"",""
ball,2,18.1,South Africa,HM Amla,JH Kallis,SJ Benn,1,0,"",""
ball,2,18.2,South Africa,JH Kallis,HM Amla,SJ Benn,0,0,"",""
ball,2,18.3,South Africa,JH Kallis,HM Amla,SJ Benn,1,0,"",""
ball,2,18.4,South Africa,HM Amla,JH Kallis,SJ Benn,1,0,"",""
ball,2,18.5,South Africa,JH Kallis,HM Amla,SJ Benn,1,0,"",""
ball,2,18.6,South Africa,HM Amla,JH Kallis,SJ Benn,1,0,"",""
ball,2,19.1,South Africa,HM Amla,JH Kallis,CH Gayle,0,0,"",""
ball,2,19.2,South Africa,HM Amla,JH Kallis,CH Gayle,2,0,"",""
ball,2,19.3,South Africa,HM Amla,JH Kallis,CH Gayle,2,0,"",""
ball,2,19.4,South Africa,HM Amla,JH Kallis,CH Gayle,0,0,"",""
ball,2,19.5,South Africa,HM Amla,JH Kallis,CH Gayle,0,0,"",""
ball,2,19.6,South Africa,HM Amla,JH Kallis,CH Gayle,1,0,"",""
ball,2,20.1,South Africa,HM Amla,JH Kallis,DJG Sammy,0,0,"",""
ball,2,20.2,South Africa,HM Amla,JH Kallis,DJG Sammy,1,0,"",""
ball,2,20.3,South Africa,JH Kallis,HM Amla,DJG Sammy,1,0,"",""
ball,2,20.4,South Africa,HM Amla,JH Kallis,DJG Sammy,0,0,"",""
ball,2,20.5,South Africa,HM Amla,JH Kallis,DJG Sammy,1,0,"",""
ball,2,20.6,South Africa,JH Kallis,HM Amla,DJG Sammy,0,0,"",""
ball,2,21.1,South Africa,HM Amla,JH Kallis,CH Gayle,1,0,"",""
ball,2,21.2,South Africa,JH Kallis,HM Amla,CH Gayle,1,0,"",""
ball,2,21.3,South Africa,HM Amla,JH Kallis,CH Gayle,0,0,"",""
ball,2,21.4,South Africa,HM Amla,JH Kallis,CH Gayle,1,0,"",""
ball,2,21.5,South Africa,JH Kallis,HM Amla,CH Gayle,1,0,"",""
ball,2,21.6,South Africa,HM Amla,JH Kallis,CH Gayle,0,0,"",""
ball,2,22.1,South Africa,JH Kallis,HM Amla,R Rampaul,1,0,"",""
ball,2,22.2,South Africa,HM Amla,JH Kallis,R Rampaul,4,0,"",""
ball,2,22.3,South Africa,HM Amla,JH Kallis,R Rampaul,1,0,"",""
ball,2,22.4,South Africa,JH Kallis,HM Amla,R Rampaul,2,0,"",""
ball,2,22.5,South Africa,JH Kallis,HM Amla,R Rampaul,0,0,"",""
ball,2,22.6,South Africa,JH Kallis,HM Amla,R Rampaul,1,0,"",""
ball,2,23.1,South Africa,JH Kallis,HM Amla,CH Gayle,1,0,"",""
ball,2,23.2,South Africa,HM Amla,JH Kallis,CH Gayle,2,0,"",""
ball,2,23.3,South Africa,HM Amla,JH Kallis,CH Gayle,0,0,"",""
ball,2,23.4,South Africa,HM Amla,JH Kallis,CH Gayle,1,0,"",""
ball,2,23.5,South Africa,JH Kallis,HM Amla,CH Gayle,1,0,"",""
ball,2,23.6,South Africa,HM Amla,JH Kallis,CH Gayle,1,0,"",""
ball,2,24.1,South Africa,HM Amla,JH Kallis,R Rampaul,0,0,"",""
ball,2,24.2,South Africa,HM Amla,JH Kallis,R Rampaul,0,0,"",""
ball,2,24.3,South Africa,HM Amla,JH Kallis,R Rampaul,2,0,"",""
ball,2,24.4,South Africa,HM Amla,JH Kallis,R Rampaul,3,0,"",""
ball,2,24.5,South Africa,JH Kallis,HM Amla,R Rampaul,4,0,"",""
ball,2,24.6,South Africa,JH Kallis,HM Amla,R Rampaul,2,0,"",""
ball,2,25.1,South Africa,HM Amla,JH Kallis,CH Gayle,1,0,"",""
ball,2,25.2,South Africa,JH Kallis,HM Amla,CH Gayle,1,0,"",""
ball,2,25.3,South Africa,HM Amla,JH Kallis,CH Gayle,1,0,"",""
ball,2,25.4,South Africa,JH Kallis,HM Amla,CH Gayle,0,0,"",""
ball,2,25.5,South Africa,JH Kallis,HM Amla,CH Gayle,1,0,"",""
ball,2,25.6,South Africa,HM Amla,JH Kallis,CH Gayle,2,0,"",""
ball,2,26.1,South Africa,JH Kallis,HM Amla,KA Pollard,1,0,"",""
ball,2,26.2,South Africa,HM Amla,JH Kallis,KA Pollard,1,0,"",""
ball,2,26.3,South Africa,JH Kallis,HM Amla,KA Pollard,0,0,"",""
ball,2,26.4,South Africa,JH Kallis,HM Amla,KA Pollard,1,0,"",""
ball,2,26.5,South Africa,HM Amla,JH Kallis,KA Pollard,1,0,"",""
ball,2,26.6,South Africa,JH Kallis,HM Amla,KA Pollard,0,0,"",""
ball,2,27.1,South Africa,HM Amla,JH Kallis,CH Gayle,1,0,"",""
ball,2,27.2,South Africa,JH Kallis,HM Amla,CH Gayle,1,0,"",""
ball,2,27.3,South Africa,HM Amla,JH Kallis,CH Gayle,1,0,"",""
ball,2,27.4,South Africa,JH Kallis,HM Amla,CH Gayle,0,0,"",""
ball,2,27.5,South Africa,JH Kallis,HM Amla,CH Gayle,1,0,"",""
ball,2,27.6,South Africa,HM Amla,JH Kallis,CH Gayle,1,0,"",""
ball,2,28.1,South Africa,HM Amla,JH Kallis,KA Pollard,0,0,"",""
ball,2,28.2,South Africa,HM Amla,JH Kallis,KA Pollard,4,0,"",""
ball,2,28.3,South Africa,HM Amla,JH Kallis,KA Pollard,0,0,"",""
ball,2,28.4,South Africa,HM Amla,JH Kallis,KA Pollard,1,0,"",""
ball,2,28.5,South Africa,JH Kallis,HM Amla,KA Pollard,1,0,"",""
ball,2,28.6,South Africa,HM Amla,JH Kallis,KA Pollard,1,0,"",""
ball,2,29.1,South Africa,HM Amla,JH Kallis,CH Gayle,0,0,"",""
ball,2,29.2,South Africa,HM Amla,JH Kallis,CH Gayle,3,0,"",""
ball,2,29.3,South Africa,JH Kallis,HM Amla,CH Gayle,0,0,caught,JH Kallis
ball,2,29.4,South Africa,HM Amla,AB de Villiers,CH Gayle,1,0,"",""
ball,2,29.5,South Africa,AB de Villiers,HM Amla,CH Gayle,1,0,"",""
ball,2,29.6,South Africa,HM Amla,AB de Villiers,CH Gayle,1,0,"",""
ball,2,30.1,South Africa,HM Amla,AB de Villiers,DJ Bravo,0,0,"",""
ball,2,30.2,South Africa,HM Amla,AB de Villiers,DJ Bravo,0,0,"",""
ball,2,30.3,South Africa,HM Amla,AB de Villiers,DJ Bravo,0,0,"",""
ball,2,30.4,South Africa,HM Amla,AB de Villiers,DJ Bravo,1,0,"",""
ball,2,30.5,South Africa,AB de Villiers,HM Amla,DJ Bravo,1,0,"",""
ball,2,30.6,South Africa,HM Amla,AB de Villiers,DJ Bravo,0,0,"",""
ball,2,31.1,South Africa,AB de Villiers,HM Amla,CH Gayle,1,0,"",""
ball,2,31.2,South Africa,HM Amla,AB de Villiers,CH Gayle,2,0,"",""
ball,2,31.3,South Africa,HM Amla,AB de Villiers,CH Gayle,0,0,"",""
ball,2,31.4,South Africa,HM Amla,AB de Villiers,CH Gayle,1,0,"",""
ball,2,31.5,South Africa,AB de Villiers,HM Amla,CH Gayle,1,0,"",""
ball,2,31.6,South Africa,HM Amla,AB de Villiers,CH Gayle,4,0,"",""
ball,2,32.1,South Africa,AB de Villiers,HM Amla,DJ Bravo,0,0,"",""
ball,2,32.2,South Africa,AB de Villiers,HM Amla,DJ Bravo,2,0,"",""
ball,2,32.3,South Africa,AB de Villiers,HM Amla,DJ Bravo,0,0,"",""
ball,2,32.4,South Africa,AB de Villiers,HM Amla,DJ Bravo,1,0,"",""
ball,2,32.5,South Africa,HM Amla,AB de Villiers,DJ Bravo,1,0,"",""
ball,2,32.6,South Africa,AB de Villiers,HM Amla,DJ Bravo,1,0,"",""
ball,2,33.1,South Africa,AB de Villiers,HM Amla,CH Gayle,0,0,"",""
ball,2,33.2,South Africa,AB de Villiers,HM Amla,CH Gayle,0,0,"",""
ball,2,33.3,South Africa,AB de Villiers,HM Amla,CH Gayle,0,0,"",""
ball,2,33.4,South Africa,AB de Villiers,HM Amla,CH Gayle,0,0,"",""
ball,2,33.5,South Africa,AB de Villiers,HM Amla,CH Gayle,1,0,"",""
ball,2,33.6,South Africa,HM Amla,AB de Villiers,CH Gayle,6,0,"",""
ball,2,34.1,South Africa,AB de Villiers,HM Amla,DJ Bravo,1,0,"",""
ball,2,34.2,South Africa,HM Amla,AB de Villiers,DJ Bravo,4,0,"",""
ball,2,34.3,South Africa,HM Amla,AB de Villiers,DJ Bravo,1,0,"",""
ball,2,34.4,South Africa,AB de Villiers,HM Amla,DJ Bravo,1,0,"",""
ball,2,34.5,South Africa,HM Amla,AB de Villiers,DJ Bravo,1,0,"",""
ball,2,34.6,South Africa,AB de Villiers,HM Amla,DJ Bravo,1,0,"",""
ball,2,35.1,South Africa,AB de Villiers,HM Amla,KA Pollard,0,0,"",""
ball,2,35.2,South Africa,AB de Villiers,HM Amla,KA Pollard,0,0,"",""
ball,2,35.3,South Africa,AB de Villiers,HM Amla,KA Pollard,0,0,"",""
ball,2,35.4,South Africa,AB de Villiers,HM Amla,KA Pollard,1,0,"",""
ball,2,35.5,South Africa,HM Amla,AB de Villiers,KA Pollard,4,0,"",""
ball,2,35.6,South Africa,HM Amla,AB de Villiers,KA Pollard,0,0,"",""
ball,2,36.1,South Africa,AB de Villiers,HM Amla,DJG Sammy,1,0,"",""
ball,2,36.2,South Africa,HM Amla,AB de Villiers,DJG Sammy,1,0,"",""
ball,2,36.3,South Africa,AB de Villiers,HM Amla,DJG Sammy,1,0,"",""
ball,2,36.4,South Africa,HM Amla,AB de Villiers,DJG Sammy,1,0,"",""
ball,2,36.5,South Africa,AB de Villiers,HM Amla,DJG Sammy,0,0,"",""
ball,2,36.6,South Africa,AB de Villiers,HM Amla,DJG Sammy,0,1,"",""
ball,2,37.1,South Africa,AB de Villiers,HM Amla,KA Pollard,1,0,"",""
ball,2,37.2,South Africa,HM Amla,AB de Villiers,KA Pollard,0,0,caught,HM Amla
ball,2,37.3,South Africa,AB de Villiers,JP Duminy,KA Pollard,1,0,"",""
ball,2,37.4,South Africa,JP Duminy,AB de Villiers,KA Pollard,1,0,"",""
ball,2,37.5,South Africa,AB de Villiers,JP Duminy,KA Pollard,1,0,"",""
ball,2,37.6,South Africa,JP Duminy,AB de Villiers,KA Pollard,0,0,"",""
ball,2,38.1,South Africa,AB de Villiers,JP Duminy,DJG Sammy,2,0,"",""
ball,2,38.2,South Africa,AB de Villiers,JP Duminy,DJG Sammy,1,0,"",""
ball,2,38.3,South Africa,JP Duminy,AB de Villiers,DJG Sammy,0,0,"",""
ball,2,38.4,South Africa,JP Duminy,AB de Villiers,DJG Sammy,0,0,"",""
ball,2,38.5,South Africa,JP Duminy,AB de Villiers,DJG Sammy,0,0,"",""
ball,2,38.6,South Africa,JP Duminy,AB de Villiers,DJG Sammy,1,0,"",""
ball,2,39.1,South Africa,JP Duminy,AB de Villiers,KA Pollard,1,0,"",""
ball,2,39.2,South Africa,AB de Villiers,JP Duminy,KA Pollard,1,0,"",""
ball,2,39.3,South Africa,JP Duminy,AB de Villiers,KA Pollard,1,0,"",""
ball,2,39.4,South Africa,AB de Villiers,JP Duminy,KA Pollard,0,0,"",""
ball,2,39.5,South Africa,AB de Villiers,JP Duminy,KA Pollard,0,0,"",""
ball,2,39.6,South Africa,AB de Villiers,JP Duminy,KA Pollard,1,0,"",""
ball,2,40.1,South Africa,AB de Villiers,JP Duminy,DJG Sammy,1,0,"",""
ball,2,40.2,South Africa,JP Duminy,AB de Villiers,DJG Sammy,1,0,"",""
ball,2,40.3,South Africa,AB de Villiers,JP Duminy,DJG Sammy,0,1,"",""
ball,2,40.4,South Africa,JP Duminy,AB de Villiers,DJG Sammy,1,0,"",""
ball,2,40.5,South Africa,AB de Villiers,JP Duminy,DJG Sammy,1,0,"",""
ball,2,40.6,South Africa,JP Duminy,AB de Villiers,DJG Sammy,1,0,"",""
ball,2,41.1,South Africa,JP Duminy,AB de Villiers,KA Pollard,0,0,"",""
ball,2,41.2,South Africa,JP Duminy,AB de Villiers,KA Pollard,1,0,"",""
ball,2,41.3,South Africa,AB de Villiers,JP Duminy,KA Pollard,1,0,"",""
ball,2,41.4,South Africa,JP Duminy,AB de Villiers,KA Pollard,1,0,"",""
ball,2,41.5,South Africa,AB de Villiers,JP Duminy,KA Pollard,2,0,"",""
ball,2,41.6,South Africa,AB de Villiers,JP Duminy,KA Pollard,2,0,"",""
ball,2,42.1,South Africa,JP Duminy,AB de Villiers,R Rampaul,1,0,"",""
ball,2,42.2,South Africa,AB de Villiers,JP Duminy,R Rampaul,1,0,"",""
ball,2,42.3,South Africa,JP Duminy,AB de Villiers,R Rampaul,1,0,"",""
ball,2,42.4,South Africa,AB de Villiers,JP Duminy,R Rampaul,0,0,"",""
ball,2,42.5,South Africa,AB de Villiers,JP Duminy,R Rampaul,1,0,"",""
ball,2,42.6,South Africa,JP Duminy,AB de Villiers,R Rampaul,1,0,"",""
ball,2,43.1,South Africa,JP Duminy,AB de Villiers,KA Pollard,0,0,"",""
ball,2,43.2,South Africa,JP Duminy,AB de Villiers,KA Pollard,1,0,"",""
ball,2,43.3,South Africa,AB de Villiers,JP Duminy,KA Pollard,0,1,"",""
ball,2,43.4,South Africa,JP Duminy,AB de Villiers,KA Pollard,0,0,"",""
ball,2,43.5,South Africa,JP Duminy,AB de Villiers,KA Pollard,1,0,"",""
ball,2,43.6,South Africa,AB de Villiers,JP Duminy,KA Pollard,1,0,"",""
ball,2,44.1,South Africa,AB de Villiers,JP Duminy,R Rampaul,1,0,"",""
ball,2,44.2,South Africa,JP Duminy,AB de Villiers,R Rampaul,1,0,"",""
ball,2,44.3,South Africa,AB de Villiers,JP Duminy,R Rampaul,0,0,"",""
ball,2,44.4,South Africa,AB de Villiers,JP Duminy,R Rampaul,1,0,"",""
ball,2,44.5,South Africa,JP Duminy,AB de Villiers,R Rampaul,0,0,"",""
ball,2,44.6,South Africa,JP Duminy,AB de Villiers,R Rampaul,1,0,"",""
ball,2,45.1,South Africa,JP Duminy,AB de Villiers,KA Pollard,2,0,"",""
ball,2,45.2,South Africa,JP Duminy,AB de Villiers,KA Pollard,1,0,"",""
ball,2,45.3,South Africa,AB de Villiers,JP Duminy,KA Pollard,0,1,"",""
ball,2,45.4,South Africa,JP Duminy,AB de Villiers,KA Pollard,1,0,"",""
ball,2,45.5,South Africa,AB de Villiers,JP Duminy,KA Pollard,1,0,"",""
ball,2,45.6,South Africa,JP Duminy,AB de Villiers,KA Pollard,1,0,"",""
ball,2,46.1,South Africa,JP Duminy,AB de Villiers,R Rampaul,0,0,"",""
ball,2,46.2,South Africa,JP Duminy,AB de Villiers,R Rampaul,1,0,"",""
ball,2,46.3,South Africa,AB de Villiers,JP Duminy,R Rampaul,4,0,"",""
ball,2,46.4,South Africa,AB de Villiers,JP Duminy,R Rampaul,1,0,"",""
ball,2,46.5,South Africa,JP Duminy,AB de Villiers,R Rampaul,4,0,"",""
ball,2,46.6,South Africa,JP Duminy,AB de Villiers,R Rampaul,1,0,"",""
ball,2,47.1,South Africa,JP Duminy,AB de Villiers,KA Pollard,2,0,"",""
ball,2,47.2,South Africa,JP Duminy,AB de Villiers,KA Pollard,1,0,"",""
ball,2,47.3,South Africa,AB de Villiers,JP Duminy,KA Pollard,4,0,"",""
ball,2,47.4,South Africa,AB de Villiers,JP Duminy,KA Pollard,0,3,"",""
ball,2,47.5,South Africa,AB de Villiers,JP Duminy,KA Pollard,2,0,"",""
ball,2,47.6,South Africa,AB de Villiers,JP Duminy,KA Pollard,4,0,"",""
ball,2,47.7,South Africa,AB de Villiers,JP Duminy,KA Pollard,2,0,"",""
ball,2,48.1,South Africa,JP Duminy,AB de Villiers,R Rampaul,1,0,"",""
ball,2,48.2,South Africa,AB de Villiers,JP Duminy,R Rampaul,1,0,"",""
ball,2,48.3,South Africa,JP Duminy,AB de Villiers,R Rampaul,0,0,"",""
ball,2,48.4,South Africa,JP Duminy,AB de Villiers,R Rampaul,1,0,"",""
ball,2,48.5,South Africa,AB de Villiers,JP Duminy,R Rampaul,0,0,"",""
ball,2,48.6,South Africa,AB de Villiers,JP Duminy,R Rampaul,1,0,"",""
ball,2,49.1,South Africa,AB de Villiers,JP Duminy,DJ Bravo,1,0,"",""
ball,2,49.2,South Africa,JP Duminy,AB de Villiers,DJ Bravo,0,1,"",""
ball,2,49.3,South Africa,AB de Villiers,JP Duminy,DJ Bravo,0,0,"",""
ball,2,49.4,South Africa,AB de Villiers,JP Duminy,DJ Bravo,0,0,"",""
ball,2,49.5,South Africa,AB de Villiers,JP Duminy,DJ Bravo,0,0,"",""
ball,2,49.6,South Africa,AB de Villiers,JP Duminy,DJ Bravo,1,0,"",""
