version,1.3.0
info,team,Ireland
info,team,Bangladesh
info,gender,male
info,season,2010
info,date,2010/07/16
info,series,Bangladesh in Ireland ODI Series
info,match_number,2
info,venue,"Civil Service Cricket Club, Stormont"
info,city,Belfast
info,toss_winner,Ireland
info,toss_decision,bat
info,player_of_match,Shafiul Islam
info,umpire,HDPK Dharmasena
info,umpire,NA Malcolm
info,reserve_umpire,DW Ward
info,match_referee,J Srinath
info,winner,Bangladesh
info,winner_wickets,6
info,method,D/L
ball,1,0.1,Ireland,WTS Porterfield,PR Stirling,Mashrafe Mortaza,0,1,"",""
ball,1,0.2,Ireland,WTS Porterfield,PR Stirling,Mashrafe Mortaza,0,0,"",""
ball,1,0.3,Ireland,WTS Porterfield,PR Stirling,Mashrafe Mortaza,0,0,"",""
ball,1,0.4,Ireland,WTS Porterfield,PR Stirling,Mashrafe Mortaza,0,0,"",""
ball,1,0.5,Ireland,WTS Porterfield,PR Stirling,Mashrafe Mortaza,0,0,"",""
ball,1,0.6,Ireland,WTS Porterfield,PR Stirling,Mashrafe Mortaza,0,0,"",""
ball,1,0.7,Ireland,WTS Porterfield,PR Stirling,Mashrafe Mortaza,0,0,"",""
ball,1,1.1,Ireland,PR Stirling,WTS Porterfield,Shafiul Islam,1,0,"",""
ball,1,1.2,Ireland,WTS Porterfield,PR Stirling,Shafiul Islam,1,0,"",""
ball,1,1.3,Ireland,PR Stirling,WTS Porterfield,Shafiul Islam,0,0,"",""
ball,1,1.4,Ireland,PR Stirling,WTS Porterfield,Shafiul Islam,0,0,"",""
ball,1,1.5,Ireland,PR Stirling,WTS Porterfield,Shafiul Islam,0,0,"",""
ball,1,1.6,Ireland,PR Stirling,WTS Porterfield,Shafiul Islam,0,0,"",""
ball,1,2.1,Ireland,WTS Porterfield,PR Stirling,Mashrafe Mortaza,0,0,"",""
ball,1,2.2,Ireland,WTS Porterfield,PR Stirling,Mashrafe Mortaza,0,0,"",""
ball,1,2.3,Ireland,WTS Porterfield,PR Stirling,Mashrafe Mortaza,0,0,"",""
ball,1,2.4,Ireland,WTS Porterfield,PR Stirling,Mashrafe Mortaza,4,0,"",""
ball,1,2.5,Ireland,WTS Porterfield,PR Stirling,Mashrafe Mortaza,0,0,"",""
ball,1,2.6,Ireland,WTS Porterfield,PR Stirling,Mashrafe Mortaza,0,0,"",""
ball,1,3.1,Ireland,PR Stirling,WTS Porterfield,Shafiul Islam,1,0,"",""
ball,1,3.2,Ireland,WTS Porterfield,PR Stirling,Shafiul Islam,0,0,"",""
ball,1,3.3,Ireland,WTS Porterfield,PR Stirling,Shafiul Islam,0,0,"",""
ball,1,3.4,Ireland,WTS Porterfield,PR Stirling,Shafiul Islam,0,0,"",""
ball,1,3.5,Ireland,WTS Porterfield,PR Stirling,Shafiul Islam,1,0,"",""
ball,1,3.6,Ireland,PR Stirling,WTS Porterfield,Shafiul Islam,3,0,"",""
ball,1,4.1,Ireland,PR Stirling,WTS Porterfield,Mashrafe Mortaza,1,0,"",""
ball,1,4.2,Ireland,WTS Porterfield,PR Stirling,Mashrafe Mortaza,0,0,"",""
ball,1,4.3,Ireland,WTS Porterfield,PR Stirling,Mashrafe Mortaza,0,0,caught,WTS Porterfield
ball,1,4.4,Ireland,AR Cusack,PR Stirling,Mashrafe Mortaza,0,0,"",""
ball,1,4.5,Ireland,AR Cusack,PR Stirling,Mashrafe Mortaza,0,0,"",""
ball,1,4.6,Ireland,AR Cusack,PR Stirling,Mashrafe Mortaza,0,0,"",""
ball,1,5.1,Ireland,PR Stirling,AR Cusack,Shafiul Islam,0,0,caught,PR Stirling
ball,1,5.2,Ireland,NJ O'Brien,AR Cusack,Shafiul Islam,0,0,"",""
ball,1,5.3,Ireland,NJ O'Brien,AR Cusack,Shafiul Islam,0,0,"",""
ball,1,5.4,Ireland,NJ O'Brien,AR Cusack,Shafiul Islam,4,0,"",""
ball,1,5.5,Ireland,NJ O'Brien,AR Cusack,Shafiul Islam,4,0,"",""
ball,1,5.6,Ireland,NJ O'Brien,AR Cusack,Shafiul Islam,0,0,"",""
ball,1,6.1,Ireland,AR Cusack,NJ O'Brien,Mashrafe Mortaza,0,0,"",""
ball,1,6.2,Ireland,AR Cusack,NJ O'Brien,Mashrafe Mortaza,0,0,"",""
ball,1,6.3,Ireland,AR Cusack,NJ O'Brien,Mashrafe Mortaza,0,0,"",""
ball,1,6.4,Ireland,AR Cusack,NJ O'Brien,Mashrafe Mortaza,0,0,"",""
ball,1,6.5,Ireland,AR Cusack,NJ O'Brien,Mashrafe Mortaza,0,2,"",""
ball,1,6.6,Ireland,AR Cusack,NJ O'Brien,Mashrafe Mortaza,0,0,"",""
ball,1,7.1,Ireland,NJ O'Brien,AR Cusack,Shafiul Islam,0,0,"",""
ball,1,7.2,Ireland,NJ O'Brien,AR Cusack,Shafiul Islam,0,0,"",""
ball,1,7.3,Ireland,NJ O'Brien,AR Cusack,Shafiul Islam,0,0,"",""
ball,1,7.4,Ireland,NJ O'Brien,AR Cusack,Shafiul Islam,4,0,"",""
ball,1,7.5,Ireland,NJ O'Brien,AR Cusack,Shafiul Islam,1,0,"",""
ball,1,7.6,Ireland,AR Cusack,NJ O'Brien,Shafiul Islam,0,0,"",""
ball,1,8.1,Ireland,NJ O'Brien,AR Cusack,Mashrafe Mortaza,0,0,"",""
ball,1,8.2,Ireland,NJ O'Brien,AR Cusack,Mashrafe Mortaza,0,0,"",""
ball,1,8.3,Ireland,NJ O'Brien,AR Cusack,Mashrafe Mortaza,0,0,"",""
ball,1,8.4,Ireland,NJ O'Brien,AR Cusack,Mashrafe Mortaza,0,0,"",""
ball,1,8.5,Ireland,NJ O'Brien,AR Cusack,Mashrafe Mortaza,0,0,"",""
ball,1,8.6,Ireland,NJ O'Brien,AR Cusack,Mashrafe Mortaza,0,0,"",""
ball,1,9.1,Ireland,AR Cusack,NJ O'Brien,Shafiul Islam,0,0,"",""
ball,1,9.2,Ireland,AR Cusack,NJ O'Brien,Shafiul Islam,0,0,caught,AR Cusack
ball,1,9.3,Ireland,KJ O'Brien,NJ O'Brien,Shafiul Islam,0,0,"",""
ball,1,9.4,Ireland,KJ O'Brien,NJ O'Brien,Shafiul Islam,0,0,"",""
ball,1,9.5,Ireland,KJ O'Brien,NJ O'Brien,Shafiul Islam,1,0,"",""
ball,1,9.6,Ireland,NJ O'Brien,KJ O'Brien,Shafiul Islam,0,0,"",""
ball,1,10.1,Ireland,KJ O'Brien,NJ O'Brien,Mashrafe Mortaza,1,0,"",""
ball,1,10.2,Ireland,NJ O'Brien,KJ O'Brien,Mashrafe Mortaza,0,0,"",""
ball,1,10.3,Ireland,NJ O'Brien,KJ O'Brien,Mashrafe Mortaza,0,0,"",""
ball,1,10.4,Ireland,NJ O'Brien,KJ O'Brien,Mashrafe Mortaza,1,0,"",""
ball,1,10.5,Ireland,KJ O'Brien,NJ O'Brien,Mashrafe Mortaza,4,0,"",""
ball,1,10.6,Ireland,KJ O'Brien,NJ O'Brien,Mashrafe Mortaza,0,0,"",""
ball,1,11.1,Ireland,NJ O'Brien,KJ O'Brien,Shafiul Islam,0,0,"",""
ball,1,11.2,Ireland,NJ O'Brien,KJ O'Brien,Shafiul Islam,4,0,"",""
ball,1,11.3,Ireland,NJ O'Brien,KJ O'Brien,Shafiul Islam,0,0,"",""
ball,1,11.4,Ireland,NJ O'Brien,KJ O'Brien,Shafiul Islam,0,0,"",""
ball,1,11.5,Ireland,NJ O'Brien,KJ O'Brien,Shafiul Islam,1,0,"",""
ball,1,11.6,Ireland,KJ O'Brien,NJ O'Brien,Shafiul Islam,0,0,"",""
ball,1,12.1,Ireland,NJ O'Brien,KJ O'Brien,Abdur Razzak,1,0,"",""
ball,1,12.2,Ireland,KJ O'Brien,NJ O'Brien,Abdur Razzak,1,0,"",""
ball,1,12.3,Ireland,NJ O'Brien,KJ O'Brien,Abdur Razzak,0,1,"",""
ball,1,12.4,Ireland,NJ O'Brien,KJ O'Brien,Abdur Razzak,0,0,"",""
ball,1,12.5,Ireland,NJ O'Brien,KJ O'Brien,Abdur Razzak,0,0,"",""
ball,1,12.6,Ireland,NJ O'Brien,KJ O'Brien,Abdur Razzak,1,0,"",""
ball,1,12.7,Ireland,KJ O'Brien,NJ O'Brien,Abdur Razzak,0,0,"",""
ball,1,13.1,Ireland,NJ O'Brien,KJ O'Brien,Shakib Al Hasan,1,0,"",""
ball,1,13.2,Ireland,KJ O'Brien,NJ O'Brien,Shakib Al Hasan,0,0,"",""
ball,1,13.3,Ireland,KJ O'Brien,NJ O'Brien,Shakib Al Hasan,0,0,"",""
ball,1,13.4,Ireland,KJ O'Brien,NJ O'Brien,Shakib Al Hasan,0,0,"",""
ball,1,13.5,Ireland,KJ O'Brien,NJ O'Brien,Shakib Al Hasan,0,0,"",""
ball,1,13.6,Ireland,KJ O'Brien,NJ O'Brien,Shakib Al Hasan,0,0,"",""
ball,1,14.1,Ireland,NJ O'Brien,KJ O'Brien,Abdur Razzak,1,0,"",""
ball,1,14.2,Ireland,KJ O'Brien,NJ O'Brien,Abdur Razzak,1,0,"",""
ball,1,14.3,Ireland,NJ O'Brien,KJ O'Brien,Abdur Razzak,0,0,"",""
ball,1,14.4,Ireland,NJ O'Brien,KJ O'Brien,Abdur Razzak,2,0,"",""
ball,1,14.5,Ireland,NJ O'Brien,KJ O'Brien,Abdur Razzak,1,0,"",""
ball,1,14.6,Ireland,KJ O'Brien,NJ O'Brien,Abdur Razzak,1,0,"",""
ball,1,15.1,Ireland,KJ O'Brien,NJ O'Brien,Shakib Al Hasan,0,0,"",""
ball,1,15.2,Ireland,KJ O'Brien,NJ O'Brien,Shakib Al Hasan,1,0,"",""
ball,1,15.3,Ireland,NJ O'Brien,KJ O'Brien,Shakib Al Hasan,0,0,"",""
ball,1,15.4,Ireland,NJ O'Brien,KJ O'Brien,Shakib Al Hasan,1,0,"",""
ball,1,15.5,Ireland,KJ O'Brien,NJ O'Brien,Shakib Al Hasan,1,0,"",""
ball,1,15.6,Ireland,NJ O'Brien,KJ O'Brien,Shakib Al Hasan,0,0,"",""
ball,1,16.1,Ireland,KJ O'Brien,NJ O'Brien,Abdur Razzak,0,0,"",""
ball,1,16.2,Ireland,KJ O'Brien,NJ O'Brien,Abdur Razzak,1,0,"",""
ball,1,16.3,Ireland,NJ O'Brien,KJ O'Brien,Abdur Razzak,0,0,"",""
ball,1,16.4,Ireland,NJ O'Brien,KJ O'Brien,Abdur Razzak,0,0,lbw,NJ O'Brien
ball,1,16.5,Ireland,AR White,KJ O'Brien,Abdur Razzak,0,0,"",""
ball,1,16.6,Ireland,AR White,KJ O'Brien,Abdur Razzak,0,0,"",""
ball,1,17.1,Ireland,KJ O'Brien,AR White,Shakib Al Hasan,1,0,"",""
ball,1,17.2,Ireland,AR White,KJ O'Brien,Shakib Al Hasan,0,0,"",""
ball,1,17.3,Ireland,AR White,KJ O'Brien,Shakib Al Hasan,0,0,"",""
ball,1,17.4,Ireland,AR White,KJ O'Brien,Shakib Al Hasan,1,0,"",""
ball,1,17.5,Ireland,KJ O'Brien,AR White,Shakib Al Hasan,0,0,"",""
ball,1,17.6,Ireland,KJ O'Brien,AR White,Shakib Al Hasan,0,0,"",""
ball,1,18.1,Ireland,AR White,KJ O'Brien,Abdur Razzak,0,0,"",""
ball,1,18.2,Ireland,AR White,KJ O'Brien,Abdur Razzak,0,0,"",""
ball,1,18.3,Ireland,AR White,KJ O'Brien,Abdur Razzak,1,0,"",""
ball,1,18.4,Ireland,KJ O'Brien,AR White,Abdur Razzak,0,0,"",""
ball,1,18.5,Ireland,KJ O'Brien,AR White,Abdur Razzak,0,0,"",""
ball,1,18.6,Ireland,KJ O'Brien,AR White,Abdur Razzak,0,0,"",""
ball,1,19.1,Ireland,AR White,KJ O'Brien,Shakib Al Hasan,0,0,"",""
ball,1,19.2,Ireland,AR White,KJ O'Brien,Shakib Al Hasan,0,0,"",""
ball,1,19.3,Ireland,AR White,KJ O'Brien,Shakib Al Hasan,0,0,"",""
ball,1,19.4,Ireland,AR White,KJ O'Brien,Shakib Al Hasan,0,1,"",""
ball,1,19.5,Ireland,AR White,KJ O'Brien,Shakib Al Hasan,0,0,"",""
ball,1,19.6,Ireland,AR White,KJ O'Brien,Shakib Al Hasan,1,0,"",""
ball,1,19.7,Ireland,KJ O'Brien,AR White,Shakib Al Hasan,0,0,"",""
ball,1,20.1,Ireland,AR White,KJ O'Brien,Abdur Razzak,0,0,"",""
ball,1,20.2,Ireland,AR White,KJ O'Brien,Abdur Razzak,1,0,"",""
ball,1,20.3,Ireland,KJ O'Brien,AR White,Abdur Razzak,0,0,"",""
ball,1,20.4,Ireland,KJ O'Brien,AR White,Abdur Razzak,0,0,"",""
ball,1,20.5,Ireland,KJ O'Brien,AR White,Abdur Razzak,1,0,"",""
ball,1,20.6,Ireland,AR White,KJ O'Brien,Abdur Razzak,0,0,"",""
ball,1,21.1,Ireland,KJ O'Brien,AR White,Shakib Al Hasan,0,0,stumped,KJ O'Brien
ball,1,21.2,Ireland,GC Wilson,AR White,Shakib Al Hasan,0,0,"",""
ball,1,21.3,Ireland,GC Wilson,AR White,Shakib Al Hasan,0,0,"",""
ball,1,21.4,Ireland,GC Wilson,AR White,Shakib Al Hasan,0,0,"",""
ball,1,21.5,Ireland,GC Wilson,AR White,Shakib Al Hasan,0,0,"",""
ball,1,21.6,Ireland,GC Wilson,AR White,Shakib Al Hasan,0,0,"",""
ball,1,22.1,Ireland,AR White,GC Wilson,Abdur Razzak,1,0,"",""
ball,1,22.2,Ireland,GC Wilson,AR White,Abdur Razzak,0,0,"",""
ball,1,22.3,Ireland,GC Wilson,AR White,Abdur Razzak,0,0,"",""
ball,1,22.4,Ireland,GC Wilson,AR White,Abdur Razzak,0,0,"",""
ball,1,22.5,Ireland,GC Wilson,AR White,Abdur Razzak,0,0,"",""
ball,1,22.6,Ireland,GC Wilson,AR White,Abdur Razzak,0,0,"",""
ball,1,23.1,Ireland,AR White,GC Wilson,Shakib Al Hasan,0,0,"",""
ball,1,23.2,Ireland,AR White,GC Wilson,Shakib Al Hasan,0,0,"",""
ball,1,23.3,Ireland,AR White,GC Wilson,Shakib Al Hasan,0,0,"",""
ball,1,23.4,Ireland,AR White,GC Wilson,Shakib Al Hasan,1,0,"",""
ball,1,23.5,Ireland,GC Wilson,AR White,Shakib Al Hasan,0,0,"",""
ball,1,23.6,Ireland,GC Wilson,AR White,Shakib Al Hasan,1,0,"",""
ball,1,24.1,Ireland,GC Wilson,AR White,Abdur Razzak,0,0,"",""
ball,1,24.2,Ireland,GC Wilson,AR White,Abdur Razzak,4,0,"",""
ball,1,24.3,Ireland,GC Wilson,AR White,Abdur Razzak,0,0,"",""
ball,1,24.4,Ireland,GC Wilson,AR White,Abdur Razzak,0,0,"",""
ball,1,24.5,Ireland,GC Wilson,AR White,Abdur Razzak,0,0,"",""
ball,1,24.6,Ireland,GC Wilson,AR White,Abdur Razzak,0,0,"",""
ball,1,25.1,Ireland,AR White,GC Wilson,Shakib Al Hasan,0,0,"",""
ball,1,25.2,Ireland,AR White,GC Wilson,Shakib Al Hasan,0,0,"",""
ball,1,25.3,Ireland,AR White,GC Wilson,Shakib Al Hasan,0,0,"",""
ball,1,25.4,Ireland,AR White,GC Wilson,Shakib Al Hasan,1,0,"",""
ball,1,25.5,Ireland,GC Wilson,AR White,Shakib Al Hasan,1,0,"",""
ball,1,25.6,Ireland,AR White,GC Wilson,Shakib Al Hasan,0,0,"",""
ball,1,26.1,Ireland,GC Wilson,AR White,Faisal Hossain,1,0,"",""
ball,1,26.2,Ireland,AR White,GC Wilson,Faisal Hossain,1,0,"",""
ball,1,26.3,Ireland,GC Wilson,AR White,Faisal Hossain,1,0,"",""
ball,1,26.4,Ireland,AR White,GC Wilson,Faisal Hossain,0,0,"",""
ball,1,26.5,Ireland,AR White,GC Wilson,Faisal Hossain,1,0,"",""
ball,1,26.6,Ireland,GC Wilson,AR White,Faisal Hossain,2,0,"",""
ball,1,27.1,Ireland,AR White,GC Wilson,Mahmudullah,1,0,"",""
ball,1,27.2,Ireland,GC Wilson,AR White,Mahmudullah,0,0,"",""
ball,1,27.3,Ireland,GC Wilson,AR White,Mahmudullah,0,0,"",""
ball,1,27.4,Ireland,GC Wilson,AR White,Mahmudullah,1,0,"",""
ball,1,27.5,Ireland,AR White,GC Wilson,Mahmudullah,2,0,"",""
ball,1,27.6,Ireland,AR White,GC Wilson,Mahmudullah,1,0,"",""
ball,1,28.1,Ireland,AR White,GC Wilson,Faisal Hossain,0,0,"",""
ball,1,28.2,Ireland,AR White,GC Wilson,Faisal Hossain,0,0,"",""
ball,1,28.3,Ireland,AR White,GC Wilson,Faisal Hossain,1,0,"",""
ball,1,28.4,Ireland,GC Wilson,AR White,Faisal Hossain,1,0,"",""
ball,1,28.5,Ireland,AR White,GC Wilson,Faisal Hossain,0,0,"",""
ball,1,28.6,Ireland,AR White,GC Wilson,Faisal Hossain,0,0,"",""
ball,1,29.1,Ireland,GC Wilson,AR White,Mashrafe Mortaza,1,0,"",""
ball,1,29.2,Ireland,AR White,GC Wilson,Mashrafe Mortaza,0,0,"",""
ball,1,29.3,Ireland,AR White,GC Wilson,Mashrafe Mortaza,1,0,"",""
ball,1,29.4,Ireland,GC Wilson,AR White,Mashrafe Mortaza,2,0,"",""
ball,1,29.5,Ireland,GC Wilson,AR White,Mashrafe Mortaza,1,0,"",""
ball,1,29.6,Ireland,AR White,GC Wilson,Mashrafe Mortaza,0,0,"",""
ball,1,30.1,Ireland,GC Wilson,AR White,Faisal Hossain,1,0,"",""
ball,1,30.2,Ireland,AR White,GC Wilson,Faisal Hossain,4,0,"",""
ball,1,30.3,Ireland,AR White,GC Wilson,Faisal Hossain,0,0,"",""
ball,1,30.4,Ireland,AR White,GC Wilson,Faisal Hossain,0,0,"",""
ball,1,30.5,Ireland,AR White,GC Wilson,Faisal Hossain,1,0,"",""
ball,1,30.6,Ireland,GC Wilson,AR White,Faisal Hossain,1,0,"",""
ball,1,31.1,Ireland,GC Wilson,AR White,Mashrafe Mortaza,0,0,"",""
ball,1,31.2,Ireland,GC Wilson,AR White,Mashrafe Mortaza,0,0,"",""
ball,1,31.3,Ireland,GC Wilson,AR White,Mashrafe Mortaza,0,0,"",""
ball,1,31.4,Ireland,GC Wilson,AR White,Mashrafe Mortaza,1,0,"",""
ball,1,31.5,Ireland,AR White,GC Wilson,Mashrafe Mortaza,0,0,"",""
ball,1,31.6,Ireland,AR White,GC Wilson,Mashrafe Mortaza,0,0,"",""
ball,1,32.1,Ireland,GC Wilson,AR White,Faisal Hossain,0,0,"",""
ball,1,32.2,Ireland,GC Wilson,AR White,Faisal Hossain,1,0,"",""
ball,1,32.3,Ireland,AR White,GC Wilson,Faisal Hossain,1,0,"",""
ball,1,32.4,Ireland,GC Wilson,AR White,Faisal Hossain,0,0,"",""
ball,1,32.5,Ireland,GC Wilson,AR White,Faisal Hossain,1,0,"",""
ball,1,32.6,Ireland,AR White,GC Wilson,Faisal Hossain,0,0,"",""
ball,1,33.1,Ireland,GC Wilson,AR White,Abdur Razzak,1,0,"",""
ball,1,33.2,Ireland,AR White,GC Wilson,Abdur Razzak,1,0,"",""
ball,1,33.3,Ireland,GC Wilson,AR White,Abdur Razzak,1,0,"",""
ball,1,33.4,Ireland,AR White,GC Wilson,Abdur Razzak,0,0,"",""
ball,1,33.5,Ireland,AR White,GC Wilson,Abdur Razzak,0,0,"",""
ball,1,33.6,Ireland,AR White,GC Wilson,Abdur Razzak,2,0,"",""
ball,1,34.1,Ireland,GC Wilson,AR White,Faisal Hossain,1,0,"",""
ball,1,34.2,Ireland,AR White,GC Wilson,Faisal Hossain,0,0,"",""
ball,1,34.3,Ireland,AR White,GC Wilson,Faisal Hossain,0,0,lbw,AR White
ball,1,34.4,Ireland,JF Mooney,GC Wilson,Faisal Hossain,0,0,"",""
ball,1,34.5,Ireland,JF Mooney,GC Wilson,Faisal Hossain,0,0,"",""
ball,1,34.6,Ireland,JF Mooney,GC Wilson,Faisal Hossain,1,0,"",""
ball,1,35.1,Ireland,JF Mooney,GC Wilson,Abdur Razzak,0,0,"",""
ball,1,35.2,Ireland,JF Mooney,GC Wilson,Abdur Razzak,0,0,"",""
ball,1,35.3,Ireland,JF Mooney,GC Wilson,Abdur Razzak,4,0,"",""
ball,1,35.4,Ireland,JF Mooney,GC Wilson,Abdur Razzak,1,0,"",""
ball,1,35.5,Ireland,GC Wilson,JF Mooney,Abdur Razzak,1,0,"",""
ball,1,35.6,Ireland,JF Mooney,GC Wilson,Abdur Razzak,0,0,"",""
ball,1,36.1,Ireland,GC Wilson,JF Mooney,Faisal Hossain,0,0,"",""
ball,1,36.2,Ireland,GC Wilson,JF Mooney,Faisal Hossain,4,0,"",""
ball,1,36.3,Ireland,GC Wilson,JF Mooney,Faisal Hossain,0,0,"",""
ball,1,36.4,Ireland,GC Wilson,JF Mooney,Faisal Hossain,2,0,"",""
ball,1,36.5,Ireland,GC Wilson,JF Mooney,Faisal Hossain,1,0,"",""
ball,1,36.6,Ireland,JF Mooney,GC Wilson,Faisal Hossain,0,0,"",""
ball,1,37.1,Ireland,GC Wilson,JF Mooney,Mahmudullah,4,0,"",""
ball,1,37.2,Ireland,GC Wilson,JF Mooney,Mahmudullah,2,0,"",""
ball,1,37.3,Ireland,GC Wilson,JF Mooney,Mahmudullah,1,0,"",""
ball,1,37.4,Ireland,JF Mooney,GC Wilson,Mahmudullah,1,0,"",""
ball,1,37.5,Ireland,GC Wilson,JF Mooney,Mahmudullah,1,0,"",""
ball,1,37.6,Ireland,JF Mooney,GC Wilson,Mahmudullah,0,0,"",""
ball,1,38.1,Ireland,GC Wilson,JF Mooney,Shafiul Islam,0,1,"",""
ball,1,38.2,Ireland,GC Wilson,JF Mooney,Shafiul Islam,1,0,"",""
ball,1,38.3,Ireland,JF Mooney,GC Wilson,Shafiul Islam,0,0,"",""
ball,1,38.4,Ireland,JF Mooney,GC Wilson,Shafiul Islam,0,0,"",""
ball,1,38.5,Ireland,JF Mooney,GC Wilson,Shafiul Islam,1,0,"",""
ball,1,38.6,Ireland,GC Wilson,JF Mooney,Shafiul Islam,0,0,"",""
ball,1,38.7,Ireland,GC Wilson,JF Mooney,Shafiul Islam,0,1,"",""
ball,1,38.8,Ireland,GC Wilson,JF Mooney,Shafiul Islam,4,0,"",""
ball,1,39.1,Ireland,JF Mooney,GC Wilson,Mashrafe Mortaza,1,0,"",""
ball,1,39.2,Ireland,GC Wilson,JF Mooney,Mashrafe Mortaza,2,0,"",""
ball,1,39.3,Ireland,GC Wilson,JF Mooney,Mashrafe Mortaza,2,0,"",""
ball,1,39.4,Ireland,GC Wilson,JF Mooney,Mashrafe Mortaza,1,0,"",""
ball,1,39.5,Ireland,JF Mooney,GC Wilson,Mashrafe Mortaza,0,1,"",""
ball,1,39.6,Ireland,GC Wilson,JF Mooney,Mashrafe Mortaza,4,0,"",""
ball,1,40.1,Ireland,JF Mooney,GC Wilson,Shafiul Islam,0,0,"",""
ball,1,40.2,Ireland,JF Mooney,GC Wilson,Shafiul Islam,4,0,"",""
ball,1,40.3,Ireland,JF Mooney,GC Wilson,Shafiul Islam,0,0,"",""
ball,1,40.4,Ireland,JF Mooney,GC Wilson,Shafiul Islam,0,0,"",""
ball,1,40.5,Ireland,JF Mooney,GC Wilson,Shafiul Islam,6,0,"",""
ball,1,40.6,Ireland,JF Mooney,GC Wilson,Shafiul Islam,4,0,"",""
ball,1,41.1,Ireland,GC Wilson,JF Mooney,Shakib Al Hasan,2,0,"",""
ball,1,41.2,Ireland,GC Wilson,JF Mooney,Shakib Al Hasan,0,0,"",""
ball,1,41.3,Ireland,GC Wilson,JF Mooney,Shakib Al Hasan,4,0,"",""
ball,1,41.4,Ireland,GC Wilson,JF Mooney,Shakib Al Hasan,0,0,"",""
ball,1,41.5,Ireland,GC Wilson,JF Mooney,Shakib Al Hasan,0,0,caught,GC Wilson
ball,1,41.6,Ireland,DT Johnston,JF Mooney,Shakib Al Hasan,0,1,"",""
ball,1,41.7,Ireland,DT Johnston,JF Mooney,Shakib Al Hasan,0,0,"",""
ball,1,42.1,Ireland,JF Mooney,DT Johnston,Shafiul Islam,0,1,"",""
ball,1,42.2,Ireland,JF Mooney,DT Johnston,Shafiul Islam,1,0,"",""
ball,1,42.3,Ireland,DT Johnston,JF Mooney,Shafiul Islam,0,0,"",""
ball,1,42.4,Ireland,DT Johnston,JF Mooney,Shafiul Islam,0,1,"",""
ball,1,42.5,Ireland,DT Johnston,JF Mooney,Shafiul Islam,0,0,caught,DT Johnston
ball,1,42.6,Ireland,JF Mooney,WB Rankin,Shafiul Islam,4,0,"",""
ball,1,42.7,Ireland,JF Mooney,WB Rankin,Shafiul Islam,0,0,"",""
ball,1,42.8,Ireland,JF Mooney,WB Rankin,Shafiul Islam,0,0,caught,JF Mooney
ball,1,43.1,Ireland,WB Rankin,GH Dockrell,Shakib Al Hasan,0,0,"",""
ball,1,43.2,Ireland,WB Rankin,GH Dockrell,Shakib Al Hasan,0,0,"",""
ball,1,43.3,Ireland,WB Rankin,GH Dockrell,Shakib Al Hasan,1,0,"",""
ball,1,43.4,Ireland,GH Dockrell,WB Rankin,Shakib Al Hasan,0,0,"",""
ball,1,43.5,Ireland,GH Dockrell,WB Rankin,Shakib Al Hasan,1,0,"",""
ball,1,43.6,Ireland,WB Rankin,GH Dockrell,Shakib Al Hasan,0,0,"",""
ball,1,44.1,Ireland,GH Dockrell,WB Rankin,Shafiul Islam,1,0,"",""
ball,1,44.2,Ireland,WB Rankin,GH Dockrell,Shafiul Islam,1,0,"",""
ball,1,44.3,Ireland,GH Dockrell,WB Rankin,Shafiul Islam,1,0,"",""
ball,1,44.4,Ireland,WB Rankin,GH Dockrell,Shafiul Islam,0,0,"",""
ball,1,44.5,Ireland,WB Rankin,GH Dockrell,Shafiul Islam,0,0,"",""
ball,1,44.6,Ireland,WB Rankin,GH Dockrell,Shafiul Islam,1,0,"",""
ball,1,45.1,Ireland,WB Rankin,GH Dockrell,Mahmudullah,2,0,"",""
ball,1,45.2,Ireland,WB Rankin,GH Dockrell,Mahmudullah,0,0,"",""
ball,1,45.3,Ireland,WB Rankin,GH Dockrell,Mahmudullah,0,1,"",""
ball,1,45.4,Ireland,WB Rankin,GH Dockrell,Mahmudullah,1,0,"",""
ball,1,45.5,Ireland,GH Dockrell,WB Rankin,Mahmudullah,1,0,"",""
ball,1,45.6,Ireland,WB Rankin,GH Dockrell,Mahmudullah,0,1,"",""
ball,1,45.7,Ireland,GH Dockrell,WB Rankin,Mahmudullah,1,0,"",""
ball,2,0.1,Bangladesh,Tamim Iqbal,Imrul Kayes,WB Rankin,0,0,"",""
ball,2,0.2,Bangladesh,Tamim Iqbal,Imrul Kayes,WB Rankin,0,0,"",""
ball,2,0.3,Bangladesh,Tamim Iqbal,Imrul Kayes,WB Rankin,1,0,"",""
ball,2,0.4,Bangladesh,Imrul Kayes,Tamim Iqbal,WB Rankin,0,0,"",""
ball,2,0.5,Bangladesh,Imrul Kayes,Tamim Iqbal,WB Rankin,0,0,"",""
ball,2,0.6,Bangladesh,Imrul Kayes,Tamim Iqbal,WB Rankin,0,0,"",""
ball,2,1.1,Bangladesh,Tamim Iqbal,Imrul Kayes,DT Johnston,0,0,"",""
ball,2,1.2,Bangladesh,Tamim Iqbal,Imrul Kayes,DT Johnston,0,0,"",""
ball,2,1.3,Bangladesh,Tamim Iqbal,Imrul Kayes,DT Johnston,1,0,"",""
ball,2,1.4,Bangladesh,Imrul Kayes,Tamim Iqbal,DT Johnston,0,0,"",""
ball,2,1.5,Bangladesh,Imrul Kayes,Tamim Iqbal,DT Johnston,1,0,"",""
ball,2,1.6,Bangladesh,Tamim Iqbal,Imrul Kayes,DT Johnston,1,0,"",""
ball,2,2.1,Bangladesh,Tamim Iqbal,Imrul Kayes,WB Rankin,0,0,"",""
ball,2,2.2,Bangladesh,Tamim Iqbal,Imrul Kayes,WB Rankin,0,0,"",""
ball,2,2.3,Bangladesh,Tamim Iqbal,Imrul Kayes,WB Rankin,0,0,"",""
ball,2,2.4,Bangladesh,Tamim Iqbal,Imrul Kayes,WB Rankin,1,0,"",""
ball,2,2.5,Bangladesh,Imrul Kayes,Tamim Iqbal,WB Rankin,0,0,"",""
ball,2,2.6,Bangladesh,Imrul Kayes,Tamim Iqbal,WB Rankin,4,0,"",""
ball,2,3.1,Bangladesh,Tamim Iqbal,Imrul Kayes,DT Johnston,0,0,"",""
ball,2,3.2,Bangladesh,Tamim Iqbal,Imrul Kayes,DT Johnston,1,0,"",""
ball,2,3.3,Bangladesh,Imrul Kayes,Tamim Iqbal,DT Johnston,0,0,"",""
ball,2,3.4,Bangladesh,Imrul Kayes,Tamim Iqbal,DT Johnston,0,0,"",""
ball,2,3.5,Bangladesh,Imrul Kayes,Tamim Iqbal,DT Johnston,0,0,"",""
ball,2,3.6,Bangladesh,Imrul Kayes,Tamim Iqbal,DT Johnston,0,0,"",""
ball,2,4.1,Bangladesh,Tamim Iqbal,Imrul Kayes,WB Rankin,0,0,"",""
ball,2,4.2,Bangladesh,Tamim Iqbal,Imrul Kayes,WB Rankin,0,0,"",""
ball,2,4.3,Bangladesh,Tamim Iqbal,Imrul Kayes,WB Rankin,0,0,"",""
ball,2,4.4,Bangladesh,Tamim Iqbal,Imrul Kayes,WB Rankin,0,0,"",""
ball,2,4.5,Bangladesh,Tamim Iqbal,Imrul Kayes,WB Rankin,0,0,"",""
ball,2,4.6,Bangladesh,Tamim Iqbal,Imrul Kayes,WB Rankin,0,0,"",""
ball,2,5.1,Bangladesh,Imrul Kayes,Tamim Iqbal,DT Johnston,0,0,"",""
ball,2,5.2,Bangladesh,Imrul Kayes,Tamim Iqbal,DT Johnston,0,0,caught,Imrul Kayes
ball,2,5.3,Bangladesh,Junaid Siddique,Tamim Iqbal,DT Johnston,0,0,"",""
ball,2,5.4,Bangladesh,Junaid Siddique,Tamim Iqbal,DT Johnston,0,0,"",""
ball,2,5.5,Bangladesh,Junaid Siddique,Tamim Iqbal,DT Johnston,1,0,"",""
ball,2,5.6,Bangladesh,Tamim Iqbal,Junaid Siddique,DT Johnston,1,0,"",""
ball,2,6.1,Bangladesh,Tamim Iqbal,Junaid Siddique,WB Rankin,0,0,"",""
ball,2,6.2,Bangladesh,Tamim Iqbal,Junaid Siddique,WB Rankin,0,0,"",""
ball,2,6.3,Bangladesh,Tamim Iqbal,Junaid Siddique,WB Rankin,1,0,"",""
ball,2,6.4,Bangladesh,Junaid Siddique,Tamim Iqbal,WB Rankin,0,0,"",""
ball,2,6.5,Bangladesh,Junaid Siddique,Tamim Iqbal,WB Rankin,2,0,"",""
ball,2,6.6,Bangladesh,Junaid Siddique,Tamim Iqbal,WB Rankin,0,0,"",""
ball,2,7.1,Bangladesh,Tamim Iqbal,Junaid Siddique,DT Johnston,4,0,"",""
ball,2,7.2,Bangladesh,Tamim Iqbal,Junaid Siddique,DT Johnston,1,0,"",""
ball,2,7.3,Bangladesh,Junaid Siddique,Tamim Iqbal,DT Johnston,0,0,"",""
ball,2,7.4,Bangladesh,Junaid Siddique,Tamim Iqbal,DT Johnston,2,0,"",""
ball,2,7.5,Bangladesh,Junaid Siddique,Tamim Iqbal,DT Johnston,4,0,"",""
ball,2,7.6,Bangladesh,Junaid Siddique,Tamim Iqbal,DT Johnston,0,0,"",""
ball,2,8.1,Bangladesh,Tamim Iqbal,Junaid Siddique,WB Rankin,1,0,"",""
ball,2,8.2,Bangladesh,Junaid Siddique,Tamim Iqbal,WB Rankin,0,1,"",""
ball,2,8.3,Bangladesh,Junaid Siddique,Tamim Iqbal,WB Rankin,0,0,"",""
ball,2,8.4,Bangladesh,Junaid Siddique,Tamim Iqbal,WB Rankin,4,0,"",""
ball,2,8.5,Bangladesh,Junaid Siddique,Tamim Iqbal,WB Rankin,0,0,"",""
ball,2,8.6,Bangladesh,Junaid Siddique,Tamim Iqbal,WB Rankin,0,1,"",""
ball,2,8.7,Bangladesh,Junaid Siddique,Tamim Iqbal,WB Rankin,0,0,"",""
ball,2,8.8,Bangladesh,Junaid Siddique,Tamim Iqbal,WB Rankin,0,0,"",""
ball,2,9.1,Bangladesh,Tamim Iqbal,Junaid Siddique,PR Stirling,0,0,"",""
ball,2,9.2,Bangladesh,Tamim Iqbal,Junaid Siddique,PR Stirling,0,0,"",""
ball,2,9.3,Bangladesh,Tamim Iqbal,Junaid Siddique,PR Stirling,6,0,"",""
ball,2,9.4,Bangladesh,Tamim Iqbal,Junaid Siddique,PR Stirling,2,0,"",""
ball,2,9.5,Bangladesh,Tamim Iqbal,Junaid Siddique,PR Stirling,0,0,"",""
ball,2,9.6,Bangladesh,Tamim Iqbal,Junaid Siddique,PR Stirling,0,0,"",""
ball,2,10.1,Bangladesh,Junaid Siddique,Tamim Iqbal,KJ O'Brien,0,0,caught,Junaid Siddique
ball,2,10.2,Bangladesh,Jahurul Islam,Tamim Iqbal,KJ O'Brien,2,0,"",""
ball,2,10.3,Bangladesh,Jahurul Islam,Tamim Iqbal,KJ O'Brien,0,0,"",""
ball,2,10.4,Bangladesh,Jahurul Islam,Tamim Iqbal,KJ O'Brien,1,0,"",""
ball,2,10.5,Bangladesh,Tamim Iqbal,Jahurul Islam,KJ O'Brien,0,0,"",""
ball,2,10.6,Bangladesh,Tamim Iqbal,Jahurul Islam,KJ O'Brien,1,0,"",""
ball,2,11.1,Bangladesh,Tamim Iqbal,Jahurul Islam,AR Cusack,0,1,"",""
ball,2,11.2,Bangladesh,Jahurul Islam,Tamim Iqbal,AR Cusack,0,0,"",""
ball,2,11.3,Bangladesh,Jahurul Islam,Tamim Iqbal,AR Cusack,0,0,"",""
ball,2,11.4,Bangladesh,Jahurul Islam,Tamim Iqbal,AR Cusack,1,0,"",""
ball,2,11.5,Bangladesh,Tamim Iqbal,Jahurul Islam,AR Cusack,3,0,"",""
ball,2,11.6,Bangladesh,Jahurul Islam,Tamim Iqbal,AR Cusack,0,0,"",""
ball,2,12.1,Bangladesh,Tamim Iqbal,Jahurul Islam,KJ O'Brien,1,0,"",""
ball,2,12.2,Bangladesh,Jahurul Islam,Tamim Iqbal,KJ O'Brien,1,0,"",""
ball,2,12.3,Bangladesh,Tamim Iqbal,Jahurul Islam,KJ O'Brien,0,0,"",""
ball,2,12.4,Bangladesh,Tamim Iqbal,Jahurul Islam,KJ O'Brien,0,0,"",""
ball,2,12.5,Bangladesh,Tamim Iqbal,Jahurul Islam,KJ O'Brien,1,0,"",""
ball,2,12.6,Bangladesh,Jahurul Islam,Tamim Iqbal,KJ O'Brien,0,5,"",""
ball,2,12.7,Bangladesh,Jahurul Islam,Tamim Iqbal,KJ O'Brien,0,0,"",""
ball,2,13.1,Bangladesh,Tamim Iqbal,Jahurul Islam,AR Cusack,0,0,"",""
ball,2,13.2,Bangladesh,Tamim Iqbal,Jahurul Islam,AR Cusack,1,0,"",""
ball,2,13.3,Bangladesh,Jahurul Islam,Tamim Iqbal,AR Cusack,0,0,"",""
ball,2,13.4,Bangladesh,Jahurul Islam,Tamim Iqbal,AR Cusack,0,0,"",""
ball,2,13.5,Bangladesh,Jahurul Islam,Tamim Iqbal,AR Cusack,0,0,"",""
ball,2,13.6,Bangladesh,Jahurul Islam,Tamim Iqbal,AR Cusack,2,0,"",""
ball,2,14.1,Bangladesh,Tamim Iqbal,Jahurul Islam,KJ O'Brien,1,0,"",""
ball,2,14.2,Bangladesh,Jahurul Islam,Tamim Iqbal,KJ O'Brien,1,0,"",""
ball,2,14.3,Bangladesh,Tamim Iqbal,Jahurul Islam,KJ O'Brien,0,0,"",""
ball,2,14.4,Bangladesh,Tamim Iqbal,Jahurul Islam,KJ O'Brien,0,0,"",""
ball,2,14.5,Bangladesh,Tamim Iqbal,Jahurul Islam,KJ O'Brien,1,0,"",""
ball,2,14.6,Bangladesh,Jahurul Islam,Tamim Iqbal,KJ O'Brien,0,0,"",""
ball,2,15.1,Bangladesh,Tamim Iqbal,Jahurul Islam,GH Dockrell,4,0,"",""
ball,2,15.2,Bangladesh,Tamim Iqbal,Jahurul Islam,GH Dockrell,0,0,"",""
ball,2,15.3,Bangladesh,Tamim Iqbal,Jahurul Islam,GH Dockrell,4,0,"",""
ball,2,15.4,Bangladesh,Tamim Iqbal,Jahurul Islam,GH Dockrell,0,0,"",""
ball,2,15.5,Bangladesh,Tamim Iqbal,Jahurul Islam,GH Dockrell,0,0,"",""
ball,2,15.6,Bangladesh,Tamim Iqbal,Jahurul Islam,GH Dockrell,1,0,"",""
ball,2,16.1,Bangladesh,Tamim Iqbal,Jahurul Islam,PR Stirling,1,0,"",""
ball,2,16.2,Bangladesh,Jahurul Islam,Tamim Iqbal,PR Stirling,4,0,"",""
ball,2,16.3,Bangladesh,Jahurul Islam,Tamim Iqbal,PR Stirling,0,0,"",""
ball,2,16.4,Bangladesh,Jahurul Islam,Tamim Iqbal,PR Stirling,3,0,"",""
ball,2,16.5,Bangladesh,Tamim Iqbal,Jahurul Islam,PR Stirling,0,0,"",""
ball,2,16.6,Bangladesh,Tamim Iqbal,Jahurul Islam,PR Stirling,0,0,"",""
ball,2,17.1,Bangladesh,Jahurul Islam,Tamim Iqbal,GH Dockrell,0,0,"",""
ball,2,17.2,Bangladesh,Jahurul Islam,Tamim Iqbal,GH Dockrell,0,0,"",""
ball,2,17.3,Bangladesh,Jahurul Islam,Tamim Iqbal,GH Dockrell,3,0,"",""
ball,2,17.4,Bangladesh,Tamim Iqbal,Jahurul Islam,GH Dockrell,0,0,"",""
ball,2,17.5,Bangladesh,Tamim Iqbal,Jahurul Islam,GH Dockrell,1,0,"",""
ball,2,17.6,Bangladesh,Jahurul Islam,Tamim Iqbal,GH Dockrell,1,0,"",""
ball,2,18.1,Bangladesh,Jahurul Islam,Tamim Iqbal,PR Stirling,0,0,"",""
ball,2,18.2,Bangladesh,Jahurul Islam,Tamim Iqbal,PR Stirling,1,0,"",""
ball,2,18.3,Bangladesh,Tamim Iqbal,Jahurul Islam,PR Stirling,4,0,"",""
ball,2,18.4,Bangladesh,Tamim Iqbal,Jahurul Islam,PR Stirling,0,0,"",""
ball,2,18.5,Bangladesh,Tamim Iqbal,Jahurul Islam,PR Stirling,0,0,"",""
ball,2,18.6,Bangladesh,Tamim Iqbal,Jahurul Islam,PR Stirling,1,0,"",""
ball,2,19.1,Bangladesh,Tamim Iqbal,Jahurul Islam,WB Rankin,0,0,"",""
ball,2,19.2,Bangladesh,Tamim Iqbal,Jahurul Islam,WB Rankin,1,0,"",""
ball,2,19.3,Bangladesh,Jahurul Islam,Tamim Iqbal,WB Rankin,0,0,"",""
ball,2,19.4,Bangladesh,Jahurul Islam,Tamim Iqbal,WB Rankin,0,0,"",""
ball,2,19.5,Bangladesh,Jahurul Islam,Tamim Iqbal,WB Rankin,0,0,"",""
ball,2,19.6,Bangladesh,Jahurul Islam,Tamim Iqbal,WB Rankin,0,0,"",""
ball,2,20.1,Bangladesh,Tamim Iqbal,Jahurul Islam,AR Cusack,4,0,"",""
ball,2,20.2,Bangladesh,Tamim Iqbal,Jahurul Islam,AR Cusack,1,0,"",""
ball,2,20.3,Bangladesh,Jahurul Islam,Tamim Iqbal,AR Cusack,0,0,"",""
ball,2,20.4,Bangladesh,Jahurul Islam,Tamim Iqbal,AR Cusack,0,1,"",""
ball,2,20.5,Bangladesh,Tamim Iqbal,Jahurul Islam,AR Cusack,1,0,"",""
ball,2,20.6,Bangladesh,Jahurul Islam,Tamim Iqbal,AR Cusack,0,0,"",""
ball,2,21.1,Bangladesh,Tamim Iqbal,Jahurul Islam,WB Rankin,0,0,"",""
ball,2,21.2,Bangladesh,Tamim Iqbal,Jahurul Islam,WB Rankin,0,0,"",""
ball,2,21.3,Bangladesh,Tamim Iqbal,Jahurul Islam,WB Rankin,1,0,"",""
ball,2,21.4,Bangladesh,Jahurul Islam,Tamim Iqbal,WB Rankin,0,1,"",""
ball,2,21.5,Bangladesh,Jahurul Islam,Tamim Iqbal,WB Rankin,0,0,"",""
ball,2,21.6,Bangladesh,Jahurul Islam,Tamim Iqbal,WB Rankin,0,1,"",""
ball,2,21.7,Bangladesh,Tamim Iqbal,Jahurul Islam,WB Rankin,1,0,"",""
ball,2,22.1,Bangladesh,Tamim Iqbal,Jahurul Islam,AR Cusack,1,0,"",""
ball,2,22.2,Bangladesh,Jahurul Islam,Tamim Iqbal,AR Cusack,0,0,"",""
ball,2,22.3,Bangladesh,Jahurul Islam,Tamim Iqbal,AR Cusack,1,0,"",""
ball,2,22.4,Bangladesh,Tamim Iqbal,Jahurul Islam,AR Cusack,0,0,"",""
ball,2,22.5,Bangladesh,Tamim Iqbal,Jahurul Islam,AR Cusack,1,0,"",""
ball,2,22.6,Bangladesh,Jahurul Islam,Tamim Iqbal,AR Cusack,0,0,"",""
ball,2,23.1,Bangladesh,Tamim Iqbal,Jahurul Islam,DT Johnston,1,0,"",""
ball,2,23.2,Bangladesh,Jahurul Islam,Tamim Iqbal,DT Johnston,0,0,"",""
ball,2,23.3,Bangladesh,Jahurul Islam,Tamim Iqbal,DT Johnston,2,0,"",""
ball,2,23.4,Bangladesh,Jahurul Islam,Tamim Iqbal,DT Johnston,0,0,"",""
ball,2,23.5,Bangladesh,Jahurul Islam,Tamim Iqbal,DT Johnston,0,0,"",""
ball,2,23.6,Bangladesh,Jahurul Islam,Tamim Iqbal,DT Johnston,4,0,"",""
ball,2,24.1,Bangladesh,Tamim Iqbal,Jahurul Islam,AR White,1,0,"",""
ball,2,24.2,Bangladesh,Jahurul Islam,Tamim Iqbal,AR White,1,0,"",""
ball,2,24.3,Bangladesh,Tamim Iqbal,Jahurul Islam,AR White,1,0,"",""
ball,2,24.4,Bangladesh,Jahurul Islam,Tamim Iqbal,AR White,1,0,"",""
ball,2,24.5,Bangladesh,Tamim Iqbal,Jahurul Islam,AR White,1,0,"",""
ball,2,24.6,Bangladesh,Jahurul Islam,Tamim Iqbal,AR White,1,0,"",""
ball,2,25.1,Bangladesh,Jahurul Islam,Tamim Iqbal,DT Johnston,0,0,"",""
ball,2,25.2,Bangladesh,Jahurul Islam,Tamim Iqbal,DT Johnston,0,0,"",""
ball,2,25.3,Bangladesh,Jahurul Islam,Tamim Iqbal,DT Johnston,0,0,"",""
ball,2,25.4,Bangladesh,Jahurul Islam,Tamim Iqbal,DT Johnston,4,0,"",""
ball,2,25.5,Bangladesh,Jahurul Islam,Tamim Iqbal,DT Johnston,0,0,"",""
ball,2,25.6,Bangladesh,Jahurul Islam,Tamim Iqbal,DT Johnston,0,0,"",""
ball,2,26.1,Bangladesh,Tamim Iqbal,Jahurul Islam,AR White,1,0,"",""
ball,2,26.2,Bangladesh,Jahurul Islam,Tamim Iqbal,AR White,0,0,caught,Jahurul Islam
ball,2,26.3,Bangladesh,Shakib Al Hasan,Tamim Iqbal,AR White,1,0,"",""
ball,2,26.4,Bangladesh,Tamim Iqbal,Shakib Al Hasan,AR White,1,0,"",""
ball,2,26.5,Bangladesh,Shakib Al Hasan,Tamim Iqbal,AR White,0,0,"",""
ball,2,26.6,Bangladesh,Shakib Al Hasan,Tamim Iqbal,AR White,1,0,"",""
ball,2,27.1,Bangladesh,Shakib Al Hasan,Tamim Iqbal,DT Johnston,0,0,"",""
ball,2,27.2,Bangladesh,Shakib Al Hasan,Tamim Iqbal,DT Johnston,0,0,"",""
ball,2,27.3,Bangladesh,Shakib Al Hasan,Tamim Iqbal,DT Johnston,1,0,"",""
ball,2,27.4,Bangladesh,Tamim Iqbal,Shakib Al Hasan,DT Johnston,4,0,"",""
ball,2,27.5,Bangladesh,Tamim Iqbal,Shakib Al Hasan,DT Johnston,0,0,"",""
ball,2,27.6,Bangladesh,Tamim Iqbal,Shakib Al Hasan,DT Johnston,1,0,"",""
ball,2,28.1,Bangladesh,Tamim Iqbal,Shakib Al Hasan,KJ O'Brien,1,0,"",""
ball,2,28.2,Bangladesh,Shakib Al Hasan,Tamim Iqbal,KJ O'Brien,0,0,"",""
ball,2,28.3,Bangladesh,Shakib Al Hasan,Tamim Iqbal,KJ O'Brien,0,1,"",""
ball,2,28.4,Bangladesh,Shakib Al Hasan,Tamim Iqbal,KJ O'Brien,0,0,"",""
ball,2,28.5,Bangladesh,Shakib Al Hasan,Tamim Iqbal,KJ O'Brien,1,0,"",""
ball,2,28.6,Bangladesh,Tamim Iqbal,Shakib Al Hasan,KJ O'Brien,1,0,"",""
ball,2,28.7,Bangladesh,Shakib Al Hasan,Tamim Iqbal,KJ O'Brien,0,0,"",""
ball,2,29.1,Bangladesh,Tamim Iqbal,Shakib Al Hasan,WB Rankin,1,0,"",""
ball,2,29.2,Bangladesh,Shakib Al Hasan,Tamim Iqbal,WB Rankin,0,0,"",""
ball,2,29.3,Bangladesh,Shakib Al Hasan,Tamim Iqbal,WB Rankin,0,1,"",""
ball,2,29.4,Bangladesh,Shakib Al Hasan,Tamim Iqbal,WB Rankin,3,0,"",""
ball,2,29.5,Bangladesh,Tamim Iqbal,Shakib Al Hasan,WB Rankin,0,0,"",""
ball,2,29.6,Bangladesh,Tamim Iqbal,Shakib Al Hasan,WB Rankin,1,0,"",""
ball,2,29.7,Bangladesh,Shakib Al Hasan,Tamim Iqbal,WB Rankin,1,0,"",""
ball,2,30.1,Bangladesh,Shakib Al Hasan,Tamim Iqbal,KJ O'Brien,0,0,"",""
ball,2,30.2,Bangladesh,Shakib Al Hasan,Tamim Iqbal,KJ O'Brien,4,0,"",""
ball,2,30.3,Bangladesh,Shakib Al Hasan,Tamim Iqbal,KJ O'Brien,4,0,"",""
ball,2,30.4,Bangladesh,Shakib Al Hasan,Tamim Iqbal,KJ O'Brien,0,0,"",""
ball,2,30.5,Bangladesh,Shakib Al Hasan,Tamim Iqbal,KJ O'Brien,2,0,"",""
ball,2,30.6,Bangladesh,Shakib Al Hasan,Tamim Iqbal,KJ O'Brien,0,1,"",""
ball,2,30.7,Bangladesh,Shakib Al Hasan,Tamim Iqbal,KJ O'Brien,1,0,"",""
ball,2,31.1,Bangladesh,Shakib Al Hasan,Tamim Iqbal,WB Rankin,0,2,"",""
ball,2,31.2,Bangladesh,Shakib Al Hasan,Tamim Iqbal,WB Rankin,0,0,"",""
ball,2,31.3,Bangladesh,Shakib Al Hasan,Tamim Iqbal,WB Rankin,0,1,"",""
ball,2,31.4,Bangladesh,Shakib Al Hasan,Tamim Iqbal,WB Rankin,1,0,"",""
ball,2,31.5,Bangladesh,Tamim Iqbal,Shakib Al Hasan,WB Rankin,1,0,"",""
ball,2,31.6,Bangladesh,Shakib Al Hasan,Tamim Iqbal,WB Rankin,4,0,"",""
ball,2,32.1,Bangladesh,Tamim Iqbal,Shakib Al Hasan,KJ O'Brien,0,0,"",""
ball,2,32.2,Bangladesh,Tamim Iqbal,Shakib Al Hasan,KJ O'Brien,1,0,"",""
ball,2,32.3,Bangladesh,Shakib Al Hasan,Tamim Iqbal,KJ O'Brien,0,0,"",""
ball,2,32.4,Bangladesh,Shakib Al Hasan,Tamim Iqbal,KJ O'Brien,0,0,"",""
ball,2,32.5,Bangladesh,Shakib Al Hasan,Tamim Iqbal,KJ O'Brien,0,0,"",""
ball,2,32.6,Bangladesh,Shakib Al Hasan,Tamim Iqbal,KJ O'Brien,0,1,"",""
ball,2,32.7,Bangladesh,Shakib Al Hasan,Tamim Iqbal,KJ O'Brien,4,0,"",""
ball,2,33.1,Bangladesh,Tamim Iqbal,Shakib Al Hasan,GH Dockrell,0,0,caught,Tamim Iqbal
ball,2,33.2,Bangladesh,Shakib Al Hasan,Mushfiqur Rahim,GH Dockrell,1,0,"",""
ball,2,33.3,Bangladesh,Mushfiqur Rahim,Shakib Al Hasan,GH Dockrell,0,0,"",""
ball,2,33.4,Bangladesh,Mushfiqur Rahim,Shakib Al Hasan,GH Dockrell,0,0,"",""
ball,2,33.5,Bangladesh,Mushfiqur Rahim,Shakib Al Hasan,GH Dockrell,0,1,"",""
ball,2,33.6,Bangladesh,Shakib Al Hasan,Mushfiqur Rahim,GH Dockrell,0,0,"",""
ball,2,34.1,Bangladesh,Mushfiqur Rahim,Shakib Al Hasan,PR Stirling,4,0,"",""
ball,2,34.2,Bangladesh,Mushfiqur Rahim,Shakib Al Hasan,PR Stirling,0,0,"",""
ball,2,34.3,Bangladesh,Mushfiqur Rahim,Shakib Al Hasan,PR Stirling,0,0,"",""
ball,2,34.4,Bangladesh,Mushfiqur Rahim,Shakib Al Hasan,PR Stirling,0,0,"",""
ball,2,34.5,Bangladesh,Mushfiqur Rahim,Shakib Al Hasan,PR Stirling,0,0,"",""
ball,2,34.6,Bangladesh,Mushfiqur Rahim,Shakib Al Hasan,PR Stirling,4,0,"",""
ball,2,35.1,Bangladesh,Shakib Al Hasan,Mushfiqur Rahim,GH Dockrell,0,0,"",""
ball,2,35.2,Bangladesh,Shakib Al Hasan,Mushfiqur Rahim,GH Dockrell,0,0,"",""
ball,2,35.3,Bangladesh,Shakib Al Hasan,Mushfiqur Rahim,GH Dockrell,0,0,"",""
ball,2,35.4,Bangladesh,Shakib Al Hasan,Mushfiqur Rahim,GH Dockrell,1,0,"",""
ball,2,35.5,Bangladesh,Mushfiqur Rahim,Shakib Al Hasan,GH Dockrell,0,0,"",""
ball,2,35.6,Bangladesh,Mushfiqur Rahim,Shakib Al Hasan,GH Dockrell,0,0,"",""
ball,2,36.1,Bangladesh,Shakib Al Hasan,Mushfiqur Rahim,PR Stirling,1,0,"",""
ball,2,36.2,Bangladesh,Mushfiqur Rahim,Shakib Al Hasan,PR Stirling,0,0,"",""
ball,2,36.3,Bangladesh,Mushfiqur Rahim,Shakib Al Hasan,PR Stirling,1,0,"",""
ball,2,36.4,Bangladesh,Shakib Al Hasan,Mushfiqur Rahim,PR Stirling,0,0,"",""
ball,2,36.5,Bangladesh,Shakib Al Hasan,Mushfiqur Rahim,PR Stirling,0,0,"",""
ball,2,36.6,Bangladesh,Shakib Al Hasan,Mushfiqur Rahim,PR Stirling,1,0,"",""
ball,2,37.1,Bangladesh,Shakib Al Hasan,Mushfiqur Rahim,GH Dockrell,1,0,"",""
ball,2,37.2,Bangladesh,Mushfiqur Rahim,Shakib Al Hasan,GH Dockrell,0,0,"",""
ball,2,37.3,Bangladesh,Mushfiqur Rahim,Shakib Al Hasan,GH Dockrell,0,0,"",""
ball,2,37.4,Bangladesh,Mushfiqur Rahim,Shakib Al Hasan,GH Dockrell,4,0,"",""
