version,1.3.0
info,team,India
info,team,Pakistan
info,gender,male
info,season,2010
info,date,2010/06/19
info,competition,Asia Cup
info,match_number,4
info,venue,Rangiri Dambulla International Stadium
info,city,
info,neutralvenue,true
info,toss_winner,Pakistan
info,toss_decision,bat
info,player_of_match,G Gambhir
info,umpire,BF Bowden
info,umpire,BR Doctrove
info,reserve_umpire,RMPJ Rambukwella
info,tv_umpire,Sharfuddoula
info,match_referee,AJ Pycroft
info,winner,India
info,winner_wickets,3
ball,1,0.1,Pakistan,Salman Butt,Imran Farhat,P Kumar,0,1,"",""
ball,1,0.2,Pakistan,Salman Butt,Imran Farhat,P Kumar,1,0,"",""
ball,1,0.3,Pakistan,Imran Farhat,Salman Butt,P Kumar,0,0,"",""
ball,1,0.4,Pakistan,Imran Farhat,Salman Butt,P Kumar,0,0,"",""
ball,1,0.5,Pakistan,Imran Farhat,Salman Butt,P Kumar,0,1,"",""
ball,1,0.6,Pakistan,Imran Farhat,Salman Butt,P Kumar,0,0,"",""
ball,1,0.7,Pakistan,Imran Farhat,Salman Butt,P Kumar,0,0,"",""
ball,1,0.8,Pakistan,Imran Farhat,Salman Butt,P Kumar,0,0,"",""
ball,1,1.1,Pakistan,Salman Butt,Imran Farhat,A Nehra,0,0,"",""
ball,1,1.2,Pakistan,Salman Butt,Imran Farhat,A Nehra,0,0,"",""
ball,1,1.3,Pakistan,Salman Butt,Imran Farhat,A Nehra,4,0,"",""
ball,1,1.4,Pakistan,Salman Butt,Imran Farhat,A Nehra,0,0,"",""
ball,1,1.5,Pakistan,Salman Butt,Imran Farhat,A Nehra,0,0,"",""
ball,1,1.6,Pakistan,Salman Butt,Imran Farhat,A Nehra,0,0,"",""
ball,1,2.1,Pakistan,Imran Farhat,Salman Butt,P Kumar,0,0,"",""
ball,1,2.2,Pakistan,Imran Farhat,Salman Butt,P Kumar,0,0,"",""
ball,1,2.3,Pakistan,Imran Farhat,Salman Butt,P Kumar,0,0,"",""
ball,1,2.4,Pakistan,Imran Farhat,Salman Butt,P Kumar,0,0,"",""
ball,1,2.5,Pakistan,Imran Farhat,Salman Butt,P Kumar,0,0,"",""
ball,1,2.6,Pakistan,Imran Farhat,Salman Butt,P Kumar,1,0,"",""
ball,1,3.1,Pakistan,Imran Farhat,Salman Butt,A Nehra,1,0,"",""
ball,1,3.2,Pakistan,Salman Butt,Imran Farhat,A Nehra,0,0,"",""
ball,1,3.3,Pakistan,Salman Butt,Imran Farhat,A Nehra,0,0,"",""
ball,1,3.4,Pakistan,Salman Butt,Imran Farhat,A Nehra,0,0,"",""
ball,1,3.5,Pakistan,Salman Butt,Imran Farhat,A Nehra,4,0,"",""
ball,1,3.6,Pakistan,Salman Butt,Imran Farhat,A Nehra,0,0,"",""
ball,1,4.1,Pakistan,Imran Farhat,Salman Butt,P Kumar,0,0,"",""
ball,1,4.2,Pakistan,Imran Farhat,Salman Butt,P Kumar,0,0,"",""
ball,1,4.3,Pakistan,Imran Farhat,Salman Butt,P Kumar,0,0,"",""
ball,1,4.4,Pakistan,Imran Farhat,Salman Butt,P Kumar,0,0,"",""
ball,1,4.5,Pakistan,Imran Farhat,Salman Butt,P Kumar,4,0,"",""
ball,1,4.6,Pakistan,Imran Farhat,Salman Butt,P Kumar,4,0,"",""
ball,1,5.1,Pakistan,Salman Butt,Imran Farhat,A Nehra,0,0,"",""
ball,1,5.2,Pakistan,Salman Butt,Imran Farhat,A Nehra,1,0,"",""
ball,1,5.3,Pakistan,Imran Farhat,Salman Butt,A Nehra,0,0,"",""
ball,1,5.4,Pakistan,Imran Farhat,Salman Butt,A Nehra,0,0,"",""
ball,1,5.5,Pakistan,Imran Farhat,Salman Butt,A Nehra,0,0,"",""
ball,1,5.6,Pakistan,Imran Farhat,Salman Butt,A Nehra,0,0,"",""
ball,1,6.1,Pakistan,Salman Butt,Imran Farhat,P Kumar,0,0,"",""
ball,1,6.2,Pakistan,Salman Butt,Imran Farhat,P Kumar,0,0,"",""
ball,1,6.3,Pakistan,Salman Butt,Imran Farhat,P Kumar,0,0,"",""
ball,1,6.4,Pakistan,Salman Butt,Imran Farhat,P Kumar,0,0,"",""
ball,1,6.5,Pakistan,Salman Butt,Imran Farhat,P Kumar,0,0,"",""
ball,1,6.6,Pakistan,Salman Butt,Imran Farhat,P Kumar,0,0,"",""
ball,1,7.1,Pakistan,Imran Farhat,Salman Butt,A Nehra,1,0,"",""
ball,1,7.2,Pakistan,Salman Butt,Imran Farhat,A Nehra,4,0,"",""
ball,1,7.3,Pakistan,Salman Butt,Imran Farhat,A Nehra,0,0,"",""
ball,1,7.4,Pakistan,Salman Butt,Imran Farhat,A Nehra,1,0,"",""
ball,1,7.5,Pakistan,Imran Farhat,Salman Butt,A Nehra,0,0,"",""
ball,1,7.6,Pakistan,Imran Farhat,Salman Butt,A Nehra,0,0,"",""
ball,1,8.1,Pakistan,Salman Butt,Imran Farhat,P Kumar,0,0,"",""
ball,1,8.2,Pakistan,Salman Butt,Imran Farhat,P Kumar,0,0,"",""
ball,1,8.3,Pakistan,Salman Butt,Imran Farhat,P Kumar,4,0,"",""
ball,1,8.4,Pakistan,Salman Butt,Imran Farhat,P Kumar,0,0,"",""
ball,1,8.5,Pakistan,Salman Butt,Imran Farhat,P Kumar,0,0,"",""
ball,1,8.6,Pakistan,Salman Butt,Imran Farhat,P Kumar,1,0,"",""
ball,1,9.1,Pakistan,Salman Butt,Imran Farhat,Z Khan,4,0,"",""
ball,1,9.2,Pakistan,Salman Butt,Imran Farhat,Z Khan,0,0,"",""
ball,1,9.3,Pakistan,Salman Butt,Imran Farhat,Z Khan,0,4,"",""
ball,1,9.4,Pakistan,Salman Butt,Imran Farhat,Z Khan,0,0,"",""
ball,1,9.5,Pakistan,Salman Butt,Imran Farhat,Z Khan,0,0,"",""
ball,1,9.6,Pakistan,Salman Butt,Imran Farhat,Z Khan,0,0,"",""
ball,1,10.1,Pakistan,Imran Farhat,Salman Butt,P Kumar,1,0,"",""
ball,1,10.2,Pakistan,Salman Butt,Imran Farhat,P Kumar,1,0,"",""
ball,1,10.3,Pakistan,Imran Farhat,Salman Butt,P Kumar,0,0,"",""
ball,1,10.4,Pakistan,Imran Farhat,Salman Butt,P Kumar,4,0,"",""
ball,1,10.5,Pakistan,Imran Farhat,Salman Butt,P Kumar,1,0,"",""
ball,1,10.6,Pakistan,Salman Butt,Imran Farhat,P Kumar,0,0,"",""
ball,1,11.1,Pakistan,Imran Farhat,Salman Butt,Z Khan,0,0,"",""
ball,1,11.2,Pakistan,Imran Farhat,Salman Butt,Z Khan,2,0,"",""
ball,1,11.3,Pakistan,Imran Farhat,Salman Butt,Z Khan,1,0,"",""
ball,1,11.4,Pakistan,Salman Butt,Imran Farhat,Z Khan,0,0,"",""
ball,1,11.5,Pakistan,Salman Butt,Imran Farhat,Z Khan,0,0,"",""
ball,1,11.6,Pakistan,Salman Butt,Imran Farhat,Z Khan,1,0,"",""
ball,1,12.1,Pakistan,Salman Butt,Imran Farhat,A Nehra,1,0,"",""
ball,1,12.2,Pakistan,Imran Farhat,Salman Butt,A Nehra,2,0,"",""
ball,1,12.3,Pakistan,Imran Farhat,Salman Butt,A Nehra,1,0,"",""
ball,1,12.4,Pakistan,Salman Butt,Imran Farhat,A Nehra,4,0,"",""
ball,1,12.5,Pakistan,Salman Butt,Imran Farhat,A Nehra,4,0,"",""
ball,1,12.6,Pakistan,Salman Butt,Imran Farhat,A Nehra,0,0,"",""
ball,1,13.1,Pakistan,Imran Farhat,Salman Butt,Z Khan,0,0,"",""
ball,1,13.2,Pakistan,Imran Farhat,Salman Butt,Z Khan,0,0,"",""
ball,1,13.3,Pakistan,Imran Farhat,Salman Butt,Z Khan,1,0,"",""
ball,1,13.4,Pakistan,Salman Butt,Imran Farhat,Z Khan,0,0,"",""
ball,1,13.5,Pakistan,Salman Butt,Imran Farhat,Z Khan,1,0,"",""
ball,1,13.6,Pakistan,Imran Farhat,Salman Butt,Z Khan,0,0,"",""
ball,1,14.1,Pakistan,Salman Butt,Imran Farhat,Harbhajan Singh,0,0,"",""
ball,1,14.2,Pakistan,Salman Butt,Imran Farhat,Harbhajan Singh,1,0,"",""
ball,1,14.3,Pakistan,Imran Farhat,Salman Butt,Harbhajan Singh,0,0,"",""
ball,1,14.4,Pakistan,Imran Farhat,Salman Butt,Harbhajan Singh,0,0,"",""
ball,1,14.5,Pakistan,Imran Farhat,Salman Butt,Harbhajan Singh,0,0,"",""
ball,1,14.6,Pakistan,Imran Farhat,Salman Butt,Harbhajan Singh,0,0,"",""
ball,1,15.1,Pakistan,Salman Butt,Imran Farhat,V Sehwag,1,0,"",""
ball,1,15.2,Pakistan,Imran Farhat,Salman Butt,V Sehwag,0,0,"",""
ball,1,15.3,Pakistan,Imran Farhat,Salman Butt,V Sehwag,0,0,"",""
ball,1,15.4,Pakistan,Imran Farhat,Salman Butt,V Sehwag,1,0,"",""
ball,1,15.5,Pakistan,Salman Butt,Imran Farhat,V Sehwag,0,0,"",""
ball,1,15.6,Pakistan,Salman Butt,Imran Farhat,V Sehwag,1,0,"",""
ball,1,16.1,Pakistan,Salman Butt,Imran Farhat,Harbhajan Singh,0,0,"",""
ball,1,16.2,Pakistan,Salman Butt,Imran Farhat,Harbhajan Singh,1,0,"",""
ball,1,16.3,Pakistan,Imran Farhat,Salman Butt,Harbhajan Singh,0,0,caught,Imran Farhat
ball,1,16.4,Pakistan,Shoaib Malik,Salman Butt,Harbhajan Singh,0,0,"",""
ball,1,16.5,Pakistan,Shoaib Malik,Salman Butt,Harbhajan Singh,0,0,"",""
ball,1,16.6,Pakistan,Shoaib Malik,Salman Butt,Harbhajan Singh,0,0,"",""
ball,1,17.1,Pakistan,Salman Butt,Shoaib Malik,V Sehwag,0,0,"",""
ball,1,17.2,Pakistan,Salman Butt,Shoaib Malik,V Sehwag,1,0,"",""
ball,1,17.3,Pakistan,Shoaib Malik,Salman Butt,V Sehwag,0,0,"",""
ball,1,17.4,Pakistan,Shoaib Malik,Salman Butt,V Sehwag,1,0,"",""
ball,1,17.5,Pakistan,Salman Butt,Shoaib Malik,V Sehwag,1,0,"",""
ball,1,17.6,Pakistan,Shoaib Malik,Salman Butt,V Sehwag,4,0,"",""
ball,1,18.1,Pakistan,Salman Butt,Shoaib Malik,Harbhajan Singh,1,0,"",""
ball,1,18.2,Pakistan,Shoaib Malik,Salman Butt,Harbhajan Singh,1,0,"",""
ball,1,18.3,Pakistan,Salman Butt,Shoaib Malik,Harbhajan Singh,1,0,"",""
ball,1,18.4,Pakistan,Shoaib Malik,Salman Butt,Harbhajan Singh,0,0,"",""
ball,1,18.5,Pakistan,Shoaib Malik,Salman Butt,Harbhajan Singh,1,0,"",""
ball,1,18.6,Pakistan,Salman Butt,Shoaib Malik,Harbhajan Singh,0,0,"",""
ball,1,19.1,Pakistan,Shoaib Malik,Salman Butt,V Sehwag,1,0,"",""
ball,1,19.2,Pakistan,Salman Butt,Shoaib Malik,V Sehwag,1,0,"",""
ball,1,19.3,Pakistan,Shoaib Malik,Salman Butt,V Sehwag,1,0,"",""
ball,1,19.4,Pakistan,Salman Butt,Shoaib Malik,V Sehwag,1,0,"",""
ball,1,19.5,Pakistan,Shoaib Malik,Salman Butt,V Sehwag,1,0,"",""
ball,1,19.6,Pakistan,Salman Butt,Shoaib Malik,V Sehwag,4,0,"",""
ball,1,20.1,Pakistan,Shoaib Malik,Salman Butt,Harbhajan Singh,2,0,"",""
ball,1,20.2,Pakistan,Shoaib Malik,Salman Butt,Harbhajan Singh,2,0,"",""
ball,1,20.3,Pakistan,Shoaib Malik,Salman Butt,Harbhajan Singh,4,0,"",""
ball,1,20.4,Pakistan,Shoaib Malik,Salman Butt,Harbhajan Singh,0,0,"",""
ball,1,20.5,Pakistan,Shoaib Malik,Salman Butt,Harbhajan Singh,1,0,"",""
ball,1,20.6,Pakistan,Salman Butt,Shoaib Malik,Harbhajan Singh,3,0,"",""
ball,1,21.1,Pakistan,Salman Butt,Shoaib Malik,RA Jadeja,1,0,"",""
ball,1,21.2,Pakistan,Shoaib Malik,Salman Butt,RA Jadeja,0,0,"",""
ball,1,21.3,Pakistan,Shoaib Malik,Salman Butt,RA Jadeja,0,0,"",""
ball,1,21.4,Pakistan,Shoaib Malik,Salman Butt,RA Jadeja,1,0,"",""
ball,1,21.5,Pakistan,Salman Butt,Shoaib Malik,RA Jadeja,0,0,"",""
ball,1,21.6,Pakistan,Salman Butt,Shoaib Malik,RA Jadeja,2,0,"",""
ball,1,22.1,Pakistan,Shoaib Malik,Salman Butt,Harbhajan Singh,0,0,"",""
ball,1,22.2,Pakistan,Shoaib Malik,Salman Butt,Harbhajan Singh,1,0,"",""
ball,1,22.3,Pakistan,Salman Butt,Shoaib Malik,Harbhajan Singh,1,0,"",""
ball,1,22.4,Pakistan,Shoaib Malik,Salman Butt,Harbhajan Singh,2,0,"",""
ball,1,22.5,Pakistan,Shoaib Malik,Salman Butt,Harbhajan Singh,4,0,"",""
ball,1,22.6,Pakistan,Shoaib Malik,Salman Butt,Harbhajan Singh,0,0,"",""
ball,1,23.1,Pakistan,Salman Butt,Shoaib Malik,RA Jadeja,0,0,"",""
ball,1,23.2,Pakistan,Salman Butt,Shoaib Malik,RA Jadeja,1,0,"",""
ball,1,23.3,Pakistan,Shoaib Malik,Salman Butt,RA Jadeja,3,0,"",""
ball,1,23.4,Pakistan,Salman Butt,Shoaib Malik,RA Jadeja,1,0,"",""
ball,1,23.5,Pakistan,Shoaib Malik,Salman Butt,RA Jadeja,0,0,"",""
ball,1,23.6,Pakistan,Shoaib Malik,Salman Butt,RA Jadeja,1,0,"",""
ball,1,24.1,Pakistan,Shoaib Malik,Salman Butt,Harbhajan Singh,0,0,"",""
ball,1,24.2,Pakistan,Shoaib Malik,Salman Butt,Harbhajan Singh,0,0,"",""
ball,1,24.3,Pakistan,Shoaib Malik,Salman Butt,Harbhajan Singh,2,0,"",""
ball,1,24.4,Pakistan,Shoaib Malik,Salman Butt,Harbhajan Singh,1,0,"",""
ball,1,24.5,Pakistan,Salman Butt,Shoaib Malik,Harbhajan Singh,0,0,"",""
ball,1,24.6,Pakistan,Salman Butt,Shoaib Malik,Harbhajan Singh,1,0,"",""
ball,1,25.1,Pakistan,Salman Butt,Shoaib Malik,RA Jadeja,1,0,"",""
ball,1,25.2,Pakistan,Shoaib Malik,Salman Butt,RA Jadeja,0,0,"",""
ball,1,25.3,Pakistan,Shoaib Malik,Salman Butt,RA Jadeja,1,0,"",""
ball,1,25.4,Pakistan,Salman Butt,Shoaib Malik,RA Jadeja,1,0,"",""
ball,1,25.5,Pakistan,Shoaib Malik,Salman Butt,RA Jadeja,0,0,"",""
ball,1,25.6,Pakistan,Shoaib Malik,Salman Butt,RA Jadeja,0,0,"",""
ball,1,26.1,Pakistan,Salman Butt,Shoaib Malik,Z Khan,0,0,"",""
ball,1,26.2,Pakistan,Salman Butt,Shoaib Malik,Z Khan,0,0,"",""
ball,1,26.3,Pakistan,Salman Butt,Shoaib Malik,Z Khan,4,0,"",""
ball,1,26.4,Pakistan,Salman Butt,Shoaib Malik,Z Khan,2,0,"",""
ball,1,26.5,Pakistan,Salman Butt,Shoaib Malik,Z Khan,1,0,"",""
ball,1,26.6,Pakistan,Shoaib Malik,Salman Butt,Z Khan,1,0,"",""
ball,1,27.1,Pakistan,Shoaib Malik,Salman Butt,RA Jadeja,0,0,"",""
ball,1,27.2,Pakistan,Shoaib Malik,Salman Butt,RA Jadeja,1,0,"",""
ball,1,27.3,Pakistan,Salman Butt,Shoaib Malik,RA Jadeja,2,0,"",""
ball,1,27.4,Pakistan,Salman Butt,Shoaib Malik,RA Jadeja,1,0,"",""
ball,1,27.5,Pakistan,Shoaib Malik,Salman Butt,RA Jadeja,0,0,"",""
ball,1,27.6,Pakistan,Shoaib Malik,Salman Butt,RA Jadeja,0,1,"",""
ball,1,27.7,Pakistan,Shoaib Malik,Salman Butt,RA Jadeja,1,0,"",""
ball,1,28.1,Pakistan,Shoaib Malik,Salman Butt,Z Khan,0,0,"",""
ball,1,28.2,Pakistan,Shoaib Malik,Salman Butt,Z Khan,0,0,"",""
ball,1,28.3,Pakistan,Shoaib Malik,Salman Butt,Z Khan,1,0,"",""
ball,1,28.4,Pakistan,Salman Butt,Shoaib Malik,Z Khan,1,0,"",""
ball,1,28.5,Pakistan,Shoaib Malik,Salman Butt,Z Khan,0,0,"",""
ball,1,28.6,Pakistan,Shoaib Malik,Salman Butt,Z Khan,0,0,bowled,Shoaib Malik
ball,1,29.1,Pakistan,Salman Butt,Umar Akmal,RA Jadeja,1,0,"",""
ball,1,29.2,Pakistan,Umar Akmal,Salman Butt,RA Jadeja,0,0,"",""
ball,1,29.3,Pakistan,Umar Akmal,Salman Butt,RA Jadeja,1,0,"",""
ball,1,29.4,Pakistan,Salman Butt,Umar Akmal,RA Jadeja,0,0,"",""
ball,1,29.5,Pakistan,Salman Butt,Umar Akmal,RA Jadeja,0,0,run out,Salman Butt
ball,1,29.6,Pakistan,Umar Amin,Umar Akmal,RA Jadeja,0,0,"",""
ball,1,30.1,Pakistan,Umar Akmal,Umar Amin,Z Khan,2,0,"",""
ball,1,30.2,Pakistan,Umar Akmal,Umar Amin,Z Khan,0,0,"",""
ball,1,30.3,Pakistan,Umar Akmal,Umar Amin,Z Khan,1,0,"",""
ball,1,30.4,Pakistan,Umar Amin,Umar Akmal,Z Khan,0,0,"",""
ball,1,30.5,Pakistan,Umar Amin,Umar Akmal,Z Khan,1,0,"",""
ball,1,30.6,Pakistan,Umar Akmal,Umar Amin,Z Khan,2,0,"",""
ball,1,31.1,Pakistan,Umar Amin,Umar Akmal,RA Jadeja,1,0,"",""
ball,1,31.2,Pakistan,Umar Akmal,Umar Amin,RA Jadeja,1,0,"",""
ball,1,31.3,Pakistan,Umar Amin,Umar Akmal,RA Jadeja,1,0,"",""
ball,1,31.4,Pakistan,Umar Akmal,Umar Amin,RA Jadeja,0,0,"",""
ball,1,31.5,Pakistan,Umar Akmal,Umar Amin,RA Jadeja,1,0,"",""
ball,1,31.6,Pakistan,Umar Amin,Umar Akmal,RA Jadeja,1,0,"",""
ball,1,32.1,Pakistan,Umar Amin,Umar Akmal,Harbhajan Singh,1,0,"",""
ball,1,32.2,Pakistan,Umar Akmal,Umar Amin,Harbhajan Singh,1,0,"",""
ball,1,32.3,Pakistan,Umar Amin,Umar Akmal,Harbhajan Singh,0,0,"",""
ball,1,32.4,Pakistan,Umar Amin,Umar Akmal,Harbhajan Singh,0,0,caught,Umar Amin
ball,1,32.5,Pakistan,Shahid Afridi,Umar Akmal,Harbhajan Singh,1,0,"",""
ball,1,32.6,Pakistan,Umar Akmal,Shahid Afridi,Harbhajan Singh,0,0,"",""
ball,1,33.1,Pakistan,Shahid Afridi,Umar Akmal,RA Jadeja,2,0,"",""
ball,1,33.2,Pakistan,Shahid Afridi,Umar Akmal,RA Jadeja,1,0,"",""
ball,1,33.3,Pakistan,Umar Akmal,Shahid Afridi,RA Jadeja,1,0,"",""
ball,1,33.4,Pakistan,Shahid Afridi,Umar Akmal,RA Jadeja,1,0,"",""
ball,1,33.5,Pakistan,Umar Akmal,Shahid Afridi,RA Jadeja,1,0,"",""
ball,1,33.6,Pakistan,Shahid Afridi,Umar Akmal,RA Jadeja,0,1,"",""
ball,1,34.1,Pakistan,Shahid Afridi,Umar Akmal,Harbhajan Singh,4,0,"",""
ball,1,34.2,Pakistan,Shahid Afridi,Umar Akmal,Harbhajan Singh,6,0,"",""
ball,1,34.3,Pakistan,Shahid Afridi,Umar Akmal,Harbhajan Singh,1,0,"",""
ball,1,34.4,Pakistan,Umar Akmal,Shahid Afridi,Harbhajan Singh,1,0,"",""
ball,1,34.5,Pakistan,Shahid Afridi,Umar Akmal,Harbhajan Singh,1,0,"",""
ball,1,34.6,Pakistan,Umar Akmal,Shahid Afridi,Harbhajan Singh,1,0,"",""
ball,1,35.1,Pakistan,Umar Akmal,Shahid Afridi,RA Jadeja,1,0,"",""
ball,1,35.2,Pakistan,Shahid Afridi,Umar Akmal,RA Jadeja,1,0,"",""
ball,1,35.3,Pakistan,Umar Akmal,Shahid Afridi,RA Jadeja,1,0,"",""
ball,1,35.4,Pakistan,Shahid Afridi,Umar Akmal,RA Jadeja,1,0,"",""
ball,1,35.5,Pakistan,Umar Akmal,Shahid Afridi,RA Jadeja,0,1,"",""
ball,1,35.6,Pakistan,Umar Akmal,Shahid Afridi,RA Jadeja,0,0,"",""
ball,1,35.7,Pakistan,Umar Akmal,Shahid Afridi,RA Jadeja,1,0,"",""
ball,1,36.1,Pakistan,Umar Akmal,Shahid Afridi,A Nehra,4,0,"",""
ball,1,36.2,Pakistan,Umar Akmal,Shahid Afridi,A Nehra,0,0,"",""
ball,1,36.3,Pakistan,Umar Akmal,Shahid Afridi,A Nehra,0,0,"",""
ball,1,36.4,Pakistan,Umar Akmal,Shahid Afridi,A Nehra,1,0,"",""
ball,1,36.5,Pakistan,Shahid Afridi,Umar Akmal,A Nehra,4,0,"",""
ball,1,36.6,Pakistan,Shahid Afridi,Umar Akmal,A Nehra,0,0,"",""
ball,1,37.1,Pakistan,Umar Akmal,Shahid Afridi,RA Jadeja,0,0,"",""
ball,1,37.2,Pakistan,Umar Akmal,Shahid Afridi,RA Jadeja,0,0,"",""
ball,1,37.3,Pakistan,Umar Akmal,Shahid Afridi,RA Jadeja,0,0,caught,Umar Akmal
ball,1,37.4,Pakistan,Kamran Akmal,Shahid Afridi,RA Jadeja,1,0,"",""
ball,1,37.5,Pakistan,Shahid Afridi,Kamran Akmal,RA Jadeja,1,0,"",""
ball,1,37.6,Pakistan,Kamran Akmal,Shahid Afridi,RA Jadeja,1,0,"",""
ball,1,38.1,Pakistan,Kamran Akmal,Shahid Afridi,A Nehra,0,0,"",""
ball,1,38.2,Pakistan,Kamran Akmal,Shahid Afridi,A Nehra,1,0,"",""
ball,1,38.3,Pakistan,Shahid Afridi,Kamran Akmal,A Nehra,0,0,"",""
ball,1,38.4,Pakistan,Shahid Afridi,Kamran Akmal,A Nehra,1,0,"",""
ball,1,38.5,Pakistan,Kamran Akmal,Shahid Afridi,A Nehra,2,0,"",""
ball,1,38.6,Pakistan,Kamran Akmal,Shahid Afridi,A Nehra,0,0,"",""
ball,1,39.1,Pakistan,Shahid Afridi,Kamran Akmal,RA Jadeja,0,0,"",""
ball,1,39.2,Pakistan,Shahid Afridi,Kamran Akmal,RA Jadeja,0,0,"",""
ball,1,39.3,Pakistan,Shahid Afridi,Kamran Akmal,RA Jadeja,1,0,"",""
ball,1,39.4,Pakistan,Kamran Akmal,Shahid Afridi,RA Jadeja,0,0,"",""
ball,1,39.5,Pakistan,Kamran Akmal,Shahid Afridi,RA Jadeja,0,0,"",""
ball,1,39.6,Pakistan,Kamran Akmal,Shahid Afridi,RA Jadeja,1,0,"",""
ball,1,40.1,Pakistan,Kamran Akmal,Shahid Afridi,A Nehra,0,0,"",""
ball,1,40.2,Pakistan,Kamran Akmal,Shahid Afridi,A Nehra,0,0,"",""
ball,1,40.3,Pakistan,Kamran Akmal,Shahid Afridi,A Nehra,1,0,"",""
ball,1,40.4,Pakistan,Shahid Afridi,Kamran Akmal,A Nehra,2,0,"",""
ball,1,40.5,Pakistan,Shahid Afridi,Kamran Akmal,A Nehra,1,0,"",""
ball,1,40.6,Pakistan,Kamran Akmal,Shahid Afridi,A Nehra,1,0,"",""
ball,1,41.1,Pakistan,Kamran Akmal,Shahid Afridi,P Kumar,1,0,"",""
ball,1,41.2,Pakistan,Shahid Afridi,Kamran Akmal,P Kumar,0,0,"",""
ball,1,41.3,Pakistan,Shahid Afridi,Kamran Akmal,P Kumar,3,0,"",""
ball,1,41.4,Pakistan,Kamran Akmal,Shahid Afridi,P Kumar,0,0,"",""
ball,1,41.5,Pakistan,Kamran Akmal,Shahid Afridi,P Kumar,2,0,"",""
ball,1,41.6,Pakistan,Kamran Akmal,Shahid Afridi,P Kumar,1,0,"",""
ball,1,42.1,Pakistan,Kamran Akmal,Shahid Afridi,Z Khan,0,0,"",""
ball,1,42.2,Pakistan,Kamran Akmal,Shahid Afridi,Z Khan,0,0,"",""
ball,1,42.3,Pakistan,Kamran Akmal,Shahid Afridi,Z Khan,0,0,"",""
ball,1,42.4,Pakistan,Kamran Akmal,Shahid Afridi,Z Khan,0,0,"",""
ball,1,42.5,Pakistan,Kamran Akmal,Shahid Afridi,Z Khan,1,0,"",""
ball,1,42.6,Pakistan,Shahid Afridi,Kamran Akmal,Z Khan,0,0,"",""
ball,1,43.1,Pakistan,Kamran Akmal,Shahid Afridi,P Kumar,0,0,"",""
ball,1,43.2,Pakistan,Kamran Akmal,Shahid Afridi,P Kumar,0,0,"",""
ball,1,43.3,Pakistan,Kamran Akmal,Shahid Afridi,P Kumar,1,0,"",""
ball,1,43.4,Pakistan,Shahid Afridi,Kamran Akmal,P Kumar,0,0,lbw,Shahid Afridi
ball,1,43.5,Pakistan,Abdul Razzaq,Kamran Akmal,P Kumar,0,0,"",""
ball,1,43.6,Pakistan,Abdul Razzaq,Kamran Akmal,P Kumar,1,0,"",""
ball,1,44.1,Pakistan,Abdul Razzaq,Kamran Akmal,Z Khan,1,0,"",""
ball,1,44.2,Pakistan,Kamran Akmal,Abdul Razzaq,Z Khan,1,0,"",""
ball,1,44.3,Pakistan,Abdul Razzaq,Kamran Akmal,Z Khan,1,0,"",""
ball,1,44.4,Pakistan,Kamran Akmal,Abdul Razzaq,Z Khan,4,0,"",""
ball,1,44.5,Pakistan,Kamran Akmal,Abdul Razzaq,Z Khan,0,0,"",""
ball,1,44.6,Pakistan,Kamran Akmal,Abdul Razzaq,Z Khan,0,0,"",""
ball,1,45.1,Pakistan,Abdul Razzaq,Kamran Akmal,P Kumar,0,0,caught,Abdul Razzaq
ball,1,45.2,Pakistan,Mohammad Amir,Kamran Akmal,P Kumar,0,0,"",""
ball,1,45.3,Pakistan,Mohammad Amir,Kamran Akmal,P Kumar,1,0,"",""
ball,1,45.4,Pakistan,Kamran Akmal,Mohammad Amir,P Kumar,6,0,"",""
ball,1,45.5,Pakistan,Kamran Akmal,Mohammad Amir,P Kumar,1,0,"",""
ball,1,45.6,Pakistan,Mohammad Amir,Kamran Akmal,P Kumar,0,0,"",""
ball,1,46.1,Pakistan,Kamran Akmal,Mohammad Amir,A Nehra,6,0,"",""
ball,1,46.2,Pakistan,Kamran Akmal,Mohammad Amir,A Nehra,1,0,"",""
ball,1,46.3,Pakistan,Mohammad Amir,Kamran Akmal,A Nehra,1,0,"",""
ball,1,46.4,Pakistan,Kamran Akmal,Mohammad Amir,A Nehra,2,0,"",""
ball,1,46.5,Pakistan,Kamran Akmal,Mohammad Amir,A Nehra,1,0,"",""
ball,1,46.6,Pakistan,Mohammad Amir,Kamran Akmal,A Nehra,1,0,"",""
ball,1,47.1,Pakistan,Mohammad Amir,Kamran Akmal,Z Khan,0,0,"",""
ball,1,47.2,Pakistan,Mohammad Amir,Kamran Akmal,Z Khan,0,0,run out,Mohammad Amir
ball,1,47.3,Pakistan,Kamran Akmal,Shoaib Akhtar,Z Khan,2,0,"",""
ball,1,47.4,Pakistan,Kamran Akmal,Shoaib Akhtar,Z Khan,3,0,"",""
ball,1,47.5,Pakistan,Shoaib Akhtar,Kamran Akmal,Z Khan,1,0,"",""
ball,1,47.6,Pakistan,Kamran Akmal,Shoaib Akhtar,Z Khan,0,0,"",""
ball,1,48.1,Pakistan,Shoaib Akhtar,Kamran Akmal,P Kumar,1,0,"",""
ball,1,48.2,Pakistan,Kamran Akmal,Shoaib Akhtar,P Kumar,6,1,"",""
ball,1,48.3,Pakistan,Kamran Akmal,Shoaib Akhtar,P Kumar,4,0,"",""
ball,1,48.4,Pakistan,Kamran Akmal,Shoaib Akhtar,P Kumar,0,0,caught,Kamran Akmal
ball,1,48.5,Pakistan,Shoaib Akhtar,Saeed Ajmal,P Kumar,0,0,"",""
ball,1,48.6,Pakistan,Shoaib Akhtar,Saeed Ajmal,P Kumar,0,1,"",""
ball,1,48.7,Pakistan,Saeed Ajmal,Shoaib Akhtar,P Kumar,0,0,"",""
ball,1,49.1,Pakistan,Shoaib Akhtar,Saeed Ajmal,Z Khan,1,0,"",""
ball,1,49.2,Pakistan,Saeed Ajmal,Shoaib Akhtar,Z Khan,0,0,"",""
ball,1,49.3,Pakistan,Saeed Ajmal,Shoaib Akhtar,Z Khan,0,0,caught,Saeed Ajmal
ball,2,0.1,India,G Gambhir,V Sehwag,Shoaib Akhtar,1,0,"",""
ball,2,0.2,India,V Sehwag,G Gambhir,Shoaib Akhtar,0,1,"",""
ball,2,0.3,India,G Gambhir,V Sehwag,Shoaib Akhtar,0,0,"",""
ball,2,0.4,India,G Gambhir,V Sehwag,Shoaib Akhtar,0,0,"",""
ball,2,0.5,India,G Gambhir,V Sehwag,Shoaib Akhtar,1,0,"",""
ball,2,0.6,India,V Sehwag,G Gambhir,Shoaib Akhtar,0,0,"",""
ball,2,1.1,India,G Gambhir,V Sehwag,Mohammad Amir,1,0,"",""
ball,2,1.2,India,V Sehwag,G Gambhir,Mohammad Amir,0,0,"",""
ball,2,1.3,India,V Sehwag,G Gambhir,Mohammad Amir,0,0,"",""
ball,2,1.4,India,V Sehwag,G Gambhir,Mohammad Amir,0,0,"",""
ball,2,1.5,India,V Sehwag,G Gambhir,Mohammad Amir,0,0,"",""
ball,2,1.6,India,V Sehwag,G Gambhir,Mohammad Amir,0,0,"",""
ball,2,2.1,India,G Gambhir,V Sehwag,Shoaib Akhtar,0,0,"",""
ball,2,2.2,India,G Gambhir,V Sehwag,Shoaib Akhtar,0,0,"",""
ball,2,2.3,India,G Gambhir,V Sehwag,Shoaib Akhtar,0,0,"",""
ball,2,2.4,India,G Gambhir,V Sehwag,Shoaib Akhtar,0,0,"",""
ball,2,2.5,India,G Gambhir,V Sehwag,Shoaib Akhtar,4,0,"",""
ball,2,2.6,India,G Gambhir,V Sehwag,Shoaib Akhtar,0,0,"",""
ball,2,3.1,India,V Sehwag,G Gambhir,Mohammad Amir,0,0,"",""
ball,2,3.2,India,V Sehwag,G Gambhir,Mohammad Amir,0,0,"",""
ball,2,3.3,India,V Sehwag,G Gambhir,Mohammad Amir,0,0,"",""
ball,2,3.4,India,V Sehwag,G Gambhir,Mohammad Amir,0,0,"",""
ball,2,3.5,India,V Sehwag,G Gambhir,Mohammad Amir,1,0,"",""
ball,2,3.6,India,G Gambhir,V Sehwag,Mohammad Amir,0,0,"",""
ball,2,4.1,India,V Sehwag,G Gambhir,Shoaib Akhtar,0,0,"",""
ball,2,4.2,India,V Sehwag,G Gambhir,Shoaib Akhtar,0,0,"",""
ball,2,4.3,India,V Sehwag,G Gambhir,Shoaib Akhtar,2,0,"",""
ball,2,4.4,India,V Sehwag,G Gambhir,Shoaib Akhtar,0,0,"",""
ball,2,4.5,India,V Sehwag,G Gambhir,Shoaib Akhtar,0,1,"",""
ball,2,4.6,India,V Sehwag,G Gambhir,Shoaib Akhtar,0,0,"",""
ball,2,4.7,India,V Sehwag,G Gambhir,Shoaib Akhtar,0,2,"",""
ball,2,5.1,India,G Gambhir,V Sehwag,Mohammad Amir,4,0,"",""
ball,2,5.2,India,G Gambhir,V Sehwag,Mohammad Amir,0,0,"",""
ball,2,5.3,India,G Gambhir,V Sehwag,Mohammad Amir,2,0,"",""
ball,2,5.4,India,G Gambhir,V Sehwag,Mohammad Amir,0,0,"",""
ball,2,5.5,India,G Gambhir,V Sehwag,Mohammad Amir,4,0,"",""
ball,2,5.6,India,G Gambhir,V Sehwag,Mohammad Amir,1,0,"",""
ball,2,6.1,India,G Gambhir,V Sehwag,Shoaib Akhtar,1,0,"",""
ball,2,6.2,India,V Sehwag,G Gambhir,Shoaib Akhtar,1,0,"",""
ball,2,6.3,India,G Gambhir,V Sehwag,Shoaib Akhtar,0,0,"",""
ball,2,6.4,India,G Gambhir,V Sehwag,Shoaib Akhtar,0,0,"",""
ball,2,6.5,India,G Gambhir,V Sehwag,Shoaib Akhtar,0,0,"",""
ball,2,6.6,India,G Gambhir,V Sehwag,Shoaib Akhtar,1,0,"",""
ball,2,7.1,India,G Gambhir,V Sehwag,Mohammad Amir,3,0,"",""
ball,2,7.2,India,V Sehwag,G Gambhir,Mohammad Amir,0,0,"",""
ball,2,7.3,India,V Sehwag,G Gambhir,Mohammad Amir,0,0,"",""
ball,2,7.4,India,V Sehwag,G Gambhir,Mohammad Amir,0,1,"",""
ball,2,7.5,India,V Sehwag,G Gambhir,Mohammad Amir,4,0,"",""
ball,2,7.6,India,V Sehwag,G Gambhir,Mohammad Amir,0,0,"",""
ball,2,7.7,India,V Sehwag,G Gambhir,Mohammad Amir,0,0,"",""
ball,2,8.1,India,G Gambhir,V Sehwag,Abdul Razzaq,3,0,"",""
ball,2,8.2,India,V Sehwag,G Gambhir,Abdul Razzaq,0,0,"",""
ball,2,8.3,India,V Sehwag,G Gambhir,Abdul Razzaq,0,0,"",""
ball,2,8.4,India,V Sehwag,G Gambhir,Abdul Razzaq,1,0,"",""
ball,2,8.5,India,G Gambhir,V Sehwag,Abdul Razzaq,1,0,"",""
ball,2,8.6,India,V Sehwag,G Gambhir,Abdul Razzaq,1,0,"",""
ball,2,9.1,India,V Sehwag,G Gambhir,Mohammad Amir,0,0,"",""
ball,2,9.2,India,V Sehwag,G Gambhir,Mohammad Amir,0,0,"",""
ball,2,9.3,India,V Sehwag,G Gambhir,Mohammad Amir,0,1,"",""
ball,2,9.4,India,G Gambhir,V Sehwag,Mohammad Amir,0,0,"",""
ball,2,9.5,India,G Gambhir,V Sehwag,Mohammad Amir,2,0,"",""
ball,2,9.6,India,G Gambhir,V Sehwag,Mohammad Amir,1,0,"",""
ball,2,10.1,India,G Gambhir,V Sehwag,Abdul Razzaq,1,0,"",""
ball,2,10.2,India,V Sehwag,G Gambhir,Abdul Razzaq,0,0,caught,V Sehwag
ball,2,10.3,India,V Kohli,G Gambhir,Abdul Razzaq,0,0,"",""
ball,2,10.4,India,V Kohli,G Gambhir,Abdul Razzaq,0,0,"",""
ball,2,10.5,India,V Kohli,G Gambhir,Abdul Razzaq,0,0,"",""
ball,2,10.6,India,V Kohli,G Gambhir,Abdul Razzaq,1,0,"",""
ball,2,11.1,India,V Kohli,G Gambhir,Mohammad Amir,0,0,"",""
ball,2,11.2,India,V Kohli,G Gambhir,Mohammad Amir,4,0,"",""
ball,2,11.3,India,V Kohli,G Gambhir,Mohammad Amir,0,0,"",""
ball,2,11.4,India,V Kohli,G Gambhir,Mohammad Amir,0,0,"",""
ball,2,11.5,India,V Kohli,G Gambhir,Mohammad Amir,0,0,"",""
ball,2,11.6,India,V Kohli,G Gambhir,Mohammad Amir,2,0,"",""
ball,2,12.1,India,G Gambhir,V Kohli,Abdul Razzaq,0,1,"",""
ball,2,12.2,India,V Kohli,G Gambhir,Abdul Razzaq,1,0,"",""
ball,2,12.3,India,G Gambhir,V Kohli,Abdul Razzaq,0,0,"",""
ball,2,12.4,India,G Gambhir,V Kohli,Abdul Razzaq,0,0,"",""
ball,2,12.5,India,G Gambhir,V Kohli,Abdul Razzaq,1,0,"",""
ball,2,12.6,India,V Kohli,G Gambhir,Abdul Razzaq,0,0,"",""
ball,2,13.1,India,G Gambhir,V Kohli,Saeed Ajmal,1,0,"",""
ball,2,13.2,India,V Kohli,G Gambhir,Saeed Ajmal,0,0,"",""
ball,2,13.3,India,V Kohli,G Gambhir,Saeed Ajmal,2,0,"",""
ball,2,13.4,India,V Kohli,G Gambhir,Saeed Ajmal,1,0,"",""
ball,2,13.5,India,G Gambhir,V Kohli,Saeed Ajmal,0,0,"",""
ball,2,13.6,India,G Gambhir,V Kohli,Saeed Ajmal,0,0,"",""
ball,2,14.1,India,V Kohli,G Gambhir,Abdul Razzaq,0,2,"",""
ball,2,14.2,India,V Kohli,G Gambhir,Abdul Razzaq,0,0,"",""
ball,2,14.3,India,V Kohli,G Gambhir,Abdul Razzaq,1,0,"",""
ball,2,14.4,India,G Gambhir,V Kohli,Abdul Razzaq,0,0,"",""
ball,2,14.5,India,G Gambhir,V Kohli,Abdul Razzaq,0,0,"",""
ball,2,14.6,India,G Gambhir,V Kohli,Abdul Razzaq,1,0,"",""
ball,2,15.1,India,G Gambhir,V Kohli,Saeed Ajmal,1,0,"",""
ball,2,15.2,India,V Kohli,G Gambhir,Saeed Ajmal,1,0,"",""
ball,2,15.3,India,G Gambhir,V Kohli,Saeed Ajmal,3,0,"",""
ball,2,15.4,India,V Kohli,G Gambhir,Saeed Ajmal,0,0,"",""
ball,2,15.5,India,V Kohli,G Gambhir,Saeed Ajmal,1,0,"",""
ball,2,15.6,India,G Gambhir,V Kohli,Saeed Ajmal,0,0,"",""
ball,2,16.1,India,V Kohli,G Gambhir,Abdul Razzaq,0,0,"",""
ball,2,16.2,India,V Kohli,G Gambhir,Abdul Razzaq,1,0,"",""
ball,2,16.3,India,G Gambhir,V Kohli,Abdul Razzaq,0,0,"",""
ball,2,16.4,India,G Gambhir,V Kohli,Abdul Razzaq,4,0,"",""
ball,2,16.5,India,G Gambhir,V Kohli,Abdul Razzaq,1,0,"",""
ball,2,16.6,India,V Kohli,G Gambhir,Abdul Razzaq,0,1,"",""
ball,2,17.1,India,V Kohli,G Gambhir,Saeed Ajmal,1,0,"",""
ball,2,17.2,India,G Gambhir,V Kohli,Saeed Ajmal,1,0,"",""
ball,2,17.3,India,V Kohli,G Gambhir,Saeed Ajmal,2,0,"",""
ball,2,17.4,India,V Kohli,G Gambhir,Saeed Ajmal,0,0,bowled,V Kohli
ball,2,17.5,India,MS Dhoni,G Gambhir,Saeed Ajmal,2,0,"",""
ball,2,17.6,India,MS Dhoni,G Gambhir,Saeed Ajmal,2,0,"",""
ball,2,18.1,India,G Gambhir,MS Dhoni,Shoaib Akhtar,0,0,"",""
ball,2,18.2,India,G Gambhir,MS Dhoni,Shoaib Akhtar,4,0,"",""
ball,2,18.3,India,G Gambhir,MS Dhoni,Shoaib Akhtar,1,0,"",""
ball,2,18.4,India,MS Dhoni,G Gambhir,Shoaib Akhtar,0,0,"",""
ball,2,18.5,India,MS Dhoni,G Gambhir,Shoaib Akhtar,1,0,"",""
ball,2,18.6,India,G Gambhir,MS Dhoni,Shoaib Akhtar,1,0,"",""
ball,2,19.1,India,G Gambhir,MS Dhoni,Saeed Ajmal,4,0,"",""
ball,2,19.2,India,G Gambhir,MS Dhoni,Saeed Ajmal,0,0,"",""
ball,2,19.3,India,G Gambhir,MS Dhoni,Saeed Ajmal,0,0,"",""
ball,2,19.4,India,G Gambhir,MS Dhoni,Saeed Ajmal,0,0,"",""
ball,2,19.5,India,G Gambhir,MS Dhoni,Saeed Ajmal,1,0,"",""
ball,2,19.6,India,MS Dhoni,G Gambhir,Saeed Ajmal,1,0,"",""
ball,2,20.1,India,MS Dhoni,G Gambhir,Shahid Afridi,1,0,"",""
ball,2,20.2,India,G Gambhir,MS Dhoni,Shahid Afridi,0,0,"",""
ball,2,20.3,India,G Gambhir,MS Dhoni,Shahid Afridi,0,0,"",""
ball,2,20.4,India,G Gambhir,MS Dhoni,Shahid Afridi,0,0,"",""
ball,2,20.5,India,G Gambhir,MS Dhoni,Shahid Afridi,0,0,"",""
ball,2,20.6,India,G Gambhir,MS Dhoni,Shahid Afridi,0,0,"",""
ball,2,21.1,India,MS Dhoni,G Gambhir,Saeed Ajmal,1,0,"",""
ball,2,21.2,India,G Gambhir,MS Dhoni,Saeed Ajmal,1,0,"",""
ball,2,21.3,India,MS Dhoni,G Gambhir,Saeed Ajmal,0,0,"",""
ball,2,21.4,India,MS Dhoni,G Gambhir,Saeed Ajmal,0,0,"",""
ball,2,21.5,India,MS Dhoni,G Gambhir,Saeed Ajmal,0,0,"",""
ball,2,21.6,India,MS Dhoni,G Gambhir,Saeed Ajmal,0,0,"",""
ball,2,22.1,India,G Gambhir,MS Dhoni,Shahid Afridi,1,0,"",""
ball,2,22.2,India,MS Dhoni,G Gambhir,Shahid Afridi,2,0,"",""
ball,2,22.3,India,MS Dhoni,G Gambhir,Shahid Afridi,0,0,"",""
ball,2,22.4,India,MS Dhoni,G Gambhir,Shahid Afridi,1,0,"",""
ball,2,22.5,India,G Gambhir,MS Dhoni,Shahid Afridi,0,0,"",""
ball,2,22.6,India,G Gambhir,MS Dhoni,Shahid Afridi,1,0,"",""
ball,2,23.1,India,G Gambhir,MS Dhoni,Saeed Ajmal,1,0,"",""
ball,2,23.2,India,MS Dhoni,G Gambhir,Saeed Ajmal,1,0,"",""
ball,2,23.3,India,G Gambhir,MS Dhoni,Saeed Ajmal,1,0,"",""
ball,2,23.4,India,MS Dhoni,G Gambhir,Saeed Ajmal,1,0,"",""
ball,2,23.5,India,G Gambhir,MS Dhoni,Saeed Ajmal,1,0,"",""
ball,2,23.6,India,MS Dhoni,G Gambhir,Saeed Ajmal,2,0,"",""
ball,2,24.1,India,G Gambhir,MS Dhoni,Shahid Afridi,0,0,"",""
ball,2,24.2,India,G Gambhir,MS Dhoni,Shahid Afridi,1,0,"",""
ball,2,24.3,India,MS Dhoni,G Gambhir,Shahid Afridi,1,0,"",""
ball,2,24.4,India,G Gambhir,MS Dhoni,Shahid Afridi,1,0,"",""
ball,2,24.5,India,MS Dhoni,G Gambhir,Shahid Afridi,0,0,"",""
ball,2,24.6,India,MS Dhoni,G Gambhir,Shahid Afridi,1,0,"",""
ball,2,25.1,India,MS Dhoni,G Gambhir,Shoaib Malik,0,0,"",""
ball,2,25.2,India,MS Dhoni,G Gambhir,Shoaib Malik,0,0,"",""
ball,2,25.3,India,MS Dhoni,G Gambhir,Shoaib Malik,0,0,"",""
ball,2,25.4,India,MS Dhoni,G Gambhir,Shoaib Malik,1,0,"",""
ball,2,25.5,India,G Gambhir,MS Dhoni,Shoaib Malik,0,0,"",""
ball,2,25.6,India,G Gambhir,MS Dhoni,Shoaib Malik,1,0,"",""
ball,2,26.1,India,G Gambhir,MS Dhoni,Shahid Afridi,0,1,"",""
ball,2,26.2,India,G Gambhir,MS Dhoni,Shahid Afridi,1,0,"",""
ball,2,26.3,India,MS Dhoni,G Gambhir,Shahid Afridi,4,0,"",""
ball,2,26.4,India,MS Dhoni,G Gambhir,Shahid Afridi,0,0,"",""
ball,2,26.5,India,MS Dhoni,G Gambhir,Shahid Afridi,1,0,"",""
ball,2,26.6,India,G Gambhir,MS Dhoni,Shahid Afridi,0,0,"",""
ball,2,26.7,India,G Gambhir,MS Dhoni,Shahid Afridi,0,0,"",""
ball,2,27.1,India,MS Dhoni,G Gambhir,Shoaib Malik,1,0,"",""
ball,2,27.2,India,G Gambhir,MS Dhoni,Shoaib Malik,1,0,"",""
ball,2,27.3,India,MS Dhoni,G Gambhir,Shoaib Malik,1,0,"",""
ball,2,27.4,India,G Gambhir,MS Dhoni,Shoaib Malik,0,0,"",""
ball,2,27.5,India,G Gambhir,MS Dhoni,Shoaib Malik,1,0,"",""
ball,2,27.6,India,MS Dhoni,G Gambhir,Shoaib Malik,0,0,"",""
ball,2,28.1,India,G Gambhir,MS Dhoni,Shahid Afridi,0,0,"",""
ball,2,28.2,India,G Gambhir,MS Dhoni,Shahid Afridi,1,0,"",""
ball,2,28.3,India,MS Dhoni,G Gambhir,Shahid Afridi,0,0,"",""
ball,2,28.4,India,MS Dhoni,G Gambhir,Shahid Afridi,1,0,"",""
ball,2,28.5,India,G Gambhir,MS Dhoni,Shahid Afridi,1,0,"",""
ball,2,28.6,India,MS Dhoni,G Gambhir,Shahid Afridi,1,0,"",""
ball,2,29.1,India,MS Dhoni,G Gambhir,Shoaib Malik,4,0,"",""
ball,2,29.2,India,MS Dhoni,G Gambhir,Shoaib Malik,2,0,"",""
ball,2,29.3,India,MS Dhoni,G Gambhir,Shoaib Malik,0,0,"",""
ball,2,29.4,India,MS Dhoni,G Gambhir,Shoaib Malik,1,0,"",""
ball,2,29.5,India,G Gambhir,MS Dhoni,Shoaib Malik,1,0,"",""
ball,2,29.6,India,MS Dhoni,G Gambhir,Shoaib Malik,0,0,"",""
ball,2,30.1,India,G Gambhir,MS Dhoni,Shahid Afridi,1,0,"",""
ball,2,30.2,India,MS Dhoni,G Gambhir,Shahid Afridi,1,0,"",""
ball,2,30.3,India,G Gambhir,MS Dhoni,Shahid Afridi,1,0,"",""
ball,2,30.4,India,MS Dhoni,G Gambhir,Shahid Afridi,0,0,"",""
ball,2,30.5,India,MS Dhoni,G Gambhir,Shahid Afridi,1,0,"",""
ball,2,30.6,India,G Gambhir,MS Dhoni,Shahid Afridi,1,0,"",""
ball,2,31.1,India,G Gambhir,MS Dhoni,Shoaib Malik,0,0,"",""
ball,2,31.2,India,G Gambhir,MS Dhoni,Shoaib Malik,6,0,"",""
ball,2,31.3,India,G Gambhir,MS Dhoni,Shoaib Malik,1,0,"",""
ball,2,31.4,India,MS Dhoni,G Gambhir,Shoaib Malik,1,0,"",""
ball,2,31.5,India,G Gambhir,MS Dhoni,Shoaib Malik,0,1,"",""
ball,2,31.6,India,G Gambhir,MS Dhoni,Shoaib Malik,1,0,"",""
ball,2,31.7,India,MS Dhoni,G Gambhir,Shoaib Malik,1,0,"",""
ball,2,32.1,India,MS Dhoni,G Gambhir,Shahid Afridi,0,0,"",""
ball,2,32.2,India,MS Dhoni,G Gambhir,Shahid Afridi,2,0,"",""
ball,2,32.3,India,MS Dhoni,G Gambhir,Shahid Afridi,0,0,"",""
ball,2,32.4,India,MS Dhoni,G Gambhir,Shahid Afridi,1,0,"",""
ball,2,32.5,India,G Gambhir,MS Dhoni,Shahid Afridi,1,0,"",""
ball,2,32.6,India,MS Dhoni,G Gambhir,Shahid Afridi,1,0,"",""
ball,2,33.1,India,MS Dhoni,G Gambhir,Saeed Ajmal,1,0,"",""
ball,2,33.2,India,G Gambhir,MS Dhoni,Saeed Ajmal,0,0,"",""
ball,2,33.3,India,G Gambhir,MS Dhoni,Saeed Ajmal,0,0,"",""
ball,2,33.4,India,G Gambhir,MS Dhoni,Saeed Ajmal,1,0,"",""
ball,2,33.5,India,MS Dhoni,G Gambhir,Saeed Ajmal,1,0,"",""
ball,2,33.6,India,G Gambhir,MS Dhoni,Saeed Ajmal,0,0,"",""
ball,2,34.1,India,MS Dhoni,G Gambhir,Shoaib Akhtar,0,0,"",""
ball,2,34.2,India,MS Dhoni,G Gambhir,Shoaib Akhtar,0,1,"",""
ball,2,34.3,India,MS Dhoni,G Gambhir,Shoaib Akhtar,6,0,"",""
ball,2,34.4,India,MS Dhoni,G Gambhir,Shoaib Akhtar,0,0,"",""
ball,2,34.5,India,MS Dhoni,G Gambhir,Shoaib Akhtar,0,0,"",""
ball,2,34.6,India,MS Dhoni,G Gambhir,Shoaib Akhtar,1,0,"",""
ball,2,34.7,India,G Gambhir,MS Dhoni,Shoaib Akhtar,0,4,"",""
ball,2,35.1,India,MS Dhoni,G Gambhir,Saeed Ajmal,0,0,"",""
ball,2,35.2,India,MS Dhoni,G Gambhir,Saeed Ajmal,0,0,"",""
ball,2,35.3,India,MS Dhoni,G Gambhir,Saeed Ajmal,1,0,"",""
ball,2,35.4,India,G Gambhir,MS Dhoni,Saeed Ajmal,0,0,bowled,G Gambhir
ball,2,35.5,India,RG Sharma,MS Dhoni,Saeed Ajmal,0,0,"",""
ball,2,35.6,India,RG Sharma,MS Dhoni,Saeed Ajmal,1,0,"",""
ball,2,36.1,India,RG Sharma,MS Dhoni,Shoaib Akhtar,0,0,"",""
ball,2,36.2,India,RG Sharma,MS Dhoni,Shoaib Akhtar,0,0,"",""
ball,2,36.3,India,RG Sharma,MS Dhoni,Shoaib Akhtar,4,0,"",""
ball,2,36.4,India,RG Sharma,MS Dhoni,Shoaib Akhtar,2,0,"",""
ball,2,36.5,India,RG Sharma,MS Dhoni,Shoaib Akhtar,4,0,"",""
ball,2,36.6,India,RG Sharma,MS Dhoni,Shoaib Akhtar,1,0,"",""
ball,2,37.1,India,RG Sharma,MS Dhoni,Shahid Afridi,1,0,"",""
ball,2,37.2,India,MS Dhoni,RG Sharma,Shahid Afridi,1,0,"",""
ball,2,37.3,India,RG Sharma,MS Dhoni,Shahid Afridi,0,0,"",""
ball,2,37.4,India,RG Sharma,MS Dhoni,Shahid Afridi,1,0,"",""
ball,2,37.5,India,MS Dhoni,RG Sharma,Shahid Afridi,1,0,"",""
ball,2,37.6,India,RG Sharma,MS Dhoni,Shahid Afridi,1,0,"",""
ball,2,38.1,India,RG Sharma,MS Dhoni,Mohammad Amir,0,0,"",""
ball,2,38.2,India,RG Sharma,MS Dhoni,Mohammad Amir,0,0,"",""
ball,2,38.3,India,RG Sharma,MS Dhoni,Mohammad Amir,0,0,"",""
ball,2,38.4,India,RG Sharma,MS Dhoni,Mohammad Amir,2,0,"",""
ball,2,38.5,India,RG Sharma,MS Dhoni,Mohammad Amir,0,0,"",""
ball,2,38.6,India,RG Sharma,MS Dhoni,Mohammad Amir,1,0,"",""
ball,2,39.1,India,RG Sharma,MS Dhoni,Shahid Afridi,1,0,"",""
ball,2,39.2,India,MS Dhoni,RG Sharma,Shahid Afridi,0,1,"",""
ball,2,39.3,India,RG Sharma,MS Dhoni,Shahid Afridi,1,0,"",""
ball,2,39.4,India,MS Dhoni,RG Sharma,Shahid Afridi,1,0,"",""
ball,2,39.5,India,RG Sharma,MS Dhoni,Shahid Afridi,0,0,"",""
ball,2,39.6,India,RG Sharma,MS Dhoni,Shahid Afridi,1,0,"",""
ball,2,40.1,India,RG Sharma,MS Dhoni,Mohammad Amir,1,0,"",""
ball,2,40.2,India,MS Dhoni,RG Sharma,Mohammad Amir,0,0,"",""
ball,2,40.3,India,MS Dhoni,RG Sharma,Mohammad Amir,0,0,"",""
ball,2,40.4,India,MS Dhoni,RG Sharma,Mohammad Amir,0,0,"",""
ball,2,40.5,India,MS Dhoni,RG Sharma,Mohammad Amir,0,0,"",""
ball,2,40.6,India,MS Dhoni,RG Sharma,Mohammad Amir,1,0,"",""
ball,2,41.1,India,MS Dhoni,RG Sharma,Shahid Afridi,0,1,"",""
ball,2,41.2,India,RG Sharma,MS Dhoni,Shahid Afridi,0,0,lbw,RG Sharma
ball,2,41.3,India,SK Raina,MS Dhoni,Shahid Afridi,0,0,"",""
ball,2,41.4,India,SK Raina,MS Dhoni,Shahid Afridi,0,0,"",""
ball,2,41.5,India,SK Raina,MS Dhoni,Shahid Afridi,1,0,"",""
ball,2,41.6,India,MS Dhoni,SK Raina,Shahid Afridi,0,0,"",""
ball,2,42.1,India,SK Raina,MS Dhoni,Shoaib Malik,1,0,"",""
ball,2,42.2,India,MS Dhoni,SK Raina,Shoaib Malik,0,0,bowled,MS Dhoni
ball,2,42.3,India,RA Jadeja,SK Raina,Shoaib Malik,0,0,"",""
ball,2,42.4,India,RA Jadeja,SK Raina,Shoaib Malik,1,0,"",""
ball,2,42.5,India,SK Raina,RA Jadeja,Shoaib Malik,0,0,"",""
ball,2,42.6,India,SK Raina,RA Jadeja,Shoaib Malik,1,0,"",""
ball,2,43.1,India,SK Raina,RA Jadeja,Saeed Ajmal,0,0,"",""
ball,2,43.2,India,SK Raina,RA Jadeja,Saeed Ajmal,1,0,"",""
ball,2,43.3,India,RA Jadeja,SK Raina,Saeed Ajmal,1,0,"",""
ball,2,43.4,India,SK Raina,RA Jadeja,Saeed Ajmal,0,0,"",""
ball,2,43.5,India,SK Raina,RA Jadeja,Saeed Ajmal,0,1,"",""
ball,2,43.6,India,RA Jadeja,SK Raina,Saeed Ajmal,3,0,"",""
ball,2,44.1,India,RA Jadeja,SK Raina,Shoaib Akhtar,0,0,"",""
ball,2,44.2,India,RA Jadeja,SK Raina,Shoaib Akhtar,0,0,"",""
ball,2,44.3,India,RA Jadeja,SK Raina,Shoaib Akhtar,0,0,"",""
ball,2,44.4,India,RA Jadeja,SK Raina,Shoaib Akhtar,1,0,"",""
ball,2,44.5,India,SK Raina,RA Jadeja,Shoaib Akhtar,0,0,"",""
ball,2,44.6,India,SK Raina,RA Jadeja,Shoaib Akhtar,0,0,"",""
ball,2,45.1,India,RA Jadeja,SK Raina,Saeed Ajmal,0,0,bowled,RA Jadeja
ball,2,45.2,India,Harbhajan Singh,SK Raina,Saeed Ajmal,1,0,"",""
ball,2,45.3,India,SK Raina,Harbhajan Singh,Saeed Ajmal,4,0,"",""
ball,2,45.4,India,SK Raina,Harbhajan Singh,Saeed Ajmal,2,0,"",""
ball,2,45.5,India,SK Raina,Harbhajan Singh,Saeed Ajmal,0,0,"",""
ball,2,45.6,India,SK Raina,Harbhajan Singh,Saeed Ajmal,6,0,"",""
ball,2,46.1,India,Harbhajan Singh,SK Raina,Shoaib Akhtar,0,0,"",""
ball,2,46.2,India,Harbhajan Singh,SK Raina,Shoaib Akhtar,6,0,"",""
ball,2,46.3,India,Harbhajan Singh,SK Raina,Shoaib Akhtar,0,0,"",""
ball,2,46.4,India,Harbhajan Singh,SK Raina,Shoaib Akhtar,0,2,"",""
ball,2,46.5,India,SK Raina,Harbhajan Singh,Shoaib Akhtar,0,0,"",""
ball,2,46.6,India,SK Raina,Harbhajan Singh,Shoaib Akhtar,1,0,"",""
ball,2,46.7,India,Harbhajan Singh,SK Raina,Shoaib Akhtar,0,0,"",""
ball,2,47.1,India,SK Raina,Harbhajan Singh,Mohammad Amir,1,0,"",""
ball,2,47.2,India,Harbhajan Singh,SK Raina,Mohammad Amir,1,0,"",""
ball,2,47.3,India,SK Raina,Harbhajan Singh,Mohammad Amir,1,0,"",""
ball,2,47.4,India,Harbhajan Singh,SK Raina,Mohammad Amir,0,1,"",""
ball,2,47.5,India,Harbhajan Singh,SK Raina,Mohammad Amir,1,0,"",""
ball,2,47.6,India,SK Raina,Harbhajan Singh,Mohammad Amir,0,1,"",""
ball,2,47.7,India,SK Raina,Harbhajan Singh,Mohammad Amir,4,0,"",""
ball,2,47.8,India,SK Raina,Harbhajan Singh,Mohammad Amir,1,0,"",""
ball,2,48.1,India,SK Raina,Harbhajan Singh,Shoaib Akhtar,6,0,"",""
ball,2,48.2,India,SK Raina,Harbhajan Singh,Shoaib Akhtar,2,0,"",""
ball,2,48.3,India,SK Raina,Harbhajan Singh,Shoaib Akhtar,0,0,"",""
ball,2,48.4,India,SK Raina,Harbhajan Singh,Shoaib Akhtar,1,0,"",""
ball,2,48.5,India,Harbhajan Singh,SK Raina,Shoaib Akhtar,0,0,"",""
ball,2,48.6,India,Harbhajan Singh,SK Raina,Shoaib Akhtar,0,0,"",""
ball,2,49.1,India,SK Raina,Harbhajan Singh,Mohammad Amir,1,0,"",""
ball,2,49.2,India,Harbhajan Singh,SK Raina,Mohammad Amir,0,0,run out,SK Raina
ball,2,49.3,India,P Kumar,Harbhajan Singh,Mohammad Amir,2,0,"",""
ball,2,49.4,India,P Kumar,Harbhajan Singh,Mohammad Amir,1,0,"",""
ball,2,49.5,India,Harbhajan Singh,P Kumar,Mohammad Amir,6,0,"",""
