version,1.3.0
info,team,Sri Lanka
info,team,India
info,gender,male
info,season,2010
info,date,2010/06/24
info,competition,Asia Cup
info,venue,Rangiri Dambulla International Stadium
info,city,
info,toss_winner,India
info,toss_decision,bat
info,player_of_match,KD Karthik
info,umpire,BF Bowden
info,umpire,BR Doctrove
info,reserve_umpire,SH Sarathkumara
info,tv_umpire,Ahsan Raza
info,match_referee,AJ Pycroft
info,winner,India
info,winner_runs,81
ball,1,0.1,India,G Gambhir,KD Karthik,KMDN Kulasekara,1,0,"",""
ball,1,0.2,India,KD Karthik,G Gambhir,KMDN Kulasekara,0,0,"",""
ball,1,0.3,India,KD Karthik,G Gambhir,KMDN Kulasekara,4,0,"",""
ball,1,0.4,India,KD Karthik,G Gambhir,KMDN Kulasekara,0,0,"",""
ball,1,0.5,India,KD Karthik,G Gambhir,KMDN Kulasekara,0,0,"",""
ball,1,0.6,India,KD Karthik,G Gambhir,KMDN Kulasekara,0,0,"",""
ball,1,1.1,India,G Gambhir,KD Karthik,SL Malinga,0,0,"",""
ball,1,1.2,India,G Gambhir,KD Karthik,SL Malinga,0,0,"",""
ball,1,1.3,India,G Gambhir,KD Karthik,SL Malinga,4,0,"",""
ball,1,1.4,India,G Gambhir,KD Karthik,SL Malinga,0,0,"",""
ball,1,1.5,India,G Gambhir,KD Karthik,SL Malinga,0,0,"",""
ball,1,1.6,India,G Gambhir,KD Karthik,SL Malinga,1,0,"",""
ball,1,2.1,India,G Gambhir,KD Karthik,KMDN Kulasekara,1,0,"",""
ball,1,2.2,India,KD Karthik,G Gambhir,KMDN Kulasekara,0,0,"",""
ball,1,2.3,India,KD Karthik,G Gambhir,KMDN Kulasekara,1,0,"",""
ball,1,2.4,India,G Gambhir,KD Karthik,KMDN Kulasekara,0,0,"",""
ball,1,2.5,India,G Gambhir,KD Karthik,KMDN Kulasekara,4,0,"",""
ball,1,2.6,India,G Gambhir,KD Karthik,KMDN Kulasekara,0,0,"",""
ball,1,3.1,India,KD Karthik,G Gambhir,SL Malinga,0,0,"",""
ball,1,3.2,India,KD Karthik,G Gambhir,SL Malinga,0,0,"",""
ball,1,3.3,India,KD Karthik,G Gambhir,SL Malinga,2,0,"",""
ball,1,3.4,India,KD Karthik,G Gambhir,SL Malinga,0,0,"",""
ball,1,3.5,India,KD Karthik,G Gambhir,SL Malinga,4,0,"",""
ball,1,3.6,India,KD Karthik,G Gambhir,SL Malinga,2,0,"",""
ball,1,4.1,India,G Gambhir,KD Karthik,KMDN Kulasekara,1,0,"",""
ball,1,4.2,India,KD Karthik,G Gambhir,KMDN Kulasekara,0,0,"",""
ball,1,4.3,India,KD Karthik,G Gambhir,KMDN Kulasekara,0,0,"",""
ball,1,4.4,India,KD Karthik,G Gambhir,KMDN Kulasekara,0,0,"",""
ball,1,4.5,India,KD Karthik,G Gambhir,KMDN Kulasekara,4,0,"",""
ball,1,4.6,India,KD Karthik,G Gambhir,KMDN Kulasekara,0,0,"",""
ball,1,5.1,India,G Gambhir,KD Karthik,MF Maharoof,0,0,"",""
ball,1,5.2,India,G Gambhir,KD Karthik,MF Maharoof,1,0,"",""
ball,1,5.3,India,KD Karthik,G Gambhir,MF Maharoof,1,0,"",""
ball,1,5.4,India,G Gambhir,KD Karthik,MF Maharoof,0,1,"",""
ball,1,5.5,India,KD Karthik,G Gambhir,MF Maharoof,4,0,"",""
ball,1,5.6,India,KD Karthik,G Gambhir,MF Maharoof,0,0,"",""
ball,1,6.1,India,G Gambhir,KD Karthik,KMDN Kulasekara,2,0,run out,G Gambhir
ball,1,6.2,India,KD Karthik,V Kohli,KMDN Kulasekara,0,0,"",""
ball,1,6.3,India,KD Karthik,V Kohli,KMDN Kulasekara,0,0,"",""
ball,1,6.4,India,KD Karthik,V Kohli,KMDN Kulasekara,0,0,"",""
ball,1,6.5,India,KD Karthik,V Kohli,KMDN Kulasekara,0,0,"",""
ball,1,6.6,India,KD Karthik,V Kohli,KMDN Kulasekara,1,0,"",""
ball,1,7.1,India,KD Karthik,V Kohli,MF Maharoof,4,0,"",""
ball,1,7.2,India,KD Karthik,V Kohli,MF Maharoof,0,0,"",""
ball,1,7.3,India,KD Karthik,V Kohli,MF Maharoof,4,0,"",""
ball,1,7.4,India,KD Karthik,V Kohli,MF Maharoof,4,0,"",""
ball,1,7.5,India,KD Karthik,V Kohli,MF Maharoof,0,0,"",""
ball,1,7.6,India,KD Karthik,V Kohli,MF Maharoof,0,0,"",""
ball,1,8.1,India,V Kohli,KD Karthik,KMDN Kulasekara,1,0,"",""
ball,1,8.2,India,KD Karthik,V Kohli,KMDN Kulasekara,1,0,"",""
ball,1,8.3,India,V Kohli,KD Karthik,KMDN Kulasekara,0,0,"",""
ball,1,8.4,India,V Kohli,KD Karthik,KMDN Kulasekara,0,0,"",""
ball,1,8.5,India,V Kohli,KD Karthik,KMDN Kulasekara,0,0,"",""
ball,1,8.6,India,V Kohli,KD Karthik,KMDN Kulasekara,0,0,"",""
ball,1,9.1,India,KD Karthik,V Kohli,AD Mathews,0,0,"",""
ball,1,9.2,India,KD Karthik,V Kohli,AD Mathews,0,0,"",""
ball,1,9.3,India,KD Karthik,V Kohli,AD Mathews,0,0,"",""
ball,1,9.4,India,KD Karthik,V Kohli,AD Mathews,0,0,"",""
ball,1,9.5,India,KD Karthik,V Kohli,AD Mathews,0,0,"",""
ball,1,9.6,India,KD Karthik,V Kohli,AD Mathews,0,0,"",""
ball,1,10.1,India,V Kohli,KD Karthik,KMDN Kulasekara,0,0,"",""
ball,1,10.2,India,V Kohli,KD Karthik,KMDN Kulasekara,0,0,"",""
ball,1,10.3,India,V Kohli,KD Karthik,KMDN Kulasekara,0,0,"",""
ball,1,10.4,India,V Kohli,KD Karthik,KMDN Kulasekara,0,0,"",""
ball,1,10.5,India,V Kohli,KD Karthik,KMDN Kulasekara,1,0,"",""
ball,1,10.6,India,KD Karthik,V Kohli,KMDN Kulasekara,1,0,"",""
ball,1,11.1,India,KD Karthik,V Kohli,AD Mathews,0,0,"",""
ball,1,11.2,India,KD Karthik,V Kohli,AD Mathews,1,0,"",""
ball,1,11.3,India,V Kohli,KD Karthik,AD Mathews,0,0,"",""
ball,1,11.4,India,V Kohli,KD Karthik,AD Mathews,0,0,"",""
ball,1,11.5,India,V Kohli,KD Karthik,AD Mathews,0,0,"",""
ball,1,11.6,India,V Kohli,KD Karthik,AD Mathews,0,0,"",""
ball,1,12.1,India,KD Karthik,V Kohli,MF Maharoof,1,0,"",""
ball,1,12.2,India,V Kohli,KD Karthik,MF Maharoof,0,0,"",""
ball,1,12.3,India,V Kohli,KD Karthik,MF Maharoof,1,0,"",""
ball,1,12.4,India,KD Karthik,V Kohli,MF Maharoof,0,0,"",""
ball,1,12.5,India,KD Karthik,V Kohli,MF Maharoof,0,0,"",""
ball,1,12.6,India,KD Karthik,V Kohli,MF Maharoof,2,0,"",""
ball,1,13.1,India,V Kohli,KD Karthik,AD Mathews,4,0,"",""
ball,1,13.2,India,V Kohli,KD Karthik,AD Mathews,1,0,"",""
ball,1,13.3,India,KD Karthik,V Kohli,AD Mathews,1,0,"",""
ball,1,13.4,India,V Kohli,KD Karthik,AD Mathews,4,0,"",""
ball,1,13.5,India,V Kohli,KD Karthik,AD Mathews,1,0,"",""
ball,1,13.6,India,KD Karthik,V Kohli,AD Mathews,4,0,"",""
ball,1,14.1,India,V Kohli,KD Karthik,MF Maharoof,2,0,"",""
ball,1,14.2,India,V Kohli,KD Karthik,MF Maharoof,0,0,"",""
ball,1,14.3,India,V Kohli,KD Karthik,MF Maharoof,0,0,"",""
ball,1,14.4,India,V Kohli,KD Karthik,MF Maharoof,4,0,"",""
ball,1,14.5,India,V Kohli,KD Karthik,MF Maharoof,1,0,"",""
ball,1,14.6,India,KD Karthik,V Kohli,MF Maharoof,0,0,"",""
ball,1,15.1,India,V Kohli,KD Karthik,M Muralitharan,0,0,"",""
ball,1,15.2,India,V Kohli,KD Karthik,M Muralitharan,1,0,"",""
ball,1,15.3,India,KD Karthik,V Kohli,M Muralitharan,0,0,"",""
ball,1,15.4,India,KD Karthik,V Kohli,M Muralitharan,4,0,"",""
ball,1,15.5,India,KD Karthik,V Kohli,M Muralitharan,0,0,"",""
ball,1,15.6,India,KD Karthik,V Kohli,M Muralitharan,0,1,"",""
ball,1,16.1,India,KD Karthik,V Kohli,SL Malinga,1,0,"",""
ball,1,16.2,India,V Kohli,KD Karthik,SL Malinga,0,0,"",""
ball,1,16.3,India,V Kohli,KD Karthik,SL Malinga,4,0,"",""
ball,1,16.4,India,V Kohli,KD Karthik,SL Malinga,1,0,"",""
ball,1,16.5,India,KD Karthik,V Kohli,SL Malinga,0,1,"",""
ball,1,16.6,India,KD Karthik,V Kohli,SL Malinga,0,0,"",""
ball,1,16.7,India,KD Karthik,V Kohli,SL Malinga,0,0,"",""
ball,1,17.1,India,V Kohli,KD Karthik,M Muralitharan,1,0,"",""
ball,1,17.2,India,KD Karthik,V Kohli,M Muralitharan,1,0,"",""
ball,1,17.3,India,V Kohli,KD Karthik,M Muralitharan,0,0,"",""
ball,1,17.4,India,V Kohli,KD Karthik,M Muralitharan,1,0,"",""
ball,1,17.5,India,KD Karthik,V Kohli,M Muralitharan,0,0,"",""
ball,1,17.6,India,KD Karthik,V Kohli,M Muralitharan,0,1,"",""
ball,1,18.1,India,KD Karthik,V Kohli,SL Malinga,1,0,"",""
ball,1,18.2,India,V Kohli,KD Karthik,SL Malinga,0,0,caught,V Kohli
ball,1,18.3,India,MS Dhoni,KD Karthik,SL Malinga,0,1,"",""
ball,1,18.4,India,MS Dhoni,KD Karthik,SL Malinga,1,0,"",""
ball,1,18.5,India,KD Karthik,MS Dhoni,SL Malinga,0,0,"",""
ball,1,18.6,India,KD Karthik,MS Dhoni,SL Malinga,0,1,"",""
ball,1,18.7,India,KD Karthik,MS Dhoni,SL Malinga,0,0,"",""
ball,1,18.8,India,KD Karthik,MS Dhoni,SL Malinga,0,1,"",""
ball,1,18.9,India,KD Karthik,MS Dhoni,SL Malinga,0,0,"",""
ball,1,19.1,India,MS Dhoni,KD Karthik,M Muralitharan,0,0,"",""
ball,1,19.2,India,MS Dhoni,KD Karthik,M Muralitharan,1,0,"",""
ball,1,19.3,India,KD Karthik,MS Dhoni,M Muralitharan,1,0,"",""
ball,1,19.4,India,MS Dhoni,KD Karthik,M Muralitharan,0,0,"",""
ball,1,19.5,India,MS Dhoni,KD Karthik,M Muralitharan,0,0,"",""
ball,1,19.6,India,MS Dhoni,KD Karthik,M Muralitharan,1,0,"",""
ball,1,20.1,India,MS Dhoni,KD Karthik,SL Malinga,0,0,"",""
ball,1,20.2,India,MS Dhoni,KD Karthik,SL Malinga,0,0,"",""
ball,1,20.3,India,MS Dhoni,KD Karthik,SL Malinga,0,0,"",""
ball,1,20.4,India,MS Dhoni,KD Karthik,SL Malinga,1,0,"",""
ball,1,20.5,India,KD Karthik,MS Dhoni,SL Malinga,0,0,"",""
ball,1,20.6,India,KD Karthik,MS Dhoni,SL Malinga,0,0,"",""
ball,1,21.1,India,MS Dhoni,KD Karthik,M Muralitharan,1,0,"",""
ball,1,21.2,India,KD Karthik,MS Dhoni,M Muralitharan,0,0,"",""
ball,1,21.3,India,KD Karthik,MS Dhoni,M Muralitharan,1,0,"",""
ball,1,21.4,India,MS Dhoni,KD Karthik,M Muralitharan,1,0,"",""
ball,1,21.5,India,KD Karthik,MS Dhoni,M Muralitharan,1,0,"",""
ball,1,21.6,India,MS Dhoni,KD Karthik,M Muralitharan,0,0,"",""
ball,1,22.1,India,KD Karthik,MS Dhoni,MF Maharoof,1,0,"",""
ball,1,22.2,India,MS Dhoni,KD Karthik,MF Maharoof,0,0,"",""
ball,1,22.3,India,MS Dhoni,KD Karthik,MF Maharoof,6,0,"",""
ball,1,22.4,India,MS Dhoni,KD Karthik,MF Maharoof,1,0,"",""
ball,1,22.5,India,KD Karthik,MS Dhoni,MF Maharoof,0,0,"",""
ball,1,22.6,India,KD Karthik,MS Dhoni,MF Maharoof,2,0,"",""
ball,1,23.1,India,MS Dhoni,KD Karthik,M Muralitharan,4,0,"",""
ball,1,23.2,India,MS Dhoni,KD Karthik,M Muralitharan,0,0,"",""
ball,1,23.3,India,MS Dhoni,KD Karthik,M Muralitharan,0,0,"",""
ball,1,23.4,India,MS Dhoni,KD Karthik,M Muralitharan,0,0,"",""
ball,1,23.5,India,MS Dhoni,KD Karthik,M Muralitharan,0,0,"",""
ball,1,23.6,India,MS Dhoni,KD Karthik,M Muralitharan,1,0,"",""
ball,1,24.1,India,MS Dhoni,KD Karthik,SHT Kandamby,1,0,"",""
ball,1,24.2,India,KD Karthik,MS Dhoni,SHT Kandamby,1,0,"",""
ball,1,24.3,India,MS Dhoni,KD Karthik,SHT Kandamby,2,0,"",""
ball,1,24.4,India,MS Dhoni,KD Karthik,SHT Kandamby,0,0,"",""
ball,1,24.5,India,MS Dhoni,KD Karthik,SHT Kandamby,1,0,"",""
ball,1,24.6,India,KD Karthik,MS Dhoni,SHT Kandamby,2,0,"",""
ball,1,25.1,India,MS Dhoni,KD Karthik,M Muralitharan,0,0,"",""
ball,1,25.2,India,MS Dhoni,KD Karthik,M Muralitharan,1,0,"",""
ball,1,25.3,India,KD Karthik,MS Dhoni,M Muralitharan,0,0,"",""
ball,1,25.4,India,KD Karthik,MS Dhoni,M Muralitharan,1,0,"",""
ball,1,25.5,India,MS Dhoni,KD Karthik,M Muralitharan,1,0,"",""
ball,1,25.6,India,KD Karthik,MS Dhoni,M Muralitharan,0,0,"",""
ball,1,26.1,India,MS Dhoni,KD Karthik,SHT Kandamby,0,0,"",""
ball,1,26.2,India,MS Dhoni,KD Karthik,SHT Kandamby,2,0,"",""
ball,1,26.3,India,MS Dhoni,KD Karthik,SHT Kandamby,1,0,"",""
ball,1,26.4,India,KD Karthik,MS Dhoni,SHT Kandamby,1,0,"",""
ball,1,26.5,India,MS Dhoni,KD Karthik,SHT Kandamby,1,0,"",""
ball,1,26.6,India,KD Karthik,MS Dhoni,SHT Kandamby,1,0,"",""
ball,1,27.1,India,KD Karthik,MS Dhoni,M Muralitharan,0,1,"",""
ball,1,27.2,India,MS Dhoni,KD Karthik,M Muralitharan,1,0,"",""
ball,1,27.3,India,KD Karthik,MS Dhoni,M Muralitharan,0,0,"",""
ball,1,27.4,India,KD Karthik,MS Dhoni,M Muralitharan,1,0,"",""
ball,1,27.5,India,MS Dhoni,KD Karthik,M Muralitharan,0,0,"",""
ball,1,27.6,India,MS Dhoni,KD Karthik,M Muralitharan,0,0,"",""
ball,1,28.1,India,KD Karthik,MS Dhoni,SHT Kandamby,0,0,caught,KD Karthik
ball,1,28.2,India,MS Dhoni,RG Sharma,SHT Kandamby,0,0,"",""
ball,1,28.3,India,MS Dhoni,RG Sharma,SHT Kandamby,0,0,"",""
ball,1,28.4,India,MS Dhoni,RG Sharma,SHT Kandamby,1,0,"",""
ball,1,28.5,India,RG Sharma,MS Dhoni,SHT Kandamby,1,0,"",""
ball,1,28.6,India,MS Dhoni,RG Sharma,SHT Kandamby,0,0,"",""
ball,1,29.1,India,RG Sharma,MS Dhoni,M Muralitharan,0,0,"",""
ball,1,29.2,India,RG Sharma,MS Dhoni,M Muralitharan,0,0,"",""
ball,1,29.3,India,RG Sharma,MS Dhoni,M Muralitharan,1,0,"",""
ball,1,29.4,India,MS Dhoni,RG Sharma,M Muralitharan,4,0,"",""
ball,1,29.5,India,MS Dhoni,RG Sharma,M Muralitharan,0,0,"",""
ball,1,29.6,India,MS Dhoni,RG Sharma,M Muralitharan,0,0,"",""
ball,1,30.1,India,RG Sharma,MS Dhoni,SHT Kandamby,1,0,"",""
ball,1,30.2,India,MS Dhoni,RG Sharma,SHT Kandamby,1,0,"",""
ball,1,30.3,India,RG Sharma,MS Dhoni,SHT Kandamby,1,0,"",""
ball,1,30.4,India,MS Dhoni,RG Sharma,SHT Kandamby,1,0,"",""
ball,1,30.5,India,RG Sharma,MS Dhoni,SHT Kandamby,0,0,"",""
ball,1,30.6,India,RG Sharma,MS Dhoni,SHT Kandamby,1,0,"",""
ball,1,31.1,India,RG Sharma,MS Dhoni,TM Dilshan,1,0,"",""
ball,1,31.2,India,MS Dhoni,RG Sharma,TM Dilshan,0,1,"",""
ball,1,31.3,India,MS Dhoni,RG Sharma,TM Dilshan,0,0,"",""
ball,1,31.4,India,MS Dhoni,RG Sharma,TM Dilshan,1,0,"",""
ball,1,31.5,India,RG Sharma,MS Dhoni,TM Dilshan,1,0,"",""
ball,1,31.6,India,MS Dhoni,RG Sharma,TM Dilshan,1,0,"",""
ball,1,31.7,India,RG Sharma,MS Dhoni,TM Dilshan,4,0,"",""
ball,1,32.1,India,MS Dhoni,RG Sharma,SHT Kandamby,0,0,"",""
ball,1,32.2,India,MS Dhoni,RG Sharma,SHT Kandamby,0,0,caught,MS Dhoni
ball,1,32.3,India,SK Raina,RG Sharma,SHT Kandamby,1,0,"",""
ball,1,32.4,India,RG Sharma,SK Raina,SHT Kandamby,0,0,"",""
ball,1,32.5,India,RG Sharma,SK Raina,SHT Kandamby,1,0,"",""
ball,1,32.6,India,SK Raina,RG Sharma,SHT Kandamby,1,0,"",""
ball,1,33.1,India,SK Raina,RG Sharma,TM Dilshan,0,0,"",""
ball,1,33.2,India,SK Raina,RG Sharma,TM Dilshan,0,0,"",""
ball,1,33.3,India,SK Raina,RG Sharma,TM Dilshan,1,0,"",""
ball,1,33.4,India,RG Sharma,SK Raina,TM Dilshan,0,0,"",""
ball,1,33.5,India,RG Sharma,SK Raina,TM Dilshan,0,0,"",""
ball,1,33.6,India,RG Sharma,SK Raina,TM Dilshan,0,0,"",""
ball,1,34.1,India,SK Raina,RG Sharma,SHT Kandamby,1,0,"",""
ball,1,34.2,India,RG Sharma,SK Raina,SHT Kandamby,1,0,"",""
ball,1,34.3,India,SK Raina,RG Sharma,SHT Kandamby,0,0,"",""
ball,1,34.4,India,SK Raina,RG Sharma,SHT Kandamby,1,0,"",""
ball,1,34.5,India,RG Sharma,SK Raina,SHT Kandamby,0,0,"",""
ball,1,34.6,India,RG Sharma,SK Raina,SHT Kandamby,1,0,"",""
ball,1,35.1,India,RG Sharma,SK Raina,TM Dilshan,1,0,"",""
ball,1,35.2,India,SK Raina,RG Sharma,TM Dilshan,1,0,"",""
ball,1,35.3,India,RG Sharma,SK Raina,TM Dilshan,2,0,"",""
ball,1,35.4,India,RG Sharma,SK Raina,TM Dilshan,0,0,"",""
ball,1,35.5,India,RG Sharma,SK Raina,TM Dilshan,1,0,"",""
ball,1,35.6,India,SK Raina,RG Sharma,TM Dilshan,0,0,"",""
ball,1,36.1,India,RG Sharma,SK Raina,SHT Kandamby,0,0,"",""
ball,1,36.2,India,RG Sharma,SK Raina,SHT Kandamby,4,0,"",""
ball,1,36.3,India,RG Sharma,SK Raina,SHT Kandamby,1,0,"",""
ball,1,36.4,India,SK Raina,RG Sharma,SHT Kandamby,4,0,"",""
ball,1,36.5,India,SK Raina,RG Sharma,SHT Kandamby,0,0,"",""
ball,1,36.6,India,SK Raina,RG Sharma,SHT Kandamby,1,0,"",""
ball,1,37.1,India,SK Raina,RG Sharma,TM Dilshan,1,0,"",""
ball,1,37.2,India,RG Sharma,SK Raina,TM Dilshan,1,0,"",""
ball,1,37.3,India,SK Raina,RG Sharma,TM Dilshan,0,0,"",""
ball,1,37.4,India,SK Raina,RG Sharma,TM Dilshan,0,0,"",""
ball,1,37.5,India,SK Raina,RG Sharma,TM Dilshan,1,0,"",""
ball,1,37.6,India,RG Sharma,SK Raina,TM Dilshan,0,0,"",""
ball,1,38.1,India,SK Raina,RG Sharma,SL Malinga,0,0,"",""
ball,1,38.2,India,SK Raina,RG Sharma,SL Malinga,1,0,"",""
ball,1,38.3,India,RG Sharma,SK Raina,SL Malinga,1,0,"",""
ball,1,38.4,India,SK Raina,RG Sharma,SL Malinga,0,1,"",""
ball,1,38.5,India,SK Raina,RG Sharma,SL Malinga,1,0,"",""
ball,1,38.6,India,RG Sharma,SK Raina,SL Malinga,4,0,"",""
ball,1,38.7,India,RG Sharma,SK Raina,SL Malinga,0,0,"",""
ball,1,39.1,India,SK Raina,RG Sharma,TM Dilshan,2,0,"",""
ball,1,39.2,India,SK Raina,RG Sharma,TM Dilshan,2,0,"",""
ball,1,39.3,India,SK Raina,RG Sharma,TM Dilshan,0,0,"",""
ball,1,39.4,India,SK Raina,RG Sharma,TM Dilshan,4,0,"",""
ball,1,39.5,India,SK Raina,RG Sharma,TM Dilshan,0,0,"",""
ball,1,39.6,India,SK Raina,RG Sharma,TM Dilshan,4,0,"",""
ball,1,40.1,India,RG Sharma,SK Raina,SL Malinga,1,0,"",""
ball,1,40.2,India,SK Raina,RG Sharma,SL Malinga,0,1,"",""
ball,1,40.3,India,SK Raina,RG Sharma,SL Malinga,2,0,"",""
ball,1,40.4,India,SK Raina,RG Sharma,SL Malinga,0,0,"",""
ball,1,40.5,India,SK Raina,RG Sharma,SL Malinga,0,0,"",""
ball,1,40.6,India,SK Raina,RG Sharma,SL Malinga,0,0,"",""
ball,1,40.7,India,SK Raina,RG Sharma,SL Malinga,0,0,lbw,SK Raina
ball,1,41.1,India,RG Sharma,RA Jadeja,M Muralitharan,0,0,"",""
ball,1,41.2,India,RG Sharma,RA Jadeja,M Muralitharan,0,0,"",""
ball,1,41.3,India,RG Sharma,RA Jadeja,M Muralitharan,1,0,"",""
ball,1,41.4,India,RA Jadeja,RG Sharma,M Muralitharan,0,0,"",""
ball,1,41.5,India,RA Jadeja,RG Sharma,M Muralitharan,0,0,"",""
ball,1,41.6,India,RA Jadeja,RG Sharma,M Muralitharan,0,0,"",""
ball,1,42.1,India,RG Sharma,RA Jadeja,MF Maharoof,0,0,"",""
ball,1,42.2,India,RG Sharma,RA Jadeja,MF Maharoof,0,0,"",""
ball,1,42.3,India,RG Sharma,RA Jadeja,MF Maharoof,1,0,"",""
ball,1,42.4,India,RA Jadeja,RG Sharma,MF Maharoof,0,0,"",""
ball,1,42.5,India,RA Jadeja,RG Sharma,MF Maharoof,1,0,"",""
ball,1,42.6,India,RG Sharma,RA Jadeja,MF Maharoof,0,0,"",""
ball,1,43.1,India,RA Jadeja,RG Sharma,M Muralitharan,1,0,"",""
ball,1,43.2,India,RG Sharma,RA Jadeja,M Muralitharan,0,0,"",""
ball,1,43.3,India,RG Sharma,RA Jadeja,M Muralitharan,0,0,"",""
ball,1,43.4,India,RG Sharma,RA Jadeja,M Muralitharan,1,0,"",""
ball,1,43.5,India,RA Jadeja,RG Sharma,M Muralitharan,0,3,"",""
ball,1,43.6,India,RG Sharma,RA Jadeja,M Muralitharan,1,0,"",""
ball,1,44.1,India,RG Sharma,RA Jadeja,SL Malinga,2,0,"",""
ball,1,44.2,India,RG Sharma,RA Jadeja,SL Malinga,1,0,"",""
ball,1,44.3,India,RA Jadeja,RG Sharma,SL Malinga,1,0,"",""
ball,1,44.4,India,RG Sharma,RA Jadeja,SL Malinga,1,0,"",""
ball,1,44.5,India,RA Jadeja,RG Sharma,SL Malinga,4,0,"",""
ball,1,44.6,India,RA Jadeja,RG Sharma,SL Malinga,1,0,"",""
ball,1,45.1,India,RA Jadeja,RG Sharma,KMDN Kulasekara,1,0,"",""
ball,1,45.2,India,RG Sharma,RA Jadeja,KMDN Kulasekara,1,0,"",""
ball,1,45.3,India,RA Jadeja,RG Sharma,KMDN Kulasekara,0,1,"",""
ball,1,45.4,India,RA Jadeja,RG Sharma,KMDN Kulasekara,0,0,"",""
ball,1,45.5,India,RA Jadeja,RG Sharma,KMDN Kulasekara,1,0,"",""
ball,1,45.6,India,RG Sharma,RA Jadeja,KMDN Kulasekara,0,0,"",""
ball,1,45.7,India,RG Sharma,RA Jadeja,KMDN Kulasekara,1,0,"",""
ball,1,46.1,India,RG Sharma,RA Jadeja,SL Malinga,1,0,"",""
ball,1,46.2,India,RA Jadeja,RG Sharma,SL Malinga,0,0,"",""
ball,1,46.3,India,RA Jadeja,RG Sharma,SL Malinga,0,1,"",""
ball,1,46.4,India,RA Jadeja,RG Sharma,SL Malinga,1,0,"",""
ball,1,46.5,India,RG Sharma,RA Jadeja,SL Malinga,0,1,"",""
ball,1,46.6,India,RA Jadeja,RG Sharma,SL Malinga,2,0,"",""
ball,1,46.7,India,RA Jadeja,RG Sharma,SL Malinga,1,0,"",""
ball,1,47.1,India,RA Jadeja,RG Sharma,KMDN Kulasekara,1,0,"",""
ball,1,47.2,India,RG Sharma,RA Jadeja,KMDN Kulasekara,0,0,caught,RG Sharma
ball,1,47.3,India,RA Jadeja,Harbhajan Singh,KMDN Kulasekara,1,0,"",""
ball,1,47.4,India,Harbhajan Singh,RA Jadeja,KMDN Kulasekara,1,0,"",""
ball,1,47.5,India,RA Jadeja,Harbhajan Singh,KMDN Kulasekara,2,0,"",""
ball,1,47.6,India,RA Jadeja,Harbhajan Singh,KMDN Kulasekara,1,0,"",""
ball,1,48.1,India,RA Jadeja,Harbhajan Singh,SL Malinga,1,0,"",""
ball,1,48.2,India,Harbhajan Singh,RA Jadeja,SL Malinga,0,1,"",""
ball,1,48.3,India,RA Jadeja,Harbhajan Singh,SL Malinga,0,0,"",""
ball,1,48.4,India,RA Jadeja,Harbhajan Singh,SL Malinga,0,0,"",""
ball,1,48.5,India,RA Jadeja,Harbhajan Singh,SL Malinga,1,0,"",""
ball,1,48.6,India,Harbhajan Singh,RA Jadeja,SL Malinga,1,0,"",""
ball,1,49.1,India,Harbhajan Singh,RA Jadeja,KMDN Kulasekara,0,0,"",""
ball,1,49.2,India,Harbhajan Singh,RA Jadeja,KMDN Kulasekara,2,0,"",""
ball,1,49.3,India,Harbhajan Singh,RA Jadeja,KMDN Kulasekara,2,0,"",""
ball,1,49.4,India,Harbhajan Singh,RA Jadeja,KMDN Kulasekara,1,0,"",""
ball,1,49.5,India,RA Jadeja,Harbhajan Singh,KMDN Kulasekara,0,1,"",""
ball,1,49.6,India,RA Jadeja,Harbhajan Singh,KMDN Kulasekara,2,0,"",""
ball,1,49.7,India,RA Jadeja,Harbhajan Singh,KMDN Kulasekara,2,0,"",""
ball,2,0.1,Sri Lanka,WU Tharanga,TM Dilshan,P Kumar,0,0,"",""
ball,2,0.2,Sri Lanka,WU Tharanga,TM Dilshan,P Kumar,2,0,"",""
ball,2,0.3,Sri Lanka,WU Tharanga,TM Dilshan,P Kumar,3,0,"",""
ball,2,0.4,Sri Lanka,TM Dilshan,WU Tharanga,P Kumar,0,0,"",""
ball,2,0.5,Sri Lanka,TM Dilshan,WU Tharanga,P Kumar,0,0,caught,TM Dilshan
ball,2,0.6,Sri Lanka,KC Sangakkara,WU Tharanga,P Kumar,0,0,"",""
ball,2,1.1,Sri Lanka,WU Tharanga,KC Sangakkara,Z Khan,0,0,"",""
ball,2,1.2,Sri Lanka,WU Tharanga,KC Sangakkara,Z Khan,0,0,"",""
ball,2,1.3,Sri Lanka,WU Tharanga,KC Sangakkara,Z Khan,0,0,"",""
ball,2,1.4,Sri Lanka,WU Tharanga,KC Sangakkara,Z Khan,0,0,"",""
ball,2,1.5,Sri Lanka,WU Tharanga,KC Sangakkara,Z Khan,0,0,"",""
ball,2,1.6,Sri Lanka,WU Tharanga,KC Sangakkara,Z Khan,0,0,"",""
ball,2,2.1,Sri Lanka,KC Sangakkara,WU Tharanga,P Kumar,0,1,"",""
ball,2,2.2,Sri Lanka,KC Sangakkara,WU Tharanga,P Kumar,0,0,"",""
ball,2,2.3,Sri Lanka,KC Sangakkara,WU Tharanga,P Kumar,0,0,"",""
ball,2,2.4,Sri Lanka,KC Sangakkara,WU Tharanga,P Kumar,1,0,"",""
ball,2,2.5,Sri Lanka,WU Tharanga,KC Sangakkara,P Kumar,0,0,"",""
ball,2,2.6,Sri Lanka,WU Tharanga,KC Sangakkara,P Kumar,0,0,"",""
ball,2,2.7,Sri Lanka,WU Tharanga,KC Sangakkara,P Kumar,0,0,"",""
ball,2,3.1,Sri Lanka,KC Sangakkara,WU Tharanga,Z Khan,0,0,"",""
ball,2,3.2,Sri Lanka,KC Sangakkara,WU Tharanga,Z Khan,1,0,"",""
ball,2,3.3,Sri Lanka,WU Tharanga,KC Sangakkara,Z Khan,0,0,"",""
ball,2,3.4,Sri Lanka,WU Tharanga,KC Sangakkara,Z Khan,0,0,"",""
ball,2,3.5,Sri Lanka,WU Tharanga,KC Sangakkara,Z Khan,1,0,"",""
ball,2,3.6,Sri Lanka,KC Sangakkara,WU Tharanga,Z Khan,0,0,"",""
ball,2,4.1,Sri Lanka,WU Tharanga,KC Sangakkara,P Kumar,0,0,"",""
ball,2,4.2,Sri Lanka,WU Tharanga,KC Sangakkara,P Kumar,4,0,"",""
ball,2,4.3,Sri Lanka,WU Tharanga,KC Sangakkara,P Kumar,0,0,"",""
ball,2,4.4,Sri Lanka,WU Tharanga,KC Sangakkara,P Kumar,0,0,"",""
ball,2,4.5,Sri Lanka,WU Tharanga,KC Sangakkara,P Kumar,2,0,"",""
ball,2,4.6,Sri Lanka,WU Tharanga,KC Sangakkara,P Kumar,2,0,"",""
ball,2,5.1,Sri Lanka,KC Sangakkara,WU Tharanga,Z Khan,0,0,"",""
ball,2,5.2,Sri Lanka,KC Sangakkara,WU Tharanga,Z Khan,0,0,"",""
ball,2,5.3,Sri Lanka,KC Sangakkara,WU Tharanga,Z Khan,1,0,"",""
ball,2,5.4,Sri Lanka,WU Tharanga,KC Sangakkara,Z Khan,0,0,"",""
ball,2,5.5,Sri Lanka,WU Tharanga,KC Sangakkara,Z Khan,0,0,"",""
ball,2,5.6,Sri Lanka,WU Tharanga,KC Sangakkara,Z Khan,0,0,"",""
ball,2,6.1,Sri Lanka,KC Sangakkara,WU Tharanga,P Kumar,4,0,"",""
ball,2,6.2,Sri Lanka,KC Sangakkara,WU Tharanga,P Kumar,1,0,"",""
ball,2,6.3,Sri Lanka,WU Tharanga,KC Sangakkara,P Kumar,0,0,"",""
ball,2,6.4,Sri Lanka,WU Tharanga,KC Sangakkara,P Kumar,0,0,"",""
ball,2,6.5,Sri Lanka,WU Tharanga,KC Sangakkara,P Kumar,0,0,"",""
ball,2,6.6,Sri Lanka,WU Tharanga,KC Sangakkara,P Kumar,1,0,"",""
ball,2,7.1,Sri Lanka,WU Tharanga,KC Sangakkara,Z Khan,1,0,"",""
ball,2,7.2,Sri Lanka,KC Sangakkara,WU Tharanga,Z Khan,4,0,"",""
ball,2,7.3,Sri Lanka,KC Sangakkara,WU Tharanga,Z Khan,0,0,"",""
ball,2,7.4,Sri Lanka,KC Sangakkara,WU Tharanga,Z Khan,0,1,"",""
ball,2,7.5,Sri Lanka,KC Sangakkara,WU Tharanga,Z Khan,0,0,"",""
ball,2,7.6,Sri Lanka,KC Sangakkara,WU Tharanga,Z Khan,0,1,"",""
ball,2,7.7,Sri Lanka,WU Tharanga,KC Sangakkara,Z Khan,0,0,bowled,WU Tharanga
ball,2,8.1,Sri Lanka,KC Sangakkara,DPMD Jayawardene,P Kumar,0,0,"",""
ball,2,8.2,Sri Lanka,KC Sangakkara,DPMD Jayawardene,P Kumar,0,0,"",""
ball,2,8.3,Sri Lanka,KC Sangakkara,DPMD Jayawardene,P Kumar,1,0,"",""
ball,2,8.4,Sri Lanka,DPMD Jayawardene,KC Sangakkara,P Kumar,0,0,"",""
ball,2,8.5,Sri Lanka,DPMD Jayawardene,KC Sangakkara,P Kumar,0,0,"",""
ball,2,8.6,Sri Lanka,DPMD Jayawardene,KC Sangakkara,P Kumar,2,0,"",""
ball,2,9.1,Sri Lanka,KC Sangakkara,DPMD Jayawardene,Z Khan,1,0,"",""
ball,2,9.2,Sri Lanka,DPMD Jayawardene,KC Sangakkara,Z Khan,0,1,"",""
ball,2,9.3,Sri Lanka,DPMD Jayawardene,KC Sangakkara,Z Khan,0,0,"",""
ball,2,9.4,Sri Lanka,DPMD Jayawardene,KC Sangakkara,Z Khan,4,0,"",""
ball,2,9.5,Sri Lanka,DPMD Jayawardene,KC Sangakkara,Z Khan,2,0,"",""
ball,2,9.6,Sri Lanka,DPMD Jayawardene,KC Sangakkara,Z Khan,0,0,"",""
ball,2,9.7,Sri Lanka,DPMD Jayawardene,KC Sangakkara,Z Khan,0,0,"",""
ball,2,10.1,Sri Lanka,KC Sangakkara,DPMD Jayawardene,P Kumar,0,0,"",""
ball,2,10.2,Sri Lanka,KC Sangakkara,DPMD Jayawardene,P Kumar,1,0,"",""
ball,2,10.3,Sri Lanka,DPMD Jayawardene,KC Sangakkara,P Kumar,0,0,"",""
ball,2,10.4,Sri Lanka,DPMD Jayawardene,KC Sangakkara,P Kumar,0,0,"",""
ball,2,10.5,Sri Lanka,DPMD Jayawardene,KC Sangakkara,P Kumar,0,0,"",""
ball,2,10.6,Sri Lanka,DPMD Jayawardene,KC Sangakkara,P Kumar,0,0,"",""
ball,2,11.1,Sri Lanka,KC Sangakkara,DPMD Jayawardene,A Nehra,1,0,"",""
ball,2,11.2,Sri Lanka,DPMD Jayawardene,KC Sangakkara,A Nehra,0,0,"",""
ball,2,11.3,Sri Lanka,DPMD Jayawardene,KC Sangakkara,A Nehra,1,0,"",""
ball,2,11.4,Sri Lanka,KC Sangakkara,DPMD Jayawardene,A Nehra,0,0,"",""
ball,2,11.5,Sri Lanka,KC Sangakkara,DPMD Jayawardene,A Nehra,1,0,"",""
ball,2,11.6,Sri Lanka,DPMD Jayawardene,KC Sangakkara,A Nehra,1,0,"",""
ball,2,12.1,Sri Lanka,DPMD Jayawardene,KC Sangakkara,P Kumar,1,0,"",""
ball,2,12.2,Sri Lanka,KC Sangakkara,DPMD Jayawardene,P Kumar,0,0,"",""
ball,2,12.3,Sri Lanka,KC Sangakkara,DPMD Jayawardene,P Kumar,0,0,"",""
ball,2,12.4,Sri Lanka,KC Sangakkara,DPMD Jayawardene,P Kumar,0,1,"",""
ball,2,12.5,Sri Lanka,KC Sangakkara,DPMD Jayawardene,P Kumar,0,0,"",""
ball,2,12.6,Sri Lanka,KC Sangakkara,DPMD Jayawardene,P Kumar,0,0,"",""
ball,2,12.7,Sri Lanka,KC Sangakkara,DPMD Jayawardene,P Kumar,0,0,"",""
ball,2,13.1,Sri Lanka,DPMD Jayawardene,KC Sangakkara,A Nehra,0,1,"",""
ball,2,13.2,Sri Lanka,DPMD Jayawardene,KC Sangakkara,A Nehra,0,0,"",""
ball,2,13.3,Sri Lanka,DPMD Jayawardene,KC Sangakkara,A Nehra,0,0,"",""
ball,2,13.4,Sri Lanka,DPMD Jayawardene,KC Sangakkara,A Nehra,0,0,caught,DPMD Jayawardene
ball,2,13.5,Sri Lanka,AD Mathews,KC Sangakkara,A Nehra,0,0,"",""
ball,2,13.6,Sri Lanka,AD Mathews,KC Sangakkara,A Nehra,0,0,caught,AD Mathews
ball,2,13.7,Sri Lanka,SHT Kandamby,KC Sangakkara,A Nehra,0,0,"",""
ball,2,14.1,Sri Lanka,KC Sangakkara,SHT Kandamby,P Kumar,0,0,"",""
ball,2,14.2,Sri Lanka,KC Sangakkara,SHT Kandamby,P Kumar,0,0,"",""
ball,2,14.3,Sri Lanka,KC Sangakkara,SHT Kandamby,P Kumar,0,0,"",""
ball,2,14.4,Sri Lanka,KC Sangakkara,SHT Kandamby,P Kumar,0,0,"",""
ball,2,14.5,Sri Lanka,KC Sangakkara,SHT Kandamby,P Kumar,0,0,"",""
ball,2,14.6,Sri Lanka,KC Sangakkara,SHT Kandamby,P Kumar,0,0,"",""
ball,2,15.1,Sri Lanka,SHT Kandamby,KC Sangakkara,A Nehra,0,0,"",""
ball,2,15.2,Sri Lanka,SHT Kandamby,KC Sangakkara,A Nehra,1,0,"",""
ball,2,15.3,Sri Lanka,KC Sangakkara,SHT Kandamby,A Nehra,0,0,"",""
ball,2,15.4,Sri Lanka,KC Sangakkara,SHT Kandamby,A Nehra,0,0,caught,KC Sangakkara
ball,2,15.5,Sri Lanka,CK Kapugedera,SHT Kandamby,A Nehra,0,0,"",""
ball,2,15.6,Sri Lanka,CK Kapugedera,SHT Kandamby,A Nehra,0,0,"",""
ball,2,16.1,Sri Lanka,SHT Kandamby,CK Kapugedera,P Kumar,0,0,"",""
ball,2,16.2,Sri Lanka,SHT Kandamby,CK Kapugedera,P Kumar,1,0,"",""
ball,2,16.3,Sri Lanka,CK Kapugedera,SHT Kandamby,P Kumar,1,0,"",""
ball,2,16.4,Sri Lanka,SHT Kandamby,CK Kapugedera,P Kumar,0,0,"",""
ball,2,16.5,Sri Lanka,SHT Kandamby,CK Kapugedera,P Kumar,0,0,"",""
ball,2,16.6,Sri Lanka,SHT Kandamby,CK Kapugedera,P Kumar,0,0,"",""
ball,2,17.1,Sri Lanka,CK Kapugedera,SHT Kandamby,A Nehra,0,0,"",""
ball,2,17.2,Sri Lanka,CK Kapugedera,SHT Kandamby,A Nehra,0,0,"",""
ball,2,17.3,Sri Lanka,CK Kapugedera,SHT Kandamby,A Nehra,0,0,"",""
ball,2,17.4,Sri Lanka,CK Kapugedera,SHT Kandamby,A Nehra,0,0,"",""
ball,2,17.5,Sri Lanka,CK Kapugedera,SHT Kandamby,A Nehra,0,0,"",""
ball,2,17.6,Sri Lanka,CK Kapugedera,SHT Kandamby,A Nehra,1,0,"",""
ball,2,18.1,Sri Lanka,CK Kapugedera,SHT Kandamby,Harbhajan Singh,1,0,"",""
ball,2,18.2,Sri Lanka,SHT Kandamby,CK Kapugedera,Harbhajan Singh,0,0,"",""
ball,2,18.3,Sri Lanka,SHT Kandamby,CK Kapugedera,Harbhajan Singh,0,0,"",""
ball,2,18.4,Sri Lanka,SHT Kandamby,CK Kapugedera,Harbhajan Singh,0,0,"",""
ball,2,18.5,Sri Lanka,SHT Kandamby,CK Kapugedera,Harbhajan Singh,0,0,"",""
ball,2,18.6,Sri Lanka,SHT Kandamby,CK Kapugedera,Harbhajan Singh,0,1,"",""
ball,2,19.1,Sri Lanka,SHT Kandamby,CK Kapugedera,A Nehra,2,0,"",""
ball,2,19.2,Sri Lanka,SHT Kandamby,CK Kapugedera,A Nehra,0,0,"",""
ball,2,19.3,Sri Lanka,SHT Kandamby,CK Kapugedera,A Nehra,0,0,"",""
ball,2,19.4,Sri Lanka,SHT Kandamby,CK Kapugedera,A Nehra,0,0,"",""
ball,2,19.5,Sri Lanka,SHT Kandamby,CK Kapugedera,A Nehra,4,0,"",""
ball,2,19.6,Sri Lanka,SHT Kandamby,CK Kapugedera,A Nehra,0,1,"",""
ball,2,19.7,Sri Lanka,SHT Kandamby,CK Kapugedera,A Nehra,1,0,"",""
ball,2,20.1,Sri Lanka,SHT Kandamby,CK Kapugedera,Harbhajan Singh,1,0,"",""
ball,2,20.2,Sri Lanka,CK Kapugedera,SHT Kandamby,Harbhajan Singh,0,0,"",""
ball,2,20.3,Sri Lanka,CK Kapugedera,SHT Kandamby,Harbhajan Singh,0,0,"",""
ball,2,20.4,Sri Lanka,CK Kapugedera,SHT Kandamby,Harbhajan Singh,0,0,"",""
ball,2,20.5,Sri Lanka,CK Kapugedera,SHT Kandamby,Harbhajan Singh,0,0,"",""
ball,2,20.6,Sri Lanka,CK Kapugedera,SHT Kandamby,Harbhajan Singh,0,0,"",""
ball,2,21.1,Sri Lanka,SHT Kandamby,CK Kapugedera,V Kohli,1,0,"",""
ball,2,21.2,Sri Lanka,CK Kapugedera,SHT Kandamby,V Kohli,0,0,"",""
ball,2,21.3,Sri Lanka,CK Kapugedera,SHT Kandamby,V Kohli,0,1,"",""
ball,2,21.4,Sri Lanka,CK Kapugedera,SHT Kandamby,V Kohli,1,0,"",""
ball,2,21.5,Sri Lanka,SHT Kandamby,CK Kapugedera,V Kohli,1,0,"",""
ball,2,21.6,Sri Lanka,CK Kapugedera,SHT Kandamby,V Kohli,0,0,"",""
ball,2,21.7,Sri Lanka,CK Kapugedera,SHT Kandamby,V Kohli,0,0,"",""
ball,2,22.1,Sri Lanka,SHT Kandamby,CK Kapugedera,Harbhajan Singh,0,0,"",""
ball,2,22.2,Sri Lanka,SHT Kandamby,CK Kapugedera,Harbhajan Singh,1,0,"",""
ball,2,22.3,Sri Lanka,CK Kapugedera,SHT Kandamby,Harbhajan Singh,1,0,"",""
ball,2,22.4,Sri Lanka,SHT Kandamby,CK Kapugedera,Harbhajan Singh,0,0,"",""
ball,2,22.5,Sri Lanka,SHT Kandamby,CK Kapugedera,Harbhajan Singh,1,0,"",""
ball,2,22.6,Sri Lanka,CK Kapugedera,SHT Kandamby,Harbhajan Singh,0,0,"",""
ball,2,23.1,Sri Lanka,SHT Kandamby,CK Kapugedera,V Kohli,0,0,"",""
ball,2,23.2,Sri Lanka,SHT Kandamby,CK Kapugedera,V Kohli,0,0,"",""
ball,2,23.3,Sri Lanka,SHT Kandamby,CK Kapugedera,V Kohli,0,0,"",""
ball,2,23.4,Sri Lanka,SHT Kandamby,CK Kapugedera,V Kohli,1,0,"",""
ball,2,23.5,Sri Lanka,CK Kapugedera,SHT Kandamby,V Kohli,1,0,"",""
ball,2,23.6,Sri Lanka,SHT Kandamby,CK Kapugedera,V Kohli,1,0,"",""
ball,2,24.1,Sri Lanka,SHT Kandamby,CK Kapugedera,Harbhajan Singh,1,0,"",""
ball,2,24.2,Sri Lanka,CK Kapugedera,SHT Kandamby,Harbhajan Singh,0,0,"",""
ball,2,24.3,Sri Lanka,CK Kapugedera,SHT Kandamby,Harbhajan Singh,1,0,"",""
ball,2,24.4,Sri Lanka,SHT Kandamby,CK Kapugedera,Harbhajan Singh,1,0,"",""
ball,2,24.5,Sri Lanka,CK Kapugedera,SHT Kandamby,Harbhajan Singh,0,0,"",""
ball,2,24.6,Sri Lanka,CK Kapugedera,SHT Kandamby,Harbhajan Singh,1,0,"",""
ball,2,25.1,Sri Lanka,CK Kapugedera,SHT Kandamby,V Kohli,1,0,"",""
ball,2,25.2,Sri Lanka,SHT Kandamby,CK Kapugedera,V Kohli,4,0,"",""
ball,2,25.3,Sri Lanka,SHT Kandamby,CK Kapugedera,V Kohli,1,0,"",""
ball,2,25.4,Sri Lanka,CK Kapugedera,SHT Kandamby,V Kohli,2,0,"",""
ball,2,25.5,Sri Lanka,CK Kapugedera,SHT Kandamby,V Kohli,0,0,"",""
ball,2,25.6,Sri Lanka,CK Kapugedera,SHT Kandamby,V Kohli,1,0,"",""
ball,2,26.1,Sri Lanka,CK Kapugedera,SHT Kandamby,Harbhajan Singh,0,0,"",""
ball,2,26.2,Sri Lanka,CK Kapugedera,SHT Kandamby,Harbhajan Singh,0,0,"",""
ball,2,26.3,Sri Lanka,CK Kapugedera,SHT Kandamby,Harbhajan Singh,0,0,"",""
ball,2,26.4,Sri Lanka,CK Kapugedera,SHT Kandamby,Harbhajan Singh,1,0,"",""
ball,2,26.5,Sri Lanka,SHT Kandamby,CK Kapugedera,Harbhajan Singh,0,0,"",""
ball,2,26.6,Sri Lanka,SHT Kandamby,CK Kapugedera,Harbhajan Singh,2,0,"",""
ball,2,27.1,Sri Lanka,CK Kapugedera,SHT Kandamby,RA Jadeja,0,0,"",""
ball,2,27.2,Sri Lanka,CK Kapugedera,SHT Kandamby,RA Jadeja,2,0,"",""
ball,2,27.3,Sri Lanka,CK Kapugedera,SHT Kandamby,RA Jadeja,2,0,"",""
ball,2,27.4,Sri Lanka,CK Kapugedera,SHT Kandamby,RA Jadeja,1,0,"",""
ball,2,27.5,Sri Lanka,SHT Kandamby,CK Kapugedera,RA Jadeja,0,0,"",""
ball,2,27.6,Sri Lanka,SHT Kandamby,CK Kapugedera,RA Jadeja,1,0,"",""
ball,2,28.1,Sri Lanka,SHT Kandamby,CK Kapugedera,Harbhajan Singh,2,0,"",""
ball,2,28.2,Sri Lanka,SHT Kandamby,CK Kapugedera,Harbhajan Singh,0,0,"",""
ball,2,28.3,Sri Lanka,SHT Kandamby,CK Kapugedera,Harbhajan Singh,0,0,"",""
ball,2,28.4,Sri Lanka,SHT Kandamby,CK Kapugedera,Harbhajan Singh,1,0,"",""
ball,2,28.5,Sri Lanka,CK Kapugedera,SHT Kandamby,Harbhajan Singh,1,0,"",""
ball,2,28.6,Sri Lanka,SHT Kandamby,CK Kapugedera,Harbhajan Singh,1,0,"",""
ball,2,29.1,Sri Lanka,SHT Kandamby,CK Kapugedera,RA Jadeja,1,0,"",""
ball,2,29.2,Sri Lanka,CK Kapugedera,SHT Kandamby,RA Jadeja,0,0,"",""
ball,2,29.3,Sri Lanka,CK Kapugedera,SHT Kandamby,RA Jadeja,0,1,run out,SHT Kandamby
ball,2,29.4,Sri Lanka,CK Kapugedera,MF Maharoof,RA Jadeja,0,4,"",""
ball,2,29.5,Sri Lanka,CK Kapugedera,MF Maharoof,RA Jadeja,1,0,"",""
ball,2,29.6,Sri Lanka,MF Maharoof,CK Kapugedera,RA Jadeja,0,0,"",""
ball,2,29.7,Sri Lanka,MF Maharoof,CK Kapugedera,RA Jadeja,0,0,"",""
ball,2,30.1,Sri Lanka,CK Kapugedera,MF Maharoof,Harbhajan Singh,0,0,"",""
ball,2,30.2,Sri Lanka,CK Kapugedera,MF Maharoof,Harbhajan Singh,0,0,"",""
ball,2,30.3,Sri Lanka,CK Kapugedera,MF Maharoof,Harbhajan Singh,0,0,"",""
ball,2,30.4,Sri Lanka,CK Kapugedera,MF Maharoof,Harbhajan Singh,0,0,"",""
ball,2,30.5,Sri Lanka,CK Kapugedera,MF Maharoof,Harbhajan Singh,0,0,"",""
ball,2,30.6,Sri Lanka,CK Kapugedera,MF Maharoof,Harbhajan Singh,2,0,"",""
ball,2,31.1,Sri Lanka,MF Maharoof,CK Kapugedera,RA Jadeja,1,0,"",""
ball,2,31.2,Sri Lanka,CK Kapugedera,MF Maharoof,RA Jadeja,2,0,"",""
ball,2,31.3,Sri Lanka,CK Kapugedera,MF Maharoof,RA Jadeja,0,0,"",""
ball,2,31.4,Sri Lanka,CK Kapugedera,MF Maharoof,RA Jadeja,0,0,"",""
ball,2,31.5,Sri Lanka,CK Kapugedera,MF Maharoof,RA Jadeja,0,0,"",""
ball,2,31.6,Sri Lanka,CK Kapugedera,MF Maharoof,RA Jadeja,0,0,"",""
ball,2,32.1,Sri Lanka,MF Maharoof,CK Kapugedera,Harbhajan Singh,0,2,"",""
ball,2,32.2,Sri Lanka,CK Kapugedera,MF Maharoof,Harbhajan Singh,0,0,"",""
ball,2,32.3,Sri Lanka,CK Kapugedera,MF Maharoof,Harbhajan Singh,0,0,"",""
ball,2,32.4,Sri Lanka,CK Kapugedera,MF Maharoof,Harbhajan Singh,1,0,"",""
ball,2,32.5,Sri Lanka,MF Maharoof,CK Kapugedera,Harbhajan Singh,1,0,"",""
ball,2,32.6,Sri Lanka,CK Kapugedera,MF Maharoof,Harbhajan Singh,0,0,"",""
ball,2,32.7,Sri Lanka,CK Kapugedera,MF Maharoof,Harbhajan Singh,0,0,"",""
ball,2,33.1,Sri Lanka,MF Maharoof,CK Kapugedera,RA Jadeja,0,0,"",""
ball,2,33.2,Sri Lanka,MF Maharoof,CK Kapugedera,RA Jadeja,1,0,"",""
ball,2,33.3,Sri Lanka,CK Kapugedera,MF Maharoof,RA Jadeja,1,0,"",""
ball,2,33.4,Sri Lanka,MF Maharoof,CK Kapugedera,RA Jadeja,4,0,"",""
ball,2,33.5,Sri Lanka,MF Maharoof,CK Kapugedera,RA Jadeja,0,0,"",""
ball,2,33.6,Sri Lanka,MF Maharoof,CK Kapugedera,RA Jadeja,1,0,"",""
ball,2,34.1,Sri Lanka,MF Maharoof,CK Kapugedera,Harbhajan Singh,1,0,"",""
ball,2,34.2,Sri Lanka,CK Kapugedera,MF Maharoof,Harbhajan Singh,1,0,"",""
ball,2,34.3,Sri Lanka,MF Maharoof,CK Kapugedera,Harbhajan Singh,1,0,"",""
ball,2,34.4,Sri Lanka,CK Kapugedera,MF Maharoof,Harbhajan Singh,4,0,"",""
ball,2,34.5,Sri Lanka,CK Kapugedera,MF Maharoof,Harbhajan Singh,0,0,"",""
ball,2,34.6,Sri Lanka,CK Kapugedera,MF Maharoof,Harbhajan Singh,0,0,"",""
ball,2,35.1,Sri Lanka,MF Maharoof,CK Kapugedera,Z Khan,0,0,"",""
ball,2,35.2,Sri Lanka,MF Maharoof,CK Kapugedera,Z Khan,0,0,"",""
ball,2,35.3,Sri Lanka,MF Maharoof,CK Kapugedera,Z Khan,0,0,caught,MF Maharoof
ball,2,35.4,Sri Lanka,KMDN Kulasekara,CK Kapugedera,Z Khan,0,0,"",""
ball,2,35.5,Sri Lanka,KMDN Kulasekara,CK Kapugedera,Z Khan,0,0,"",""
ball,2,35.6,Sri Lanka,KMDN Kulasekara,CK Kapugedera,Z Khan,0,0,"",""
ball,2,36.1,Sri Lanka,CK Kapugedera,KMDN Kulasekara,A Nehra,0,0,"",""
ball,2,36.2,Sri Lanka,CK Kapugedera,KMDN Kulasekara,A Nehra,0,0,"",""
ball,2,36.3,Sri Lanka,CK Kapugedera,KMDN Kulasekara,A Nehra,1,0,"",""
ball,2,36.4,Sri Lanka,KMDN Kulasekara,CK Kapugedera,A Nehra,4,0,"",""
ball,2,36.5,Sri Lanka,KMDN Kulasekara,CK Kapugedera,A Nehra,0,1,"",""
ball,2,36.6,Sri Lanka,KMDN Kulasekara,CK Kapugedera,A Nehra,0,0,"",""
ball,2,36.7,Sri Lanka,KMDN Kulasekara,CK Kapugedera,A Nehra,1,0,"",""
ball,2,37.1,Sri Lanka,KMDN Kulasekara,CK Kapugedera,Z Khan,4,0,"",""
ball,2,37.2,Sri Lanka,KMDN Kulasekara,CK Kapugedera,Z Khan,1,0,"",""
ball,2,37.3,Sri Lanka,CK Kapugedera,KMDN Kulasekara,Z Khan,4,0,"",""
ball,2,37.4,Sri Lanka,CK Kapugedera,KMDN Kulasekara,Z Khan,0,0,"",""
ball,2,37.5,Sri Lanka,CK Kapugedera,KMDN Kulasekara,Z Khan,0,0,"",""
ball,2,37.6,Sri Lanka,CK Kapugedera,KMDN Kulasekara,Z Khan,0,0,"",""
ball,2,38.1,Sri Lanka,KMDN Kulasekara,CK Kapugedera,A Nehra,0,0,"",""
ball,2,38.2,Sri Lanka,KMDN Kulasekara,CK Kapugedera,A Nehra,4,0,"",""
ball,2,38.3,Sri Lanka,KMDN Kulasekara,CK Kapugedera,A Nehra,1,0,"",""
ball,2,38.4,Sri Lanka,CK Kapugedera,KMDN Kulasekara,A Nehra,0,0,"",""
ball,2,38.5,Sri Lanka,CK Kapugedera,KMDN Kulasekara,A Nehra,0,0,"",""
ball,2,38.6,Sri Lanka,CK Kapugedera,KMDN Kulasekara,A Nehra,4,0,"",""
ball,2,39.1,Sri Lanka,KMDN Kulasekara,CK Kapugedera,Z Khan,0,0,"",""
ball,2,39.2,Sri Lanka,KMDN Kulasekara,CK Kapugedera,Z Khan,4,0,"",""
ball,2,39.3,Sri Lanka,KMDN Kulasekara,CK Kapugedera,Z Khan,1,0,"",""
ball,2,39.4,Sri Lanka,CK Kapugedera,KMDN Kulasekara,Z Khan,4,0,"",""
ball,2,39.5,Sri Lanka,CK Kapugedera,KMDN Kulasekara,Z Khan,0,0,"",""
ball,2,39.6,Sri Lanka,CK Kapugedera,KMDN Kulasekara,Z Khan,1,0,"",""
ball,2,40.1,Sri Lanka,CK Kapugedera,KMDN Kulasekara,RA Jadeja,1,0,"",""
ball,2,40.2,Sri Lanka,KMDN Kulasekara,CK Kapugedera,RA Jadeja,0,0,"",""
ball,2,40.3,Sri Lanka,KMDN Kulasekara,CK Kapugedera,RA Jadeja,0,0,stumped,KMDN Kulasekara
ball,2,40.4,Sri Lanka,SL Malinga,CK Kapugedera,RA Jadeja,0,0,"",""
ball,2,40.5,Sri Lanka,SL Malinga,CK Kapugedera,RA Jadeja,0,0,"",""
ball,2,40.6,Sri Lanka,SL Malinga,CK Kapugedera,RA Jadeja,1,0,"",""
ball,2,41.1,Sri Lanka,SL Malinga,CK Kapugedera,A Nehra,0,0,"",""
ball,2,41.2,Sri Lanka,SL Malinga,CK Kapugedera,A Nehra,0,0,"",""
ball,2,41.3,Sri Lanka,SL Malinga,CK Kapugedera,A Nehra,1,0,"",""
ball,2,41.4,Sri Lanka,CK Kapugedera,SL Malinga,A Nehra,0,0,"",""
ball,2,41.5,Sri Lanka,CK Kapugedera,SL Malinga,A Nehra,0,0,"",""
ball,2,41.6,Sri Lanka,CK Kapugedera,SL Malinga,A Nehra,0,0,"",""
ball,2,42.1,Sri Lanka,SL Malinga,CK Kapugedera,RA Jadeja,1,0,"",""
ball,2,42.2,Sri Lanka,CK Kapugedera,SL Malinga,RA Jadeja,0,0,"",""
ball,2,42.3,Sri Lanka,CK Kapugedera,SL Malinga,RA Jadeja,0,1,"",""
ball,2,42.4,Sri Lanka,SL Malinga,CK Kapugedera,RA Jadeja,4,0,"",""
ball,2,42.5,Sri Lanka,SL Malinga,CK Kapugedera,RA Jadeja,0,0,"",""
ball,2,42.6,Sri Lanka,SL Malinga,CK Kapugedera,RA Jadeja,0,0,"",""
ball,2,43.1,Sri Lanka,CK Kapugedera,SL Malinga,A Nehra,1,0,"",""
ball,2,43.2,Sri Lanka,SL Malinga,CK Kapugedera,A Nehra,0,0,caught,SL Malinga
ball,2,43.3,Sri Lanka,CK Kapugedera,M Muralitharan,A Nehra,6,0,"",""
ball,2,43.4,Sri Lanka,CK Kapugedera,M Muralitharan,A Nehra,1,0,"",""
ball,2,43.5,Sri Lanka,M Muralitharan,CK Kapugedera,A Nehra,0,0,"",""
ball,2,43.6,Sri Lanka,M Muralitharan,CK Kapugedera,A Nehra,0,0,"",""
ball,2,44.1,Sri Lanka,CK Kapugedera,M Muralitharan,RA Jadeja,1,0,"",""
ball,2,44.2,Sri Lanka,M Muralitharan,CK Kapugedera,RA Jadeja,2,0,"",""
ball,2,44.3,Sri Lanka,M Muralitharan,CK Kapugedera,RA Jadeja,0,0,"",""
ball,2,44.4,Sri Lanka,M Muralitharan,CK Kapugedera,RA Jadeja,0,0,caught,M Muralitharan
