version,1.3.0
info,team,Sri Lanka
info,team,Pakistan
info,gender,male
info,season,2010
info,date,2010/06/15
info,competition,Asia Cup
info,match_number,1
info,venue,Rangiri Dambulla International Stadium
info,city,
info,toss_winner,Sri Lanka
info,toss_decision,bat
info,player_of_match,Shahid Afridi
info,umpire,BF Bowden
info,umpire,BR Doctrove
info,reserve_umpire,RMPJ Rambukwella
info,tv_umpire,SS Hazare
info,match_referee,AJ Pycroft
info,winner,Sri Lanka
info,winner_runs,16
ball,1,0.1,Sri Lanka,WU Tharanga,TM Dilshan,Shoaib Akhtar,0,1,"",""
ball,1,0.2,Sri Lanka,TM Dilshan,WU Tharanga,Shoaib Akhtar,1,0,"",""
ball,1,0.3,Sri Lanka,WU Tharanga,TM Dilshan,Shoaib Akhtar,0,0,"",""
ball,1,0.4,Sri Lanka,WU Tharanga,TM Dilshan,Shoaib Akhtar,1,0,"",""
ball,1,0.5,Sri Lanka,TM Dilshan,WU Tharanga,Shoaib Akhtar,2,0,"",""
ball,1,0.6,Sri Lanka,TM Dilshan,WU Tharanga,Shoaib Akhtar,0,0,"",""
ball,1,1.1,Sri Lanka,WU Tharanga,TM Dilshan,Mohammad Asif,1,0,"",""
ball,1,1.2,Sri Lanka,TM Dilshan,WU Tharanga,Mohammad Asif,0,0,"",""
ball,1,1.3,Sri Lanka,TM Dilshan,WU Tharanga,Mohammad Asif,4,0,"",""
ball,1,1.4,Sri Lanka,TM Dilshan,WU Tharanga,Mohammad Asif,0,0,"",""
ball,1,1.5,Sri Lanka,TM Dilshan,WU Tharanga,Mohammad Asif,0,1,"",""
ball,1,1.6,Sri Lanka,TM Dilshan,WU Tharanga,Mohammad Asif,4,0,"",""
ball,1,1.7,Sri Lanka,TM Dilshan,WU Tharanga,Mohammad Asif,0,0,"",""
ball,1,2.1,Sri Lanka,WU Tharanga,TM Dilshan,Shoaib Akhtar,1,0,"",""
ball,1,2.2,Sri Lanka,TM Dilshan,WU Tharanga,Shoaib Akhtar,0,0,"",""
ball,1,2.3,Sri Lanka,TM Dilshan,WU Tharanga,Shoaib Akhtar,1,0,"",""
ball,1,2.4,Sri Lanka,WU Tharanga,TM Dilshan,Shoaib Akhtar,0,1,"",""
ball,1,2.5,Sri Lanka,TM Dilshan,WU Tharanga,Shoaib Akhtar,4,0,"",""
ball,1,2.6,Sri Lanka,TM Dilshan,WU Tharanga,Shoaib Akhtar,0,0,"",""
ball,1,3.1,Sri Lanka,WU Tharanga,TM Dilshan,Mohammad Asif,0,0,"",""
ball,1,3.2,Sri Lanka,WU Tharanga,TM Dilshan,Mohammad Asif,0,0,"",""
ball,1,3.3,Sri Lanka,WU Tharanga,TM Dilshan,Mohammad Asif,4,0,"",""
ball,1,3.4,Sri Lanka,WU Tharanga,TM Dilshan,Mohammad Asif,0,0,"",""
ball,1,3.5,Sri Lanka,WU Tharanga,TM Dilshan,Mohammad Asif,0,0,"",""
ball,1,3.6,Sri Lanka,WU Tharanga,TM Dilshan,Mohammad Asif,4,0,"",""
ball,1,4.1,Sri Lanka,TM Dilshan,WU Tharanga,Shoaib Akhtar,0,0,"",""
ball,1,4.2,Sri Lanka,TM Dilshan,WU Tharanga,Shoaib Akhtar,0,0,"",""
ball,1,4.3,Sri Lanka,TM Dilshan,WU Tharanga,Shoaib Akhtar,0,0,"",""
ball,1,4.4,Sri Lanka,TM Dilshan,WU Tharanga,Shoaib Akhtar,0,0,"",""
ball,1,4.5,Sri Lanka,TM Dilshan,WU Tharanga,Shoaib Akhtar,1,0,"",""
ball,1,4.6,Sri Lanka,WU Tharanga,TM Dilshan,Shoaib Akhtar,0,0,"",""
ball,1,5.1,Sri Lanka,TM Dilshan,WU Tharanga,Mohammad Amir,0,0,"",""
ball,1,5.2,Sri Lanka,TM Dilshan,WU Tharanga,Mohammad Amir,0,0,"",""
ball,1,5.3,Sri Lanka,TM Dilshan,WU Tharanga,Mohammad Amir,0,0,"",""
ball,1,5.4,Sri Lanka,TM Dilshan,WU Tharanga,Mohammad Amir,0,0,"",""
ball,1,5.5,Sri Lanka,TM Dilshan,WU Tharanga,Mohammad Amir,0,0,"",""
ball,1,5.6,Sri Lanka,TM Dilshan,WU Tharanga,Mohammad Amir,0,0,"",""
ball,1,6.1,Sri Lanka,WU Tharanga,TM Dilshan,Shoaib Akhtar,0,0,"",""
ball,1,6.2,Sri Lanka,WU Tharanga,TM Dilshan,Shoaib Akhtar,0,0,"",""
ball,1,6.3,Sri Lanka,WU Tharanga,TM Dilshan,Shoaib Akhtar,0,0,caught,WU Tharanga
ball,1,6.4,Sri Lanka,KC Sangakkara,TM Dilshan,Shoaib Akhtar,0,0,"",""
ball,1,6.5,Sri Lanka,KC Sangakkara,TM Dilshan,Shoaib Akhtar,0,0,"",""
ball,1,6.6,Sri Lanka,KC Sangakkara,TM Dilshan,Shoaib Akhtar,0,0,"",""
ball,1,7.1,Sri Lanka,TM Dilshan,KC Sangakkara,Mohammad Amir,1,0,"",""
ball,1,7.2,Sri Lanka,KC Sangakkara,TM Dilshan,Mohammad Amir,4,0,"",""
ball,1,7.3,Sri Lanka,KC Sangakkara,TM Dilshan,Mohammad Amir,0,0,"",""
ball,1,7.4,Sri Lanka,KC Sangakkara,TM Dilshan,Mohammad Amir,0,0,"",""
ball,1,7.5,Sri Lanka,KC Sangakkara,TM Dilshan,Mohammad Amir,0,0,"",""
ball,1,7.6,Sri Lanka,KC Sangakkara,TM Dilshan,Mohammad Amir,0,0,"",""
ball,1,8.1,Sri Lanka,TM Dilshan,KC Sangakkara,Mohammad Asif,0,0,caught,TM Dilshan
ball,1,8.2,Sri Lanka,DPMD Jayawardene,KC Sangakkara,Mohammad Asif,0,0,"",""
ball,1,8.3,Sri Lanka,DPMD Jayawardene,KC Sangakkara,Mohammad Asif,0,0,"",""
ball,1,8.4,Sri Lanka,DPMD Jayawardene,KC Sangakkara,Mohammad Asif,4,0,"",""
ball,1,8.5,Sri Lanka,DPMD Jayawardene,KC Sangakkara,Mohammad Asif,0,0,"",""
ball,1,8.6,Sri Lanka,DPMD Jayawardene,KC Sangakkara,Mohammad Asif,0,0,"",""
ball,1,9.1,Sri Lanka,KC Sangakkara,DPMD Jayawardene,Mohammad Amir,3,0,"",""
ball,1,9.2,Sri Lanka,DPMD Jayawardene,KC Sangakkara,Mohammad Amir,1,0,"",""
ball,1,9.3,Sri Lanka,KC Sangakkara,DPMD Jayawardene,Mohammad Amir,2,0,"",""
ball,1,9.4,Sri Lanka,KC Sangakkara,DPMD Jayawardene,Mohammad Amir,0,0,"",""
ball,1,9.5,Sri Lanka,KC Sangakkara,DPMD Jayawardene,Mohammad Amir,0,0,"",""
ball,1,9.6,Sri Lanka,KC Sangakkara,DPMD Jayawardene,Mohammad Amir,4,0,"",""
ball,1,10.1,Sri Lanka,DPMD Jayawardene,KC Sangakkara,Mohammad Asif,0,0,"",""
ball,1,10.2,Sri Lanka,DPMD Jayawardene,KC Sangakkara,Mohammad Asif,0,0,"",""
ball,1,10.3,Sri Lanka,DPMD Jayawardene,KC Sangakkara,Mohammad Asif,1,0,"",""
ball,1,10.4,Sri Lanka,KC Sangakkara,DPMD Jayawardene,Mohammad Asif,0,0,"",""
ball,1,10.5,Sri Lanka,KC Sangakkara,DPMD Jayawardene,Mohammad Asif,1,0,"",""
ball,1,10.6,Sri Lanka,DPMD Jayawardene,KC Sangakkara,Mohammad Asif,3,0,"",""
ball,1,11.1,Sri Lanka,DPMD Jayawardene,KC Sangakkara,Abdul Razzaq,0,0,"",""
ball,1,11.2,Sri Lanka,DPMD Jayawardene,KC Sangakkara,Abdul Razzaq,0,0,"",""
ball,1,11.3,Sri Lanka,DPMD Jayawardene,KC Sangakkara,Abdul Razzaq,0,1,"",""
ball,1,11.4,Sri Lanka,DPMD Jayawardene,KC Sangakkara,Abdul Razzaq,1,0,"",""
ball,1,11.5,Sri Lanka,KC Sangakkara,DPMD Jayawardene,Abdul Razzaq,0,0,"",""
ball,1,11.6,Sri Lanka,KC Sangakkara,DPMD Jayawardene,Abdul Razzaq,1,0,"",""
ball,1,11.7,Sri Lanka,DPMD Jayawardene,KC Sangakkara,Abdul Razzaq,0,0,"",""
ball,1,12.1,Sri Lanka,KC Sangakkara,DPMD Jayawardene,Mohammad Asif,0,0,"",""
ball,1,12.2,Sri Lanka,KC Sangakkara,DPMD Jayawardene,Mohammad Asif,0,0,"",""
ball,1,12.3,Sri Lanka,KC Sangakkara,DPMD Jayawardene,Mohammad Asif,0,0,"",""
ball,1,12.4,Sri Lanka,KC Sangakkara,DPMD Jayawardene,Mohammad Asif,0,0,"",""
ball,1,12.5,Sri Lanka,KC Sangakkara,DPMD Jayawardene,Mohammad Asif,1,0,"",""
ball,1,12.6,Sri Lanka,DPMD Jayawardene,KC Sangakkara,Mohammad Asif,0,0,"",""
ball,1,13.1,Sri Lanka,KC Sangakkara,DPMD Jayawardene,Abdul Razzaq,1,0,"",""
ball,1,13.2,Sri Lanka,DPMD Jayawardene,KC Sangakkara,Abdul Razzaq,0,0,"",""
ball,1,13.3,Sri Lanka,DPMD Jayawardene,KC Sangakkara,Abdul Razzaq,2,0,"",""
ball,1,13.4,Sri Lanka,DPMD Jayawardene,KC Sangakkara,Abdul Razzaq,1,0,"",""
ball,1,13.5,Sri Lanka,KC Sangakkara,DPMD Jayawardene,Abdul Razzaq,0,0,"",""
ball,1,13.6,Sri Lanka,KC Sangakkara,DPMD Jayawardene,Abdul Razzaq,0,0,"",""
ball,1,14.1,Sri Lanka,DPMD Jayawardene,KC Sangakkara,Mohammad Asif,1,0,"",""
ball,1,14.2,Sri Lanka,KC Sangakkara,DPMD Jayawardene,Mohammad Asif,0,0,"",""
ball,1,14.3,Sri Lanka,KC Sangakkara,DPMD Jayawardene,Mohammad Asif,0,0,"",""
ball,1,14.4,Sri Lanka,KC Sangakkara,DPMD Jayawardene,Mohammad Asif,0,0,"",""
ball,1,14.5,Sri Lanka,KC Sangakkara,DPMD Jayawardene,Mohammad Asif,2,0,"",""
ball,1,14.6,Sri Lanka,KC Sangakkara,DPMD Jayawardene,Mohammad Asif,0,0,"",""
ball,1,15.1,Sri Lanka,DPMD Jayawardene,KC Sangakkara,Abdul Razzaq,0,0,"",""
ball,1,15.2,Sri Lanka,DPMD Jayawardene,KC Sangakkara,Abdul Razzaq,0,0,"",""
ball,1,15.3,Sri Lanka,DPMD Jayawardene,KC Sangakkara,Abdul Razzaq,0,0,"",""
ball,1,15.4,Sri Lanka,DPMD Jayawardene,KC Sangakkara,Abdul Razzaq,1,0,"",""
ball,1,15.5,Sri Lanka,KC Sangakkara,DPMD Jayawardene,Abdul Razzaq,1,0,"",""
ball,1,15.6,Sri Lanka,DPMD Jayawardene,KC Sangakkara,Abdul Razzaq,1,0,"",""
ball,1,16.1,Sri Lanka,DPMD Jayawardene,KC Sangakkara,Mohammad Asif,0,0,"",""
ball,1,16.2,Sri Lanka,DPMD Jayawardene,KC Sangakkara,Mohammad Asif,1,0,"",""
ball,1,16.3,Sri Lanka,KC Sangakkara,DPMD Jayawardene,Mohammad Asif,0,0,"",""
ball,1,16.4,Sri Lanka,KC Sangakkara,DPMD Jayawardene,Mohammad Asif,4,0,"",""
ball,1,16.5,Sri Lanka,KC Sangakkara,DPMD Jayawardene,Mohammad Asif,0,0,"",""
ball,1,16.6,Sri Lanka,KC Sangakkara,DPMD Jayawardene,Mohammad Asif,1,0,"",""
ball,1,17.1,Sri Lanka,KC Sangakkara,DPMD Jayawardene,Abdul Razzaq,1,0,"",""
ball,1,17.2,Sri Lanka,DPMD Jayawardene,KC Sangakkara,Abdul Razzaq,0,0,"",""
ball,1,17.3,Sri Lanka,DPMD Jayawardene,KC Sangakkara,Abdul Razzaq,0,1,"",""
ball,1,17.4,Sri Lanka,DPMD Jayawardene,KC Sangakkara,Abdul Razzaq,1,0,"",""
ball,1,17.5,Sri Lanka,KC Sangakkara,DPMD Jayawardene,Abdul Razzaq,0,0,"",""
ball,1,17.6,Sri Lanka,KC Sangakkara,DPMD Jayawardene,Abdul Razzaq,0,0,"",""
ball,1,17.7,Sri Lanka,KC Sangakkara,DPMD Jayawardene,Abdul Razzaq,0,0,"",""
ball,1,18.1,Sri Lanka,DPMD Jayawardene,KC Sangakkara,Shoaib Akhtar,0,0,"",""
ball,1,18.2,Sri Lanka,DPMD Jayawardene,KC Sangakkara,Shoaib Akhtar,1,0,"",""
ball,1,18.3,Sri Lanka,KC Sangakkara,DPMD Jayawardene,Shoaib Akhtar,1,0,"",""
ball,1,18.4,Sri Lanka,DPMD Jayawardene,KC Sangakkara,Shoaib Akhtar,1,0,"",""
ball,1,18.5,Sri Lanka,KC Sangakkara,DPMD Jayawardene,Shoaib Akhtar,1,0,"",""
ball,1,18.6,Sri Lanka,DPMD Jayawardene,KC Sangakkara,Shoaib Akhtar,0,0,"",""
ball,1,19.1,Sri Lanka,KC Sangakkara,DPMD Jayawardene,Shahid Afridi,0,0,"",""
ball,1,19.2,Sri Lanka,KC Sangakkara,DPMD Jayawardene,Shahid Afridi,0,0,"",""
ball,1,19.3,Sri Lanka,KC Sangakkara,DPMD Jayawardene,Shahid Afridi,0,0,"",""
ball,1,19.4,Sri Lanka,KC Sangakkara,DPMD Jayawardene,Shahid Afridi,1,0,"",""
ball,1,19.5,Sri Lanka,DPMD Jayawardene,KC Sangakkara,Shahid Afridi,1,0,"",""
ball,1,19.6,Sri Lanka,KC Sangakkara,DPMD Jayawardene,Shahid Afridi,0,0,"",""
ball,1,20.1,Sri Lanka,DPMD Jayawardene,KC Sangakkara,Shoaib Akhtar,0,0,"",""
ball,1,20.2,Sri Lanka,DPMD Jayawardene,KC Sangakkara,Shoaib Akhtar,1,0,"",""
ball,1,20.3,Sri Lanka,KC Sangakkara,DPMD Jayawardene,Shoaib Akhtar,1,0,"",""
ball,1,20.4,Sri Lanka,DPMD Jayawardene,KC Sangakkara,Shoaib Akhtar,1,0,"",""
ball,1,20.5,Sri Lanka,KC Sangakkara,DPMD Jayawardene,Shoaib Akhtar,0,0,"",""
ball,1,20.6,Sri Lanka,KC Sangakkara,DPMD Jayawardene,Shoaib Akhtar,3,0,"",""
ball,1,21.1,Sri Lanka,KC Sangakkara,DPMD Jayawardene,Shahid Afridi,1,0,"",""
ball,1,21.2,Sri Lanka,DPMD Jayawardene,KC Sangakkara,Shahid Afridi,0,0,"",""
ball,1,21.3,Sri Lanka,DPMD Jayawardene,KC Sangakkara,Shahid Afridi,1,0,"",""
ball,1,21.4,Sri Lanka,KC Sangakkara,DPMD Jayawardene,Shahid Afridi,1,0,"",""
ball,1,21.5,Sri Lanka,DPMD Jayawardene,KC Sangakkara,Shahid Afridi,1,0,"",""
ball,1,21.6,Sri Lanka,KC Sangakkara,DPMD Jayawardene,Shahid Afridi,0,0,"",""
ball,1,22.1,Sri Lanka,DPMD Jayawardene,KC Sangakkara,Mohammad Amir,0,0,"",""
ball,1,22.2,Sri Lanka,DPMD Jayawardene,KC Sangakkara,Mohammad Amir,3,0,"",""
ball,1,22.3,Sri Lanka,KC Sangakkara,DPMD Jayawardene,Mohammad Amir,0,2,"",""
ball,1,22.4,Sri Lanka,KC Sangakkara,DPMD Jayawardene,Mohammad Amir,0,0,"",""
ball,1,22.5,Sri Lanka,KC Sangakkara,DPMD Jayawardene,Mohammad Amir,0,0,"",""
ball,1,22.6,Sri Lanka,KC Sangakkara,DPMD Jayawardene,Mohammad Amir,4,0,"",""
ball,1,23.1,Sri Lanka,DPMD Jayawardene,KC Sangakkara,Shahid Afridi,1,0,"",""
ball,1,23.2,Sri Lanka,KC Sangakkara,DPMD Jayawardene,Shahid Afridi,1,0,"",""
ball,1,23.3,Sri Lanka,DPMD Jayawardene,KC Sangakkara,Shahid Afridi,1,0,"",""
ball,1,23.4,Sri Lanka,KC Sangakkara,DPMD Jayawardene,Shahid Afridi,0,0,"",""
ball,1,23.5,Sri Lanka,KC Sangakkara,DPMD Jayawardene,Shahid Afridi,1,0,"",""
ball,1,23.6,Sri Lanka,DPMD Jayawardene,KC Sangakkara,Shahid Afridi,4,0,"",""
ball,1,24.1,Sri Lanka,KC Sangakkara,DPMD Jayawardene,Shoaib Malik,0,0,"",""
ball,1,24.2,Sri Lanka,KC Sangakkara,DPMD Jayawardene,Shoaib Malik,0,1,"",""
ball,1,24.3,Sri Lanka,KC Sangakkara,DPMD Jayawardene,Shoaib Malik,0,0,"",""
ball,1,24.4,Sri Lanka,KC Sangakkara,DPMD Jayawardene,Shoaib Malik,1,0,"",""
ball,1,24.5,Sri Lanka,DPMD Jayawardene,KC Sangakkara,Shoaib Malik,2,0,"",""
ball,1,24.6,Sri Lanka,DPMD Jayawardene,KC Sangakkara,Shoaib Malik,4,0,"",""
ball,1,24.7,Sri Lanka,DPMD Jayawardene,KC Sangakkara,Shoaib Malik,0,0,"",""
ball,1,25.1,Sri Lanka,KC Sangakkara,DPMD Jayawardene,Shahid Afridi,0,0,caught,KC Sangakkara
ball,1,25.2,Sri Lanka,TT Samaraweera,DPMD Jayawardene,Shahid Afridi,1,0,"",""
ball,1,25.3,Sri Lanka,DPMD Jayawardene,TT Samaraweera,Shahid Afridi,0,0,"",""
ball,1,25.4,Sri Lanka,DPMD Jayawardene,TT Samaraweera,Shahid Afridi,0,0,"",""
ball,1,25.5,Sri Lanka,DPMD Jayawardene,TT Samaraweera,Shahid Afridi,0,0,"",""
ball,1,25.6,Sri Lanka,DPMD Jayawardene,TT Samaraweera,Shahid Afridi,2,0,"",""
ball,1,26.1,Sri Lanka,TT Samaraweera,DPMD Jayawardene,Mohammad Amir,1,0,"",""
ball,1,26.2,Sri Lanka,DPMD Jayawardene,TT Samaraweera,Mohammad Amir,1,0,"",""
ball,1,26.3,Sri Lanka,TT Samaraweera,DPMD Jayawardene,Mohammad Amir,0,0,"",""
ball,1,26.4,Sri Lanka,TT Samaraweera,DPMD Jayawardene,Mohammad Amir,0,0,"",""
ball,1,26.5,Sri Lanka,TT Samaraweera,DPMD Jayawardene,Mohammad Amir,1,0,"",""
ball,1,26.6,Sri Lanka,DPMD Jayawardene,TT Samaraweera,Mohammad Amir,1,0,"",""
ball,1,27.1,Sri Lanka,DPMD Jayawardene,TT Samaraweera,Shahid Afridi,1,0,"",""
ball,1,27.2,Sri Lanka,TT Samaraweera,DPMD Jayawardene,Shahid Afridi,0,0,"",""
ball,1,27.3,Sri Lanka,TT Samaraweera,DPMD Jayawardene,Shahid Afridi,1,0,"",""
ball,1,27.4,Sri Lanka,DPMD Jayawardene,TT Samaraweera,Shahid Afridi,1,0,"",""
ball,1,27.5,Sri Lanka,TT Samaraweera,DPMD Jayawardene,Shahid Afridi,1,0,"",""
ball,1,27.6,Sri Lanka,DPMD Jayawardene,TT Samaraweera,Shahid Afridi,1,0,"",""
ball,1,28.1,Sri Lanka,DPMD Jayawardene,TT Samaraweera,Mohammad Amir,1,0,"",""
ball,1,28.2,Sri Lanka,TT Samaraweera,DPMD Jayawardene,Mohammad Amir,1,0,"",""
ball,1,28.3,Sri Lanka,DPMD Jayawardene,TT Samaraweera,Mohammad Amir,1,0,"",""
ball,1,28.4,Sri Lanka,TT Samaraweera,DPMD Jayawardene,Mohammad Amir,2,0,"",""
ball,1,28.5,Sri Lanka,TT Samaraweera,DPMD Jayawardene,Mohammad Amir,0,0,"",""
ball,1,28.6,Sri Lanka,TT Samaraweera,DPMD Jayawardene,Mohammad Amir,1,0,"",""
ball,1,29.1,Sri Lanka,TT Samaraweera,DPMD Jayawardene,Shahid Afridi,0,0,"",""
ball,1,29.2,Sri Lanka,TT Samaraweera,DPMD Jayawardene,Shahid Afridi,1,0,"",""
ball,1,29.3,Sri Lanka,DPMD Jayawardene,TT Samaraweera,Shahid Afridi,1,0,"",""
ball,1,29.4,Sri Lanka,TT Samaraweera,DPMD Jayawardene,Shahid Afridi,1,0,"",""
ball,1,29.5,Sri Lanka,DPMD Jayawardene,TT Samaraweera,Shahid Afridi,0,0,"",""
ball,1,29.6,Sri Lanka,DPMD Jayawardene,TT Samaraweera,Shahid Afridi,2,0,"",""
ball,1,30.1,Sri Lanka,TT Samaraweera,DPMD Jayawardene,Abdul Razzaq,0,0,"",""
ball,1,30.2,Sri Lanka,TT Samaraweera,DPMD Jayawardene,Abdul Razzaq,1,0,"",""
ball,1,30.3,Sri Lanka,DPMD Jayawardene,TT Samaraweera,Abdul Razzaq,1,0,"",""
ball,1,30.4,Sri Lanka,TT Samaraweera,DPMD Jayawardene,Abdul Razzaq,1,0,"",""
ball,1,30.5,Sri Lanka,DPMD Jayawardene,TT Samaraweera,Abdul Razzaq,1,0,"",""
ball,1,30.6,Sri Lanka,TT Samaraweera,DPMD Jayawardene,Abdul Razzaq,1,0,"",""
ball,1,31.1,Sri Lanka,TT Samaraweera,DPMD Jayawardene,Shoaib Malik,2,0,"",""
ball,1,31.2,Sri Lanka,TT Samaraweera,DPMD Jayawardene,Shoaib Malik,1,0,"",""
ball,1,31.3,Sri Lanka,DPMD Jayawardene,TT Samaraweera,Shoaib Malik,0,0,lbw,DPMD Jayawardene
ball,1,31.4,Sri Lanka,AD Mathews,TT Samaraweera,Shoaib Malik,0,0,"",""
ball,1,31.5,Sri Lanka,AD Mathews,TT Samaraweera,Shoaib Malik,0,0,"",""
ball,1,31.6,Sri Lanka,AD Mathews,TT Samaraweera,Shoaib Malik,0,0,"",""
ball,1,32.1,Sri Lanka,TT Samaraweera,AD Mathews,Abdul Razzaq,0,0,caught,TT Samaraweera
ball,1,32.2,Sri Lanka,CK Kapugedera,AD Mathews,Abdul Razzaq,1,0,"",""
ball,1,32.3,Sri Lanka,AD Mathews,CK Kapugedera,Abdul Razzaq,0,0,"",""
ball,1,32.4,Sri Lanka,AD Mathews,CK Kapugedera,Abdul Razzaq,0,0,"",""
ball,1,32.5,Sri Lanka,AD Mathews,CK Kapugedera,Abdul Razzaq,0,0,"",""
ball,1,32.6,Sri Lanka,AD Mathews,CK Kapugedera,Abdul Razzaq,1,0,"",""
ball,1,33.1,Sri Lanka,AD Mathews,CK Kapugedera,Shoaib Malik,0,0,"",""
ball,1,33.2,Sri Lanka,AD Mathews,CK Kapugedera,Shoaib Malik,0,0,"",""
ball,1,33.3,Sri Lanka,AD Mathews,CK Kapugedera,Shoaib Malik,1,0,"",""
ball,1,33.4,Sri Lanka,CK Kapugedera,AD Mathews,Shoaib Malik,1,0,"",""
ball,1,33.5,Sri Lanka,AD Mathews,CK Kapugedera,Shoaib Malik,0,0,"",""
ball,1,33.6,Sri Lanka,AD Mathews,CK Kapugedera,Shoaib Malik,1,0,"",""
ball,1,34.1,Sri Lanka,AD Mathews,CK Kapugedera,Shoaib Akhtar,3,0,"",""
ball,1,34.2,Sri Lanka,CK Kapugedera,AD Mathews,Shoaib Akhtar,0,0,"",""
ball,1,34.3,Sri Lanka,CK Kapugedera,AD Mathews,Shoaib Akhtar,0,0,"",""
ball,1,34.4,Sri Lanka,CK Kapugedera,AD Mathews,Shoaib Akhtar,0,1,"",""
ball,1,34.5,Sri Lanka,AD Mathews,CK Kapugedera,Shoaib Akhtar,1,0,"",""
ball,1,34.6,Sri Lanka,CK Kapugedera,AD Mathews,Shoaib Akhtar,0,0,caught,CK Kapugedera
ball,1,35.1,Sri Lanka,AD Mathews,MF Maharoof,Shahid Afridi,0,0,"",""
ball,1,35.2,Sri Lanka,AD Mathews,MF Maharoof,Shahid Afridi,1,0,"",""
ball,1,35.3,Sri Lanka,MF Maharoof,AD Mathews,Shahid Afridi,1,0,"",""
ball,1,35.4,Sri Lanka,AD Mathews,MF Maharoof,Shahid Afridi,0,0,"",""
ball,1,35.5,Sri Lanka,AD Mathews,MF Maharoof,Shahid Afridi,0,0,"",""
ball,1,35.6,Sri Lanka,AD Mathews,MF Maharoof,Shahid Afridi,1,0,"",""
ball,1,36.1,Sri Lanka,AD Mathews,MF Maharoof,Shoaib Akhtar,4,0,"",""
ball,1,36.2,Sri Lanka,AD Mathews,MF Maharoof,Shoaib Akhtar,0,0,"",""
ball,1,36.3,Sri Lanka,AD Mathews,MF Maharoof,Shoaib Akhtar,1,0,"",""
ball,1,36.4,Sri Lanka,MF Maharoof,AD Mathews,Shoaib Akhtar,0,0,"",""
ball,1,36.5,Sri Lanka,MF Maharoof,AD Mathews,Shoaib Akhtar,0,0,caught,MF Maharoof
ball,1,36.6,Sri Lanka,KMDN Kulasekara,AD Mathews,Shoaib Akhtar,0,0,"",""
ball,1,37.1,Sri Lanka,AD Mathews,KMDN Kulasekara,Shahid Afridi,0,0,"",""
ball,1,37.2,Sri Lanka,AD Mathews,KMDN Kulasekara,Shahid Afridi,0,0,"",""
ball,1,37.3,Sri Lanka,AD Mathews,KMDN Kulasekara,Shahid Afridi,1,0,"",""
ball,1,37.4,Sri Lanka,KMDN Kulasekara,AD Mathews,Shahid Afridi,2,0,"",""
ball,1,37.5,Sri Lanka,KMDN Kulasekara,AD Mathews,Shahid Afridi,1,0,"",""
ball,1,37.6,Sri Lanka,AD Mathews,KMDN Kulasekara,Shahid Afridi,1,0,"",""
ball,1,38.1,Sri Lanka,AD Mathews,KMDN Kulasekara,Mohammad Amir,0,0,"",""
ball,1,38.2,Sri Lanka,AD Mathews,KMDN Kulasekara,Mohammad Amir,0,0,"",""
ball,1,38.3,Sri Lanka,AD Mathews,KMDN Kulasekara,Mohammad Amir,1,0,"",""
ball,1,38.4,Sri Lanka,KMDN Kulasekara,AD Mathews,Mohammad Amir,0,0,"",""
ball,1,38.5,Sri Lanka,KMDN Kulasekara,AD Mathews,Mohammad Amir,0,0,"",""
ball,1,38.6,Sri Lanka,KMDN Kulasekara,AD Mathews,Mohammad Amir,0,0,"",""
ball,1,39.1,Sri Lanka,AD Mathews,KMDN Kulasekara,Shahid Afridi,1,0,"",""
ball,1,39.2,Sri Lanka,KMDN Kulasekara,AD Mathews,Shahid Afridi,0,0,"",""
ball,1,39.3,Sri Lanka,KMDN Kulasekara,AD Mathews,Shahid Afridi,1,0,"",""
ball,1,39.4,Sri Lanka,AD Mathews,KMDN Kulasekara,Shahid Afridi,1,0,"",""
ball,1,39.5,Sri Lanka,KMDN Kulasekara,AD Mathews,Shahid Afridi,0,0,"",""
ball,1,39.6,Sri Lanka,KMDN Kulasekara,AD Mathews,Shahid Afridi,0,0,"",""
ball,1,40.1,Sri Lanka,AD Mathews,KMDN Kulasekara,Mohammad Amir,4,0,"",""
ball,1,40.2,Sri Lanka,AD Mathews,KMDN Kulasekara,Mohammad Amir,4,0,"",""
ball,1,40.3,Sri Lanka,AD Mathews,KMDN Kulasekara,Mohammad Amir,0,0,"",""
ball,1,40.4,Sri Lanka,AD Mathews,KMDN Kulasekara,Mohammad Amir,2,0,"",""
ball,1,40.5,Sri Lanka,AD Mathews,KMDN Kulasekara,Mohammad Amir,1,0,"",""
ball,1,40.6,Sri Lanka,KMDN Kulasekara,AD Mathews,Mohammad Amir,1,0,"",""
ball,1,41.1,Sri Lanka,KMDN Kulasekara,AD Mathews,Shahid Afridi,0,0,"",""
ball,1,41.2,Sri Lanka,KMDN Kulasekara,AD Mathews,Shahid Afridi,0,1,"",""
ball,1,41.3,Sri Lanka,KMDN Kulasekara,AD Mathews,Shahid Afridi,0,0,"",""
ball,1,41.4,Sri Lanka,KMDN Kulasekara,AD Mathews,Shahid Afridi,1,0,"",""
ball,1,41.5,Sri Lanka,AD Mathews,KMDN Kulasekara,Shahid Afridi,0,0,"",""
ball,1,41.6,Sri Lanka,AD Mathews,KMDN Kulasekara,Shahid Afridi,2,0,"",""
ball,1,41.7,Sri Lanka,AD Mathews,KMDN Kulasekara,Shahid Afridi,1,0,"",""
ball,1,42.1,Sri Lanka,AD Mathews,KMDN Kulasekara,Abdul Razzaq,0,0,"",""
ball,1,42.2,Sri Lanka,AD Mathews,KMDN Kulasekara,Abdul Razzaq,0,0,"",""
ball,1,42.3,Sri Lanka,AD Mathews,KMDN Kulasekara,Abdul Razzaq,1,0,"",""
ball,1,42.4,Sri Lanka,KMDN Kulasekara,AD Mathews,Abdul Razzaq,0,0,"",""
ball,1,42.5,Sri Lanka,KMDN Kulasekara,AD Mathews,Abdul Razzaq,1,0,"",""
ball,1,42.6,Sri Lanka,AD Mathews,KMDN Kulasekara,Abdul Razzaq,1,0,"",""
ball,1,43.1,Sri Lanka,AD Mathews,KMDN Kulasekara,Mohammad Asif,1,0,"",""
ball,1,43.2,Sri Lanka,KMDN Kulasekara,AD Mathews,Mohammad Asif,1,0,"",""
ball,1,43.3,Sri Lanka,AD Mathews,KMDN Kulasekara,Mohammad Asif,0,0,"",""
ball,1,43.4,Sri Lanka,AD Mathews,KMDN Kulasekara,Mohammad Asif,1,0,"",""
ball,1,43.5,Sri Lanka,KMDN Kulasekara,AD Mathews,Mohammad Asif,0,0,"",""
ball,1,43.6,Sri Lanka,KMDN Kulasekara,AD Mathews,Mohammad Asif,1,0,"",""
ball,1,44.1,Sri Lanka,KMDN Kulasekara,AD Mathews,Shoaib Akhtar,1,0,"",""
ball,1,44.2,Sri Lanka,AD Mathews,KMDN Kulasekara,Shoaib Akhtar,1,0,"",""
ball,1,44.3,Sri Lanka,KMDN Kulasekara,AD Mathews,Shoaib Akhtar,1,0,"",""
ball,1,44.4,Sri Lanka,AD Mathews,KMDN Kulasekara,Shoaib Akhtar,1,0,"",""
ball,1,44.5,Sri Lanka,KMDN Kulasekara,AD Mathews,Shoaib Akhtar,0,0,"",""
ball,1,44.6,Sri Lanka,KMDN Kulasekara,AD Mathews,Shoaib Akhtar,1,0,"",""
ball,1,45.1,Sri Lanka,KMDN Kulasekara,AD Mathews,Mohammad Amir,1,0,"",""
ball,1,45.2,Sri Lanka,AD Mathews,KMDN Kulasekara,Mohammad Amir,1,0,"",""
ball,1,45.3,Sri Lanka,KMDN Kulasekara,AD Mathews,Mohammad Amir,0,1,"",""
ball,1,45.4,Sri Lanka,KMDN Kulasekara,AD Mathews,Mohammad Amir,0,0,"",""
ball,1,45.5,Sri Lanka,KMDN Kulasekara,AD Mathews,Mohammad Amir,1,0,"",""
ball,1,45.6,Sri Lanka,AD Mathews,KMDN Kulasekara,Mohammad Amir,1,0,"",""
ball,1,45.7,Sri Lanka,KMDN Kulasekara,AD Mathews,Mohammad Amir,0,0,bowled,KMDN Kulasekara
ball,1,46.1,Sri Lanka,AD Mathews,SL Malinga,Shoaib Akhtar,0,0,"",""
ball,1,46.2,Sri Lanka,AD Mathews,SL Malinga,Shoaib Akhtar,1,0,"",""
ball,1,46.3,Sri Lanka,SL Malinga,AD Mathews,Shoaib Akhtar,0,0,"",""
ball,1,46.4,Sri Lanka,SL Malinga,AD Mathews,Shoaib Akhtar,0,0,"",""
ball,1,46.5,Sri Lanka,SL Malinga,AD Mathews,Shoaib Akhtar,4,0,"",""
ball,1,46.6,Sri Lanka,SL Malinga,AD Mathews,Shoaib Akhtar,1,0,"",""
ball,1,47.1,Sri Lanka,SL Malinga,AD Mathews,Mohammad Asif,1,0,"",""
ball,1,47.2,Sri Lanka,AD Mathews,SL Malinga,Mohammad Asif,1,0,"",""
ball,1,47.3,Sri Lanka,SL Malinga,AD Mathews,Mohammad Asif,1,0,"",""
ball,1,47.4,Sri Lanka,AD Mathews,SL Malinga,Mohammad Asif,4,0,"",""
ball,1,47.5,Sri Lanka,AD Mathews,SL Malinga,Mohammad Asif,1,0,"",""
ball,1,47.6,Sri Lanka,SL Malinga,AD Mathews,Mohammad Asif,6,0,"",""
ball,1,48.1,Sri Lanka,AD Mathews,SL Malinga,Abdul Razzaq,1,0,"",""
ball,1,48.2,Sri Lanka,SL Malinga,AD Mathews,Abdul Razzaq,0,0,"",""
ball,1,48.3,Sri Lanka,SL Malinga,AD Mathews,Abdul Razzaq,1,0,"",""
ball,1,48.4,Sri Lanka,AD Mathews,SL Malinga,Abdul Razzaq,1,0,"",""
ball,1,48.5,Sri Lanka,SL Malinga,AD Mathews,Abdul Razzaq,1,0,"",""
ball,1,48.6,Sri Lanka,AD Mathews,SL Malinga,Abdul Razzaq,0,0,"",""
ball,1,49.1,Sri Lanka,SL Malinga,AD Mathews,Mohammad Amir,1,0,"",""
ball,1,49.2,Sri Lanka,AD Mathews,SL Malinga,Mohammad Amir,2,0,"",""
ball,1,49.3,Sri Lanka,AD Mathews,SL Malinga,Mohammad Amir,1,0,"",""
ball,1,49.4,Sri Lanka,SL Malinga,AD Mathews,Mohammad Amir,0,0,bowled,SL Malinga
ball,1,49.5,Sri Lanka,M Muralitharan,AD Mathews,Mohammad Amir,1,0,"",""
ball,1,49.6,Sri Lanka,AD Mathews,M Muralitharan,Mohammad Amir,2,0,"",""
ball,2,0.1,Pakistan,Shahzaib Hasan,Salman Butt,KMDN Kulasekara,0,0,"",""
ball,2,0.2,Pakistan,Shahzaib Hasan,Salman Butt,KMDN Kulasekara,0,0,"",""
ball,2,0.3,Pakistan,Shahzaib Hasan,Salman Butt,KMDN Kulasekara,0,0,"",""
ball,2,0.4,Pakistan,Shahzaib Hasan,Salman Butt,KMDN Kulasekara,0,0,"",""
ball,2,0.5,Pakistan,Shahzaib Hasan,Salman Butt,KMDN Kulasekara,0,0,"",""
ball,2,0.6,Pakistan,Shahzaib Hasan,Salman Butt,KMDN Kulasekara,0,0,"",""
ball,2,1.1,Pakistan,Salman Butt,Shahzaib Hasan,SL Malinga,0,0,"",""
ball,2,1.2,Pakistan,Salman Butt,Shahzaib Hasan,SL Malinga,0,0,"",""
ball,2,1.3,Pakistan,Salman Butt,Shahzaib Hasan,SL Malinga,0,0,bowled,Salman Butt
ball,2,1.4,Pakistan,Umar Amin,Shahzaib Hasan,SL Malinga,2,0,"",""
ball,2,1.5,Pakistan,Umar Amin,Shahzaib Hasan,SL Malinga,0,0,"",""
ball,2,1.6,Pakistan,Umar Amin,Shahzaib Hasan,SL Malinga,0,0,"",""
ball,2,2.1,Pakistan,Shahzaib Hasan,Umar Amin,KMDN Kulasekara,0,0,"",""
ball,2,2.2,Pakistan,Shahzaib Hasan,Umar Amin,KMDN Kulasekara,0,0,"",""
ball,2,2.3,Pakistan,Shahzaib Hasan,Umar Amin,KMDN Kulasekara,1,0,"",""
ball,2,2.4,Pakistan,Umar Amin,Shahzaib Hasan,KMDN Kulasekara,0,0,"",""
ball,2,2.5,Pakistan,Umar Amin,Shahzaib Hasan,KMDN Kulasekara,0,0,"",""
ball,2,2.6,Pakistan,Umar Amin,Shahzaib Hasan,KMDN Kulasekara,0,0,"",""
ball,2,3.1,Pakistan,Shahzaib Hasan,Umar Amin,SL Malinga,1,0,"",""
ball,2,3.2,Pakistan,Umar Amin,Shahzaib Hasan,SL Malinga,0,0,"",""
ball,2,3.3,Pakistan,Umar Amin,Shahzaib Hasan,SL Malinga,0,0,"",""
ball,2,3.4,Pakistan,Umar Amin,Shahzaib Hasan,SL Malinga,0,0,"",""
ball,2,3.5,Pakistan,Umar Amin,Shahzaib Hasan,SL Malinga,0,1,"",""
ball,2,3.6,Pakistan,Umar Amin,Shahzaib Hasan,SL Malinga,0,0,"",""
ball,2,3.7,Pakistan,Umar Amin,Shahzaib Hasan,SL Malinga,0,1,"",""
ball,2,4.1,Pakistan,Umar Amin,Shahzaib Hasan,KMDN Kulasekara,0,0,"",""
ball,2,4.2,Pakistan,Umar Amin,Shahzaib Hasan,KMDN Kulasekara,0,0,"",""
ball,2,4.3,Pakistan,Umar Amin,Shahzaib Hasan,KMDN Kulasekara,0,0,"",""
ball,2,4.4,Pakistan,Umar Amin,Shahzaib Hasan,KMDN Kulasekara,0,0,"",""
ball,2,4.5,Pakistan,Umar Amin,Shahzaib Hasan,KMDN Kulasekara,0,0,"",""
ball,2,4.6,Pakistan,Umar Amin,Shahzaib Hasan,KMDN Kulasekara,1,0,"",""
ball,2,5.1,Pakistan,Umar Amin,Shahzaib Hasan,SL Malinga,1,0,"",""
ball,2,5.2,Pakistan,Shahzaib Hasan,Umar Amin,SL Malinga,0,0,"",""
ball,2,5.3,Pakistan,Shahzaib Hasan,Umar Amin,SL Malinga,0,0,"",""
ball,2,5.4,Pakistan,Shahzaib Hasan,Umar Amin,SL Malinga,0,0,"",""
ball,2,5.5,Pakistan,Shahzaib Hasan,Umar Amin,SL Malinga,0,0,"",""
ball,2,5.6,Pakistan,Shahzaib Hasan,Umar Amin,SL Malinga,0,0,"",""
ball,2,6.1,Pakistan,Umar Amin,Shahzaib Hasan,KMDN Kulasekara,0,0,"",""
ball,2,6.2,Pakistan,Umar Amin,Shahzaib Hasan,KMDN Kulasekara,0,0,"",""
ball,2,6.3,Pakistan,Umar Amin,Shahzaib Hasan,KMDN Kulasekara,0,0,"",""
ball,2,6.4,Pakistan,Umar Amin,Shahzaib Hasan,KMDN Kulasekara,0,0,"",""
ball,2,6.5,Pakistan,Umar Amin,Shahzaib Hasan,KMDN Kulasekara,1,0,"",""
ball,2,6.6,Pakistan,Shahzaib Hasan,Umar Amin,KMDN Kulasekara,0,0,"",""
ball,2,7.1,Pakistan,Umar Amin,Shahzaib Hasan,SL Malinga,0,0,"",""
ball,2,7.2,Pakistan,Umar Amin,Shahzaib Hasan,SL Malinga,2,0,"",""
ball,2,7.3,Pakistan,Umar Amin,Shahzaib Hasan,SL Malinga,0,0,caught,Umar Amin
ball,2,7.4,Pakistan,Shoaib Malik,Shahzaib Hasan,SL Malinga,1,0,"",""
ball,2,7.5,Pakistan,Shahzaib Hasan,Shoaib Malik,SL Malinga,0,0,"",""
ball,2,7.6,Pakistan,Shahzaib Hasan,Shoaib Malik,SL Malinga,1,0,"",""
ball,2,8.1,Pakistan,Shahzaib Hasan,Shoaib Malik,KMDN Kulasekara,0,1,"",""
ball,2,8.2,Pakistan,Shahzaib Hasan,Shoaib Malik,KMDN Kulasekara,0,0,"",""
ball,2,8.3,Pakistan,Shahzaib Hasan,Shoaib Malik,KMDN Kulasekara,0,0,"",""
ball,2,8.4,Pakistan,Shahzaib Hasan,Shoaib Malik,KMDN Kulasekara,0,0,"",""
ball,2,8.5,Pakistan,Shahzaib Hasan,Shoaib Malik,KMDN Kulasekara,3,0,"",""
ball,2,8.6,Pakistan,Shoaib Malik,Shahzaib Hasan,KMDN Kulasekara,0,0,"",""
ball,2,8.7,Pakistan,Shoaib Malik,Shahzaib Hasan,KMDN Kulasekara,2,0,"",""
ball,2,9.1,Pakistan,Shahzaib Hasan,Shoaib Malik,AD Mathews,0,0,"",""
ball,2,9.2,Pakistan,Shahzaib Hasan,Shoaib Malik,AD Mathews,0,0,"",""
ball,2,9.3,Pakistan,Shahzaib Hasan,Shoaib Malik,AD Mathews,0,0,"",""
ball,2,9.4,Pakistan,Shahzaib Hasan,Shoaib Malik,AD Mathews,4,0,"",""
ball,2,9.5,Pakistan,Shahzaib Hasan,Shoaib Malik,AD Mathews,0,0,"",""
ball,2,9.6,Pakistan,Shahzaib Hasan,Shoaib Malik,AD Mathews,0,0,"",""
ball,2,10.1,Pakistan,Shoaib Malik,Shahzaib Hasan,KMDN Kulasekara,0,0,"",""
ball,2,10.2,Pakistan,Shoaib Malik,Shahzaib Hasan,KMDN Kulasekara,2,0,"",""
ball,2,10.3,Pakistan,Shoaib Malik,Shahzaib Hasan,KMDN Kulasekara,0,0,"",""
ball,2,10.4,Pakistan,Shoaib Malik,Shahzaib Hasan,KMDN Kulasekara,0,0,"",""
ball,2,10.5,Pakistan,Shoaib Malik,Shahzaib Hasan,KMDN Kulasekara,3,0,"",""
ball,2,10.6,Pakistan,Shahzaib Hasan,Shoaib Malik,KMDN Kulasekara,0,0,"",""
ball,2,11.1,Pakistan,Shoaib Malik,Shahzaib Hasan,AD Mathews,0,0,"",""
ball,2,11.2,Pakistan,Shoaib Malik,Shahzaib Hasan,AD Mathews,0,0,"",""
ball,2,11.3,Pakistan,Shoaib Malik,Shahzaib Hasan,AD Mathews,0,0,"",""
ball,2,11.4,Pakistan,Shoaib Malik,Shahzaib Hasan,AD Mathews,0,0,"",""
ball,2,11.5,Pakistan,Shoaib Malik,Shahzaib Hasan,AD Mathews,0,0,"",""
ball,2,11.6,Pakistan,Shoaib Malik,Shahzaib Hasan,AD Mathews,0,0,caught,Shoaib Malik
ball,2,12.1,Pakistan,Shahzaib Hasan,Umar Akmal,KMDN Kulasekara,0,0,"",""
ball,2,12.2,Pakistan,Shahzaib Hasan,Umar Akmal,KMDN Kulasekara,1,0,"",""
ball,2,12.3,Pakistan,Umar Akmal,Shahzaib Hasan,KMDN Kulasekara,0,0,"",""
ball,2,12.4,Pakistan,Umar Akmal,Shahzaib Hasan,KMDN Kulasekara,0,2,"",""
ball,2,12.5,Pakistan,Umar Akmal,Shahzaib Hasan,KMDN Kulasekara,0,0,"",""
ball,2,12.6,Pakistan,Umar Akmal,Shahzaib Hasan,KMDN Kulasekara,0,0,"",""
ball,2,13.1,Pakistan,Shahzaib Hasan,Umar Akmal,AD Mathews,0,0,"",""
ball,2,13.2,Pakistan,Shahzaib Hasan,Umar Akmal,AD Mathews,0,1,"",""
ball,2,13.3,Pakistan,Shahzaib Hasan,Umar Akmal,AD Mathews,0,0,caught,Shahzaib Hasan
ball,2,13.4,Pakistan,Shahid Afridi,Umar Akmal,AD Mathews,0,0,"",""
ball,2,13.5,Pakistan,Shahid Afridi,Umar Akmal,AD Mathews,0,0,"",""
ball,2,13.6,Pakistan,Shahid Afridi,Umar Akmal,AD Mathews,1,0,"",""
ball,2,13.7,Pakistan,Umar Akmal,Shahid Afridi,AD Mathews,0,0,"",""
ball,2,14.1,Pakistan,Shahid Afridi,Umar Akmal,MF Maharoof,0,1,"",""
ball,2,14.2,Pakistan,Shahid Afridi,Umar Akmal,MF Maharoof,0,0,"",""
ball,2,14.3,Pakistan,Shahid Afridi,Umar Akmal,MF Maharoof,0,0,"",""
ball,2,14.4,Pakistan,Shahid Afridi,Umar Akmal,MF Maharoof,6,0,"",""
ball,2,14.5,Pakistan,Shahid Afridi,Umar Akmal,MF Maharoof,6,0,"",""
ball,2,14.6,Pakistan,Shahid Afridi,Umar Akmal,MF Maharoof,1,0,"",""
ball,2,14.7,Pakistan,Umar Akmal,Shahid Afridi,MF Maharoof,0,0,"",""
ball,2,15.1,Pakistan,Shahid Afridi,Umar Akmal,AD Mathews,1,0,"",""
ball,2,15.2,Pakistan,Umar Akmal,Shahid Afridi,AD Mathews,0,0,"",""
ball,2,15.3,Pakistan,Umar Akmal,Shahid Afridi,AD Mathews,1,0,"",""
ball,2,15.4,Pakistan,Shahid Afridi,Umar Akmal,AD Mathews,1,0,"",""
ball,2,15.5,Pakistan,Umar Akmal,Shahid Afridi,AD Mathews,1,0,"",""
ball,2,15.6,Pakistan,Shahid Afridi,Umar Akmal,AD Mathews,0,0,"",""
ball,2,16.1,Pakistan,Umar Akmal,Shahid Afridi,MF Maharoof,1,0,"",""
ball,2,16.2,Pakistan,Shahid Afridi,Umar Akmal,MF Maharoof,0,0,"",""
ball,2,16.3,Pakistan,Shahid Afridi,Umar Akmal,MF Maharoof,4,0,"",""
ball,2,16.4,Pakistan,Shahid Afridi,Umar Akmal,MF Maharoof,1,0,"",""
ball,2,16.5,Pakistan,Umar Akmal,Shahid Afridi,MF Maharoof,0,0,"",""
ball,2,16.6,Pakistan,Umar Akmal,Shahid Afridi,MF Maharoof,0,0,"",""
ball,2,17.1,Pakistan,Shahid Afridi,Umar Akmal,AD Mathews,1,0,"",""
ball,2,17.2,Pakistan,Umar Akmal,Shahid Afridi,AD Mathews,1,0,"",""
ball,2,17.3,Pakistan,Shahid Afridi,Umar Akmal,AD Mathews,0,0,"",""
ball,2,17.4,Pakistan,Shahid Afridi,Umar Akmal,AD Mathews,1,0,"",""
ball,2,17.5,Pakistan,Umar Akmal,Shahid Afridi,AD Mathews,1,0,"",""
ball,2,17.6,Pakistan,Shahid Afridi,Umar Akmal,AD Mathews,2,0,"",""
ball,2,18.1,Pakistan,Umar Akmal,Shahid Afridi,MF Maharoof,2,0,"",""
ball,2,18.2,Pakistan,Umar Akmal,Shahid Afridi,MF Maharoof,2,0,"",""
ball,2,18.3,Pakistan,Umar Akmal,Shahid Afridi,MF Maharoof,0,0,"",""
ball,2,18.4,Pakistan,Umar Akmal,Shahid Afridi,MF Maharoof,1,0,"",""
ball,2,18.5,Pakistan,Shahid Afridi,Umar Akmal,MF Maharoof,0,0,"",""
ball,2,18.6,Pakistan,Shahid Afridi,Umar Akmal,MF Maharoof,0,0,"",""
ball,2,19.1,Pakistan,Umar Akmal,Shahid Afridi,M Muralitharan,0,0,"",""
ball,2,19.2,Pakistan,Umar Akmal,Shahid Afridi,M Muralitharan,0,0,"",""
ball,2,19.3,Pakistan,Umar Akmal,Shahid Afridi,M Muralitharan,1,0,"",""
ball,2,19.4,Pakistan,Shahid Afridi,Umar Akmal,M Muralitharan,1,0,"",""
ball,2,19.5,Pakistan,Umar Akmal,Shahid Afridi,M Muralitharan,0,0,"",""
ball,2,19.6,Pakistan,Umar Akmal,Shahid Afridi,M Muralitharan,1,0,"",""
ball,2,20.1,Pakistan,Umar Akmal,Shahid Afridi,MF Maharoof,0,0,"",""
ball,2,20.2,Pakistan,Umar Akmal,Shahid Afridi,MF Maharoof,2,0,"",""
ball,2,20.3,Pakistan,Umar Akmal,Shahid Afridi,MF Maharoof,2,0,"",""
ball,2,20.4,Pakistan,Umar Akmal,Shahid Afridi,MF Maharoof,0,0,"",""
ball,2,20.5,Pakistan,Umar Akmal,Shahid Afridi,MF Maharoof,1,0,"",""
ball,2,20.6,Pakistan,Shahid Afridi,Umar Akmal,MF Maharoof,0,0,"",""
ball,2,21.1,Pakistan,Umar Akmal,Shahid Afridi,M Muralitharan,0,0,"",""
ball,2,21.2,Pakistan,Umar Akmal,Shahid Afridi,M Muralitharan,3,0,"",""
ball,2,21.3,Pakistan,Shahid Afridi,Umar Akmal,M Muralitharan,1,0,"",""
ball,2,21.4,Pakistan,Umar Akmal,Shahid Afridi,M Muralitharan,1,0,"",""
ball,2,21.5,Pakistan,Shahid Afridi,Umar Akmal,M Muralitharan,6,0,"",""
ball,2,21.6,Pakistan,Shahid Afridi,Umar Akmal,M Muralitharan,1,0,"",""
ball,2,22.1,Pakistan,Shahid Afridi,Umar Akmal,MF Maharoof,1,0,"",""
ball,2,22.2,Pakistan,Umar Akmal,Shahid Afridi,MF Maharoof,2,0,"",""
ball,2,22.3,Pakistan,Umar Akmal,Shahid Afridi,MF Maharoof,0,0,"",""
ball,2,22.4,Pakistan,Umar Akmal,Shahid Afridi,MF Maharoof,0,0,"",""
ball,2,22.5,Pakistan,Umar Akmal,Shahid Afridi,MF Maharoof,2,0,"",""
ball,2,22.6,Pakistan,Umar Akmal,Shahid Afridi,MF Maharoof,2,0,"",""
ball,2,23.1,Pakistan,Shahid Afridi,Umar Akmal,M Muralitharan,6,0,"",""
ball,2,23.2,Pakistan,Shahid Afridi,Umar Akmal,M Muralitharan,0,0,"",""
ball,2,23.3,Pakistan,Shahid Afridi,Umar Akmal,M Muralitharan,1,0,"",""
ball,2,23.4,Pakistan,Umar Akmal,Shahid Afridi,M Muralitharan,0,0,"",""
ball,2,23.5,Pakistan,Umar Akmal,Shahid Afridi,M Muralitharan,2,0,"",""
ball,2,23.6,Pakistan,Umar Akmal,Shahid Afridi,M Muralitharan,1,0,"",""
ball,2,24.1,Pakistan,Umar Akmal,Shahid Afridi,SL Malinga,0,0,run out,Umar Akmal
ball,2,24.2,Pakistan,Kamran Akmal,Shahid Afridi,SL Malinga,0,0,"",""
ball,2,24.3,Pakistan,Kamran Akmal,Shahid Afridi,SL Malinga,1,0,"",""
ball,2,24.4,Pakistan,Shahid Afridi,Kamran Akmal,SL Malinga,1,0,"",""
ball,2,24.5,Pakistan,Kamran Akmal,Shahid Afridi,SL Malinga,0,0,"",""
ball,2,24.6,Pakistan,Kamran Akmal,Shahid Afridi,SL Malinga,1,0,"",""
ball,2,25.1,Pakistan,Kamran Akmal,Shahid Afridi,M Muralitharan,0,0,"",""
ball,2,25.2,Pakistan,Kamran Akmal,Shahid Afridi,M Muralitharan,0,0,"",""
ball,2,25.3,Pakistan,Kamran Akmal,Shahid Afridi,M Muralitharan,1,0,"",""
ball,2,25.4,Pakistan,Shahid Afridi,Kamran Akmal,M Muralitharan,0,0,"",""
ball,2,25.5,Pakistan,Shahid Afridi,Kamran Akmal,M Muralitharan,2,0,"",""
ball,2,25.6,Pakistan,Shahid Afridi,Kamran Akmal,M Muralitharan,6,0,"",""
ball,2,26.1,Pakistan,Kamran Akmal,Shahid Afridi,SL Malinga,0,0,"",""
ball,2,26.2,Pakistan,Kamran Akmal,Shahid Afridi,SL Malinga,1,0,"",""
ball,2,26.3,Pakistan,Shahid Afridi,Kamran Akmal,SL Malinga,0,1,"",""
ball,2,26.4,Pakistan,Shahid Afridi,Kamran Akmal,SL Malinga,0,1,"",""
ball,2,26.5,Pakistan,Kamran Akmal,Shahid Afridi,SL Malinga,1,0,"",""
ball,2,26.6,Pakistan,Shahid Afridi,Kamran Akmal,SL Malinga,0,0,"",""
ball,2,26.7,Pakistan,Shahid Afridi,Kamran Akmal,SL Malinga,1,0,"",""
ball,2,27.1,Pakistan,Shahid Afridi,Kamran Akmal,M Muralitharan,1,0,"",""
ball,2,27.2,Pakistan,Kamran Akmal,Shahid Afridi,M Muralitharan,0,0,"",""
ball,2,27.3,Pakistan,Kamran Akmal,Shahid Afridi,M Muralitharan,0,0,"",""
ball,2,27.4,Pakistan,Kamran Akmal,Shahid Afridi,M Muralitharan,0,0,"",""
ball,2,27.5,Pakistan,Kamran Akmal,Shahid Afridi,M Muralitharan,1,0,"",""
ball,2,27.6,Pakistan,Shahid Afridi,Kamran Akmal,M Muralitharan,6,0,"",""
ball,2,28.1,Pakistan,Kamran Akmal,Shahid Afridi,MF Maharoof,1,0,"",""
ball,2,28.2,Pakistan,Shahid Afridi,Kamran Akmal,MF Maharoof,1,0,"",""
ball,2,28.3,Pakistan,Kamran Akmal,Shahid Afridi,MF Maharoof,0,0,"",""
ball,2,28.4,Pakistan,Kamran Akmal,Shahid Afridi,MF Maharoof,0,0,"",""
ball,2,28.5,Pakistan,Kamran Akmal,Shahid Afridi,MF Maharoof,0,0,"",""
ball,2,28.6,Pakistan,Kamran Akmal,Shahid Afridi,MF Maharoof,1,0,"",""
ball,2,29.1,Pakistan,Kamran Akmal,Shahid Afridi,AD Mathews,0,0,"",""
ball,2,29.2,Pakistan,Kamran Akmal,Shahid Afridi,AD Mathews,0,0,"",""
ball,2,29.3,Pakistan,Kamran Akmal,Shahid Afridi,AD Mathews,0,0,"",""
ball,2,29.4,Pakistan,Kamran Akmal,Shahid Afridi,AD Mathews,1,0,"",""
ball,2,29.5,Pakistan,Shahid Afridi,Kamran Akmal,AD Mathews,4,0,"",""
ball,2,29.6,Pakistan,Shahid Afridi,Kamran Akmal,AD Mathews,1,0,"",""
ball,2,30.1,Pakistan,Shahid Afridi,Kamran Akmal,MF Maharoof,1,0,"",""
ball,2,30.2,Pakistan,Kamran Akmal,Shahid Afridi,MF Maharoof,1,0,"",""
ball,2,30.3,Pakistan,Shahid Afridi,Kamran Akmal,MF Maharoof,4,0,"",""
ball,2,30.4,Pakistan,Shahid Afridi,Kamran Akmal,MF Maharoof,0,1,"",""
ball,2,30.5,Pakistan,Kamran Akmal,Shahid Afridi,MF Maharoof,0,0,"",""
ball,2,30.6,Pakistan,Kamran Akmal,Shahid Afridi,MF Maharoof,4,0,"",""
ball,2,31.1,Pakistan,Shahid Afridi,Kamran Akmal,M Muralitharan,4,0,"",""
ball,2,31.2,Pakistan,Shahid Afridi,Kamran Akmal,M Muralitharan,0,0,run out,Kamran Akmal
ball,2,31.3,Pakistan,Shahid Afridi,Abdul Razzaq,M Muralitharan,1,0,"",""
ball,2,31.4,Pakistan,Abdul Razzaq,Shahid Afridi,M Muralitharan,0,0,"",""
ball,2,31.5,Pakistan,Abdul Razzaq,Shahid Afridi,M Muralitharan,0,0,"",""
ball,2,31.6,Pakistan,Abdul Razzaq,Shahid Afridi,M Muralitharan,0,0,"",""
ball,2,32.1,Pakistan,Shahid Afridi,Abdul Razzaq,SL Malinga,4,0,"",""
ball,2,32.2,Pakistan,Shahid Afridi,Abdul Razzaq,SL Malinga,0,0,"",""
ball,2,32.3,Pakistan,Shahid Afridi,Abdul Razzaq,SL Malinga,0,0,"",""
ball,2,32.4,Pakistan,Shahid Afridi,Abdul Razzaq,SL Malinga,4,0,"",""
ball,2,32.5,Pakistan,Shahid Afridi,Abdul Razzaq,SL Malinga,1,0,"",""
ball,2,32.6,Pakistan,Abdul Razzaq,Shahid Afridi,SL Malinga,0,0,"",""
ball,2,33.1,Pakistan,Shahid Afridi,Abdul Razzaq,M Muralitharan,2,0,"",""
ball,2,33.2,Pakistan,Shahid Afridi,Abdul Razzaq,M Muralitharan,0,0,"",""
ball,2,33.3,Pakistan,Shahid Afridi,Abdul Razzaq,M Muralitharan,1,0,"",""
ball,2,33.4,Pakistan,Abdul Razzaq,Shahid Afridi,M Muralitharan,1,0,"",""
ball,2,33.5,Pakistan,Shahid Afridi,Abdul Razzaq,M Muralitharan,0,0,"",""
ball,2,33.6,Pakistan,Shahid Afridi,Abdul Razzaq,M Muralitharan,4,0,"",""
ball,2,34.1,Pakistan,Abdul Razzaq,Shahid Afridi,MF Maharoof,0,0,"",""
ball,2,34.2,Pakistan,Abdul Razzaq,Shahid Afridi,MF Maharoof,0,0,"",""
ball,2,34.3,Pakistan,Abdul Razzaq,Shahid Afridi,MF Maharoof,2,0,"",""
ball,2,34.4,Pakistan,Abdul Razzaq,Shahid Afridi,MF Maharoof,0,0,"",""
ball,2,34.5,Pakistan,Abdul Razzaq,Shahid Afridi,MF Maharoof,0,0,"",""
ball,2,34.6,Pakistan,Abdul Razzaq,Shahid Afridi,MF Maharoof,1,0,"",""
ball,2,35.1,Pakistan,Abdul Razzaq,Shahid Afridi,AD Mathews,1,0,"",""
ball,2,35.2,Pakistan,Shahid Afridi,Abdul Razzaq,AD Mathews,1,0,"",""
ball,2,35.3,Pakistan,Abdul Razzaq,Shahid Afridi,AD Mathews,0,0,"",""
ball,2,35.4,Pakistan,Abdul Razzaq,Shahid Afridi,AD Mathews,0,0,"",""
ball,2,35.5,Pakistan,Abdul Razzaq,Shahid Afridi,AD Mathews,0,1,"",""
ball,2,35.6,Pakistan,Abdul Razzaq,Shahid Afridi,AD Mathews,0,0,"",""
ball,2,35.7,Pakistan,Abdul Razzaq,Shahid Afridi,AD Mathews,1,0,"",""
ball,2,36.1,Pakistan,Abdul Razzaq,Shahid Afridi,KMDN Kulasekara,0,0,"",""
ball,2,36.2,Pakistan,Abdul Razzaq,Shahid Afridi,KMDN Kulasekara,0,0,"",""
ball,2,36.3,Pakistan,Abdul Razzaq,Shahid Afridi,KMDN Kulasekara,0,0,"",""
ball,2,36.4,Pakistan,Abdul Razzaq,Shahid Afridi,KMDN Kulasekara,1,0,"",""
ball,2,36.5,Pakistan,Shahid Afridi,Abdul Razzaq,KMDN Kulasekara,0,0,"",""
ball,2,36.6,Pakistan,Shahid Afridi,Abdul Razzaq,KMDN Kulasekara,1,0,"",""
ball,2,37.1,Pakistan,Shahid Afridi,Abdul Razzaq,AD Mathews,0,0,"",""
ball,2,37.2,Pakistan,Shahid Afridi,Abdul Razzaq,AD Mathews,0,0,"",""
ball,2,37.3,Pakistan,Shahid Afridi,Abdul Razzaq,AD Mathews,0,1,"",""
ball,2,37.4,Pakistan,Shahid Afridi,Abdul Razzaq,AD Mathews,0,0,"",""
ball,2,37.5,Pakistan,Shahid Afridi,Abdul Razzaq,AD Mathews,1,0,"",""
ball,2,37.6,Pakistan,Abdul Razzaq,Shahid Afridi,AD Mathews,0,0,"",""
ball,2,37.7,Pakistan,Abdul Razzaq,Shahid Afridi,AD Mathews,0,0,"",""
ball,2,38.1,Pakistan,Shahid Afridi,Abdul Razzaq,KMDN Kulasekara,1,0,"",""
ball,2,38.2,Pakistan,Abdul Razzaq,Shahid Afridi,KMDN Kulasekara,0,0,"",""
ball,2,38.3,Pakistan,Abdul Razzaq,Shahid Afridi,KMDN Kulasekara,1,0,"",""
ball,2,38.4,Pakistan,Shahid Afridi,Abdul Razzaq,KMDN Kulasekara,1,0,"",""
ball,2,38.5,Pakistan,Abdul Razzaq,Shahid Afridi,KMDN Kulasekara,0,0,"",""
ball,2,38.6,Pakistan,Abdul Razzaq,Shahid Afridi,KMDN Kulasekara,0,1,"",""
ball,2,38.7,Pakistan,Abdul Razzaq,Shahid Afridi,KMDN Kulasekara,4,0,"",""
ball,2,39.1,Pakistan,Shahid Afridi,Abdul Razzaq,AD Mathews,0,0,"",""
ball,2,39.2,Pakistan,Shahid Afridi,Abdul Razzaq,AD Mathews,4,0,"",""
ball,2,39.3,Pakistan,Shahid Afridi,Abdul Razzaq,AD Mathews,0,0,"",""
ball,2,39.4,Pakistan,Shahid Afridi,Abdul Razzaq,AD Mathews,0,0,"",""
ball,2,39.5,Pakistan,Shahid Afridi,Abdul Razzaq,AD Mathews,1,0,"",""
ball,2,39.6,Pakistan,Abdul Razzaq,Shahid Afridi,AD Mathews,0,0,"",""
ball,2,40.1,Pakistan,Shahid Afridi,Abdul Razzaq,M Muralitharan,0,1,"",""
ball,2,40.2,Pakistan,Shahid Afridi,Abdul Razzaq,M Muralitharan,0,0,"",""
ball,2,40.3,Pakistan,Shahid Afridi,Abdul Razzaq,M Muralitharan,6,0,"",""
ball,2,40.4,Pakistan,Shahid Afridi,Abdul Razzaq,M Muralitharan,2,0,"",""
ball,2,40.5,Pakistan,Shahid Afridi,Abdul Razzaq,M Muralitharan,0,0,"",""
ball,2,40.6,Pakistan,Shahid Afridi,Abdul Razzaq,M Muralitharan,0,0,caught,Shahid Afridi
ball,2,40.7,Pakistan,Mohammad Amir,Abdul Razzaq,M Muralitharan,0,0,"",""
ball,2,41.1,Pakistan,Abdul Razzaq,Mohammad Amir,AD Mathews,1,0,"",""
ball,2,41.2,Pakistan,Mohammad Amir,Abdul Razzaq,AD Mathews,0,0,"",""
ball,2,41.3,Pakistan,Mohammad Amir,Abdul Razzaq,AD Mathews,1,0,"",""
ball,2,41.4,Pakistan,Abdul Razzaq,Mohammad Amir,AD Mathews,1,0,"",""
ball,2,41.5,Pakistan,Mohammad Amir,Abdul Razzaq,AD Mathews,1,0,"",""
ball,2,41.6,Pakistan,Abdul Razzaq,Mohammad Amir,AD Mathews,1,0,"",""
ball,2,42.1,Pakistan,Abdul Razzaq,Mohammad Amir,SL Malinga,3,0,"",""
ball,2,42.2,Pakistan,Mohammad Amir,Abdul Razzaq,SL Malinga,2,0,"",""
ball,2,42.3,Pakistan,Mohammad Amir,Abdul Razzaq,SL Malinga,0,0,"",""
ball,2,42.4,Pakistan,Mohammad Amir,Abdul Razzaq,SL Malinga,0,0,"",""
ball,2,42.5,Pakistan,Mohammad Amir,Abdul Razzaq,SL Malinga,0,0,"",""
ball,2,42.6,Pakistan,Mohammad Amir,Abdul Razzaq,SL Malinga,0,0,"",""
ball,2,43.1,Pakistan,Abdul Razzaq,Mohammad Amir,M Muralitharan,0,0,"",""
ball,2,43.2,Pakistan,Abdul Razzaq,Mohammad Amir,M Muralitharan,0,0,"",""
ball,2,43.3,Pakistan,Abdul Razzaq,Mohammad Amir,M Muralitharan,1,0,"",""
ball,2,43.4,Pakistan,Mohammad Amir,Abdul Razzaq,M Muralitharan,0,0,"",""
ball,2,43.5,Pakistan,Mohammad Amir,Abdul Razzaq,M Muralitharan,0,0,"",""
ball,2,43.6,Pakistan,Mohammad Amir,Abdul Razzaq,M Muralitharan,1,0,"",""
ball,2,44.1,Pakistan,Mohammad Amir,Abdul Razzaq,SL Malinga,0,0,"",""
ball,2,44.2,Pakistan,Mohammad Amir,Abdul Razzaq,SL Malinga,0,0,bowled,Mohammad Amir
ball,2,44.3,Pakistan,Shoaib Akhtar,Abdul Razzaq,SL Malinga,1,0,"",""
ball,2,44.4,Pakistan,Abdul Razzaq,Shoaib Akhtar,SL Malinga,1,0,"",""
ball,2,44.5,Pakistan,Shoaib Akhtar,Abdul Razzaq,SL Malinga,0,0,caught,Shoaib Akhtar
ball,2,44.6,Pakistan,Mohammad Asif,Abdul Razzaq,SL Malinga,0,0,"",""
ball,2,45.1,Pakistan,Abdul Razzaq,Mohammad Asif,M Muralitharan,0,0,"",""
ball,2,45.2,Pakistan,Abdul Razzaq,Mohammad Asif,M Muralitharan,0,0,"",""
ball,2,45.3,Pakistan,Abdul Razzaq,Mohammad Asif,M Muralitharan,0,0,"",""
ball,2,45.4,Pakistan,Abdul Razzaq,Mohammad Asif,M Muralitharan,4,0,"",""
ball,2,45.5,Pakistan,Abdul Razzaq,Mohammad Asif,M Muralitharan,0,0,"",""
ball,2,45.6,Pakistan,Abdul Razzaq,Mohammad Asif,M Muralitharan,1,0,"",""
ball,2,46.1,Pakistan,Abdul Razzaq,Mohammad Asif,SL Malinga,0,1,"",""
ball,2,46.2,Pakistan,Abdul Razzaq,Mohammad Asif,SL Malinga,0,0,"",""
ball,2,46.3,Pakistan,Abdul Razzaq,Mohammad Asif,SL Malinga,0,0,"",""
ball,2,46.4,Pakistan,Abdul Razzaq,Mohammad Asif,SL Malinga,0,0,"",""
ball,2,46.5,Pakistan,Abdul Razzaq,Mohammad Asif,SL Malinga,0,0,"",""
ball,2,46.6,Pakistan,Abdul Razzaq,Mohammad Asif,SL Malinga,1,0,"",""
ball,2,46.7,Pakistan,Mohammad Asif,Abdul Razzaq,SL Malinga,0,0,bowled,Mohammad Asif
