version,1.3.0
info,team,South Africa
info,team,India
info,gender,male
info,season,2010/11
info,date,2011/01/23
info,series,India in South Africa ODI Series
info,match_number,5
info,venue,SuperSport Park
info,city,Centurion
info,toss_winner,India
info,toss_decision,field
info,player_of_match,HM Amla
info,umpire,BG Jerling
info,umpire,SJA Taufel
info,reserve_umpire,JD Cloete
info,tv_umpire,S George
info,match_referee,BC Broad
info,winner,South Africa
info,winner_runs,33
info,method,D/L
ball,1,0.1,South Africa,GC Smith,HM Amla,Z Khan,0,0,"",""
ball,1,0.2,South Africa,GC Smith,HM Amla,Z Khan,0,0,"",""
ball,1,0.3,South Africa,GC Smith,HM Amla,Z Khan,1,0,"",""
ball,1,0.4,South Africa,HM Amla,GC Smith,Z Khan,1,0,"",""
ball,1,0.5,South Africa,GC Smith,HM Amla,Z Khan,1,0,"",""
ball,1,0.6,South Africa,HM Amla,GC Smith,Z Khan,0,0,"",""
ball,1,1.1,South Africa,GC Smith,HM Amla,MM Patel,4,0,"",""
ball,1,1.2,South Africa,GC Smith,HM Amla,MM Patel,0,0,"",""
ball,1,1.3,South Africa,GC Smith,HM Amla,MM Patel,0,0,"",""
ball,1,1.4,South Africa,GC Smith,HM Amla,MM Patel,1,0,"",""
ball,1,1.5,South Africa,HM Amla,GC Smith,MM Patel,4,0,"",""
ball,1,1.6,South Africa,HM Amla,GC Smith,MM Patel,0,4,"",""
ball,1,2.1,South Africa,GC Smith,HM Amla,Z Khan,0,0,"",""
ball,1,2.2,South Africa,GC Smith,HM Amla,Z Khan,0,0,"",""
ball,1,2.3,South Africa,GC Smith,HM Amla,Z Khan,0,0,caught,GC Smith
ball,1,2.4,South Africa,MN van Wyk,HM Amla,Z Khan,0,0,"",""
ball,1,2.5,South Africa,MN van Wyk,HM Amla,Z Khan,0,1,"",""
ball,1,2.6,South Africa,HM Amla,MN van Wyk,Z Khan,0,0,"",""
ball,1,3.1,South Africa,MN van Wyk,HM Amla,MM Patel,4,0,"",""
ball,1,3.2,South Africa,MN van Wyk,HM Amla,MM Patel,0,0,"",""
ball,1,3.3,South Africa,MN van Wyk,HM Amla,MM Patel,0,0,"",""
ball,1,3.4,South Africa,MN van Wyk,HM Amla,MM Patel,0,0,"",""
ball,1,3.5,South Africa,MN van Wyk,HM Amla,MM Patel,0,0,"",""
ball,1,3.6,South Africa,MN van Wyk,HM Amla,MM Patel,2,0,"",""
ball,1,4.1,South Africa,HM Amla,MN van Wyk,Z Khan,0,0,"",""
ball,1,4.2,South Africa,HM Amla,MN van Wyk,Z Khan,0,0,"",""
ball,1,4.3,South Africa,HM Amla,MN van Wyk,Z Khan,0,0,"",""
ball,1,4.4,South Africa,HM Amla,MN van Wyk,Z Khan,4,0,"",""
ball,1,4.5,South Africa,HM Amla,MN van Wyk,Z Khan,4,0,"",""
ball,1,4.6,South Africa,HM Amla,MN van Wyk,Z Khan,1,0,"",""
ball,1,5.1,South Africa,HM Amla,MN van Wyk,MM Patel,0,0,"",""
ball,1,5.2,South Africa,HM Amla,MN van Wyk,MM Patel,0,0,"",""
ball,1,5.3,South Africa,HM Amla,MN van Wyk,MM Patel,2,0,"",""
ball,1,5.4,South Africa,HM Amla,MN van Wyk,MM Patel,0,0,"",""
ball,1,5.5,South Africa,HM Amla,MN van Wyk,MM Patel,0,0,"",""
ball,1,5.6,South Africa,HM Amla,MN van Wyk,MM Patel,0,0,"",""
ball,1,6.1,South Africa,MN van Wyk,HM Amla,Z Khan,1,0,"",""
ball,1,6.2,South Africa,HM Amla,MN van Wyk,Z Khan,4,0,"",""
ball,1,6.3,South Africa,HM Amla,MN van Wyk,Z Khan,0,0,"",""
ball,1,6.4,South Africa,HM Amla,MN van Wyk,Z Khan,0,0,"",""
ball,1,6.5,South Africa,HM Amla,MN van Wyk,Z Khan,0,0,"",""
ball,1,6.6,South Africa,HM Amla,MN van Wyk,Z Khan,0,0,"",""
ball,1,7.1,South Africa,MN van Wyk,HM Amla,MM Patel,0,0,"",""
ball,1,7.2,South Africa,MN van Wyk,HM Amla,MM Patel,0,0,"",""
ball,1,7.3,South Africa,MN van Wyk,HM Amla,MM Patel,0,0,"",""
ball,1,7.4,South Africa,MN van Wyk,HM Amla,MM Patel,1,0,"",""
ball,1,7.5,South Africa,HM Amla,MN van Wyk,MM Patel,0,0,"",""
ball,1,7.6,South Africa,HM Amla,MN van Wyk,MM Patel,0,0,"",""
ball,1,8.1,South Africa,MN van Wyk,HM Amla,PP Chawla,4,0,"",""
ball,1,8.2,South Africa,MN van Wyk,HM Amla,PP Chawla,0,0,"",""
ball,1,8.3,South Africa,MN van Wyk,HM Amla,PP Chawla,0,0,"",""
ball,1,8.4,South Africa,MN van Wyk,HM Amla,PP Chawla,0,0,"",""
ball,1,8.5,South Africa,MN van Wyk,HM Amla,PP Chawla,0,0,"",""
ball,1,8.6,South Africa,MN van Wyk,HM Amla,PP Chawla,1,0,"",""
ball,1,9.1,South Africa,MN van Wyk,HM Amla,MM Patel,4,0,"",""
ball,1,9.2,South Africa,MN van Wyk,HM Amla,MM Patel,0,0,"",""
ball,1,9.3,South Africa,MN van Wyk,HM Amla,MM Patel,0,0,"",""
ball,1,9.4,South Africa,MN van Wyk,HM Amla,MM Patel,0,0,"",""
ball,1,9.5,South Africa,MN van Wyk,HM Amla,MM Patel,4,0,"",""
ball,1,9.6,South Africa,MN van Wyk,HM Amla,MM Patel,0,0,"",""
ball,1,10.1,South Africa,HM Amla,MN van Wyk,PP Chawla,1,0,"",""
ball,1,10.2,South Africa,MN van Wyk,HM Amla,PP Chawla,1,0,"",""
ball,1,10.3,South Africa,HM Amla,MN van Wyk,PP Chawla,1,0,"",""
ball,1,10.4,South Africa,MN van Wyk,HM Amla,PP Chawla,4,0,"",""
ball,1,10.5,South Africa,MN van Wyk,HM Amla,PP Chawla,0,0,"",""
ball,1,10.6,South Africa,MN van Wyk,HM Amla,PP Chawla,0,0,"",""
ball,1,11.1,South Africa,HM Amla,MN van Wyk,Harbhajan Singh,1,0,"",""
ball,1,11.2,South Africa,MN van Wyk,HM Amla,Harbhajan Singh,0,0,"",""
ball,1,11.3,South Africa,MN van Wyk,HM Amla,Harbhajan Singh,1,0,"",""
ball,1,11.4,South Africa,HM Amla,MN van Wyk,Harbhajan Singh,1,0,"",""
ball,1,11.5,South Africa,MN van Wyk,HM Amla,Harbhajan Singh,1,0,"",""
ball,1,11.6,South Africa,HM Amla,MN van Wyk,Harbhajan Singh,1,0,"",""
ball,1,12.1,South Africa,HM Amla,MN van Wyk,YK Pathan,0,1,"",""
ball,1,12.2,South Africa,HM Amla,MN van Wyk,YK Pathan,0,0,"",""
ball,1,12.3,South Africa,HM Amla,MN van Wyk,YK Pathan,1,0,"",""
ball,1,12.4,South Africa,MN van Wyk,HM Amla,YK Pathan,0,0,"",""
ball,1,12.5,South Africa,MN van Wyk,HM Amla,YK Pathan,1,0,"",""
ball,1,12.6,South Africa,HM Amla,MN van Wyk,YK Pathan,1,0,"",""
ball,1,12.7,South Africa,MN van Wyk,HM Amla,YK Pathan,0,0,"",""
ball,1,13.1,South Africa,HM Amla,MN van Wyk,Harbhajan Singh,0,0,"",""
ball,1,13.2,South Africa,HM Amla,MN van Wyk,Harbhajan Singh,1,0,"",""
ball,1,13.3,South Africa,MN van Wyk,HM Amla,Harbhajan Singh,1,0,"",""
ball,1,13.4,South Africa,HM Amla,MN van Wyk,Harbhajan Singh,0,0,"",""
ball,1,13.5,South Africa,HM Amla,MN van Wyk,Harbhajan Singh,1,0,"",""
ball,1,13.6,South Africa,MN van Wyk,HM Amla,Harbhajan Singh,2,0,"",""
ball,1,14.1,South Africa,HM Amla,MN van Wyk,YK Pathan,0,0,"",""
ball,1,14.2,South Africa,HM Amla,MN van Wyk,YK Pathan,1,0,"",""
ball,1,14.3,South Africa,MN van Wyk,HM Amla,YK Pathan,4,0,"",""
ball,1,14.4,South Africa,MN van Wyk,HM Amla,YK Pathan,1,0,"",""
ball,1,14.5,South Africa,HM Amla,MN van Wyk,YK Pathan,0,0,"",""
ball,1,14.6,South Africa,HM Amla,MN van Wyk,YK Pathan,0,0,"",""
ball,1,15.1,South Africa,MN van Wyk,HM Amla,Harbhajan Singh,0,0,"",""
ball,1,15.2,South Africa,MN van Wyk,HM Amla,Harbhajan Singh,0,0,"",""
ball,1,15.3,South Africa,MN van Wyk,HM Amla,Harbhajan Singh,0,0,"",""
ball,1,15.4,South Africa,MN van Wyk,HM Amla,Harbhajan Singh,1,0,"",""
ball,1,15.5,South Africa,HM Amla,MN van Wyk,Harbhajan Singh,1,0,"",""
ball,1,15.6,South Africa,MN van Wyk,HM Amla,Harbhajan Singh,0,0,"",""
ball,1,16.1,South Africa,HM Amla,MN van Wyk,Yuvraj Singh,1,0,"",""
ball,1,16.2,South Africa,MN van Wyk,HM Amla,Yuvraj Singh,1,0,"",""
ball,1,16.3,South Africa,HM Amla,MN van Wyk,Yuvraj Singh,1,0,"",""
ball,1,16.4,South Africa,MN van Wyk,HM Amla,Yuvraj Singh,0,0,"",""
ball,1,16.5,South Africa,MN van Wyk,HM Amla,Yuvraj Singh,1,0,"",""
ball,1,16.6,South Africa,HM Amla,MN van Wyk,Yuvraj Singh,1,0,"",""
ball,1,17.1,South Africa,HM Amla,MN van Wyk,PP Chawla,0,0,"",""
ball,1,17.2,South Africa,HM Amla,MN van Wyk,PP Chawla,0,0,"",""
ball,1,17.3,South Africa,HM Amla,MN van Wyk,PP Chawla,1,0,"",""
ball,1,17.4,South Africa,MN van Wyk,HM Amla,PP Chawla,1,0,"",""
ball,1,17.5,South Africa,HM Amla,MN van Wyk,PP Chawla,1,0,"",""
ball,1,17.6,South Africa,MN van Wyk,HM Amla,PP Chawla,4,0,"",""
ball,1,18.1,South Africa,HM Amla,MN van Wyk,Yuvraj Singh,1,0,"",""
ball,1,18.2,South Africa,MN van Wyk,HM Amla,Yuvraj Singh,0,0,"",""
ball,1,18.3,South Africa,MN van Wyk,HM Amla,Yuvraj Singh,1,0,"",""
ball,1,18.4,South Africa,HM Amla,MN van Wyk,Yuvraj Singh,1,0,"",""
ball,1,18.5,South Africa,MN van Wyk,HM Amla,Yuvraj Singh,3,0,"",""
ball,1,18.6,South Africa,HM Amla,MN van Wyk,Yuvraj Singh,0,0,"",""
ball,1,19.1,South Africa,MN van Wyk,HM Amla,PP Chawla,1,0,"",""
ball,1,19.2,South Africa,HM Amla,MN van Wyk,PP Chawla,0,0,"",""
ball,1,19.3,South Africa,HM Amla,MN van Wyk,PP Chawla,1,0,"",""
ball,1,19.4,South Africa,MN van Wyk,HM Amla,PP Chawla,1,0,"",""
ball,1,19.5,South Africa,HM Amla,MN van Wyk,PP Chawla,0,0,"",""
ball,1,19.6,South Africa,HM Amla,MN van Wyk,PP Chawla,1,0,"",""
ball,1,20.1,South Africa,HM Amla,MN van Wyk,Yuvraj Singh,1,0,"",""
ball,1,20.2,South Africa,MN van Wyk,HM Amla,Yuvraj Singh,0,0,"",""
ball,1,20.3,South Africa,MN van Wyk,HM Amla,Yuvraj Singh,4,0,"",""
ball,1,20.4,South Africa,MN van Wyk,HM Amla,Yuvraj Singh,0,0,"",""
ball,1,20.5,South Africa,MN van Wyk,HM Amla,Yuvraj Singh,0,0,"",""
ball,1,20.6,South Africa,MN van Wyk,HM Amla,Yuvraj Singh,0,0,"",""
ball,1,21.1,South Africa,HM Amla,MN van Wyk,PP Chawla,1,0,"",""
ball,1,21.2,South Africa,MN van Wyk,HM Amla,PP Chawla,1,0,"",""
ball,1,21.3,South Africa,HM Amla,MN van Wyk,PP Chawla,0,0,"",""
ball,1,21.4,South Africa,HM Amla,MN van Wyk,PP Chawla,1,0,"",""
ball,1,21.5,South Africa,MN van Wyk,HM Amla,PP Chawla,0,0,"",""
ball,1,21.6,South Africa,MN van Wyk,HM Amla,PP Chawla,0,0,"",""
ball,1,22.1,South Africa,HM Amla,MN van Wyk,Yuvraj Singh,1,0,"",""
ball,1,22.2,South Africa,MN van Wyk,HM Amla,Yuvraj Singh,0,0,caught and bowled,MN van Wyk
ball,1,22.3,South Africa,AB de Villiers,HM Amla,Yuvraj Singh,1,0,"",""
ball,1,22.4,South Africa,HM Amla,AB de Villiers,Yuvraj Singh,1,0,"",""
ball,1,22.5,South Africa,AB de Villiers,HM Amla,Yuvraj Singh,0,0,"",""
ball,1,22.6,South Africa,AB de Villiers,HM Amla,Yuvraj Singh,4,0,"",""
ball,1,23.1,South Africa,HM Amla,AB de Villiers,PP Chawla,1,0,"",""
ball,1,23.2,South Africa,AB de Villiers,HM Amla,PP Chawla,1,0,"",""
ball,1,23.3,South Africa,HM Amla,AB de Villiers,PP Chawla,0,0,"",""
ball,1,23.4,South Africa,HM Amla,AB de Villiers,PP Chawla,1,0,"",""
ball,1,23.5,South Africa,AB de Villiers,HM Amla,PP Chawla,0,0,"",""
ball,1,23.6,South Africa,AB de Villiers,HM Amla,PP Chawla,0,0,"",""
ball,1,24.1,South Africa,HM Amla,AB de Villiers,Yuvraj Singh,1,0,"",""
ball,1,24.2,South Africa,AB de Villiers,HM Amla,Yuvraj Singh,2,0,"",""
ball,1,24.3,South Africa,AB de Villiers,HM Amla,Yuvraj Singh,1,0,"",""
ball,1,24.4,South Africa,HM Amla,AB de Villiers,Yuvraj Singh,0,0,"",""
ball,1,24.5,South Africa,HM Amla,AB de Villiers,Yuvraj Singh,0,0,"",""
ball,1,24.6,South Africa,HM Amla,AB de Villiers,Yuvraj Singh,0,0,"",""
ball,1,25.1,South Africa,AB de Villiers,HM Amla,PP Chawla,1,0,"",""
ball,1,25.2,South Africa,HM Amla,AB de Villiers,PP Chawla,0,0,"",""
ball,1,25.3,South Africa,HM Amla,AB de Villiers,PP Chawla,1,0,"",""
ball,1,25.4,South Africa,AB de Villiers,HM Amla,PP Chawla,0,0,"",""
ball,1,25.5,South Africa,AB de Villiers,HM Amla,PP Chawla,1,0,"",""
ball,1,25.6,South Africa,HM Amla,AB de Villiers,PP Chawla,0,0,"",""
ball,1,26.1,South Africa,AB de Villiers,HM Amla,Yuvraj Singh,0,0,stumped,AB de Villiers
ball,1,26.2,South Africa,JP Duminy,HM Amla,Yuvraj Singh,0,0,"",""
ball,1,26.3,South Africa,JP Duminy,HM Amla,Yuvraj Singh,0,0,"",""
ball,1,26.4,South Africa,JP Duminy,HM Amla,Yuvraj Singh,1,0,"",""
ball,1,26.5,South Africa,HM Amla,JP Duminy,Yuvraj Singh,1,0,"",""
ball,1,26.6,South Africa,JP Duminy,HM Amla,Yuvraj Singh,1,0,"",""
ball,1,27.1,South Africa,JP Duminy,HM Amla,Harbhajan Singh,0,0,"",""
ball,1,27.2,South Africa,JP Duminy,HM Amla,Harbhajan Singh,1,0,"",""
ball,1,27.3,South Africa,HM Amla,JP Duminy,Harbhajan Singh,0,0,"",""
ball,1,27.4,South Africa,HM Amla,JP Duminy,Harbhajan Singh,1,0,"",""
ball,1,27.5,South Africa,JP Duminy,HM Amla,Harbhajan Singh,1,0,"",""
ball,1,27.6,South Africa,HM Amla,JP Duminy,Harbhajan Singh,1,0,"",""
ball,1,28.1,South Africa,HM Amla,JP Duminy,Yuvraj Singh,0,0,"",""
ball,1,28.2,South Africa,HM Amla,JP Duminy,Yuvraj Singh,0,1,"",""
ball,1,28.3,South Africa,HM Amla,JP Duminy,Yuvraj Singh,1,0,"",""
ball,1,28.4,South Africa,JP Duminy,HM Amla,Yuvraj Singh,0,0,"",""
ball,1,28.5,South Africa,JP Duminy,HM Amla,Yuvraj Singh,1,0,"",""
ball,1,28.6,South Africa,HM Amla,JP Duminy,Yuvraj Singh,2,0,"",""
ball,1,28.7,South Africa,HM Amla,JP Duminy,Yuvraj Singh,1,0,"",""
ball,1,29.1,South Africa,HM Amla,JP Duminy,Harbhajan Singh,1,0,"",""
ball,1,29.2,South Africa,JP Duminy,HM Amla,Harbhajan Singh,0,0,"",""
ball,1,29.3,South Africa,JP Duminy,HM Amla,Harbhajan Singh,1,0,"",""
ball,1,29.4,South Africa,HM Amla,JP Duminy,Harbhajan Singh,1,0,"",""
ball,1,29.5,South Africa,JP Duminy,HM Amla,Harbhajan Singh,1,0,"",""
ball,1,29.6,South Africa,HM Amla,JP Duminy,Harbhajan Singh,1,0,"",""
ball,1,30.1,South Africa,HM Amla,JP Duminy,Yuvraj Singh,1,0,"",""
ball,1,30.2,South Africa,JP Duminy,HM Amla,Yuvraj Singh,1,0,"",""
ball,1,30.3,South Africa,HM Amla,JP Duminy,Yuvraj Singh,4,0,"",""
ball,1,30.4,South Africa,HM Amla,JP Duminy,Yuvraj Singh,0,0,"",""
ball,1,30.5,South Africa,HM Amla,JP Duminy,Yuvraj Singh,2,0,"",""
ball,1,30.6,South Africa,HM Amla,JP Duminy,Yuvraj Singh,1,0,"",""
ball,1,31.1,South Africa,HM Amla,JP Duminy,Harbhajan Singh,0,0,"",""
ball,1,31.2,South Africa,HM Amla,JP Duminy,Harbhajan Singh,1,0,"",""
ball,1,31.3,South Africa,JP Duminy,HM Amla,Harbhajan Singh,1,0,"",""
ball,1,31.4,South Africa,HM Amla,JP Duminy,Harbhajan Singh,0,0,"",""
ball,1,31.5,South Africa,HM Amla,JP Duminy,Harbhajan Singh,1,0,"",""
ball,1,31.6,South Africa,JP Duminy,HM Amla,Harbhajan Singh,0,0,"",""
ball,1,32.1,South Africa,HM Amla,JP Duminy,RG Sharma,1,0,"",""
ball,1,32.2,South Africa,JP Duminy,HM Amla,RG Sharma,1,0,"",""
ball,1,32.3,South Africa,HM Amla,JP Duminy,RG Sharma,0,0,"",""
ball,1,32.4,South Africa,HM Amla,JP Duminy,RG Sharma,1,0,"",""
ball,1,32.5,South Africa,JP Duminy,HM Amla,RG Sharma,1,0,"",""
ball,1,32.6,South Africa,HM Amla,JP Duminy,RG Sharma,1,0,"",""
ball,1,33.1,South Africa,HM Amla,JP Duminy,Harbhajan Singh,0,0,"",""
ball,1,33.2,South Africa,HM Amla,JP Duminy,Harbhajan Singh,4,0,"",""
ball,1,33.3,South Africa,HM Amla,JP Duminy,Harbhajan Singh,1,0,"",""
ball,1,33.4,South Africa,JP Duminy,HM Amla,Harbhajan Singh,0,0,"",""
ball,1,33.5,South Africa,JP Duminy,HM Amla,Harbhajan Singh,1,0,"",""
ball,1,33.6,South Africa,HM Amla,JP Duminy,Harbhajan Singh,0,0,"",""
ball,1,34.1,South Africa,JP Duminy,HM Amla,RG Sharma,1,0,"",""
ball,1,34.2,South Africa,HM Amla,JP Duminy,RG Sharma,1,0,"",""
ball,1,34.3,South Africa,JP Duminy,HM Amla,RG Sharma,1,0,"",""
ball,1,34.4,South Africa,HM Amla,JP Duminy,RG Sharma,1,0,"",""
ball,1,34.5,South Africa,JP Duminy,HM Amla,RG Sharma,1,0,"",""
ball,1,34.6,South Africa,HM Amla,JP Duminy,RG Sharma,4,0,"",""
ball,1,35.1,South Africa,JP Duminy,HM Amla,Harbhajan Singh,0,0,"",""
ball,1,35.2,South Africa,JP Duminy,HM Amla,Harbhajan Singh,0,0,"",""
ball,1,35.3,South Africa,JP Duminy,HM Amla,Harbhajan Singh,1,0,"",""
ball,1,35.4,South Africa,HM Amla,JP Duminy,Harbhajan Singh,1,0,"",""
ball,1,35.5,South Africa,JP Duminy,HM Amla,Harbhajan Singh,0,0,"",""
ball,1,35.6,South Africa,JP Duminy,HM Amla,Harbhajan Singh,1,0,"",""
ball,1,36.1,South Africa,JP Duminy,HM Amla,Z Khan,1,0,"",""
ball,1,36.2,South Africa,HM Amla,JP Duminy,Z Khan,1,0,"",""
ball,1,36.3,South Africa,JP Duminy,HM Amla,Z Khan,0,0,"",""
ball,1,36.4,South Africa,JP Duminy,HM Amla,Z Khan,1,0,"",""
ball,1,36.5,South Africa,HM Amla,JP Duminy,Z Khan,1,0,"",""
ball,1,36.6,South Africa,JP Duminy,HM Amla,Z Khan,2,0,"",""
ball,1,37.1,South Africa,HM Amla,JP Duminy,SK Raina,0,0,"",""
ball,1,37.2,South Africa,HM Amla,JP Duminy,SK Raina,1,0,"",""
ball,1,37.3,South Africa,JP Duminy,HM Amla,SK Raina,0,0,"",""
ball,1,37.4,South Africa,JP Duminy,HM Amla,SK Raina,1,0,"",""
ball,1,37.5,South Africa,HM Amla,JP Duminy,SK Raina,1,0,"",""
ball,1,37.6,South Africa,JP Duminy,HM Amla,SK Raina,1,0,"",""
ball,1,38.1,South Africa,JP Duminy,HM Amla,Z Khan,1,0,"",""
ball,1,38.2,South Africa,HM Amla,JP Duminy,Z Khan,1,0,"",""
ball,1,38.3,South Africa,JP Duminy,HM Amla,Z Khan,1,0,"",""
ball,1,38.4,South Africa,HM Amla,JP Duminy,Z Khan,2,0,"",""
ball,1,38.5,South Africa,HM Amla,JP Duminy,Z Khan,0,1,"",""
ball,1,38.6,South Africa,HM Amla,JP Duminy,Z Khan,4,0,"",""
ball,1,38.7,South Africa,HM Amla,JP Duminy,Z Khan,1,0,"",""
ball,1,39.1,South Africa,HM Amla,JP Duminy,SK Raina,4,0,"",""
ball,1,39.2,South Africa,HM Amla,JP Duminy,SK Raina,1,0,"",""
ball,1,39.3,South Africa,JP Duminy,HM Amla,SK Raina,1,0,"",""
ball,1,39.4,South Africa,HM Amla,JP Duminy,SK Raina,0,0,"",""
ball,1,39.5,South Africa,HM Amla,JP Duminy,SK Raina,0,1,"",""
ball,1,39.6,South Africa,HM Amla,JP Duminy,SK Raina,1,0,"",""
ball,1,39.7,South Africa,JP Duminy,HM Amla,SK Raina,1,0,"",""
ball,1,40.1,South Africa,JP Duminy,HM Amla,MM Patel,1,0,"",""
ball,1,40.2,South Africa,HM Amla,JP Duminy,MM Patel,1,0,"",""
ball,1,40.3,South Africa,JP Duminy,HM Amla,MM Patel,1,0,"",""
ball,1,40.4,South Africa,HM Amla,JP Duminy,MM Patel,1,0,"",""
ball,1,40.5,South Africa,JP Duminy,HM Amla,MM Patel,1,0,"",""
ball,1,40.6,South Africa,HM Amla,JP Duminy,MM Patel,1,0,"",""
ball,1,41.1,South Africa,HM Amla,JP Duminy,Z Khan,1,0,"",""
ball,1,41.2,South Africa,JP Duminy,HM Amla,Z Khan,0,1,"",""
ball,1,41.3,South Africa,JP Duminy,HM Amla,Z Khan,1,0,"",""
ball,1,41.4,South Africa,HM Amla,JP Duminy,Z Khan,2,0,"",""
ball,1,41.5,South Africa,HM Amla,JP Duminy,Z Khan,2,0,"",""
ball,1,41.6,South Africa,HM Amla,JP Duminy,Z Khan,0,0,"",""
ball,1,41.7,South Africa,HM Amla,JP Duminy,Z Khan,1,0,"",""
ball,1,42.1,South Africa,HM Amla,JP Duminy,MM Patel,1,0,"",""
ball,1,42.2,South Africa,JP Duminy,HM Amla,MM Patel,4,0,"",""
ball,1,42.3,South Africa,JP Duminy,HM Amla,MM Patel,0,0,caught and bowled,JP Duminy
ball,1,42.4,South Africa,HM Amla,F du Plessis,MM Patel,0,0,"",""
ball,1,42.5,South Africa,HM Amla,F du Plessis,MM Patel,1,0,"",""
ball,1,42.6,South Africa,F du Plessis,HM Amla,MM Patel,1,0,"",""
ball,1,43.1,South Africa,F du Plessis,HM Amla,Z Khan,1,0,"",""
ball,1,43.2,South Africa,HM Amla,F du Plessis,Z Khan,0,0,"",""
ball,1,43.3,South Africa,HM Amla,F du Plessis,Z Khan,0,1,"",""
ball,1,43.4,South Africa,F du Plessis,HM Amla,Z Khan,1,0,"",""
ball,1,43.5,South Africa,HM Amla,F du Plessis,Z Khan,1,0,"",""
ball,1,43.6,South Africa,F du Plessis,HM Amla,Z Khan,1,0,"",""
ball,1,44.1,South Africa,F du Plessis,HM Amla,MM Patel,4,0,"",""
ball,1,44.2,South Africa,F du Plessis,HM Amla,MM Patel,0,0,bowled,F du Plessis
ball,1,44.3,South Africa,J Botha,HM Amla,MM Patel,2,0,"",""
ball,1,44.4,South Africa,J Botha,HM Amla,MM Patel,0,0,caught,J Botha
ball,1,44.5,South Africa,HM Amla,RJ Peterson,MM Patel,1,0,"",""
ball,1,44.6,South Africa,RJ Peterson,HM Amla,MM Patel,4,0,"",""
ball,1,45.1,South Africa,HM Amla,RJ Peterson,Z Khan,1,0,"",""
ball,1,45.2,South Africa,RJ Peterson,HM Amla,Z Khan,0,0,bowled,RJ Peterson
ball,1,45.3,South Africa,DW Steyn,HM Amla,Z Khan,0,0,run out,DW Steyn
ball,1,45.4,South Africa,M Morkel,HM Amla,Z Khan,0,0,"",""
ball,1,45.5,South Africa,M Morkel,HM Amla,Z Khan,0,0,run out,M Morkel
ball,1,45.6,South Africa,LL Tsotsobe,HM Amla,Z Khan,0,0,"",""
ball,2,0.1,India,PA Patel,RG Sharma,DW Steyn,0,0,"",""
ball,2,0.2,India,PA Patel,RG Sharma,DW Steyn,0,0,"",""
ball,2,0.3,India,PA Patel,RG Sharma,DW Steyn,0,0,"",""
ball,2,0.4,India,PA Patel,RG Sharma,DW Steyn,0,0,"",""
ball,2,0.5,India,PA Patel,RG Sharma,DW Steyn,0,0,"",""
ball,2,0.6,India,PA Patel,RG Sharma,DW Steyn,3,0,"",""
ball,2,1.1,India,PA Patel,RG Sharma,LL Tsotsobe,4,0,"",""
ball,2,1.2,India,PA Patel,RG Sharma,LL Tsotsobe,1,0,"",""
ball,2,1.3,India,RG Sharma,PA Patel,LL Tsotsobe,0,0,"",""
ball,2,1.4,India,RG Sharma,PA Patel,LL Tsotsobe,0,0,"",""
ball,2,1.5,India,RG Sharma,PA Patel,LL Tsotsobe,0,1,"",""
ball,2,1.6,India,RG Sharma,PA Patel,LL Tsotsobe,0,0,"",""
ball,2,1.7,India,RG Sharma,PA Patel,LL Tsotsobe,4,0,"",""
ball,2,2.1,India,PA Patel,RG Sharma,DW Steyn,0,0,"",""
ball,2,2.2,India,PA Patel,RG Sharma,DW Steyn,4,0,"",""
ball,2,2.3,India,PA Patel,RG Sharma,DW Steyn,0,0,"",""
ball,2,2.4,India,PA Patel,RG Sharma,DW Steyn,2,0,"",""
ball,2,2.5,India,PA Patel,RG Sharma,DW Steyn,0,0,"",""
ball,2,2.6,India,PA Patel,RG Sharma,DW Steyn,0,0,"",""
ball,2,3.1,India,RG Sharma,PA Patel,LL Tsotsobe,0,0,"",""
ball,2,3.2,India,RG Sharma,PA Patel,LL Tsotsobe,0,0,"",""
ball,2,3.3,India,RG Sharma,PA Patel,LL Tsotsobe,1,0,"",""
ball,2,3.4,India,PA Patel,RG Sharma,LL Tsotsobe,0,0,"",""
ball,2,3.5,India,PA Patel,RG Sharma,LL Tsotsobe,1,0,"",""
ball,2,3.6,India,RG Sharma,PA Patel,LL Tsotsobe,0,0,bowled,RG Sharma
ball,2,4.1,India,PA Patel,V Kohli,M Morkel,1,0,"",""
ball,2,4.2,India,V Kohli,PA Patel,M Morkel,0,0,"",""
ball,2,4.3,India,V Kohli,PA Patel,M Morkel,1,0,"",""
ball,2,4.4,India,PA Patel,V Kohli,M Morkel,0,0,"",""
ball,2,4.5,India,PA Patel,V Kohli,M Morkel,0,0,"",""
ball,2,4.6,India,PA Patel,V Kohli,M Morkel,1,0,"",""
ball,2,5.1,India,PA Patel,V Kohli,LL Tsotsobe,0,0,"",""
ball,2,5.2,India,PA Patel,V Kohli,LL Tsotsobe,0,1,"",""
ball,2,5.3,India,PA Patel,V Kohli,LL Tsotsobe,1,0,"",""
ball,2,5.4,India,V Kohli,PA Patel,LL Tsotsobe,0,0,"",""
ball,2,5.5,India,V Kohli,PA Patel,LL Tsotsobe,0,0,"",""
ball,2,5.6,India,V Kohli,PA Patel,LL Tsotsobe,1,0,"",""
ball,2,5.7,India,PA Patel,V Kohli,LL Tsotsobe,4,0,"",""
ball,2,6.1,India,V Kohli,PA Patel,M Morkel,0,0,caught,V Kohli
ball,2,6.2,India,MS Dhoni,PA Patel,M Morkel,0,0,"",""
ball,2,6.3,India,MS Dhoni,PA Patel,M Morkel,0,0,"",""
ball,2,6.4,India,MS Dhoni,PA Patel,M Morkel,1,0,"",""
ball,2,6.5,India,PA Patel,MS Dhoni,M Morkel,0,0,"",""
ball,2,6.6,India,PA Patel,MS Dhoni,M Morkel,4,0,"",""
ball,2,7.1,India,MS Dhoni,PA Patel,LL Tsotsobe,0,0,"",""
ball,2,7.2,India,MS Dhoni,PA Patel,LL Tsotsobe,0,0,"",""
ball,2,7.3,India,MS Dhoni,PA Patel,LL Tsotsobe,0,0,"",""
ball,2,7.4,India,MS Dhoni,PA Patel,LL Tsotsobe,0,0,"",""
ball,2,7.5,India,MS Dhoni,PA Patel,LL Tsotsobe,4,0,"",""
ball,2,7.6,India,MS Dhoni,PA Patel,LL Tsotsobe,0,0,"",""
ball,2,8.1,India,PA Patel,MS Dhoni,M Morkel,4,0,"",""
ball,2,8.2,India,PA Patel,MS Dhoni,M Morkel,1,0,"",""
ball,2,8.3,India,MS Dhoni,PA Patel,M Morkel,0,0,caught,MS Dhoni
ball,2,8.4,India,Yuvraj Singh,PA Patel,M Morkel,0,0,"",""
ball,2,8.5,India,Yuvraj Singh,PA Patel,M Morkel,4,0,"",""
ball,2,8.6,India,Yuvraj Singh,PA Patel,M Morkel,0,0,"",""
ball,2,9.1,India,PA Patel,Yuvraj Singh,DW Steyn,1,0,"",""
ball,2,9.2,India,Yuvraj Singh,PA Patel,DW Steyn,0,0,"",""
ball,2,9.3,India,Yuvraj Singh,PA Patel,DW Steyn,0,0,"",""
ball,2,9.4,India,Yuvraj Singh,PA Patel,DW Steyn,0,0,"",""
ball,2,9.5,India,Yuvraj Singh,PA Patel,DW Steyn,4,0,"",""
ball,2,9.6,India,Yuvraj Singh,PA Patel,DW Steyn,0,0,"",""
ball,2,10.1,India,PA Patel,Yuvraj Singh,M Morkel,0,0,"",""
ball,2,10.2,India,PA Patel,Yuvraj Singh,M Morkel,0,0,"",""
ball,2,10.3,India,PA Patel,Yuvraj Singh,M Morkel,4,0,"",""
ball,2,10.4,India,PA Patel,Yuvraj Singh,M Morkel,2,0,"",""
ball,2,10.5,India,PA Patel,Yuvraj Singh,M Morkel,0,0,"",""
ball,2,10.6,India,PA Patel,Yuvraj Singh,M Morkel,0,0,caught,PA Patel
ball,2,11.1,India,Yuvraj Singh,SK Raina,DW Steyn,0,0,"",""
ball,2,11.2,India,Yuvraj Singh,SK Raina,DW Steyn,0,0,"",""
ball,2,11.3,India,Yuvraj Singh,SK Raina,DW Steyn,0,0,"",""
ball,2,11.4,India,Yuvraj Singh,SK Raina,DW Steyn,0,0,"",""
ball,2,11.5,India,Yuvraj Singh,SK Raina,DW Steyn,0,0,"",""
ball,2,11.6,India,Yuvraj Singh,SK Raina,DW Steyn,0,0,caught,Yuvraj Singh
ball,2,12.1,India,SK Raina,YK Pathan,M Morkel,1,0,"",""
ball,2,12.2,India,YK Pathan,SK Raina,M Morkel,0,0,"",""
ball,2,12.3,India,YK Pathan,SK Raina,M Morkel,0,0,"",""
ball,2,12.4,India,YK Pathan,SK Raina,M Morkel,1,0,"",""
ball,2,12.5,India,SK Raina,YK Pathan,M Morkel,2,0,"",""
ball,2,12.6,India,SK Raina,YK Pathan,M Morkel,4,0,"",""
ball,2,13.1,India,YK Pathan,SK Raina,DW Steyn,1,0,"",""
ball,2,13.2,India,SK Raina,YK Pathan,DW Steyn,0,1,"",""
ball,2,13.3,India,SK Raina,YK Pathan,DW Steyn,0,0,"",""
ball,2,13.4,India,SK Raina,YK Pathan,DW Steyn,0,0,"",""
ball,2,13.5,India,SK Raina,YK Pathan,DW Steyn,4,0,"",""
ball,2,13.6,India,SK Raina,YK Pathan,DW Steyn,0,0,caught,SK Raina
ball,2,13.7,India,Harbhajan Singh,YK Pathan,DW Steyn,0,0,"",""
ball,2,14.1,India,YK Pathan,Harbhajan Singh,LL Tsotsobe,0,0,"",""
ball,2,14.2,India,YK Pathan,Harbhajan Singh,LL Tsotsobe,4,0,"",""
ball,2,14.3,India,YK Pathan,Harbhajan Singh,LL Tsotsobe,1,0,"",""
ball,2,14.4,India,Harbhajan Singh,YK Pathan,LL Tsotsobe,1,0,"",""
ball,2,14.5,India,YK Pathan,Harbhajan Singh,LL Tsotsobe,0,0,"",""
ball,2,14.6,India,YK Pathan,Harbhajan Singh,LL Tsotsobe,0,0,"",""
ball,2,15.1,India,Harbhajan Singh,YK Pathan,J Botha,1,0,"",""
ball,2,15.2,India,YK Pathan,Harbhajan Singh,J Botha,0,0,"",""
ball,2,15.3,India,YK Pathan,Harbhajan Singh,J Botha,1,0,"",""
ball,2,15.4,India,Harbhajan Singh,YK Pathan,J Botha,1,0,"",""
ball,2,15.5,India,YK Pathan,Harbhajan Singh,J Botha,0,0,"",""
ball,2,15.6,India,YK Pathan,Harbhajan Singh,J Botha,1,0,"",""
ball,2,16.1,India,YK Pathan,Harbhajan Singh,RJ Peterson,0,0,"",""
ball,2,16.2,India,YK Pathan,Harbhajan Singh,RJ Peterson,0,0,"",""
ball,2,16.3,India,YK Pathan,Harbhajan Singh,RJ Peterson,1,0,"",""
ball,2,16.4,India,Harbhajan Singh,YK Pathan,RJ Peterson,0,0,"",""
ball,2,16.5,India,Harbhajan Singh,YK Pathan,RJ Peterson,0,0,"",""
ball,2,16.6,India,Harbhajan Singh,YK Pathan,RJ Peterson,6,0,"",""
ball,2,17.1,India,YK Pathan,Harbhajan Singh,J Botha,1,0,"",""
ball,2,17.2,India,Harbhajan Singh,YK Pathan,J Botha,0,0,"",""
ball,2,17.3,India,Harbhajan Singh,YK Pathan,J Botha,1,0,"",""
ball,2,17.4,India,YK Pathan,Harbhajan Singh,J Botha,1,0,"",""
ball,2,17.5,India,Harbhajan Singh,YK Pathan,J Botha,0,0,"",""
ball,2,17.6,India,Harbhajan Singh,YK Pathan,J Botha,0,0,"",""
ball,2,18.1,India,YK Pathan,Harbhajan Singh,RJ Peterson,1,0,"",""
ball,2,18.2,India,Harbhajan Singh,YK Pathan,RJ Peterson,0,0,"",""
ball,2,18.3,India,Harbhajan Singh,YK Pathan,RJ Peterson,0,0,"",""
ball,2,18.4,India,Harbhajan Singh,YK Pathan,RJ Peterson,2,0,"",""
ball,2,18.5,India,Harbhajan Singh,YK Pathan,RJ Peterson,1,0,"",""
ball,2,18.6,India,YK Pathan,Harbhajan Singh,RJ Peterson,0,0,"",""
ball,2,19.1,India,Harbhajan Singh,YK Pathan,J Botha,0,0,caught,Harbhajan Singh
ball,2,19.2,India,PP Chawla,YK Pathan,J Botha,0,0,"",""
ball,2,19.3,India,PP Chawla,YK Pathan,J Botha,0,0,"",""
ball,2,19.4,India,PP Chawla,YK Pathan,J Botha,0,0,"",""
ball,2,19.5,India,PP Chawla,YK Pathan,J Botha,1,0,"",""
ball,2,19.6,India,YK Pathan,PP Chawla,J Botha,1,0,"",""
ball,2,20.1,India,YK Pathan,PP Chawla,RJ Peterson,2,0,"",""
ball,2,20.2,India,YK Pathan,PP Chawla,RJ Peterson,4,0,"",""
ball,2,20.3,India,YK Pathan,PP Chawla,RJ Peterson,0,0,"",""
ball,2,20.4,India,YK Pathan,PP Chawla,RJ Peterson,6,0,"",""
ball,2,20.5,India,YK Pathan,PP Chawla,RJ Peterson,0,0,"",""
ball,2,20.6,India,YK Pathan,PP Chawla,RJ Peterson,0,0,"",""
ball,2,21.1,India,PP Chawla,YK Pathan,J Botha,0,0,"",""
ball,2,21.2,India,PP Chawla,YK Pathan,J Botha,0,0,"",""
ball,2,21.3,India,PP Chawla,YK Pathan,J Botha,1,0,"",""
ball,2,21.4,India,YK Pathan,PP Chawla,J Botha,0,0,"",""
ball,2,21.5,India,YK Pathan,PP Chawla,J Botha,0,0,"",""
ball,2,21.6,India,YK Pathan,PP Chawla,J Botha,0,0,"",""
ball,2,22.1,India,PP Chawla,YK Pathan,RJ Peterson,0,0,"",""
ball,2,22.2,India,PP Chawla,YK Pathan,RJ Peterson,4,0,"",""
ball,2,22.3,India,PP Chawla,YK Pathan,RJ Peterson,2,0,"",""
ball,2,22.4,India,PP Chawla,YK Pathan,RJ Peterson,0,0,bowled,PP Chawla
ball,2,22.5,India,Z Khan,YK Pathan,RJ Peterson,0,0,"",""
ball,2,22.6,India,Z Khan,YK Pathan,RJ Peterson,0,0,"",""
ball,2,23.1,India,YK Pathan,Z Khan,J Botha,1,0,"",""
ball,2,23.2,India,Z Khan,YK Pathan,J Botha,0,0,"",""
ball,2,23.3,India,Z Khan,YK Pathan,J Botha,0,0,"",""
ball,2,23.4,India,Z Khan,YK Pathan,J Botha,0,0,"",""
ball,2,23.5,India,Z Khan,YK Pathan,J Botha,0,0,"",""
ball,2,23.6,India,Z Khan,YK Pathan,J Botha,0,0,"",""
ball,2,24.1,India,YK Pathan,Z Khan,F du Plessis,6,0,"",""
ball,2,24.2,India,YK Pathan,Z Khan,F du Plessis,1,0,"",""
ball,2,24.3,India,Z Khan,YK Pathan,F du Plessis,4,0,"",""
ball,2,24.4,India,Z Khan,YK Pathan,F du Plessis,0,0,"",""
ball,2,24.5,India,Z Khan,YK Pathan,F du Plessis,1,0,"",""
ball,2,24.6,India,YK Pathan,Z Khan,F du Plessis,1,0,"",""
ball,2,25.1,India,YK Pathan,Z Khan,J Botha,0,0,"",""
ball,2,25.2,India,YK Pathan,Z Khan,J Botha,4,0,"",""
ball,2,25.3,India,YK Pathan,Z Khan,J Botha,1,0,"",""
ball,2,25.4,India,Z Khan,YK Pathan,J Botha,0,0,"",""
ball,2,25.5,India,Z Khan,YK Pathan,J Botha,0,0,"",""
ball,2,25.6,India,Z Khan,YK Pathan,J Botha,0,0,"",""
ball,2,26.1,India,YK Pathan,Z Khan,M Morkel,0,0,"",""
ball,2,26.2,India,YK Pathan,Z Khan,M Morkel,0,0,"",""
ball,2,26.3,India,YK Pathan,Z Khan,M Morkel,1,0,"",""
ball,2,26.4,India,Z Khan,YK Pathan,M Morkel,0,0,"",""
ball,2,26.5,India,Z Khan,YK Pathan,M Morkel,0,1,"",""
ball,2,26.6,India,Z Khan,YK Pathan,M Morkel,1,0,"",""
ball,2,26.7,India,YK Pathan,Z Khan,M Morkel,0,0,"",""
ball,2,27.1,India,Z Khan,YK Pathan,J Botha,0,0,"",""
ball,2,27.2,India,Z Khan,YK Pathan,J Botha,0,1,"",""
ball,2,27.3,India,YK Pathan,Z Khan,J Botha,0,0,"",""
ball,2,27.4,India,YK Pathan,Z Khan,J Botha,0,0,"",""
ball,2,27.5,India,YK Pathan,Z Khan,J Botha,1,0,"",""
ball,2,27.6,India,Z Khan,YK Pathan,J Botha,0,0,"",""
ball,2,28.1,India,YK Pathan,Z Khan,M Morkel,6,0,"",""
ball,2,28.2,India,YK Pathan,Z Khan,M Morkel,1,0,"",""
ball,2,28.3,India,Z Khan,YK Pathan,M Morkel,0,0,"",""
ball,2,28.4,India,Z Khan,YK Pathan,M Morkel,1,0,"",""
ball,2,28.5,India,YK Pathan,Z Khan,M Morkel,4,0,"",""
ball,2,28.6,India,YK Pathan,Z Khan,M Morkel,4,0,"",""
ball,2,29.1,India,Z Khan,YK Pathan,RJ Peterson,0,0,"",""
ball,2,29.2,India,Z Khan,YK Pathan,RJ Peterson,0,0,"",""
ball,2,29.3,India,Z Khan,YK Pathan,RJ Peterson,0,0,"",""
ball,2,29.4,India,Z Khan,YK Pathan,RJ Peterson,0,0,"",""
ball,2,29.5,India,Z Khan,YK Pathan,RJ Peterson,1,0,"",""
ball,2,29.6,India,YK Pathan,Z Khan,RJ Peterson,6,0,"",""
ball,2,30.1,India,Z Khan,YK Pathan,DW Steyn,1,0,"",""
ball,2,30.2,India,YK Pathan,Z Khan,DW Steyn,1,0,"",""
ball,2,30.3,India,Z Khan,YK Pathan,DW Steyn,0,0,"",""
ball,2,30.4,India,Z Khan,YK Pathan,DW Steyn,0,0,"",""
ball,2,30.5,India,Z Khan,YK Pathan,DW Steyn,0,0,"",""
ball,2,30.6,India,Z Khan,YK Pathan,DW Steyn,0,0,"",""
ball,2,31.1,India,YK Pathan,Z Khan,RJ Peterson,0,5,"",""
ball,2,31.2,India,YK Pathan,Z Khan,RJ Peterson,0,0,"",""
ball,2,31.3,India,YK Pathan,Z Khan,RJ Peterson,2,0,"",""
ball,2,31.4,India,YK Pathan,Z Khan,RJ Peterson,0,0,"",""
ball,2,31.5,India,YK Pathan,Z Khan,RJ Peterson,0,0,"",""
ball,2,31.6,India,YK Pathan,Z Khan,RJ Peterson,0,0,"",""
ball,2,31.7,India,YK Pathan,Z Khan,RJ Peterson,0,0,"",""
ball,2,32.1,India,Z Khan,YK Pathan,DW Steyn,0,0,"",""
ball,2,32.2,India,Z Khan,YK Pathan,DW Steyn,1,0,"",""
ball,2,32.3,India,YK Pathan,Z Khan,DW Steyn,0,0,"",""
ball,2,32.4,India,YK Pathan,Z Khan,DW Steyn,0,0,"",""
ball,2,32.5,India,YK Pathan,Z Khan,DW Steyn,4,0,"",""
ball,2,32.6,India,YK Pathan,Z Khan,DW Steyn,0,1,"",""
ball,2,33.1,India,YK Pathan,Z Khan,J Botha,1,0,"",""
ball,2,33.2,India,Z Khan,YK Pathan,J Botha,0,0,"",""
ball,2,33.3,India,Z Khan,YK Pathan,J Botha,1,0,"",""
ball,2,33.4,India,YK Pathan,Z Khan,J Botha,6,0,"",""
ball,2,33.5,India,YK Pathan,Z Khan,J Botha,6,0,"",""
ball,2,33.6,India,YK Pathan,Z Khan,J Botha,2,0,"",""
ball,2,34.1,India,Z Khan,YK Pathan,LL Tsotsobe,1,0,"",""
ball,2,34.2,India,YK Pathan,Z Khan,LL Tsotsobe,6,0,"",""
ball,2,34.3,India,YK Pathan,Z Khan,LL Tsotsobe,0,0,"",""
ball,2,34.4,India,YK Pathan,Z Khan,LL Tsotsobe,4,0,"",""
ball,2,34.5,India,YK Pathan,Z Khan,LL Tsotsobe,6,0,"",""
ball,2,34.6,India,YK Pathan,Z Khan,LL Tsotsobe,4,0,"",""
ball,2,35.1,India,Z Khan,YK Pathan,M Morkel,1,0,"",""
ball,2,35.2,India,YK Pathan,Z Khan,M Morkel,0,0,caught,YK Pathan
ball,2,35.3,India,Z Khan,MM Patel,M Morkel,0,0,"",""
ball,2,35.4,India,Z Khan,MM Patel,M Morkel,0,0,"",""
ball,2,35.5,India,Z Khan,MM Patel,M Morkel,0,0,"",""
ball,2,35.6,India,Z Khan,MM Patel,M Morkel,1,0,"",""
ball,2,36.1,India,Z Khan,MM Patel,DW Steyn,0,0,"",""
ball,2,36.2,India,Z Khan,MM Patel,DW Steyn,4,0,"",""
ball,2,36.3,India,Z Khan,MM Patel,DW Steyn,0,0,"",""
ball,2,36.4,India,Z Khan,MM Patel,DW Steyn,0,0,"",""
ball,2,36.5,India,Z Khan,MM Patel,DW Steyn,0,0,"",""
ball,2,36.6,India,Z Khan,MM Patel,DW Steyn,0,0,"",""
ball,2,37.1,India,MM Patel,Z Khan,LL Tsotsobe,1,0,"",""
ball,2,37.2,India,Z Khan,MM Patel,LL Tsotsobe,1,0,"",""
ball,2,37.3,India,MM Patel,Z Khan,LL Tsotsobe,1,0,"",""
ball,2,37.4,India,Z Khan,MM Patel,LL Tsotsobe,0,0,"",""
ball,2,37.5,India,Z Khan,MM Patel,LL Tsotsobe,4,0,"",""
ball,2,37.6,India,Z Khan,MM Patel,LL Tsotsobe,0,0,"",""
ball,2,38.1,India,MM Patel,Z Khan,DW Steyn,0,0,"",""
ball,2,38.2,India,MM Patel,Z Khan,DW Steyn,0,0,"",""
ball,2,38.3,India,MM Patel,Z Khan,DW Steyn,0,0,"",""
ball,2,38.4,India,MM Patel,Z Khan,DW Steyn,1,0,"",""
ball,2,38.5,India,Z Khan,MM Patel,DW Steyn,0,0,"",""
ball,2,38.6,India,Z Khan,MM Patel,DW Steyn,0,0,"",""
ball,2,39.1,India,MM Patel,Z Khan,RJ Peterson,1,0,"",""
ball,2,39.2,India,Z Khan,MM Patel,RJ Peterson,0,0,"",""
ball,2,39.3,India,Z Khan,MM Patel,RJ Peterson,0,0,"",""
ball,2,39.4,India,Z Khan,MM Patel,RJ Peterson,1,0,"",""
ball,2,39.5,India,MM Patel,Z Khan,RJ Peterson,0,0,"",""
ball,2,39.6,India,MM Patel,Z Khan,RJ Peterson,0,0,"",""
ball,2,40.1,India,Z Khan,MM Patel,LL Tsotsobe,0,0,"",""
ball,2,40.2,India,Z Khan,MM Patel,LL Tsotsobe,0,0,caught,Z Khan
