version,1.3.0
info,team,South Africa
info,team,Zimbabwe
info,gender,male
info,season,2010/11
info,date,2010/10/22
info,series,Zimbabwe in South Africa ODI Series
info,match_number,3
info,venue,Willowmoore Park
info,city,Benoni
info,toss_winner,South Africa
info,toss_decision,bat
info,player_of_match,JP Duminy
info,umpire,JD Cloete
info,umpire,Enamul Haque
info,reserve_umpire,BG Jerling
info,tv_umpire,M Erasmus
info,match_referee,RS Mahanama
info,winner,South Africa
info,winner_runs,272
ball,1,0.1,South Africa,GC Smith,HM Amla,SW Masakadza,0,0,"",""
ball,1,0.2,South Africa,GC Smith,HM Amla,SW Masakadza,0,1,"",""
ball,1,0.3,South Africa,GC Smith,HM Amla,SW Masakadza,0,0,"",""
ball,1,0.4,South Africa,GC Smith,HM Amla,SW Masakadza,0,0,"",""
ball,1,0.5,South Africa,GC Smith,HM Amla,SW Masakadza,0,1,"",""
ball,1,0.6,South Africa,GC Smith,HM Amla,SW Masakadza,1,0,"",""
ball,1,0.7,South Africa,HM Amla,GC Smith,SW Masakadza,0,0,"",""
ball,1,0.8,South Africa,HM Amla,GC Smith,SW Masakadza,0,0,"",""
ball,1,1.1,South Africa,GC Smith,HM Amla,IA Nicolson,1,0,"",""
ball,1,1.2,South Africa,HM Amla,GC Smith,IA Nicolson,0,0,"",""
ball,1,1.3,South Africa,HM Amla,GC Smith,IA Nicolson,6,0,"",""
ball,1,1.4,South Africa,HM Amla,GC Smith,IA Nicolson,0,0,"",""
ball,1,1.5,South Africa,HM Amla,GC Smith,IA Nicolson,0,0,"",""
ball,1,1.6,South Africa,HM Amla,GC Smith,IA Nicolson,4,0,"",""
ball,1,2.1,South Africa,GC Smith,HM Amla,SW Masakadza,0,0,"",""
ball,1,2.2,South Africa,GC Smith,HM Amla,SW Masakadza,4,0,"",""
ball,1,2.3,South Africa,GC Smith,HM Amla,SW Masakadza,0,0,"",""
ball,1,2.4,South Africa,GC Smith,HM Amla,SW Masakadza,1,0,"",""
ball,1,2.5,South Africa,HM Amla,GC Smith,SW Masakadza,1,0,"",""
ball,1,2.6,South Africa,GC Smith,HM Amla,SW Masakadza,0,0,"",""
ball,1,3.1,South Africa,HM Amla,GC Smith,IA Nicolson,0,0,"",""
ball,1,3.2,South Africa,HM Amla,GC Smith,IA Nicolson,0,0,"",""
ball,1,3.3,South Africa,HM Amla,GC Smith,IA Nicolson,4,0,"",""
ball,1,3.4,South Africa,HM Amla,GC Smith,IA Nicolson,1,1,"",""
ball,1,3.5,South Africa,GC Smith,HM Amla,IA Nicolson,4,0,"",""
ball,1,3.6,South Africa,GC Smith,HM Amla,IA Nicolson,0,1,"",""
ball,1,3.7,South Africa,GC Smith,HM Amla,IA Nicolson,6,0,"",""
ball,1,3.8,South Africa,GC Smith,HM Amla,IA Nicolson,4,0,"",""
ball,1,4.1,South Africa,HM Amla,GC Smith,SW Masakadza,1,0,"",""
ball,1,4.2,South Africa,GC Smith,HM Amla,SW Masakadza,0,0,"",""
ball,1,4.3,South Africa,GC Smith,HM Amla,SW Masakadza,1,0,"",""
ball,1,4.4,South Africa,HM Amla,GC Smith,SW Masakadza,0,0,"",""
ball,1,4.5,South Africa,HM Amla,GC Smith,SW Masakadza,4,0,"",""
ball,1,4.6,South Africa,HM Amla,GC Smith,SW Masakadza,2,0,"",""
ball,1,5.1,South Africa,GC Smith,HM Amla,P Utseya,0,0,"",""
ball,1,5.2,South Africa,GC Smith,HM Amla,P Utseya,4,0,"",""
ball,1,5.3,South Africa,GC Smith,HM Amla,P Utseya,0,0,stumped,GC Smith
ball,1,5.4,South Africa,JP Duminy,HM Amla,P Utseya,0,0,"",""
ball,1,5.5,South Africa,JP Duminy,HM Amla,P Utseya,0,0,"",""
ball,1,5.6,South Africa,JP Duminy,HM Amla,P Utseya,0,0,"",""
ball,1,6.1,South Africa,HM Amla,JP Duminy,SW Masakadza,1,0,"",""
ball,1,6.2,South Africa,JP Duminy,HM Amla,SW Masakadza,0,0,"",""
ball,1,6.3,South Africa,JP Duminy,HM Amla,SW Masakadza,0,0,"",""
ball,1,6.4,South Africa,JP Duminy,HM Amla,SW Masakadza,4,0,"",""
ball,1,6.5,South Africa,JP Duminy,HM Amla,SW Masakadza,1,0,"",""
ball,1,6.6,South Africa,HM Amla,JP Duminy,SW Masakadza,0,0,caught,HM Amla
ball,1,7.1,South Africa,JP Duminy,AB de Villiers,P Utseya,1,0,"",""
ball,1,7.2,South Africa,AB de Villiers,JP Duminy,P Utseya,1,0,"",""
ball,1,7.3,South Africa,JP Duminy,AB de Villiers,P Utseya,0,0,"",""
ball,1,7.4,South Africa,JP Duminy,AB de Villiers,P Utseya,2,0,"",""
ball,1,7.5,South Africa,JP Duminy,AB de Villiers,P Utseya,0,0,"",""
ball,1,7.6,South Africa,JP Duminy,AB de Villiers,P Utseya,1,0,"",""
ball,1,8.1,South Africa,JP Duminy,AB de Villiers,SW Masakadza,0,0,"",""
ball,1,8.2,South Africa,JP Duminy,AB de Villiers,SW Masakadza,1,0,"",""
ball,1,8.3,South Africa,AB de Villiers,JP Duminy,SW Masakadza,1,0,"",""
ball,1,8.4,South Africa,JP Duminy,AB de Villiers,SW Masakadza,0,0,"",""
ball,1,8.5,South Africa,JP Duminy,AB de Villiers,SW Masakadza,0,0,"",""
ball,1,8.6,South Africa,JP Duminy,AB de Villiers,SW Masakadza,4,0,"",""
ball,1,9.1,South Africa,AB de Villiers,JP Duminy,P Utseya,1,0,"",""
ball,1,9.2,South Africa,JP Duminy,AB de Villiers,P Utseya,4,0,"",""
ball,1,9.3,South Africa,JP Duminy,AB de Villiers,P Utseya,1,0,"",""
ball,1,9.4,South Africa,AB de Villiers,JP Duminy,P Utseya,0,0,"",""
ball,1,9.5,South Africa,AB de Villiers,JP Duminy,P Utseya,0,0,"",""
ball,1,9.6,South Africa,AB de Villiers,JP Duminy,P Utseya,0,0,"",""
ball,1,10.1,South Africa,JP Duminy,AB de Villiers,SW Masakadza,1,0,"",""
ball,1,10.2,South Africa,AB de Villiers,JP Duminy,SW Masakadza,0,0,"",""
ball,1,10.3,South Africa,AB de Villiers,JP Duminy,SW Masakadza,1,0,"",""
ball,1,10.4,South Africa,JP Duminy,AB de Villiers,SW Masakadza,1,0,"",""
ball,1,10.5,South Africa,AB de Villiers,JP Duminy,SW Masakadza,1,0,"",""
ball,1,10.6,South Africa,JP Duminy,AB de Villiers,SW Masakadza,0,1,"",""
ball,1,10.7,South Africa,JP Duminy,AB de Villiers,SW Masakadza,0,1,"",""
ball,1,11.1,South Africa,JP Duminy,AB de Villiers,P Utseya,0,0,"",""
ball,1,11.2,South Africa,JP Duminy,AB de Villiers,P Utseya,0,0,"",""
ball,1,11.3,South Africa,JP Duminy,AB de Villiers,P Utseya,0,0,"",""
ball,1,11.4,South Africa,JP Duminy,AB de Villiers,P Utseya,1,0,"",""
ball,1,11.5,South Africa,AB de Villiers,JP Duminy,P Utseya,0,0,"",""
ball,1,11.6,South Africa,AB de Villiers,JP Duminy,P Utseya,1,0,"",""
ball,1,12.1,South Africa,AB de Villiers,JP Duminy,IA Nicolson,1,0,"",""
ball,1,12.2,South Africa,JP Duminy,AB de Villiers,IA Nicolson,0,0,"",""
ball,1,12.3,South Africa,JP Duminy,AB de Villiers,IA Nicolson,0,0,"",""
ball,1,12.4,South Africa,JP Duminy,AB de Villiers,IA Nicolson,1,0,"",""
ball,1,12.5,South Africa,AB de Villiers,JP Duminy,IA Nicolson,0,0,"",""
ball,1,12.6,South Africa,AB de Villiers,JP Duminy,IA Nicolson,0,0,"",""
ball,1,13.1,South Africa,JP Duminy,AB de Villiers,P Utseya,1,0,"",""
ball,1,13.2,South Africa,AB de Villiers,JP Duminy,P Utseya,1,0,"",""
ball,1,13.3,South Africa,JP Duminy,AB de Villiers,P Utseya,1,0,"",""
ball,1,13.4,South Africa,AB de Villiers,JP Duminy,P Utseya,0,0,"",""
ball,1,13.5,South Africa,AB de Villiers,JP Duminy,P Utseya,1,0,"",""
ball,1,13.6,South Africa,JP Duminy,AB de Villiers,P Utseya,1,0,"",""
ball,1,14.1,South Africa,JP Duminy,AB de Villiers,IA Nicolson,1,0,"",""
ball,1,14.2,South Africa,AB de Villiers,JP Duminy,IA Nicolson,0,0,"",""
ball,1,14.3,South Africa,AB de Villiers,JP Duminy,IA Nicolson,1,0,"",""
ball,1,14.4,South Africa,JP Duminy,AB de Villiers,IA Nicolson,4,0,"",""
ball,1,14.5,South Africa,JP Duminy,AB de Villiers,IA Nicolson,1,0,"",""
ball,1,14.6,South Africa,AB de Villiers,JP Duminy,IA Nicolson,1,0,"",""
ball,1,15.1,South Africa,AB de Villiers,JP Duminy,P Utseya,0,0,"",""
ball,1,15.2,South Africa,AB de Villiers,JP Duminy,P Utseya,0,0,"",""
ball,1,15.3,South Africa,AB de Villiers,JP Duminy,P Utseya,0,0,"",""
ball,1,15.4,South Africa,AB de Villiers,JP Duminy,P Utseya,1,0,"",""
ball,1,15.5,South Africa,JP Duminy,AB de Villiers,P Utseya,1,0,"",""
ball,1,15.6,South Africa,AB de Villiers,JP Duminy,P Utseya,1,0,"",""
ball,1,16.1,South Africa,AB de Villiers,JP Duminy,IA Nicolson,4,0,"",""
ball,1,16.2,South Africa,AB de Villiers,JP Duminy,IA Nicolson,0,0,"",""
ball,1,16.3,South Africa,AB de Villiers,JP Duminy,IA Nicolson,4,0,"",""
ball,1,16.4,South Africa,AB de Villiers,JP Duminy,IA Nicolson,0,0,"",""
ball,1,16.5,South Africa,AB de Villiers,JP Duminy,IA Nicolson,4,0,"",""
ball,1,16.6,South Africa,AB de Villiers,JP Duminy,IA Nicolson,1,0,"",""
ball,1,17.1,South Africa,AB de Villiers,JP Duminy,KM Dabengwa,0,0,"",""
ball,1,17.2,South Africa,AB de Villiers,JP Duminy,KM Dabengwa,1,0,"",""
ball,1,17.3,South Africa,JP Duminy,AB de Villiers,KM Dabengwa,0,0,"",""
ball,1,17.4,South Africa,JP Duminy,AB de Villiers,KM Dabengwa,2,0,"",""
ball,1,17.5,South Africa,JP Duminy,AB de Villiers,KM Dabengwa,1,0,"",""
ball,1,17.6,South Africa,AB de Villiers,JP Duminy,KM Dabengwa,0,0,"",""
ball,1,18.1,South Africa,JP Duminy,AB de Villiers,AG Cremer,1,0,"",""
ball,1,18.2,South Africa,AB de Villiers,JP Duminy,AG Cremer,0,0,"",""
ball,1,18.3,South Africa,AB de Villiers,JP Duminy,AG Cremer,0,0,"",""
ball,1,18.4,South Africa,AB de Villiers,JP Duminy,AG Cremer,0,0,"",""
ball,1,18.5,South Africa,AB de Villiers,JP Duminy,AG Cremer,0,0,"",""
ball,1,18.6,South Africa,AB de Villiers,JP Duminy,AG Cremer,0,0,"",""
ball,1,19.1,South Africa,JP Duminy,AB de Villiers,KM Dabengwa,0,0,"",""
ball,1,19.2,South Africa,JP Duminy,AB de Villiers,KM Dabengwa,1,0,"",""
ball,1,19.3,South Africa,AB de Villiers,JP Duminy,KM Dabengwa,1,0,"",""
ball,1,19.4,South Africa,JP Duminy,AB de Villiers,KM Dabengwa,1,0,"",""
ball,1,19.5,South Africa,AB de Villiers,JP Duminy,KM Dabengwa,1,0,"",""
ball,1,19.6,South Africa,JP Duminy,AB de Villiers,KM Dabengwa,1,0,"",""
ball,1,20.1,South Africa,JP Duminy,AB de Villiers,AG Cremer,1,0,"",""
ball,1,20.2,South Africa,AB de Villiers,JP Duminy,AG Cremer,1,0,"",""
ball,1,20.3,South Africa,JP Duminy,AB de Villiers,AG Cremer,1,0,"",""
ball,1,20.4,South Africa,AB de Villiers,JP Duminy,AG Cremer,0,0,"",""
ball,1,20.5,South Africa,AB de Villiers,JP Duminy,AG Cremer,1,0,"",""
ball,1,20.6,South Africa,JP Duminy,AB de Villiers,AG Cremer,0,0,"",""
ball,1,21.1,South Africa,AB de Villiers,JP Duminy,KM Dabengwa,1,0,"",""
ball,1,21.2,South Africa,JP Duminy,AB de Villiers,KM Dabengwa,0,0,"",""
ball,1,21.3,South Africa,JP Duminy,AB de Villiers,KM Dabengwa,0,0,"",""
ball,1,21.4,South Africa,JP Duminy,AB de Villiers,KM Dabengwa,0,0,"",""
ball,1,21.5,South Africa,JP Duminy,AB de Villiers,KM Dabengwa,1,0,"",""
ball,1,21.6,South Africa,AB de Villiers,JP Duminy,KM Dabengwa,0,0,"",""
ball,1,22.1,South Africa,JP Duminy,AB de Villiers,AG Cremer,6,0,"",""
ball,1,22.2,South Africa,JP Duminy,AB de Villiers,AG Cremer,2,0,"",""
ball,1,22.3,South Africa,JP Duminy,AB de Villiers,AG Cremer,1,0,"",""
ball,1,22.4,South Africa,AB de Villiers,JP Duminy,AG Cremer,4,0,"",""
ball,1,22.5,South Africa,AB de Villiers,JP Duminy,AG Cremer,4,0,"",""
ball,1,22.6,South Africa,AB de Villiers,JP Duminy,AG Cremer,1,0,"",""
ball,1,23.1,South Africa,AB de Villiers,JP Duminy,KM Dabengwa,6,0,"",""
ball,1,23.2,South Africa,AB de Villiers,JP Duminy,KM Dabengwa,0,0,"",""
ball,1,23.3,South Africa,AB de Villiers,JP Duminy,KM Dabengwa,1,0,"",""
ball,1,23.4,South Africa,JP Duminy,AB de Villiers,KM Dabengwa,1,0,"",""
ball,1,23.5,South Africa,AB de Villiers,JP Duminy,KM Dabengwa,1,0,"",""
ball,1,23.6,South Africa,JP Duminy,AB de Villiers,KM Dabengwa,1,0,"",""
ball,1,24.1,South Africa,JP Duminy,AB de Villiers,AG Cremer,1,0,"",""
ball,1,24.2,South Africa,AB de Villiers,JP Duminy,AG Cremer,1,0,"",""
ball,1,24.3,South Africa,JP Duminy,AB de Villiers,AG Cremer,0,0,"",""
ball,1,24.4,South Africa,JP Duminy,AB de Villiers,AG Cremer,0,0,"",""
ball,1,24.5,South Africa,JP Duminy,AB de Villiers,AG Cremer,1,0,"",""
ball,1,24.6,South Africa,AB de Villiers,JP Duminy,AG Cremer,1,0,"",""
ball,1,25.1,South Africa,AB de Villiers,JP Duminy,CJ Chibhabha,0,0,"",""
ball,1,25.2,South Africa,AB de Villiers,JP Duminy,CJ Chibhabha,1,0,"",""
ball,1,25.3,South Africa,JP Duminy,AB de Villiers,CJ Chibhabha,2,0,"",""
ball,1,25.4,South Africa,JP Duminy,AB de Villiers,CJ Chibhabha,1,0,"",""
ball,1,25.5,South Africa,AB de Villiers,JP Duminy,CJ Chibhabha,1,0,"",""
ball,1,25.6,South Africa,JP Duminy,AB de Villiers,CJ Chibhabha,0,0,"",""
ball,1,26.1,South Africa,AB de Villiers,JP Duminy,AG Cremer,0,0,"",""
ball,1,26.2,South Africa,AB de Villiers,JP Duminy,AG Cremer,1,0,"",""
ball,1,26.3,South Africa,JP Duminy,AB de Villiers,AG Cremer,1,0,"",""
ball,1,26.4,South Africa,AB de Villiers,JP Duminy,AG Cremer,1,0,"",""
ball,1,26.5,South Africa,JP Duminy,AB de Villiers,AG Cremer,1,0,"",""
ball,1,26.6,South Africa,AB de Villiers,JP Duminy,AG Cremer,6,0,"",""
ball,1,27.1,South Africa,JP Duminy,AB de Villiers,CJ Chibhabha,1,0,"",""
ball,1,27.2,South Africa,AB de Villiers,JP Duminy,CJ Chibhabha,0,0,"",""
ball,1,27.3,South Africa,AB de Villiers,JP Duminy,CJ Chibhabha,6,0,"",""
ball,1,27.4,South Africa,AB de Villiers,JP Duminy,CJ Chibhabha,1,0,"",""
ball,1,27.5,South Africa,JP Duminy,AB de Villiers,CJ Chibhabha,1,0,"",""
ball,1,27.6,South Africa,AB de Villiers,JP Duminy,CJ Chibhabha,1,0,"",""
ball,1,28.1,South Africa,AB de Villiers,JP Duminy,E Chigumbura,2,0,"",""
ball,1,28.2,South Africa,AB de Villiers,JP Duminy,E Chigumbura,1,0,"",""
ball,1,28.3,South Africa,JP Duminy,AB de Villiers,E Chigumbura,1,0,"",""
ball,1,28.4,South Africa,AB de Villiers,JP Duminy,E Chigumbura,1,0,"",""
ball,1,28.5,South Africa,JP Duminy,AB de Villiers,E Chigumbura,0,0,"",""
ball,1,28.6,South Africa,JP Duminy,AB de Villiers,E Chigumbura,1,0,"",""
ball,1,29.1,South Africa,JP Duminy,AB de Villiers,CJ Chibhabha,1,0,"",""
ball,1,29.2,South Africa,AB de Villiers,JP Duminy,CJ Chibhabha,1,0,"",""
ball,1,29.3,South Africa,JP Duminy,AB de Villiers,CJ Chibhabha,1,0,"",""
ball,1,29.4,South Africa,AB de Villiers,JP Duminy,CJ Chibhabha,1,0,"",""
ball,1,29.5,South Africa,JP Duminy,AB de Villiers,CJ Chibhabha,1,0,"",""
ball,1,29.6,South Africa,AB de Villiers,JP Duminy,CJ Chibhabha,0,0,"",""
ball,1,30.1,South Africa,JP Duminy,AB de Villiers,E Chigumbura,1,0,"",""
ball,1,30.2,South Africa,AB de Villiers,JP Duminy,E Chigumbura,1,0,"",""
ball,1,30.3,South Africa,JP Duminy,AB de Villiers,E Chigumbura,1,0,"",""
ball,1,30.4,South Africa,AB de Villiers,JP Duminy,E Chigumbura,1,0,"",""
ball,1,30.5,South Africa,JP Duminy,AB de Villiers,E Chigumbura,1,0,"",""
ball,1,30.6,South Africa,AB de Villiers,JP Duminy,E Chigumbura,1,0,"",""
ball,1,31.1,South Africa,AB de Villiers,JP Duminy,P Utseya,2,0,"",""
ball,1,31.2,South Africa,AB de Villiers,JP Duminy,P Utseya,1,0,"",""
ball,1,31.3,South Africa,JP Duminy,AB de Villiers,P Utseya,0,0,"",""
ball,1,31.4,South Africa,JP Duminy,AB de Villiers,P Utseya,1,0,"",""
ball,1,31.5,South Africa,AB de Villiers,JP Duminy,P Utseya,1,0,"",""
ball,1,31.6,South Africa,JP Duminy,AB de Villiers,P Utseya,1,0,"",""
ball,1,32.1,South Africa,JP Duminy,AB de Villiers,E Chigumbura,1,0,"",""
ball,1,32.2,South Africa,AB de Villiers,JP Duminy,E Chigumbura,1,0,"",""
ball,1,32.3,South Africa,JP Duminy,AB de Villiers,E Chigumbura,2,0,"",""
ball,1,32.4,South Africa,JP Duminy,AB de Villiers,E Chigumbura,0,0,"",""
ball,1,32.5,South Africa,JP Duminy,AB de Villiers,E Chigumbura,1,0,"",""
ball,1,32.6,South Africa,AB de Villiers,JP Duminy,E Chigumbura,1,0,"",""
ball,1,33.1,South Africa,AB de Villiers,JP Duminy,P Utseya,0,0,"",""
ball,1,33.2,South Africa,AB de Villiers,JP Duminy,P Utseya,6,0,"",""
ball,1,33.3,South Africa,AB de Villiers,JP Duminy,P Utseya,1,0,"",""
ball,1,33.4,South Africa,JP Duminy,AB de Villiers,P Utseya,4,0,"",""
ball,1,33.5,South Africa,JP Duminy,AB de Villiers,P Utseya,1,0,"",""
ball,1,33.6,South Africa,AB de Villiers,JP Duminy,P Utseya,2,0,"",""
ball,1,34.1,South Africa,JP Duminy,AB de Villiers,E Chigumbura,2,0,"",""
ball,1,34.2,South Africa,JP Duminy,AB de Villiers,E Chigumbura,1,0,"",""
ball,1,34.3,South Africa,AB de Villiers,JP Duminy,E Chigumbura,0,5,"",""
ball,1,34.4,South Africa,AB de Villiers,JP Duminy,E Chigumbura,2,0,"",""
ball,1,34.5,South Africa,AB de Villiers,JP Duminy,E Chigumbura,1,0,"",""
ball,1,34.6,South Africa,JP Duminy,AB de Villiers,E Chigumbura,1,0,"",""
ball,1,34.7,South Africa,AB de Villiers,JP Duminy,E Chigumbura,1,0,"",""
ball,1,35.1,South Africa,AB de Villiers,JP Duminy,KM Dabengwa,1,0,"",""
ball,1,35.2,South Africa,JP Duminy,AB de Villiers,KM Dabengwa,1,0,"",""
ball,1,35.3,South Africa,AB de Villiers,JP Duminy,KM Dabengwa,1,0,"",""
ball,1,35.4,South Africa,JP Duminy,AB de Villiers,KM Dabengwa,1,0,"",""
ball,1,35.5,South Africa,AB de Villiers,JP Duminy,KM Dabengwa,0,0,"",""
ball,1,35.6,South Africa,AB de Villiers,JP Duminy,KM Dabengwa,1,0,"",""
ball,1,36.1,South Africa,AB de Villiers,JP Duminy,E Chigumbura,1,0,"",""
ball,1,36.2,South Africa,JP Duminy,AB de Villiers,E Chigumbura,0,4,"",""
ball,1,36.3,South Africa,JP Duminy,AB de Villiers,E Chigumbura,0,1,"",""
ball,1,36.4,South Africa,AB de Villiers,JP Duminy,E Chigumbura,0,0,"",""
ball,1,36.5,South Africa,AB de Villiers,JP Duminy,E Chigumbura,6,0,"",""
ball,1,36.6,South Africa,AB de Villiers,JP Duminy,E Chigumbura,0,0,"",""
ball,1,37.1,South Africa,JP Duminy,AB de Villiers,KM Dabengwa,6,0,"",""
ball,1,37.2,South Africa,JP Duminy,AB de Villiers,KM Dabengwa,0,1,"",""
ball,1,37.3,South Africa,JP Duminy,AB de Villiers,KM Dabengwa,1,0,"",""
ball,1,37.4,South Africa,AB de Villiers,JP Duminy,KM Dabengwa,1,0,"",""
ball,1,37.5,South Africa,JP Duminy,AB de Villiers,KM Dabengwa,4,0,"",""
ball,1,37.6,South Africa,JP Duminy,AB de Villiers,KM Dabengwa,1,0,"",""
ball,1,37.7,South Africa,AB de Villiers,JP Duminy,KM Dabengwa,0,1,"",""
ball,1,38.1,South Africa,AB de Villiers,JP Duminy,H Masakadza,1,0,"",""
ball,1,38.2,South Africa,JP Duminy,AB de Villiers,H Masakadza,0,0,"",""
ball,1,38.3,South Africa,JP Duminy,AB de Villiers,H Masakadza,1,0,"",""
ball,1,38.4,South Africa,AB de Villiers,JP Duminy,H Masakadza,0,0,caught,AB de Villiers
ball,1,38.5,South Africa,JP Duminy,JA Morkel,H Masakadza,1,0,"",""
ball,1,38.6,South Africa,JA Morkel,JP Duminy,H Masakadza,1,0,"",""
ball,1,39.1,South Africa,JA Morkel,JP Duminy,P Utseya,0,0,"",""
ball,1,39.2,South Africa,JA Morkel,JP Duminy,P Utseya,1,0,"",""
ball,1,39.3,South Africa,JP Duminy,JA Morkel,P Utseya,1,0,"",""
ball,1,39.4,South Africa,JA Morkel,JP Duminy,P Utseya,1,0,"",""
ball,1,39.5,South Africa,JP Duminy,JA Morkel,P Utseya,1,0,"",""
ball,1,39.6,South Africa,JA Morkel,JP Duminy,P Utseya,1,0,"",""
ball,1,40.1,South Africa,JA Morkel,JP Duminy,SW Masakadza,1,0,"",""
ball,1,40.2,South Africa,JP Duminy,JA Morkel,SW Masakadza,6,0,"",""
ball,1,40.3,South Africa,JP Duminy,JA Morkel,SW Masakadza,0,0,"",""
ball,1,40.4,South Africa,JP Duminy,JA Morkel,SW Masakadza,2,0,"",""
ball,1,40.5,South Africa,JP Duminy,JA Morkel,SW Masakadza,1,0,"",""
ball,1,40.6,South Africa,JA Morkel,JP Duminy,SW Masakadza,4,0,"",""
ball,1,41.1,South Africa,JP Duminy,JA Morkel,P Utseya,0,1,"",""
ball,1,41.2,South Africa,JP Duminy,JA Morkel,P Utseya,4,0,"",""
ball,1,41.3,South Africa,JP Duminy,JA Morkel,P Utseya,1,0,"",""
ball,1,41.4,South Africa,JA Morkel,JP Duminy,P Utseya,1,0,"",""
ball,1,41.5,South Africa,JP Duminy,JA Morkel,P Utseya,0,0,"",""
ball,1,41.6,South Africa,JP Duminy,JA Morkel,P Utseya,1,0,"",""
ball,1,41.7,South Africa,JA Morkel,JP Duminy,P Utseya,0,0,"",""
ball,1,42.1,South Africa,JP Duminy,JA Morkel,SW Masakadza,0,0,"",""
ball,1,42.2,South Africa,JP Duminy,JA Morkel,SW Masakadza,1,0,"",""
ball,1,42.3,South Africa,JA Morkel,JP Duminy,SW Masakadza,1,0,"",""
ball,1,42.4,South Africa,JP Duminy,JA Morkel,SW Masakadza,1,0,"",""
ball,1,42.5,South Africa,JA Morkel,JP Duminy,SW Masakadza,4,0,"",""
ball,1,42.6,South Africa,JA Morkel,JP Duminy,SW Masakadza,6,0,"",""
ball,1,43.1,South Africa,JP Duminy,JA Morkel,IA Nicolson,0,0,"",""
ball,1,43.2,South Africa,JP Duminy,JA Morkel,IA Nicolson,6,0,"",""
ball,1,43.3,South Africa,JP Duminy,JA Morkel,IA Nicolson,0,0,"",""
ball,1,43.4,South Africa,JP Duminy,JA Morkel,IA Nicolson,2,0,"",""
ball,1,43.5,South Africa,JP Duminy,JA Morkel,IA Nicolson,0,0,caught,JP Duminy
ball,1,43.6,South Africa,JA Morkel,DA Miller,IA Nicolson,0,0,"",""
ball,1,44.1,South Africa,DA Miller,JA Morkel,BRM Taylor,0,0,"",""
ball,1,44.2,South Africa,DA Miller,JA Morkel,BRM Taylor,1,0,"",""
ball,1,44.3,South Africa,JA Morkel,DA Miller,BRM Taylor,4,0,"",""
ball,1,44.4,South Africa,JA Morkel,DA Miller,BRM Taylor,1,0,"",""
ball,1,44.5,South Africa,DA Miller,JA Morkel,BRM Taylor,0,0,"",""
ball,1,44.6,South Africa,DA Miller,JA Morkel,BRM Taylor,4,0,"",""
ball,1,45.1,South Africa,JA Morkel,DA Miller,IA Nicolson,4,0,"",""
ball,1,45.2,South Africa,JA Morkel,DA Miller,IA Nicolson,1,0,"",""
ball,1,45.3,South Africa,DA Miller,JA Morkel,IA Nicolson,4,0,"",""
ball,1,45.4,South Africa,DA Miller,JA Morkel,IA Nicolson,0,0,"",""
ball,1,45.5,South Africa,DA Miller,JA Morkel,IA Nicolson,1,0,"",""
ball,1,45.6,South Africa,JA Morkel,DA Miller,IA Nicolson,1,0,"",""
ball,1,46.1,South Africa,JA Morkel,DA Miller,SW Masakadza,4,0,"",""
ball,1,46.2,South Africa,JA Morkel,DA Miller,SW Masakadza,1,0,"",""
ball,1,46.3,South Africa,DA Miller,JA Morkel,SW Masakadza,1,0,"",""
ball,1,46.4,South Africa,JA Morkel,DA Miller,SW Masakadza,0,0,caught,JA Morkel
ball,1,46.5,South Africa,DA Miller,CA Ingram,SW Masakadza,2,0,"",""
ball,1,46.6,South Africa,DA Miller,CA Ingram,SW Masakadza,6,0,"",""
ball,1,47.1,South Africa,CA Ingram,DA Miller,E Chigumbura,1,0,"",""
ball,1,47.2,South Africa,DA Miller,CA Ingram,E Chigumbura,1,0,"",""
ball,1,47.3,South Africa,CA Ingram,DA Miller,E Chigumbura,1,0,"",""
ball,1,47.4,South Africa,DA Miller,CA Ingram,E Chigumbura,2,0,"",""
ball,1,47.5,South Africa,DA Miller,CA Ingram,E Chigumbura,1,0,"",""
ball,1,47.6,South Africa,CA Ingram,DA Miller,E Chigumbura,0,1,"",""
ball,1,47.7,South Africa,CA Ingram,DA Miller,E Chigumbura,1,0,"",""
ball,1,48.1,South Africa,CA Ingram,DA Miller,SW Masakadza,6,0,"",""
ball,1,48.2,South Africa,CA Ingram,DA Miller,SW Masakadza,4,0,"",""
ball,1,48.3,South Africa,CA Ingram,DA Miller,SW Masakadza,1,0,"",""
ball,1,48.4,South Africa,DA Miller,CA Ingram,SW Masakadza,2,0,"",""
ball,1,48.5,South Africa,DA Miller,CA Ingram,SW Masakadza,1,0,"",""
ball,1,48.6,South Africa,CA Ingram,DA Miller,SW Masakadza,6,0,"",""
ball,1,49.1,South Africa,DA Miller,CA Ingram,E Chigumbura,1,0,"",""
ball,1,49.2,South Africa,CA Ingram,DA Miller,E Chigumbura,0,0,caught,CA Ingram
ball,1,49.3,South Africa,J Botha,DA Miller,E Chigumbura,0,1,"",""
ball,1,49.4,South Africa,DA Miller,J Botha,E Chigumbura,0,0,"",""
ball,1,49.5,South Africa,DA Miller,J Botha,E Chigumbura,2,0,"",""
ball,1,49.6,South Africa,DA Miller,J Botha,E Chigumbura,4,0,"",""
ball,2,0.1,Zimbabwe,BRM Taylor,H Masakadza,JA Morkel,1,0,"",""
ball,2,0.2,Zimbabwe,H Masakadza,BRM Taylor,JA Morkel,2,0,"",""
ball,2,0.3,Zimbabwe,H Masakadza,BRM Taylor,JA Morkel,1,0,"",""
ball,2,0.4,Zimbabwe,BRM Taylor,H Masakadza,JA Morkel,0,0,"",""
ball,2,0.5,Zimbabwe,BRM Taylor,H Masakadza,JA Morkel,4,0,"",""
ball,2,0.6,Zimbabwe,BRM Taylor,H Masakadza,JA Morkel,0,0,"",""
ball,2,1.1,Zimbabwe,H Masakadza,BRM Taylor,LL Tsotsobe,0,0,"",""
ball,2,1.2,Zimbabwe,H Masakadza,BRM Taylor,LL Tsotsobe,0,0,"",""
ball,2,1.3,Zimbabwe,H Masakadza,BRM Taylor,LL Tsotsobe,0,0,"",""
ball,2,1.4,Zimbabwe,H Masakadza,BRM Taylor,LL Tsotsobe,1,0,"",""
ball,2,1.5,Zimbabwe,BRM Taylor,H Masakadza,LL Tsotsobe,0,0,caught,BRM Taylor
ball,2,1.6,Zimbabwe,H Masakadza,CJ Chibhabha,LL Tsotsobe,0,0,"",""
ball,2,2.1,Zimbabwe,CJ Chibhabha,H Masakadza,JA Morkel,0,0,"",""
ball,2,2.2,Zimbabwe,CJ Chibhabha,H Masakadza,JA Morkel,0,0,"",""
ball,2,2.3,Zimbabwe,CJ Chibhabha,H Masakadza,JA Morkel,0,0,"",""
ball,2,2.4,Zimbabwe,CJ Chibhabha,H Masakadza,JA Morkel,0,0,"",""
ball,2,2.5,Zimbabwe,CJ Chibhabha,H Masakadza,JA Morkel,2,0,"",""
ball,2,2.6,Zimbabwe,CJ Chibhabha,H Masakadza,JA Morkel,0,0,"",""
ball,2,3.1,Zimbabwe,H Masakadza,CJ Chibhabha,LL Tsotsobe,1,0,"",""
ball,2,3.2,Zimbabwe,CJ Chibhabha,H Masakadza,LL Tsotsobe,0,0,"",""
ball,2,3.3,Zimbabwe,CJ Chibhabha,H Masakadza,LL Tsotsobe,0,0,"",""
ball,2,3.4,Zimbabwe,CJ Chibhabha,H Masakadza,LL Tsotsobe,0,0,"",""
ball,2,3.5,Zimbabwe,CJ Chibhabha,H Masakadza,LL Tsotsobe,6,0,"",""
ball,2,3.6,Zimbabwe,CJ Chibhabha,H Masakadza,LL Tsotsobe,0,0,"",""
ball,2,4.1,Zimbabwe,H Masakadza,CJ Chibhabha,JA Morkel,0,0,caught,H Masakadza
ball,2,4.2,Zimbabwe,CJ Chibhabha,T Taibu,JA Morkel,1,0,"",""
ball,2,4.3,Zimbabwe,T Taibu,CJ Chibhabha,JA Morkel,0,0,"",""
ball,2,4.4,Zimbabwe,T Taibu,CJ Chibhabha,JA Morkel,0,0,"",""
ball,2,4.5,Zimbabwe,T Taibu,CJ Chibhabha,JA Morkel,4,0,"",""
ball,2,4.6,Zimbabwe,T Taibu,CJ Chibhabha,JA Morkel,0,0,"",""
ball,2,5.1,Zimbabwe,CJ Chibhabha,T Taibu,LL Tsotsobe,0,0,"",""
ball,2,5.2,Zimbabwe,CJ Chibhabha,T Taibu,LL Tsotsobe,0,0,"",""
ball,2,5.3,Zimbabwe,CJ Chibhabha,T Taibu,LL Tsotsobe,1,0,"",""
ball,2,5.4,Zimbabwe,T Taibu,CJ Chibhabha,LL Tsotsobe,0,0,"",""
ball,2,5.5,Zimbabwe,T Taibu,CJ Chibhabha,LL Tsotsobe,0,0,"",""
ball,2,5.6,Zimbabwe,T Taibu,CJ Chibhabha,LL Tsotsobe,0,0,"",""
ball,2,6.1,Zimbabwe,CJ Chibhabha,T Taibu,JA Morkel,2,0,"",""
ball,2,6.2,Zimbabwe,CJ Chibhabha,T Taibu,JA Morkel,4,0,"",""
ball,2,6.3,Zimbabwe,CJ Chibhabha,T Taibu,JA Morkel,0,0,caught,CJ Chibhabha
ball,2,6.4,Zimbabwe,CR Ervine,T Taibu,JA Morkel,2,0,"",""
ball,2,6.5,Zimbabwe,CR Ervine,T Taibu,JA Morkel,0,0,"",""
ball,2,6.6,Zimbabwe,CR Ervine,T Taibu,JA Morkel,0,0,"",""
ball,2,7.1,Zimbabwe,T Taibu,CR Ervine,LL Tsotsobe,0,1,"",""
ball,2,7.2,Zimbabwe,T Taibu,CR Ervine,LL Tsotsobe,0,0,"",""
ball,2,7.3,Zimbabwe,T Taibu,CR Ervine,LL Tsotsobe,1,0,"",""
ball,2,7.4,Zimbabwe,CR Ervine,T Taibu,LL Tsotsobe,0,0,"",""
ball,2,7.5,Zimbabwe,CR Ervine,T Taibu,LL Tsotsobe,0,0,"",""
ball,2,7.6,Zimbabwe,CR Ervine,T Taibu,LL Tsotsobe,1,0,"",""
ball,2,7.7,Zimbabwe,T Taibu,CR Ervine,LL Tsotsobe,0,0,"",""
ball,2,8.1,Zimbabwe,CR Ervine,T Taibu,JA Morkel,0,0,"",""
ball,2,8.2,Zimbabwe,CR Ervine,T Taibu,JA Morkel,4,0,"",""
ball,2,8.3,Zimbabwe,CR Ervine,T Taibu,JA Morkel,4,0,"",""
ball,2,8.4,Zimbabwe,CR Ervine,T Taibu,JA Morkel,4,0,"",""
ball,2,8.5,Zimbabwe,CR Ervine,T Taibu,JA Morkel,0,0,"",""
ball,2,8.6,Zimbabwe,CR Ervine,T Taibu,JA Morkel,0,0,"",""
ball,2,9.1,Zimbabwe,T Taibu,CR Ervine,WD Parnell,4,0,"",""
ball,2,9.2,Zimbabwe,T Taibu,CR Ervine,WD Parnell,0,0,"",""
ball,2,9.3,Zimbabwe,T Taibu,CR Ervine,WD Parnell,0,0,"",""
ball,2,9.4,Zimbabwe,T Taibu,CR Ervine,WD Parnell,0,0,"",""
ball,2,9.5,Zimbabwe,T Taibu,CR Ervine,WD Parnell,4,0,"",""
ball,2,9.6,Zimbabwe,T Taibu,CR Ervine,WD Parnell,0,0,"",""
ball,2,10.1,Zimbabwe,CR Ervine,T Taibu,J Theron,0,0,"",""
ball,2,10.2,Zimbabwe,CR Ervine,T Taibu,J Theron,0,0,"",""
ball,2,10.3,Zimbabwe,CR Ervine,T Taibu,J Theron,0,0,"",""
ball,2,10.4,Zimbabwe,CR Ervine,T Taibu,J Theron,0,0,"",""
ball,2,10.5,Zimbabwe,CR Ervine,T Taibu,J Theron,1,0,"",""
ball,2,10.6,Zimbabwe,T Taibu,CR Ervine,J Theron,1,0,"",""
ball,2,11.1,Zimbabwe,T Taibu,CR Ervine,WD Parnell,4,0,"",""
ball,2,11.2,Zimbabwe,T Taibu,CR Ervine,WD Parnell,0,0,"",""
ball,2,11.3,Zimbabwe,T Taibu,CR Ervine,WD Parnell,1,0,"",""
ball,2,11.4,Zimbabwe,CR Ervine,T Taibu,WD Parnell,0,0,"",""
ball,2,11.5,Zimbabwe,CR Ervine,T Taibu,WD Parnell,0,0,"",""
ball,2,11.6,Zimbabwe,CR Ervine,T Taibu,WD Parnell,0,0,"",""
ball,2,12.1,Zimbabwe,T Taibu,CR Ervine,J Theron,1,0,"",""
ball,2,12.2,Zimbabwe,CR Ervine,T Taibu,J Theron,0,0,"",""
ball,2,12.3,Zimbabwe,CR Ervine,T Taibu,J Theron,1,0,"",""
ball,2,12.4,Zimbabwe,T Taibu,CR Ervine,J Theron,1,0,"",""
ball,2,12.5,Zimbabwe,CR Ervine,T Taibu,J Theron,0,0,"",""
ball,2,12.6,Zimbabwe,CR Ervine,T Taibu,J Theron,1,0,"",""
ball,2,13.1,Zimbabwe,CR Ervine,T Taibu,WD Parnell,1,0,"",""
ball,2,13.2,Zimbabwe,T Taibu,CR Ervine,WD Parnell,0,0,"",""
ball,2,13.3,Zimbabwe,T Taibu,CR Ervine,WD Parnell,1,0,"",""
ball,2,13.4,Zimbabwe,CR Ervine,T Taibu,WD Parnell,0,0,"",""
ball,2,13.5,Zimbabwe,CR Ervine,T Taibu,WD Parnell,1,0,"",""
ball,2,13.6,Zimbabwe,T Taibu,CR Ervine,WD Parnell,4,0,"",""
ball,2,14.1,Zimbabwe,CR Ervine,T Taibu,J Theron,1,0,"",""
ball,2,14.2,Zimbabwe,T Taibu,CR Ervine,J Theron,1,0,"",""
ball,2,14.3,Zimbabwe,CR Ervine,T Taibu,J Theron,1,0,"",""
ball,2,14.4,Zimbabwe,T Taibu,CR Ervine,J Theron,1,0,"",""
ball,2,14.5,Zimbabwe,CR Ervine,T Taibu,J Theron,0,0,"",""
ball,2,14.6,Zimbabwe,CR Ervine,T Taibu,J Theron,0,0,"",""
ball,2,15.1,Zimbabwe,T Taibu,CR Ervine,J Botha,0,0,bowled,T Taibu
ball,2,15.2,Zimbabwe,E Chigumbura,CR Ervine,J Botha,1,0,"",""
ball,2,15.3,Zimbabwe,CR Ervine,E Chigumbura,J Botha,0,0,"",""
ball,2,15.4,Zimbabwe,CR Ervine,E Chigumbura,J Botha,2,0,"",""
ball,2,15.5,Zimbabwe,CR Ervine,E Chigumbura,J Botha,0,0,"",""
ball,2,15.6,Zimbabwe,CR Ervine,E Chigumbura,J Botha,0,0,bowled,CR Ervine
ball,2,16.1,Zimbabwe,E Chigumbura,KM Dabengwa,J Theron,0,0,bowled,E Chigumbura
ball,2,16.2,Zimbabwe,P Utseya,KM Dabengwa,J Theron,0,0,"",""
ball,2,16.3,Zimbabwe,P Utseya,KM Dabengwa,J Theron,0,0,"",""
ball,2,16.4,Zimbabwe,P Utseya,KM Dabengwa,J Theron,0,0,"",""
ball,2,16.5,Zimbabwe,P Utseya,KM Dabengwa,J Theron,2,0,"",""
ball,2,16.6,Zimbabwe,P Utseya,KM Dabengwa,J Theron,0,0,"",""
ball,2,17.1,Zimbabwe,KM Dabengwa,P Utseya,J Botha,1,0,"",""
ball,2,17.2,Zimbabwe,P Utseya,KM Dabengwa,J Botha,3,0,"",""
ball,2,17.3,Zimbabwe,KM Dabengwa,P Utseya,J Botha,1,0,"",""
ball,2,17.4,Zimbabwe,P Utseya,KM Dabengwa,J Botha,0,0,"",""
ball,2,17.5,Zimbabwe,P Utseya,KM Dabengwa,J Botha,1,0,"",""
ball,2,17.6,Zimbabwe,KM Dabengwa,P Utseya,J Botha,1,0,"",""
ball,2,18.1,Zimbabwe,KM Dabengwa,P Utseya,J Theron,1,0,"",""
ball,2,18.2,Zimbabwe,P Utseya,KM Dabengwa,J Theron,0,0,"",""
ball,2,18.3,Zimbabwe,P Utseya,KM Dabengwa,J Theron,1,0,"",""
ball,2,18.4,Zimbabwe,KM Dabengwa,P Utseya,J Theron,1,0,"",""
ball,2,18.5,Zimbabwe,P Utseya,KM Dabengwa,J Theron,2,0,"",""
ball,2,18.6,Zimbabwe,P Utseya,KM Dabengwa,J Theron,0,0,"",""
ball,2,19.1,Zimbabwe,KM Dabengwa,P Utseya,J Botha,1,0,"",""
ball,2,19.2,Zimbabwe,P Utseya,KM Dabengwa,J Botha,0,0,"",""
ball,2,19.3,Zimbabwe,P Utseya,KM Dabengwa,J Botha,0,0,"",""
ball,2,19.4,Zimbabwe,P Utseya,KM Dabengwa,J Botha,0,0,"",""
ball,2,19.5,Zimbabwe,P Utseya,KM Dabengwa,J Botha,0,0,"",""
ball,2,19.6,Zimbabwe,P Utseya,KM Dabengwa,J Botha,1,0,"",""
ball,2,20.1,Zimbabwe,P Utseya,KM Dabengwa,WD Parnell,0,0,"",""
ball,2,20.2,Zimbabwe,P Utseya,KM Dabengwa,WD Parnell,1,0,"",""
ball,2,20.3,Zimbabwe,KM Dabengwa,P Utseya,WD Parnell,0,0,"",""
ball,2,20.4,Zimbabwe,KM Dabengwa,P Utseya,WD Parnell,0,0,lbw,KM Dabengwa
ball,2,20.5,Zimbabwe,AG Cremer,P Utseya,WD Parnell,0,0,"",""
ball,2,20.6,Zimbabwe,AG Cremer,P Utseya,WD Parnell,0,0,"",""
ball,2,21.1,Zimbabwe,P Utseya,AG Cremer,J Botha,0,0,"",""
ball,2,21.2,Zimbabwe,P Utseya,AG Cremer,J Botha,3,0,"",""
ball,2,21.3,Zimbabwe,AG Cremer,P Utseya,J Botha,0,0,"",""
ball,2,21.4,Zimbabwe,AG Cremer,P Utseya,J Botha,0,0,"",""
ball,2,21.5,Zimbabwe,AG Cremer,P Utseya,J Botha,0,0,"",""
ball,2,21.6,Zimbabwe,AG Cremer,P Utseya,J Botha,0,0,"",""
ball,2,22.1,Zimbabwe,P Utseya,AG Cremer,WD Parnell,0,0,"",""
ball,2,22.2,Zimbabwe,P Utseya,AG Cremer,WD Parnell,1,0,"",""
ball,2,22.3,Zimbabwe,AG Cremer,P Utseya,WD Parnell,0,0,"",""
ball,2,22.4,Zimbabwe,AG Cremer,P Utseya,WD Parnell,0,0,"",""
ball,2,22.5,Zimbabwe,AG Cremer,P Utseya,WD Parnell,1,0,"",""
ball,2,22.6,Zimbabwe,P Utseya,AG Cremer,WD Parnell,1,0,"",""
ball,2,23.1,Zimbabwe,P Utseya,AG Cremer,J Botha,0,0,"",""
ball,2,23.2,Zimbabwe,P Utseya,AG Cremer,J Botha,0,0,"",""
ball,2,23.3,Zimbabwe,P Utseya,AG Cremer,J Botha,0,0,"",""
ball,2,23.4,Zimbabwe,P Utseya,AG Cremer,J Botha,0,0,"",""
ball,2,23.5,Zimbabwe,P Utseya,AG Cremer,J Botha,0,1,"",""
ball,2,23.6,Zimbabwe,P Utseya,AG Cremer,J Botha,1,0,"",""
ball,2,23.7,Zimbabwe,AG Cremer,P Utseya,J Botha,1,0,"",""
ball,2,24.1,Zimbabwe,AG Cremer,P Utseya,WD Parnell,0,0,"",""
ball,2,24.2,Zimbabwe,AG Cremer,P Utseya,WD Parnell,0,0,"",""
ball,2,24.3,Zimbabwe,AG Cremer,P Utseya,WD Parnell,0,0,"",""
ball,2,24.4,Zimbabwe,AG Cremer,P Utseya,WD Parnell,0,0,caught,AG Cremer
ball,2,24.5,Zimbabwe,P Utseya,SW Masakadza,WD Parnell,1,0,"",""
ball,2,24.6,Zimbabwe,SW Masakadza,P Utseya,WD Parnell,0,0,"",""
ball,2,25.1,Zimbabwe,P Utseya,SW Masakadza,J Botha,0,0,"",""
ball,2,25.2,Zimbabwe,P Utseya,SW Masakadza,J Botha,0,0,"",""
ball,2,25.3,Zimbabwe,P Utseya,SW Masakadza,J Botha,1,0,"",""
ball,2,25.4,Zimbabwe,SW Masakadza,P Utseya,J Botha,0,0,"",""
ball,2,25.5,Zimbabwe,SW Masakadza,P Utseya,J Botha,0,0,"",""
ball,2,25.6,Zimbabwe,SW Masakadza,P Utseya,J Botha,1,0,"",""
ball,2,26.1,Zimbabwe,SW Masakadza,P Utseya,WD Parnell,1,0,"",""
ball,2,26.2,Zimbabwe,P Utseya,SW Masakadza,WD Parnell,0,0,"",""
ball,2,26.3,Zimbabwe,P Utseya,SW Masakadza,WD Parnell,0,0,"",""
ball,2,26.4,Zimbabwe,P Utseya,SW Masakadza,WD Parnell,4,0,"",""
ball,2,26.5,Zimbabwe,P Utseya,SW Masakadza,WD Parnell,0,0,"",""
ball,2,26.6,Zimbabwe,P Utseya,SW Masakadza,WD Parnell,0,0,"",""
ball,2,27.1,Zimbabwe,SW Masakadza,P Utseya,J Botha,0,0,"",""
ball,2,27.2,Zimbabwe,SW Masakadza,P Utseya,J Botha,0,0,"",""
ball,2,27.3,Zimbabwe,SW Masakadza,P Utseya,J Botha,0,0,"",""
ball,2,27.4,Zimbabwe,SW Masakadza,P Utseya,J Botha,6,0,"",""
ball,2,27.5,Zimbabwe,SW Masakadza,P Utseya,J Botha,0,0,"",""
ball,2,27.6,Zimbabwe,SW Masakadza,P Utseya,J Botha,6,0,"",""
ball,2,28.1,Zimbabwe,P Utseya,SW Masakadza,J Theron,0,0,"",""
ball,2,28.2,Zimbabwe,P Utseya,SW Masakadza,J Theron,1,0,"",""
ball,2,28.3,Zimbabwe,SW Masakadza,P Utseya,J Theron,0,0,bowled,SW Masakadza
ball,2,28.4,Zimbabwe,IA Nicolson,P Utseya,J Theron,0,0,"",""
ball,2,28.5,Zimbabwe,IA Nicolson,P Utseya,J Theron,0,0,"",""
ball,2,28.6,Zimbabwe,IA Nicolson,P Utseya,J Theron,0,0,caught,IA Nicolson
