version,1.3.0
info,team,Canada
info,team,Ireland
info,gender,male
info,season,2010
info,date,2010/09/06
info,series,Ireland in Canada ODI Series
info,match_number,1
info,venue,Toronto Cricket
info,city,Skating and Curling Club
info,toss_winner,Ireland
info,toss_decision,bat
info,player_of_match,R Gunasekera
info,umpire,K Bayney
info,umpire,CB Gaffaney
info,reserve_umpire,H Grewal
info,match_referee,AFG Griffith
info,winner,Canada
info,winner_runs,4
info,method,D/L
ball,1,0.1,Ireland,PR Stirling,AC Botha,HS Baidwan,0,0,"",""
ball,1,0.2,Ireland,PR Stirling,AC Botha,HS Baidwan,0,0,"",""
ball,1,0.3,Ireland,PR Stirling,AC Botha,HS Baidwan,1,0,"",""
ball,1,0.4,Ireland,AC Botha,PR Stirling,HS Baidwan,0,0,"",""
ball,1,0.5,Ireland,AC Botha,PR Stirling,HS Baidwan,1,0,"",""
ball,1,0.6,Ireland,PR Stirling,AC Botha,HS Baidwan,0,0,"",""
ball,1,1.1,Ireland,AC Botha,PR Stirling,Khurram Chohan,0,0,"",""
ball,1,1.2,Ireland,AC Botha,PR Stirling,Khurram Chohan,0,1,"",""
ball,1,1.3,Ireland,PR Stirling,AC Botha,Khurram Chohan,0,0,"",""
ball,1,1.4,Ireland,PR Stirling,AC Botha,Khurram Chohan,0,0,"",""
ball,1,1.5,Ireland,PR Stirling,AC Botha,Khurram Chohan,0,0,"",""
ball,1,1.6,Ireland,PR Stirling,AC Botha,Khurram Chohan,0,0,"",""
ball,1,2.1,Ireland,AC Botha,PR Stirling,HS Baidwan,0,0,"",""
ball,1,2.2,Ireland,AC Botha,PR Stirling,HS Baidwan,4,0,"",""
ball,1,2.3,Ireland,AC Botha,PR Stirling,HS Baidwan,1,0,"",""
ball,1,2.4,Ireland,PR Stirling,AC Botha,HS Baidwan,0,0,"",""
ball,1,2.5,Ireland,PR Stirling,AC Botha,HS Baidwan,0,0,"",""
ball,1,2.6,Ireland,PR Stirling,AC Botha,HS Baidwan,1,0,"",""
ball,1,3.1,Ireland,PR Stirling,AC Botha,Khurram Chohan,1,0,"",""
ball,1,3.2,Ireland,AC Botha,PR Stirling,Khurram Chohan,0,0,"",""
ball,1,3.3,Ireland,AC Botha,PR Stirling,Khurram Chohan,0,0,"",""
ball,1,3.4,Ireland,AC Botha,PR Stirling,Khurram Chohan,0,0,"",""
ball,1,3.5,Ireland,AC Botha,PR Stirling,Khurram Chohan,4,0,"",""
ball,1,3.6,Ireland,AC Botha,PR Stirling,Khurram Chohan,1,0,"",""
ball,1,4.1,Ireland,AC Botha,PR Stirling,HS Baidwan,4,0,"",""
ball,1,4.2,Ireland,AC Botha,PR Stirling,HS Baidwan,1,0,"",""
ball,1,4.3,Ireland,PR Stirling,AC Botha,HS Baidwan,0,1,"",""
ball,1,4.4,Ireland,AC Botha,PR Stirling,HS Baidwan,0,0,"",""
ball,1,4.5,Ireland,AC Botha,PR Stirling,HS Baidwan,4,0,"",""
ball,1,4.6,Ireland,AC Botha,PR Stirling,HS Baidwan,0,0,"",""
ball,1,5.1,Ireland,PR Stirling,AC Botha,Khurram Chohan,0,0,"",""
ball,1,5.2,Ireland,PR Stirling,AC Botha,Khurram Chohan,0,0,"",""
ball,1,5.3,Ireland,PR Stirling,AC Botha,Khurram Chohan,1,0,"",""
ball,1,5.4,Ireland,AC Botha,PR Stirling,Khurram Chohan,0,0,"",""
ball,1,5.5,Ireland,AC Botha,PR Stirling,Khurram Chohan,0,0,bowled,AC Botha
ball,1,5.6,Ireland,AD Poynter,PR Stirling,Khurram Chohan,0,0,"",""
ball,1,6.1,Ireland,PR Stirling,AD Poynter,H Osinde,0,0,"",""
ball,1,6.2,Ireland,PR Stirling,AD Poynter,H Osinde,1,0,"",""
ball,1,6.3,Ireland,AD Poynter,PR Stirling,H Osinde,1,0,"",""
ball,1,6.4,Ireland,PR Stirling,AD Poynter,H Osinde,1,0,"",""
ball,1,6.5,Ireland,AD Poynter,PR Stirling,H Osinde,0,0,"",""
ball,1,6.6,Ireland,AD Poynter,PR Stirling,H Osinde,0,0,"",""
ball,1,7.1,Ireland,PR Stirling,AD Poynter,Khurram Chohan,0,0,"",""
ball,1,7.2,Ireland,PR Stirling,AD Poynter,Khurram Chohan,4,0,"",""
ball,1,7.3,Ireland,PR Stirling,AD Poynter,Khurram Chohan,4,0,"",""
ball,1,7.4,Ireland,PR Stirling,AD Poynter,Khurram Chohan,0,0,"",""
ball,1,7.5,Ireland,PR Stirling,AD Poynter,Khurram Chohan,0,0,"",""
ball,1,7.6,Ireland,PR Stirling,AD Poynter,Khurram Chohan,0,0,"",""
ball,1,8.1,Ireland,AD Poynter,PR Stirling,H Osinde,0,0,"",""
ball,1,8.2,Ireland,AD Poynter,PR Stirling,H Osinde,3,0,"",""
ball,1,8.3,Ireland,PR Stirling,AD Poynter,H Osinde,4,0,"",""
ball,1,8.4,Ireland,PR Stirling,AD Poynter,H Osinde,0,1,"",""
ball,1,8.5,Ireland,PR Stirling,AD Poynter,H Osinde,3,0,"",""
ball,1,8.6,Ireland,AD Poynter,PR Stirling,H Osinde,0,0,"",""
ball,1,8.7,Ireland,AD Poynter,PR Stirling,H Osinde,0,0,"",""
ball,1,9.1,Ireland,PR Stirling,AD Poynter,HS Baidwan,0,0,"",""
ball,1,9.2,Ireland,PR Stirling,AD Poynter,HS Baidwan,1,0,"",""
ball,1,9.3,Ireland,AD Poynter,PR Stirling,HS Baidwan,0,0,"",""
ball,1,9.4,Ireland,AD Poynter,PR Stirling,HS Baidwan,6,0,"",""
ball,1,9.5,Ireland,AD Poynter,PR Stirling,HS Baidwan,0,0,"",""
ball,1,9.6,Ireland,AD Poynter,PR Stirling,HS Baidwan,0,0,stumped,AD Poynter
ball,1,10.1,Ireland,PR Stirling,KJ O'Brien,PA Desai,1,0,"",""
ball,1,10.2,Ireland,KJ O'Brien,PR Stirling,PA Desai,0,0,"",""
ball,1,10.3,Ireland,KJ O'Brien,PR Stirling,PA Desai,1,0,"",""
ball,1,10.4,Ireland,PR Stirling,KJ O'Brien,PA Desai,6,0,"",""
ball,1,10.5,Ireland,PR Stirling,KJ O'Brien,PA Desai,0,0,"",""
ball,1,10.6,Ireland,PR Stirling,KJ O'Brien,PA Desai,1,0,"",""
ball,1,11.1,Ireland,PR Stirling,KJ O'Brien,HS Baidwan,1,0,"",""
ball,1,11.2,Ireland,KJ O'Brien,PR Stirling,HS Baidwan,0,0,"",""
ball,1,11.3,Ireland,KJ O'Brien,PR Stirling,HS Baidwan,0,0,"",""
ball,1,11.4,Ireland,KJ O'Brien,PR Stirling,HS Baidwan,0,0,"",""
ball,1,11.5,Ireland,KJ O'Brien,PR Stirling,HS Baidwan,1,0,"",""
ball,1,11.6,Ireland,PR Stirling,KJ O'Brien,HS Baidwan,0,0,"",""
ball,1,12.1,Ireland,KJ O'Brien,PR Stirling,PA Desai,1,0,"",""
ball,1,12.2,Ireland,PR Stirling,KJ O'Brien,PA Desai,0,0,"",""
ball,1,12.3,Ireland,PR Stirling,KJ O'Brien,PA Desai,1,0,"",""
ball,1,12.4,Ireland,KJ O'Brien,PR Stirling,PA Desai,0,0,bowled,KJ O'Brien
ball,1,12.5,Ireland,AR White,PR Stirling,PA Desai,0,0,"",""
ball,1,12.6,Ireland,AR White,PR Stirling,PA Desai,0,0,"",""
ball,1,13.1,Ireland,PR Stirling,AR White,Rizwan Cheema,1,0,"",""
ball,1,13.2,Ireland,AR White,PR Stirling,Rizwan Cheema,0,0,"",""
ball,1,13.3,Ireland,AR White,PR Stirling,Rizwan Cheema,1,0,"",""
ball,1,13.4,Ireland,PR Stirling,AR White,Rizwan Cheema,0,0,"",""
ball,1,13.5,Ireland,PR Stirling,AR White,Rizwan Cheema,1,0,"",""
ball,1,13.6,Ireland,AR White,PR Stirling,Rizwan Cheema,0,0,"",""
ball,1,14.1,Ireland,PR Stirling,AR White,PA Desai,0,0,"",""
ball,1,14.2,Ireland,PR Stirling,AR White,PA Desai,0,0,"",""
ball,1,14.3,Ireland,PR Stirling,AR White,PA Desai,0,0,"",""
ball,1,14.4,Ireland,PR Stirling,AR White,PA Desai,1,0,"",""
ball,1,14.5,Ireland,AR White,PR Stirling,PA Desai,0,0,"",""
ball,1,14.6,Ireland,AR White,PR Stirling,PA Desai,1,0,"",""
ball,1,15.1,Ireland,AR White,PR Stirling,Rizwan Cheema,4,0,"",""
ball,1,15.2,Ireland,AR White,PR Stirling,Rizwan Cheema,1,0,"",""
ball,1,15.3,Ireland,PR Stirling,AR White,Rizwan Cheema,0,0,"",""
ball,1,15.4,Ireland,PR Stirling,AR White,Rizwan Cheema,0,0,"",""
ball,1,15.5,Ireland,PR Stirling,AR White,Rizwan Cheema,0,0,bowled,PR Stirling
ball,1,15.6,Ireland,JF Mooney,AR White,Rizwan Cheema,0,0,"",""
ball,1,16.1,Ireland,AR White,JF Mooney,PA Desai,0,0,"",""
ball,1,16.2,Ireland,AR White,JF Mooney,PA Desai,1,0,"",""
ball,1,16.3,Ireland,JF Mooney,AR White,PA Desai,0,0,"",""
ball,1,16.4,Ireland,JF Mooney,AR White,PA Desai,2,0,"",""
ball,1,16.5,Ireland,JF Mooney,AR White,PA Desai,0,0,"",""
ball,1,16.6,Ireland,JF Mooney,AR White,PA Desai,0,0,"",""
ball,1,17.1,Ireland,AR White,JF Mooney,Rizwan Cheema,0,0,"",""
ball,1,17.2,Ireland,AR White,JF Mooney,Rizwan Cheema,1,0,"",""
ball,1,17.3,Ireland,JF Mooney,AR White,Rizwan Cheema,0,0,"",""
ball,1,17.4,Ireland,JF Mooney,AR White,Rizwan Cheema,0,0,"",""
ball,1,17.5,Ireland,JF Mooney,AR White,Rizwan Cheema,0,0,"",""
ball,1,17.6,Ireland,JF Mooney,AR White,Rizwan Cheema,1,0,"",""
ball,1,18.1,Ireland,JF Mooney,AR White,PA Desai,1,0,"",""
ball,1,18.2,Ireland,AR White,JF Mooney,PA Desai,1,0,"",""
ball,1,18.3,Ireland,JF Mooney,AR White,PA Desai,1,0,"",""
ball,1,18.4,Ireland,AR White,JF Mooney,PA Desai,0,0,"",""
ball,1,18.5,Ireland,AR White,JF Mooney,PA Desai,0,0,"",""
ball,1,18.6,Ireland,AR White,JF Mooney,PA Desai,2,0,"",""
ball,1,19.1,Ireland,JF Mooney,AR White,Rizwan Cheema,5,0,"",""
ball,1,19.2,Ireland,AR White,JF Mooney,Rizwan Cheema,1,0,"",""
ball,1,19.3,Ireland,JF Mooney,AR White,Rizwan Cheema,0,0,"",""
ball,1,19.4,Ireland,JF Mooney,AR White,Rizwan Cheema,1,0,"",""
ball,1,19.5,Ireland,AR White,JF Mooney,Rizwan Cheema,1,0,"",""
ball,1,19.6,Ireland,JF Mooney,AR White,Rizwan Cheema,1,0,"",""
ball,1,20.1,Ireland,JF Mooney,AR White,PA Desai,1,0,"",""
ball,1,20.2,Ireland,AR White,JF Mooney,PA Desai,0,0,"",""
ball,1,20.3,Ireland,AR White,JF Mooney,PA Desai,1,0,"",""
ball,1,20.4,Ireland,JF Mooney,AR White,PA Desai,0,0,"",""
ball,1,20.5,Ireland,JF Mooney,AR White,PA Desai,1,0,"",""
ball,1,20.6,Ireland,AR White,JF Mooney,PA Desai,0,0,caught,AR White
ball,1,21.1,Ireland,JF Mooney,DT Johnston,WD Balaji Rao,1,0,"",""
ball,1,21.2,Ireland,DT Johnston,JF Mooney,WD Balaji Rao,1,0,"",""
ball,1,21.3,Ireland,JF Mooney,DT Johnston,WD Balaji Rao,2,0,"",""
ball,1,21.4,Ireland,JF Mooney,DT Johnston,WD Balaji Rao,1,0,"",""
ball,1,21.5,Ireland,DT Johnston,JF Mooney,WD Balaji Rao,0,0,"",""
ball,1,21.6,Ireland,DT Johnston,JF Mooney,WD Balaji Rao,4,0,"",""
ball,1,22.1,Ireland,JF Mooney,DT Johnston,PA Desai,0,0,"",""
ball,1,22.2,Ireland,JF Mooney,DT Johnston,PA Desai,0,0,"",""
ball,1,22.3,Ireland,JF Mooney,DT Johnston,PA Desai,0,0,"",""
ball,1,22.4,Ireland,JF Mooney,DT Johnston,PA Desai,0,0,"",""
ball,1,22.5,Ireland,JF Mooney,DT Johnston,PA Desai,1,0,"",""
ball,1,22.6,Ireland,DT Johnston,JF Mooney,PA Desai,1,0,"",""
ball,1,23.1,Ireland,DT Johnston,JF Mooney,WD Balaji Rao,0,0,"",""
ball,1,23.2,Ireland,DT Johnston,JF Mooney,WD Balaji Rao,1,0,"",""
ball,1,23.3,Ireland,JF Mooney,DT Johnston,WD Balaji Rao,0,0,"",""
ball,1,23.4,Ireland,JF Mooney,DT Johnston,WD Balaji Rao,0,0,"",""
ball,1,23.5,Ireland,JF Mooney,DT Johnston,WD Balaji Rao,0,0,"",""
ball,1,23.6,Ireland,JF Mooney,DT Johnston,WD Balaji Rao,1,0,"",""
ball,1,24.1,Ireland,JF Mooney,DT Johnston,H Osinde,0,0,"",""
ball,1,24.2,Ireland,JF Mooney,DT Johnston,H Osinde,1,0,"",""
ball,1,24.3,Ireland,DT Johnston,JF Mooney,H Osinde,1,0,"",""
ball,1,24.4,Ireland,JF Mooney,DT Johnston,H Osinde,1,0,"",""
ball,1,24.5,Ireland,DT Johnston,JF Mooney,H Osinde,1,0,"",""
ball,1,24.6,Ireland,JF Mooney,DT Johnston,H Osinde,4,0,"",""
ball,1,25.1,Ireland,DT Johnston,JF Mooney,WD Balaji Rao,0,0,"",""
ball,1,25.2,Ireland,DT Johnston,JF Mooney,WD Balaji Rao,1,0,"",""
ball,1,25.3,Ireland,JF Mooney,DT Johnston,WD Balaji Rao,1,0,"",""
ball,1,25.4,Ireland,DT Johnston,JF Mooney,WD Balaji Rao,1,0,"",""
ball,1,25.5,Ireland,JF Mooney,DT Johnston,WD Balaji Rao,0,0,"",""
ball,1,25.6,Ireland,JF Mooney,DT Johnston,WD Balaji Rao,1,0,"",""
ball,1,26.1,Ireland,JF Mooney,DT Johnston,AS Hansra,1,0,"",""
ball,1,26.2,Ireland,DT Johnston,JF Mooney,AS Hansra,1,0,"",""
ball,1,26.3,Ireland,JF Mooney,DT Johnston,AS Hansra,0,1,"",""
ball,1,26.4,Ireland,DT Johnston,JF Mooney,AS Hansra,1,0,"",""
ball,1,26.5,Ireland,JF Mooney,DT Johnston,AS Hansra,0,0,"",""
ball,1,26.6,Ireland,JF Mooney,DT Johnston,AS Hansra,0,0,"",""
ball,1,27.1,Ireland,DT Johnston,JF Mooney,WD Balaji Rao,0,0,caught,DT Johnston
ball,1,27.2,Ireland,JF Mooney,RD McCann,WD Balaji Rao,0,0,"",""
ball,1,27.3,Ireland,JF Mooney,RD McCann,WD Balaji Rao,1,0,"",""
ball,1,27.4,Ireland,RD McCann,JF Mooney,WD Balaji Rao,0,0,"",""
ball,1,27.5,Ireland,RD McCann,JF Mooney,WD Balaji Rao,2,0,"",""
ball,1,27.6,Ireland,RD McCann,JF Mooney,WD Balaji Rao,0,0,"",""
ball,1,28.1,Ireland,JF Mooney,RD McCann,AS Hansra,1,0,"",""
ball,1,28.2,Ireland,RD McCann,JF Mooney,AS Hansra,0,0,"",""
ball,1,28.3,Ireland,RD McCann,JF Mooney,AS Hansra,1,0,"",""
ball,1,28.4,Ireland,JF Mooney,RD McCann,AS Hansra,1,0,"",""
ball,1,28.5,Ireland,RD McCann,JF Mooney,AS Hansra,0,0,"",""
ball,1,28.6,Ireland,RD McCann,JF Mooney,AS Hansra,1,0,"",""
ball,1,29.1,Ireland,RD McCann,JF Mooney,WD Balaji Rao,0,0,"",""
ball,1,29.2,Ireland,RD McCann,JF Mooney,WD Balaji Rao,2,0,"",""
ball,1,29.3,Ireland,RD McCann,JF Mooney,WD Balaji Rao,1,0,"",""
ball,1,29.4,Ireland,JF Mooney,RD McCann,WD Balaji Rao,1,0,"",""
ball,1,29.5,Ireland,RD McCann,JF Mooney,WD Balaji Rao,4,0,"",""
ball,1,29.6,Ireland,RD McCann,JF Mooney,WD Balaji Rao,0,0,"",""
ball,1,30.1,Ireland,JF Mooney,RD McCann,AS Hansra,1,0,"",""
ball,1,30.2,Ireland,RD McCann,JF Mooney,AS Hansra,1,0,"",""
ball,1,30.3,Ireland,JF Mooney,RD McCann,AS Hansra,1,0,"",""
ball,1,30.4,Ireland,RD McCann,JF Mooney,AS Hansra,1,0,"",""
ball,1,30.5,Ireland,JF Mooney,RD McCann,AS Hansra,2,0,"",""
ball,1,30.6,Ireland,JF Mooney,RD McCann,AS Hansra,1,0,"",""
ball,1,31.1,Ireland,JF Mooney,RD McCann,HS Baidwan,1,0,"",""
ball,1,31.2,Ireland,RD McCann,JF Mooney,HS Baidwan,0,0,"",""
ball,1,31.3,Ireland,RD McCann,JF Mooney,HS Baidwan,1,0,"",""
ball,1,31.4,Ireland,JF Mooney,RD McCann,HS Baidwan,4,0,"",""
ball,1,31.5,Ireland,JF Mooney,RD McCann,HS Baidwan,3,0,"",""
ball,1,31.6,Ireland,RD McCann,JF Mooney,HS Baidwan,0,0,"",""
ball,1,32.1,Ireland,JF Mooney,RD McCann,Khurram Chohan,1,0,"",""
ball,1,32.2,Ireland,RD McCann,JF Mooney,Khurram Chohan,1,0,"",""
ball,1,32.3,Ireland,JF Mooney,RD McCann,Khurram Chohan,0,0,caught,JF Mooney
ball,1,32.4,Ireland,RD McCann,NG Jones,Khurram Chohan,1,0,"",""
ball,1,32.5,Ireland,NG Jones,RD McCann,Khurram Chohan,1,0,"",""
ball,1,32.6,Ireland,RD McCann,NG Jones,Khurram Chohan,1,0,"",""
ball,1,33.1,Ireland,RD McCann,NG Jones,HS Baidwan,0,0,caught,RD McCann
ball,1,33.2,Ireland,NG Jones,A van der Merwe,HS Baidwan,1,0,"",""
ball,1,33.3,Ireland,A van der Merwe,NG Jones,HS Baidwan,1,0,"",""
ball,1,33.4,Ireland,NG Jones,A van der Merwe,HS Baidwan,1,0,"",""
ball,1,33.5,Ireland,A van der Merwe,NG Jones,HS Baidwan,1,0,"",""
ball,1,33.6,Ireland,NG Jones,A van der Merwe,HS Baidwan,1,0,"",""
ball,1,34.1,Ireland,NG Jones,A van der Merwe,Khurram Chohan,1,0,"",""
ball,1,34.2,Ireland,A van der Merwe,NG Jones,Khurram Chohan,1,0,"",""
ball,1,34.3,Ireland,NG Jones,A van der Merwe,Khurram Chohan,0,0,caught,NG Jones
ball,1,34.4,Ireland,A van der Merwe,GH Dockrell,Khurram Chohan,1,0,"",""
ball,1,34.5,Ireland,GH Dockrell,A van der Merwe,Khurram Chohan,0,0,"",""
ball,1,34.6,Ireland,GH Dockrell,A van der Merwe,Khurram Chohan,2,0,"",""
ball,2,0.1,Canada,H Patel,Rizwan Cheema,KJ O'Brien,0,0,"",""
ball,2,0.2,Canada,H Patel,Rizwan Cheema,KJ O'Brien,0,0,"",""
ball,2,0.3,Canada,H Patel,Rizwan Cheema,KJ O'Brien,0,0,"",""
ball,2,0.4,Canada,H Patel,Rizwan Cheema,KJ O'Brien,0,0,"",""
ball,2,0.5,Canada,H Patel,Rizwan Cheema,KJ O'Brien,6,0,"",""
ball,2,0.6,Canada,H Patel,Rizwan Cheema,KJ O'Brien,0,0,"",""
ball,2,1.1,Canada,Rizwan Cheema,H Patel,DT Johnston,0,0,caught,Rizwan Cheema
ball,2,1.2,Canada,R Gunasekera,H Patel,DT Johnston,0,1,"",""
ball,2,1.3,Canada,R Gunasekera,H Patel,DT Johnston,0,1,"",""
ball,2,1.4,Canada,R Gunasekera,H Patel,DT Johnston,0,0,"",""
ball,2,1.5,Canada,R Gunasekera,H Patel,DT Johnston,0,0,"",""
ball,2,1.6,Canada,R Gunasekera,H Patel,DT Johnston,0,0,"",""
ball,2,1.7,Canada,R Gunasekera,H Patel,DT Johnston,1,0,"",""
ball,2,1.8,Canada,H Patel,R Gunasekera,DT Johnston,0,0,"",""
ball,2,2.1,Canada,R Gunasekera,H Patel,KJ O'Brien,0,0,"",""
ball,2,2.2,Canada,R Gunasekera,H Patel,KJ O'Brien,0,1,"",""
ball,2,2.3,Canada,R Gunasekera,H Patel,KJ O'Brien,1,0,"",""
ball,2,2.4,Canada,H Patel,R Gunasekera,KJ O'Brien,4,0,"",""
ball,2,2.5,Canada,H Patel,R Gunasekera,KJ O'Brien,0,0,caught,H Patel
ball,2,2.6,Canada,A Bagai,R Gunasekera,KJ O'Brien,0,0,"",""
ball,2,2.7,Canada,A Bagai,R Gunasekera,KJ O'Brien,0,0,"",""
ball,2,3.1,Canada,R Gunasekera,A Bagai,DT Johnston,0,0,"",""
ball,2,3.2,Canada,R Gunasekera,A Bagai,DT Johnston,0,0,"",""
ball,2,3.3,Canada,R Gunasekera,A Bagai,DT Johnston,0,0,"",""
ball,2,3.4,Canada,R Gunasekera,A Bagai,DT Johnston,2,0,"",""
ball,2,3.5,Canada,R Gunasekera,A Bagai,DT Johnston,0,0,"",""
ball,2,3.6,Canada,R Gunasekera,A Bagai,DT Johnston,0,0,"",""
ball,2,4.1,Canada,A Bagai,R Gunasekera,KJ O'Brien,0,0,"",""
ball,2,4.2,Canada,A Bagai,R Gunasekera,KJ O'Brien,0,0,"",""
ball,2,4.3,Canada,A Bagai,R Gunasekera,KJ O'Brien,4,0,"",""
ball,2,4.4,Canada,A Bagai,R Gunasekera,KJ O'Brien,0,0,"",""
ball,2,4.5,Canada,A Bagai,R Gunasekera,KJ O'Brien,0,0,"",""
ball,2,4.6,Canada,A Bagai,R Gunasekera,KJ O'Brien,0,0,"",""
ball,2,5.1,Canada,R Gunasekera,A Bagai,DT Johnston,0,0,"",""
ball,2,5.2,Canada,R Gunasekera,A Bagai,DT Johnston,2,0,"",""
ball,2,5.3,Canada,R Gunasekera,A Bagai,DT Johnston,0,0,"",""
ball,2,5.4,Canada,R Gunasekera,A Bagai,DT Johnston,2,0,"",""
ball,2,5.5,Canada,R Gunasekera,A Bagai,DT Johnston,1,0,"",""
ball,2,5.6,Canada,A Bagai,R Gunasekera,DT Johnston,0,0,"",""
ball,2,6.1,Canada,R Gunasekera,A Bagai,KJ O'Brien,0,0,"",""
ball,2,6.2,Canada,R Gunasekera,A Bagai,KJ O'Brien,0,0,"",""
ball,2,6.3,Canada,R Gunasekera,A Bagai,KJ O'Brien,0,0,"",""
ball,2,6.4,Canada,R Gunasekera,A Bagai,KJ O'Brien,1,0,"",""
ball,2,6.5,Canada,A Bagai,R Gunasekera,KJ O'Brien,0,0,"",""
ball,2,6.6,Canada,A Bagai,R Gunasekera,KJ O'Brien,0,0,"",""
ball,2,7.1,Canada,R Gunasekera,A Bagai,DT Johnston,1,0,"",""
ball,2,7.2,Canada,A Bagai,R Gunasekera,DT Johnston,0,0,"",""
ball,2,7.3,Canada,A Bagai,R Gunasekera,DT Johnston,0,0,"",""
ball,2,7.4,Canada,A Bagai,R Gunasekera,DT Johnston,1,0,"",""
ball,2,7.5,Canada,R Gunasekera,A Bagai,DT Johnston,1,0,"",""
ball,2,7.6,Canada,A Bagai,R Gunasekera,DT Johnston,0,0,"",""
ball,2,8.1,Canada,R Gunasekera,A Bagai,NG Jones,0,1,"",""
ball,2,8.2,Canada,R Gunasekera,A Bagai,NG Jones,0,0,"",""
ball,2,8.3,Canada,R Gunasekera,A Bagai,NG Jones,2,0,"",""
ball,2,8.4,Canada,R Gunasekera,A Bagai,NG Jones,0,0,"",""
ball,2,8.5,Canada,R Gunasekera,A Bagai,NG Jones,0,0,"",""
ball,2,8.6,Canada,R Gunasekera,A Bagai,NG Jones,0,0,"",""
ball,2,8.7,Canada,R Gunasekera,A Bagai,NG Jones,0,0,"",""
ball,2,9.1,Canada,A Bagai,R Gunasekera,DT Johnston,0,0,"",""
ball,2,9.2,Canada,A Bagai,R Gunasekera,DT Johnston,0,0,"",""
ball,2,9.3,Canada,A Bagai,R Gunasekera,DT Johnston,1,0,"",""
ball,2,9.4,Canada,R Gunasekera,A Bagai,DT Johnston,0,0,"",""
ball,2,9.5,Canada,R Gunasekera,A Bagai,DT Johnston,1,0,"",""
ball,2,9.6,Canada,A Bagai,R Gunasekera,DT Johnston,1,0,"",""
ball,2,10.1,Canada,A Bagai,R Gunasekera,NG Jones,0,0,"",""
ball,2,10.2,Canada,A Bagai,R Gunasekera,NG Jones,4,0,"",""
ball,2,10.3,Canada,A Bagai,R Gunasekera,NG Jones,1,0,"",""
ball,2,10.4,Canada,R Gunasekera,A Bagai,NG Jones,0,0,"",""
ball,2,10.5,Canada,R Gunasekera,A Bagai,NG Jones,0,0,"",""
ball,2,10.6,Canada,R Gunasekera,A Bagai,NG Jones,0,0,"",""
ball,2,11.1,Canada,A Bagai,R Gunasekera,GH Dockrell,0,0,"",""
ball,2,11.2,Canada,A Bagai,R Gunasekera,GH Dockrell,0,0,"",""
ball,2,11.3,Canada,A Bagai,R Gunasekera,GH Dockrell,0,1,"",""
ball,2,11.4,Canada,R Gunasekera,A Bagai,GH Dockrell,0,0,"",""
ball,2,11.5,Canada,R Gunasekera,A Bagai,GH Dockrell,0,0,"",""
ball,2,11.6,Canada,R Gunasekera,A Bagai,GH Dockrell,4,0,"",""
ball,2,12.1,Canada,A Bagai,R Gunasekera,NG Jones,1,0,"",""
ball,2,12.2,Canada,R Gunasekera,A Bagai,NG Jones,3,0,"",""
ball,2,12.3,Canada,A Bagai,R Gunasekera,NG Jones,0,0,"",""
ball,2,12.4,Canada,A Bagai,R Gunasekera,NG Jones,0,0,"",""
ball,2,12.5,Canada,A Bagai,R Gunasekera,NG Jones,1,0,"",""
ball,2,12.6,Canada,R Gunasekera,A Bagai,NG Jones,0,0,"",""
ball,2,13.1,Canada,A Bagai,R Gunasekera,GH Dockrell,0,0,"",""
ball,2,13.2,Canada,A Bagai,R Gunasekera,GH Dockrell,0,0,"",""
ball,2,13.3,Canada,A Bagai,R Gunasekera,GH Dockrell,0,0,"",""
ball,2,13.4,Canada,A Bagai,R Gunasekera,GH Dockrell,0,0,"",""
ball,2,13.5,Canada,A Bagai,R Gunasekera,GH Dockrell,0,1,"",""
ball,2,13.6,Canada,A Bagai,R Gunasekera,GH Dockrell,0,0,"",""
ball,2,13.7,Canada,A Bagai,R Gunasekera,GH Dockrell,0,1,"",""
ball,2,13.8,Canada,A Bagai,R Gunasekera,GH Dockrell,0,0,"",""
ball,2,14.1,Canada,R Gunasekera,A Bagai,A van der Merwe,1,0,"",""
ball,2,14.2,Canada,A Bagai,R Gunasekera,A van der Merwe,1,0,"",""
ball,2,14.3,Canada,R Gunasekera,A Bagai,A van der Merwe,0,0,"",""
ball,2,14.4,Canada,R Gunasekera,A Bagai,A van der Merwe,0,0,"",""
ball,2,14.5,Canada,R Gunasekera,A Bagai,A van der Merwe,0,0,"",""
ball,2,14.6,Canada,R Gunasekera,A Bagai,A van der Merwe,0,0,"",""
ball,2,15.1,Canada,A Bagai,R Gunasekera,GH Dockrell,0,0,"",""
ball,2,15.2,Canada,A Bagai,R Gunasekera,GH Dockrell,0,0,"",""
ball,2,15.3,Canada,A Bagai,R Gunasekera,GH Dockrell,0,0,"",""
ball,2,15.4,Canada,A Bagai,R Gunasekera,GH Dockrell,0,0,"",""
ball,2,15.5,Canada,A Bagai,R Gunasekera,GH Dockrell,0,0,"",""
ball,2,15.6,Canada,A Bagai,R Gunasekera,GH Dockrell,0,0,"",""
ball,2,16.1,Canada,R Gunasekera,A Bagai,A van der Merwe,1,0,"",""
ball,2,16.2,Canada,A Bagai,R Gunasekera,A van der Merwe,1,0,"",""
ball,2,16.3,Canada,R Gunasekera,A Bagai,A van der Merwe,0,0,"",""
ball,2,16.4,Canada,R Gunasekera,A Bagai,A van der Merwe,1,0,"",""
ball,2,16.5,Canada,A Bagai,R Gunasekera,A van der Merwe,1,0,"",""
ball,2,16.6,Canada,R Gunasekera,A Bagai,A van der Merwe,0,0,"",""
ball,2,17.1,Canada,A Bagai,R Gunasekera,GH Dockrell,1,0,"",""
ball,2,17.2,Canada,R Gunasekera,A Bagai,GH Dockrell,0,0,"",""
ball,2,17.3,Canada,R Gunasekera,A Bagai,GH Dockrell,0,0,"",""
ball,2,17.4,Canada,R Gunasekera,A Bagai,GH Dockrell,4,0,"",""
ball,2,17.5,Canada,R Gunasekera,A Bagai,GH Dockrell,1,0,"",""
ball,2,17.6,Canada,A Bagai,R Gunasekera,GH Dockrell,0,0,"",""
ball,2,18.1,Canada,R Gunasekera,A Bagai,A van der Merwe,1,0,"",""
ball,2,18.2,Canada,A Bagai,R Gunasekera,A van der Merwe,1,0,"",""
ball,2,18.3,Canada,R Gunasekera,A Bagai,A van der Merwe,1,0,"",""
ball,2,18.4,Canada,A Bagai,R Gunasekera,A van der Merwe,0,0,"",""
ball,2,18.5,Canada,A Bagai,R Gunasekera,A van der Merwe,0,0,"",""
ball,2,18.6,Canada,A Bagai,R Gunasekera,A van der Merwe,0,0,"",""
ball,2,19.1,Canada,R Gunasekera,A Bagai,AR White,1,0,"",""
ball,2,19.2,Canada,A Bagai,R Gunasekera,AR White,1,0,"",""
ball,2,19.3,Canada,R Gunasekera,A Bagai,AR White,0,0,"",""
ball,2,19.4,Canada,R Gunasekera,A Bagai,AR White,2,0,"",""
ball,2,19.5,Canada,R Gunasekera,A Bagai,AR White,0,0,"",""
ball,2,19.6,Canada,R Gunasekera,A Bagai,AR White,1,0,"",""
ball,2,20.1,Canada,R Gunasekera,A Bagai,A van der Merwe,2,0,"",""
ball,2,20.2,Canada,R Gunasekera,A Bagai,A van der Merwe,1,0,"",""
ball,2,20.3,Canada,A Bagai,R Gunasekera,A van der Merwe,4,0,"",""
ball,2,20.4,Canada,A Bagai,R Gunasekera,A van der Merwe,2,0,"",""
ball,2,20.5,Canada,A Bagai,R Gunasekera,A van der Merwe,0,0,"",""
ball,2,20.6,Canada,A Bagai,R Gunasekera,A van der Merwe,1,0,"",""
ball,2,21.1,Canada,A Bagai,R Gunasekera,GH Dockrell,1,0,"",""
ball,2,21.2,Canada,R Gunasekera,A Bagai,GH Dockrell,2,0,"",""
ball,2,21.3,Canada,R Gunasekera,A Bagai,GH Dockrell,1,0,"",""
ball,2,21.4,Canada,A Bagai,R Gunasekera,GH Dockrell,4,0,"",""
ball,2,21.5,Canada,A Bagai,R Gunasekera,GH Dockrell,0,2,"",""
ball,2,21.6,Canada,R Gunasekera,A Bagai,GH Dockrell,1,0,"",""
ball,2,21.7,Canada,A Bagai,R Gunasekera,GH Dockrell,0,0,"",""
ball,2,22.1,Canada,R Gunasekera,A Bagai,AC Botha,0,0,"",""
ball,2,22.2,Canada,R Gunasekera,A Bagai,AC Botha,0,0,"",""
ball,2,22.3,Canada,R Gunasekera,A Bagai,AC Botha,1,0,"",""
ball,2,22.4,Canada,A Bagai,R Gunasekera,AC Botha,1,0,"",""
ball,2,22.5,Canada,R Gunasekera,A Bagai,AC Botha,4,0,"",""
ball,2,22.6,Canada,R Gunasekera,A Bagai,AC Botha,0,0,"",""
ball,2,23.1,Canada,A Bagai,R Gunasekera,GH Dockrell,0,0,"",""
ball,2,23.2,Canada,A Bagai,R Gunasekera,GH Dockrell,0,0,"",""
ball,2,23.3,Canada,A Bagai,R Gunasekera,GH Dockrell,0,0,"",""
ball,2,23.4,Canada,A Bagai,R Gunasekera,GH Dockrell,0,0,"",""
ball,2,23.5,Canada,A Bagai,R Gunasekera,GH Dockrell,1,0,"",""
ball,2,23.6,Canada,R Gunasekera,A Bagai,GH Dockrell,1,0,"",""
ball,2,24.1,Canada,R Gunasekera,A Bagai,AC Botha,0,0,"",""
ball,2,24.2,Canada,R Gunasekera,A Bagai,AC Botha,0,0,"",""
ball,2,24.3,Canada,R Gunasekera,A Bagai,AC Botha,1,0,"",""
ball,2,24.4,Canada,A Bagai,R Gunasekera,AC Botha,4,0,"",""
ball,2,24.5,Canada,A Bagai,R Gunasekera,AC Botha,2,0,"",""
ball,2,24.6,Canada,A Bagai,R Gunasekera,AC Botha,1,0,"",""
ball,2,25.1,Canada,A Bagai,R Gunasekera,GH Dockrell,1,0,"",""
ball,2,25.2,Canada,R Gunasekera,A Bagai,GH Dockrell,1,0,"",""
ball,2,25.3,Canada,A Bagai,R Gunasekera,GH Dockrell,0,0,"",""
ball,2,25.4,Canada,A Bagai,R Gunasekera,GH Dockrell,0,0,"",""
ball,2,25.5,Canada,A Bagai,R Gunasekera,GH Dockrell,0,0,"",""
ball,2,25.6,Canada,A Bagai,R Gunasekera,GH Dockrell,0,0,"",""
ball,2,26.1,Canada,R Gunasekera,A Bagai,AC Botha,2,0,"",""
ball,2,26.2,Canada,R Gunasekera,A Bagai,AC Botha,0,0,"",""
ball,2,26.3,Canada,R Gunasekera,A Bagai,AC Botha,1,0,"",""
ball,2,26.4,Canada,A Bagai,R Gunasekera,AC Botha,4,0,"",""
ball,2,26.5,Canada,A Bagai,R Gunasekera,AC Botha,4,0,"",""
ball,2,26.6,Canada,A Bagai,R Gunasekera,AC Botha,1,0,"",""
ball,2,27.1,Canada,A Bagai,R Gunasekera,KJ O'Brien,1,0,"",""
ball,2,27.2,Canada,R Gunasekera,A Bagai,KJ O'Brien,4,0,"",""
ball,2,27.3,Canada,R Gunasekera,A Bagai,KJ O'Brien,1,0,"",""
ball,2,27.4,Canada,A Bagai,R Gunasekera,KJ O'Brien,1,0,"",""
ball,2,27.5,Canada,R Gunasekera,A Bagai,KJ O'Brien,1,0,"",""
ball,2,27.6,Canada,A Bagai,R Gunasekera,KJ O'Brien,4,0,"",""
ball,2,28.1,Canada,R Gunasekera,A Bagai,AC Botha,0,0,"",""
ball,2,28.2,Canada,R Gunasekera,A Bagai,AC Botha,0,0,"",""
ball,2,28.3,Canada,R Gunasekera,A Bagai,AC Botha,4,0,"",""
ball,2,28.4,Canada,R Gunasekera,A Bagai,AC Botha,0,0,"",""
ball,2,28.5,Canada,R Gunasekera,A Bagai,AC Botha,1,0,"",""
ball,2,28.6,Canada,A Bagai,R Gunasekera,AC Botha,4,0,"",""
ball,2,29.1,Canada,R Gunasekera,A Bagai,KJ O'Brien,0,0,"",""
ball,2,29.2,Canada,R Gunasekera,A Bagai,KJ O'Brien,4,0,"",""
ball,2,29.3,Canada,R Gunasekera,A Bagai,KJ O'Brien,0,0,"",""
ball,2,29.4,Canada,R Gunasekera,A Bagai,KJ O'Brien,0,0,"",""
ball,2,29.5,Canada,R Gunasekera,A Bagai,KJ O'Brien,0,0,"",""
ball,2,29.6,Canada,R Gunasekera,A Bagai,KJ O'Brien,1,0,"",""
ball,2,30.1,Canada,R Gunasekera,A Bagai,DT Johnston,0,0,"",""
ball,2,30.2,Canada,R Gunasekera,A Bagai,DT Johnston,1,0,"",""
ball,2,30.3,Canada,A Bagai,R Gunasekera,DT Johnston,0,0,"",""
ball,2,30.4,Canada,A Bagai,R Gunasekera,DT Johnston,1,0,"",""
ball,2,30.5,Canada,R Gunasekera,A Bagai,DT Johnston,0,1,"",""
ball,2,30.6,Canada,A Bagai,R Gunasekera,DT Johnston,1,0,"",""
ball,2,31.1,Canada,A Bagai,R Gunasekera,KJ O'Brien,1,0,"",""
ball,2,31.2,Canada,R Gunasekera,A Bagai,KJ O'Brien,0,0,caught,R Gunasekera
ball,2,31.3,Canada,ZE Surkari,A Bagai,KJ O'Brien,0,0,"",""
ball,2,31.4,Canada,ZE Surkari,A Bagai,KJ O'Brien,0,0,"",""
ball,2,31.5,Canada,ZE Surkari,A Bagai,KJ O'Brien,0,0,"",""
ball,2,31.6,Canada,ZE Surkari,A Bagai,KJ O'Brien,0,3,"",""
ball,2,31.7,Canada,ZE Surkari,A Bagai,KJ O'Brien,2,0,"",""
ball,2,32.1,Canada,A Bagai,ZE Surkari,DT Johnston,0,0,"",""
ball,2,32.2,Canada,A Bagai,ZE Surkari,DT Johnston,0,0,caught,A Bagai
ball,2,32.3,Canada,AS Hansra,ZE Surkari,DT Johnston,0,0,"",""
ball,2,32.4,Canada,AS Hansra,ZE Surkari,DT Johnston,0,1,"",""
ball,2,32.5,Canada,ZE Surkari,AS Hansra,DT Johnston,1,0,"",""
ball,2,32.6,Canada,AS Hansra,ZE Surkari,DT Johnston,1,0,"",""
