version,1.3.0
info,team,Ireland
info,team,Netherlands
info,gender,male
info,season,2010
info,date,2010/08/18
info,series,Netherlands in Ireland ODI Series
info,match_number,2
info,venue,Clontarf Cricket Club Ground
info,city,Dublin
info,toss_winner,Netherlands
info,toss_decision,bat
info,umpire,NG Bagh
info,umpire,JD Cloete
info,reserve_umpire,TC Magee
info,match_referee,D Govindjee
info,winner,Ireland
info,winner_wickets,9
ball,1,0.1,Netherlands,ES Szwarczynski,TJ Heggelman,KJ O'Brien,0,0,"",""
ball,1,0.2,Netherlands,ES Szwarczynski,TJ Heggelman,KJ O'Brien,0,1,"",""
ball,1,0.3,Netherlands,ES Szwarczynski,TJ Heggelman,KJ O'Brien,2,0,"",""
ball,1,0.4,Netherlands,ES Szwarczynski,TJ Heggelman,KJ O'Brien,0,0,"",""
ball,1,0.5,Netherlands,ES Szwarczynski,TJ Heggelman,KJ O'Brien,0,0,"",""
ball,1,0.6,Netherlands,ES Szwarczynski,TJ Heggelman,KJ O'Brien,0,0,"",""
ball,1,0.7,Netherlands,ES Szwarczynski,TJ Heggelman,KJ O'Brien,0,0,"",""
ball,1,1.1,Netherlands,TJ Heggelman,ES Szwarczynski,DT Johnston,1,0,"",""
ball,1,1.2,Netherlands,ES Szwarczynski,TJ Heggelman,DT Johnston,0,0,caught,ES Szwarczynski
ball,1,1.3,Netherlands,TLW Cooper,TJ Heggelman,DT Johnston,0,0,"",""
ball,1,1.4,Netherlands,TLW Cooper,TJ Heggelman,DT Johnston,0,0,"",""
ball,1,1.5,Netherlands,TLW Cooper,TJ Heggelman,DT Johnston,0,0,"",""
ball,1,1.6,Netherlands,TLW Cooper,TJ Heggelman,DT Johnston,0,0,"",""
ball,1,2.1,Netherlands,TJ Heggelman,TLW Cooper,KJ O'Brien,0,0,"",""
ball,1,2.2,Netherlands,TJ Heggelman,TLW Cooper,KJ O'Brien,0,0,"",""
ball,1,2.3,Netherlands,TJ Heggelman,TLW Cooper,KJ O'Brien,0,0,"",""
ball,1,2.4,Netherlands,TJ Heggelman,TLW Cooper,KJ O'Brien,0,4,"",""
ball,1,2.5,Netherlands,TJ Heggelman,TLW Cooper,KJ O'Brien,0,0,"",""
ball,1,2.6,Netherlands,TJ Heggelman,TLW Cooper,KJ O'Brien,0,0,"",""
ball,1,3.1,Netherlands,TLW Cooper,TJ Heggelman,DT Johnston,4,0,"",""
ball,1,3.2,Netherlands,TLW Cooper,TJ Heggelman,DT Johnston,0,0,"",""
ball,1,3.3,Netherlands,TLW Cooper,TJ Heggelman,DT Johnston,0,0,"",""
ball,1,3.4,Netherlands,TLW Cooper,TJ Heggelman,DT Johnston,4,0,"",""
ball,1,3.5,Netherlands,TLW Cooper,TJ Heggelman,DT Johnston,0,0,"",""
ball,1,3.6,Netherlands,TLW Cooper,TJ Heggelman,DT Johnston,0,0,"",""
ball,1,4.1,Netherlands,TJ Heggelman,TLW Cooper,KJ O'Brien,0,1,"",""
ball,1,4.2,Netherlands,TLW Cooper,TJ Heggelman,KJ O'Brien,2,0,"",""
ball,1,4.3,Netherlands,TLW Cooper,TJ Heggelman,KJ O'Brien,0,0,"",""
ball,1,4.4,Netherlands,TLW Cooper,TJ Heggelman,KJ O'Brien,0,0,"",""
ball,1,4.5,Netherlands,TLW Cooper,TJ Heggelman,KJ O'Brien,0,0,"",""
ball,1,4.6,Netherlands,TLW Cooper,TJ Heggelman,KJ O'Brien,0,0,"",""
ball,1,5.1,Netherlands,TJ Heggelman,TLW Cooper,DT Johnston,0,0,caught,TJ Heggelman
ball,1,5.2,Netherlands,W Barresi,TLW Cooper,DT Johnston,0,0,"",""
ball,1,5.3,Netherlands,W Barresi,TLW Cooper,DT Johnston,0,0,"",""
ball,1,5.4,Netherlands,W Barresi,TLW Cooper,DT Johnston,1,0,"",""
ball,1,5.5,Netherlands,TLW Cooper,W Barresi,DT Johnston,2,0,"",""
ball,1,5.6,Netherlands,TLW Cooper,W Barresi,DT Johnston,4,0,"",""
ball,1,6.1,Netherlands,W Barresi,TLW Cooper,KJ O'Brien,0,0,"",""
ball,1,6.2,Netherlands,W Barresi,TLW Cooper,KJ O'Brien,0,0,"",""
ball,1,6.3,Netherlands,W Barresi,TLW Cooper,KJ O'Brien,0,0,"",""
ball,1,6.4,Netherlands,W Barresi,TLW Cooper,KJ O'Brien,0,0,"",""
ball,1,6.5,Netherlands,W Barresi,TLW Cooper,KJ O'Brien,0,0,"",""
ball,1,6.6,Netherlands,W Barresi,TLW Cooper,KJ O'Brien,0,0,"",""
ball,1,7.1,Netherlands,TLW Cooper,W Barresi,DT Johnston,0,0,"",""
ball,1,7.2,Netherlands,TLW Cooper,W Barresi,DT Johnston,0,0,"",""
ball,1,7.3,Netherlands,TLW Cooper,W Barresi,DT Johnston,0,0,"",""
ball,1,7.4,Netherlands,TLW Cooper,W Barresi,DT Johnston,0,0,"",""
ball,1,7.5,Netherlands,TLW Cooper,W Barresi,DT Johnston,0,0,"",""
ball,1,7.6,Netherlands,TLW Cooper,W Barresi,DT Johnston,0,0,"",""
ball,1,8.1,Netherlands,W Barresi,TLW Cooper,KJ O'Brien,0,0,"",""
ball,1,8.2,Netherlands,W Barresi,TLW Cooper,KJ O'Brien,1,0,"",""
ball,1,8.3,Netherlands,TLW Cooper,W Barresi,KJ O'Brien,0,0,"",""
ball,1,8.4,Netherlands,TLW Cooper,W Barresi,KJ O'Brien,0,0,"",""
ball,1,8.5,Netherlands,TLW Cooper,W Barresi,KJ O'Brien,0,0,"",""
ball,1,8.6,Netherlands,TLW Cooper,W Barresi,KJ O'Brien,4,0,"",""
ball,1,9.1,Netherlands,W Barresi,TLW Cooper,DT Johnston,0,0,"",""
ball,1,9.2,Netherlands,W Barresi,TLW Cooper,DT Johnston,0,0,"",""
ball,1,9.3,Netherlands,W Barresi,TLW Cooper,DT Johnston,0,0,"",""
ball,1,9.4,Netherlands,W Barresi,TLW Cooper,DT Johnston,0,0,"",""
ball,1,9.5,Netherlands,W Barresi,TLW Cooper,DT Johnston,0,0,"",""
ball,1,9.6,Netherlands,W Barresi,TLW Cooper,DT Johnston,3,0,"",""
ball,1,10.1,Netherlands,W Barresi,TLW Cooper,KJ O'Brien,0,0,"",""
ball,1,10.2,Netherlands,W Barresi,TLW Cooper,KJ O'Brien,0,0,"",""
ball,1,10.3,Netherlands,W Barresi,TLW Cooper,KJ O'Brien,1,0,"",""
ball,1,10.4,Netherlands,TLW Cooper,W Barresi,KJ O'Brien,4,0,"",""
ball,1,10.5,Netherlands,TLW Cooper,W Barresi,KJ O'Brien,1,0,"",""
ball,1,10.6,Netherlands,W Barresi,TLW Cooper,KJ O'Brien,0,0,"",""
ball,1,11.1,Netherlands,TLW Cooper,W Barresi,DT Johnston,0,0,"",""
ball,1,11.2,Netherlands,TLW Cooper,W Barresi,DT Johnston,0,0,"",""
ball,1,11.3,Netherlands,TLW Cooper,W Barresi,DT Johnston,0,0,"",""
ball,1,11.4,Netherlands,TLW Cooper,W Barresi,DT Johnston,0,0,"",""
ball,1,11.5,Netherlands,TLW Cooper,W Barresi,DT Johnston,0,0,"",""
ball,1,11.6,Netherlands,TLW Cooper,W Barresi,DT Johnston,0,0,"",""
ball,1,12.1,Netherlands,W Barresi,TLW Cooper,NG Jones,0,0,"",""
ball,1,12.2,Netherlands,W Barresi,TLW Cooper,NG Jones,0,0,"",""
ball,1,12.3,Netherlands,W Barresi,TLW Cooper,NG Jones,0,0,"",""
ball,1,12.4,Netherlands,W Barresi,TLW Cooper,NG Jones,0,0,lbw,W Barresi
ball,1,12.5,Netherlands,B Zuiderent,TLW Cooper,NG Jones,0,0,"",""
ball,1,12.6,Netherlands,B Zuiderent,TLW Cooper,NG Jones,0,0,bowled,B Zuiderent
ball,1,13.1,Netherlands,TLW Cooper,PW Borren,JF Mooney,0,0,"",""
ball,1,13.2,Netherlands,TLW Cooper,PW Borren,JF Mooney,0,0,"",""
ball,1,13.3,Netherlands,TLW Cooper,PW Borren,JF Mooney,0,0,caught,TLW Cooper
ball,1,13.4,Netherlands,Mudassar Bukhari,PW Borren,JF Mooney,1,0,"",""
ball,1,13.5,Netherlands,PW Borren,Mudassar Bukhari,JF Mooney,0,0,"",""
ball,1,13.6,Netherlands,PW Borren,Mudassar Bukhari,JF Mooney,0,0,"",""
ball,1,14.1,Netherlands,Mudassar Bukhari,PW Borren,NG Jones,0,0,"",""
ball,1,14.2,Netherlands,Mudassar Bukhari,PW Borren,NG Jones,0,0,"",""
ball,1,14.3,Netherlands,Mudassar Bukhari,PW Borren,NG Jones,1,0,"",""
ball,1,14.4,Netherlands,PW Borren,Mudassar Bukhari,NG Jones,0,0,"",""
ball,1,14.5,Netherlands,PW Borren,Mudassar Bukhari,NG Jones,0,0,"",""
ball,1,14.6,Netherlands,PW Borren,Mudassar Bukhari,NG Jones,1,0,"",""
ball,1,15.1,Netherlands,PW Borren,Mudassar Bukhari,JF Mooney,0,0,"",""
ball,1,15.2,Netherlands,PW Borren,Mudassar Bukhari,JF Mooney,0,0,"",""
ball,1,15.3,Netherlands,PW Borren,Mudassar Bukhari,JF Mooney,1,0,"",""
ball,1,15.4,Netherlands,Mudassar Bukhari,PW Borren,JF Mooney,1,0,"",""
ball,1,15.5,Netherlands,PW Borren,Mudassar Bukhari,JF Mooney,4,0,"",""
ball,1,15.6,Netherlands,PW Borren,Mudassar Bukhari,JF Mooney,0,0,"",""
ball,1,16.1,Netherlands,Mudassar Bukhari,PW Borren,NG Jones,0,1,"",""
ball,1,16.2,Netherlands,PW Borren,Mudassar Bukhari,NG Jones,1,0,"",""
ball,1,16.3,Netherlands,Mudassar Bukhari,PW Borren,NG Jones,0,0,"",""
ball,1,16.4,Netherlands,Mudassar Bukhari,PW Borren,NG Jones,0,0,"",""
ball,1,16.5,Netherlands,Mudassar Bukhari,PW Borren,NG Jones,0,0,"",""
ball,1,16.6,Netherlands,Mudassar Bukhari,PW Borren,NG Jones,0,0,"",""
ball,1,17.1,Netherlands,PW Borren,Mudassar Bukhari,JF Mooney,0,0,"",""
ball,1,17.2,Netherlands,PW Borren,Mudassar Bukhari,JF Mooney,0,0,"",""
ball,1,17.3,Netherlands,PW Borren,Mudassar Bukhari,JF Mooney,0,0,"",""
ball,1,17.4,Netherlands,PW Borren,Mudassar Bukhari,JF Mooney,0,0,"",""
ball,1,17.5,Netherlands,PW Borren,Mudassar Bukhari,JF Mooney,0,0,"",""
ball,1,17.6,Netherlands,PW Borren,Mudassar Bukhari,JF Mooney,0,0,"",""
ball,1,18.1,Netherlands,Mudassar Bukhari,PW Borren,NG Jones,0,0,"",""
ball,1,18.2,Netherlands,Mudassar Bukhari,PW Borren,NG Jones,0,0,"",""
ball,1,18.3,Netherlands,Mudassar Bukhari,PW Borren,NG Jones,0,0,"",""
ball,1,18.4,Netherlands,Mudassar Bukhari,PW Borren,NG Jones,0,0,"",""
ball,1,18.5,Netherlands,Mudassar Bukhari,PW Borren,NG Jones,1,0,"",""
ball,1,18.6,Netherlands,PW Borren,Mudassar Bukhari,NG Jones,2,0,"",""
ball,1,19.1,Netherlands,Mudassar Bukhari,PW Borren,JF Mooney,0,0,"",""
ball,1,19.2,Netherlands,Mudassar Bukhari,PW Borren,JF Mooney,0,0,"",""
ball,1,19.3,Netherlands,Mudassar Bukhari,PW Borren,JF Mooney,0,0,"",""
ball,1,19.4,Netherlands,Mudassar Bukhari,PW Borren,JF Mooney,0,0,"",""
ball,1,19.5,Netherlands,Mudassar Bukhari,PW Borren,JF Mooney,1,0,"",""
ball,1,19.6,Netherlands,PW Borren,Mudassar Bukhari,JF Mooney,0,0,"",""
ball,1,20.1,Netherlands,Mudassar Bukhari,PW Borren,NG Jones,1,0,"",""
ball,1,20.2,Netherlands,PW Borren,Mudassar Bukhari,NG Jones,0,0,"",""
ball,1,20.3,Netherlands,PW Borren,Mudassar Bukhari,NG Jones,1,0,"",""
ball,1,20.4,Netherlands,Mudassar Bukhari,PW Borren,NG Jones,0,0,"",""
ball,1,20.5,Netherlands,Mudassar Bukhari,PW Borren,NG Jones,0,0,"",""
ball,1,20.6,Netherlands,Mudassar Bukhari,PW Borren,NG Jones,0,0,"",""
ball,1,21.1,Netherlands,PW Borren,Mudassar Bukhari,JF Mooney,0,0,bowled,PW Borren
ball,1,21.2,Netherlands,PM Seelaar,Mudassar Bukhari,JF Mooney,0,0,"",""
ball,1,21.3,Netherlands,PM Seelaar,Mudassar Bukhari,JF Mooney,0,0,"",""
ball,1,21.4,Netherlands,PM Seelaar,Mudassar Bukhari,JF Mooney,0,0,"",""
ball,1,21.5,Netherlands,PM Seelaar,Mudassar Bukhari,JF Mooney,1,0,"",""
ball,1,21.6,Netherlands,Mudassar Bukhari,PM Seelaar,JF Mooney,0,0,"",""
ball,1,22.1,Netherlands,PM Seelaar,Mudassar Bukhari,NG Jones,1,0,"",""
ball,1,22.2,Netherlands,Mudassar Bukhari,PM Seelaar,NG Jones,0,0,"",""
ball,1,22.3,Netherlands,Mudassar Bukhari,PM Seelaar,NG Jones,1,0,run out,Mudassar Bukhari
ball,1,22.4,Netherlands,PM Seelaar,MMA Jonkman,NG Jones,0,0,"",""
ball,1,22.5,Netherlands,PM Seelaar,MMA Jonkman,NG Jones,1,0,"",""
ball,1,22.6,Netherlands,MMA Jonkman,PM Seelaar,NG Jones,0,0,"",""
ball,1,23.1,Netherlands,PM Seelaar,MMA Jonkman,JF Mooney,0,0,"",""
ball,1,23.2,Netherlands,PM Seelaar,MMA Jonkman,JF Mooney,1,0,"",""
ball,1,23.3,Netherlands,MMA Jonkman,PM Seelaar,JF Mooney,0,0,"",""
ball,1,23.4,Netherlands,MMA Jonkman,PM Seelaar,JF Mooney,1,0,"",""
ball,1,23.5,Netherlands,PM Seelaar,MMA Jonkman,JF Mooney,0,0,"",""
ball,1,23.6,Netherlands,PM Seelaar,MMA Jonkman,JF Mooney,0,0,"",""
ball,1,24.1,Netherlands,MMA Jonkman,PM Seelaar,NG Jones,0,0,"",""
ball,1,24.2,Netherlands,MMA Jonkman,PM Seelaar,NG Jones,0,1,"",""
ball,1,24.3,Netherlands,MMA Jonkman,PM Seelaar,NG Jones,0,0,"",""
ball,1,24.4,Netherlands,MMA Jonkman,PM Seelaar,NG Jones,0,0,"",""
ball,1,24.5,Netherlands,MMA Jonkman,PM Seelaar,NG Jones,1,0,"",""
ball,1,24.6,Netherlands,PM Seelaar,MMA Jonkman,NG Jones,4,0,"",""
ball,1,24.7,Netherlands,PM Seelaar,MMA Jonkman,NG Jones,0,0,"",""
ball,1,25.1,Netherlands,MMA Jonkman,PM Seelaar,JF Mooney,0,0,"",""
ball,1,25.2,Netherlands,MMA Jonkman,PM Seelaar,JF Mooney,0,0,"",""
ball,1,25.3,Netherlands,MMA Jonkman,PM Seelaar,JF Mooney,0,0,"",""
ball,1,25.4,Netherlands,MMA Jonkman,PM Seelaar,JF Mooney,0,0,"",""
ball,1,25.5,Netherlands,MMA Jonkman,PM Seelaar,JF Mooney,1,0,"",""
ball,1,25.6,Netherlands,PM Seelaar,MMA Jonkman,JF Mooney,4,0,"",""
ball,1,26.1,Netherlands,MMA Jonkman,PM Seelaar,NG Jones,0,0,"",""
ball,1,26.2,Netherlands,MMA Jonkman,PM Seelaar,NG Jones,0,0,"",""
ball,1,26.3,Netherlands,MMA Jonkman,PM Seelaar,NG Jones,0,1,"",""
ball,1,26.4,Netherlands,PM Seelaar,MMA Jonkman,NG Jones,0,0,"",""
ball,1,26.5,Netherlands,PM Seelaar,MMA Jonkman,NG Jones,0,0,"",""
ball,1,26.6,Netherlands,PM Seelaar,MMA Jonkman,NG Jones,0,0,"",""
ball,1,27.1,Netherlands,MMA Jonkman,PM Seelaar,JF Mooney,0,0,"",""
ball,1,27.2,Netherlands,MMA Jonkman,PM Seelaar,JF Mooney,0,0,"",""
ball,1,27.3,Netherlands,MMA Jonkman,PM Seelaar,JF Mooney,0,0,"",""
ball,1,27.4,Netherlands,MMA Jonkman,PM Seelaar,JF Mooney,0,0,"",""
ball,1,27.5,Netherlands,MMA Jonkman,PM Seelaar,JF Mooney,0,0,"",""
ball,1,27.6,Netherlands,MMA Jonkman,PM Seelaar,JF Mooney,0,0,"",""
ball,1,28.1,Netherlands,PM Seelaar,MMA Jonkman,NG Jones,0,0,"",""
ball,1,28.2,Netherlands,PM Seelaar,MMA Jonkman,NG Jones,0,0,"",""
ball,1,28.3,Netherlands,PM Seelaar,MMA Jonkman,NG Jones,0,0,"",""
ball,1,28.4,Netherlands,PM Seelaar,MMA Jonkman,NG Jones,0,0,"",""
ball,1,28.5,Netherlands,PM Seelaar,MMA Jonkman,NG Jones,1,0,"",""
ball,1,28.6,Netherlands,MMA Jonkman,PM Seelaar,NG Jones,0,0,"",""
ball,1,29.1,Netherlands,PM Seelaar,MMA Jonkman,A van der Merwe,4,0,"",""
ball,1,29.2,Netherlands,PM Seelaar,MMA Jonkman,A van der Merwe,0,0,"",""
ball,1,29.3,Netherlands,PM Seelaar,MMA Jonkman,A van der Merwe,1,0,"",""
ball,1,29.4,Netherlands,MMA Jonkman,PM Seelaar,A van der Merwe,4,0,"",""
ball,1,29.5,Netherlands,MMA Jonkman,PM Seelaar,A van der Merwe,0,0,"",""
ball,1,29.6,Netherlands,MMA Jonkman,PM Seelaar,A van der Merwe,0,0,"",""
ball,1,30.1,Netherlands,PM Seelaar,MMA Jonkman,NG Jones,0,4,"",""
ball,1,30.2,Netherlands,PM Seelaar,MMA Jonkman,NG Jones,0,0,"",""
ball,1,30.3,Netherlands,PM Seelaar,MMA Jonkman,NG Jones,0,0,"",""
ball,1,30.4,Netherlands,PM Seelaar,MMA Jonkman,NG Jones,0,0,"",""
ball,1,30.5,Netherlands,PM Seelaar,MMA Jonkman,NG Jones,1,0,"",""
ball,1,30.6,Netherlands,MMA Jonkman,PM Seelaar,NG Jones,1,0,"",""
ball,1,31.1,Netherlands,MMA Jonkman,PM Seelaar,A van der Merwe,1,0,"",""
ball,1,31.2,Netherlands,PM Seelaar,MMA Jonkman,A van der Merwe,0,0,"",""
ball,1,31.3,Netherlands,PM Seelaar,MMA Jonkman,A van der Merwe,0,0,"",""
ball,1,31.4,Netherlands,PM Seelaar,MMA Jonkman,A van der Merwe,0,0,"",""
ball,1,31.5,Netherlands,PM Seelaar,MMA Jonkman,A van der Merwe,0,0,"",""
ball,1,31.6,Netherlands,PM Seelaar,MMA Jonkman,A van der Merwe,0,0,"",""
ball,1,32.1,Netherlands,MMA Jonkman,PM Seelaar,GH Dockrell,0,0,"",""
ball,1,32.2,Netherlands,MMA Jonkman,PM Seelaar,GH Dockrell,0,0,"",""
ball,1,32.3,Netherlands,MMA Jonkman,PM Seelaar,GH Dockrell,0,0,"",""
ball,1,32.4,Netherlands,MMA Jonkman,PM Seelaar,GH Dockrell,0,0,"",""
ball,1,32.5,Netherlands,MMA Jonkman,PM Seelaar,GH Dockrell,4,0,"",""
ball,1,32.6,Netherlands,MMA Jonkman,PM Seelaar,GH Dockrell,0,0,"",""
ball,1,33.1,Netherlands,PM Seelaar,MMA Jonkman,A van der Merwe,1,0,"",""
ball,1,33.2,Netherlands,MMA Jonkman,PM Seelaar,A van der Merwe,0,0,"",""
ball,1,33.3,Netherlands,MMA Jonkman,PM Seelaar,A van der Merwe,0,0,"",""
ball,1,33.4,Netherlands,MMA Jonkman,PM Seelaar,A van der Merwe,0,0,"",""
ball,1,33.5,Netherlands,MMA Jonkman,PM Seelaar,A van der Merwe,0,0,lbw,MMA Jonkman
ball,1,33.6,Netherlands,Adeel Raja,PM Seelaar,A van der Merwe,0,0,"",""
ball,1,34.1,Netherlands,PM Seelaar,Adeel Raja,GH Dockrell,1,0,"",""
ball,1,34.2,Netherlands,Adeel Raja,PM Seelaar,GH Dockrell,0,0,"",""
ball,1,34.3,Netherlands,Adeel Raja,PM Seelaar,GH Dockrell,0,0,"",""
ball,1,34.4,Netherlands,Adeel Raja,PM Seelaar,GH Dockrell,0,0,"",""
ball,1,34.5,Netherlands,Adeel Raja,PM Seelaar,GH Dockrell,0,0,"",""
ball,1,34.6,Netherlands,Adeel Raja,PM Seelaar,GH Dockrell,0,0,"",""
ball,1,35.1,Netherlands,PM Seelaar,Adeel Raja,A van der Merwe,0,0,"",""
ball,1,35.2,Netherlands,PM Seelaar,Adeel Raja,A van der Merwe,1,0,"",""
ball,1,35.3,Netherlands,Adeel Raja,PM Seelaar,A van der Merwe,0,0,"",""
ball,1,35.4,Netherlands,Adeel Raja,PM Seelaar,A van der Merwe,0,0,"",""
ball,1,35.5,Netherlands,Adeel Raja,PM Seelaar,A van der Merwe,0,0,"",""
ball,1,35.6,Netherlands,Adeel Raja,PM Seelaar,A van der Merwe,0,0,"",""
ball,1,36.1,Netherlands,PM Seelaar,Adeel Raja,GH Dockrell,0,0,"",""
ball,1,36.2,Netherlands,PM Seelaar,Adeel Raja,GH Dockrell,0,0,"",""
ball,1,36.3,Netherlands,PM Seelaar,Adeel Raja,GH Dockrell,0,0,"",""
ball,1,36.4,Netherlands,PM Seelaar,Adeel Raja,GH Dockrell,0,0,"",""
ball,1,36.5,Netherlands,PM Seelaar,Adeel Raja,GH Dockrell,0,0,"",""
ball,1,36.6,Netherlands,PM Seelaar,Adeel Raja,GH Dockrell,0,2,"",""
ball,1,36.7,Netherlands,Adeel Raja,PM Seelaar,GH Dockrell,0,0,"",""
ball,1,37.1,Netherlands,PM Seelaar,Adeel Raja,A van der Merwe,4,0,"",""
ball,1,37.2,Netherlands,PM Seelaar,Adeel Raja,A van der Merwe,1,0,"",""
ball,1,37.3,Netherlands,Adeel Raja,PM Seelaar,A van der Merwe,0,0,"",""
ball,1,37.4,Netherlands,Adeel Raja,PM Seelaar,A van der Merwe,0,0,"",""
ball,1,37.5,Netherlands,Adeel Raja,PM Seelaar,A van der Merwe,0,0,"",""
ball,1,37.6,Netherlands,Adeel Raja,PM Seelaar,A van der Merwe,0,0,"",""
ball,1,38.1,Netherlands,PM Seelaar,Adeel Raja,GH Dockrell,0,0,"",""
ball,1,38.2,Netherlands,PM Seelaar,Adeel Raja,GH Dockrell,0,0,"",""
ball,1,38.3,Netherlands,PM Seelaar,Adeel Raja,GH Dockrell,0,0,"",""
ball,1,38.4,Netherlands,PM Seelaar,Adeel Raja,GH Dockrell,0,0,"",""
ball,1,38.5,Netherlands,PM Seelaar,Adeel Raja,GH Dockrell,0,0,"",""
ball,1,38.6,Netherlands,PM Seelaar,Adeel Raja,GH Dockrell,0,0,"",""
ball,1,39.1,Netherlands,Adeel Raja,PM Seelaar,A van der Merwe,0,0,"",""
ball,1,39.2,Netherlands,Adeel Raja,PM Seelaar,A van der Merwe,0,0,"",""
ball,1,39.3,Netherlands,Adeel Raja,PM Seelaar,A van der Merwe,0,0,"",""
ball,1,39.4,Netherlands,Adeel Raja,PM Seelaar,A van der Merwe,0,0,"",""
ball,1,39.5,Netherlands,Adeel Raja,PM Seelaar,A van der Merwe,0,0,"",""
ball,1,39.6,Netherlands,Adeel Raja,PM Seelaar,A van der Merwe,0,0,"",""
ball,1,40.1,Netherlands,PM Seelaar,Adeel Raja,GH Dockrell,0,0,"",""
ball,1,40.2,Netherlands,PM Seelaar,Adeel Raja,GH Dockrell,0,0,"",""
ball,1,40.3,Netherlands,PM Seelaar,Adeel Raja,GH Dockrell,0,0,"",""
ball,1,40.4,Netherlands,PM Seelaar,Adeel Raja,GH Dockrell,1,0,"",""
ball,1,40.5,Netherlands,Adeel Raja,PM Seelaar,GH Dockrell,0,0,"",""
ball,1,40.6,Netherlands,Adeel Raja,PM Seelaar,GH Dockrell,1,0,"",""
ball,1,41.1,Netherlands,Adeel Raja,PM Seelaar,A van der Merwe,0,0,"",""
ball,1,41.2,Netherlands,Adeel Raja,PM Seelaar,A van der Merwe,1,0,"",""
ball,1,41.3,Netherlands,PM Seelaar,Adeel Raja,A van der Merwe,0,0,"",""
ball,1,41.4,Netherlands,PM Seelaar,Adeel Raja,A van der Merwe,4,0,"",""
ball,1,41.5,Netherlands,PM Seelaar,Adeel Raja,A van der Merwe,1,0,"",""
ball,1,41.6,Netherlands,Adeel Raja,PM Seelaar,A van der Merwe,0,0,"",""
ball,1,42.1,Netherlands,PM Seelaar,Adeel Raja,GH Dockrell,1,0,"",""
ball,1,42.2,Netherlands,Adeel Raja,PM Seelaar,GH Dockrell,0,0,"",""
ball,1,42.3,Netherlands,Adeel Raja,PM Seelaar,GH Dockrell,0,0,"",""
ball,1,42.4,Netherlands,Adeel Raja,PM Seelaar,GH Dockrell,0,0,"",""
ball,1,42.5,Netherlands,Adeel Raja,PM Seelaar,GH Dockrell,0,0,"",""
ball,1,42.6,Netherlands,Adeel Raja,PM Seelaar,GH Dockrell,0,0,"",""
ball,1,43.1,Netherlands,PM Seelaar,Adeel Raja,AR White,0,0,"",""
ball,1,43.2,Netherlands,PM Seelaar,Adeel Raja,AR White,0,0,caught and bowled,PM Seelaar
ball,1,43.3,Netherlands,BP Loots,Adeel Raja,AR White,0,0,"",""
ball,1,43.4,Netherlands,BP Loots,Adeel Raja,AR White,0,0,"",""
ball,1,43.5,Netherlands,BP Loots,Adeel Raja,AR White,0,0,"",""
ball,1,43.6,Netherlands,BP Loots,Adeel Raja,AR White,0,0,"",""
ball,1,44.1,Netherlands,Adeel Raja,BP Loots,GH Dockrell,0,0,"",""
ball,1,44.2,Netherlands,Adeel Raja,BP Loots,GH Dockrell,0,0,"",""
ball,1,44.3,Netherlands,Adeel Raja,BP Loots,GH Dockrell,1,0,"",""
ball,1,44.4,Netherlands,BP Loots,Adeel Raja,GH Dockrell,0,0,"",""
ball,1,44.5,Netherlands,BP Loots,Adeel Raja,GH Dockrell,6,0,"",""
ball,1,44.6,Netherlands,BP Loots,Adeel Raja,GH Dockrell,0,0,"",""
ball,1,45.1,Netherlands,Adeel Raja,BP Loots,AR White,0,0,"",""
ball,1,45.2,Netherlands,Adeel Raja,BP Loots,AR White,0,0,"",""
ball,1,45.3,Netherlands,Adeel Raja,BP Loots,AR White,0,0,"",""
ball,1,45.4,Netherlands,Adeel Raja,BP Loots,AR White,0,0,"",""
ball,1,45.5,Netherlands,Adeel Raja,BP Loots,AR White,0,0,"",""
ball,1,45.6,Netherlands,Adeel Raja,BP Loots,AR White,0,0,"",""
ball,1,46.1,Netherlands,BP Loots,Adeel Raja,GH Dockrell,0,0,"",""
ball,1,46.2,Netherlands,BP Loots,Adeel Raja,GH Dockrell,2,0,"",""
ball,1,46.3,Netherlands,BP Loots,Adeel Raja,GH Dockrell,0,0,"",""
ball,1,46.4,Netherlands,BP Loots,Adeel Raja,GH Dockrell,1,0,"",""
ball,1,46.5,Netherlands,Adeel Raja,BP Loots,GH Dockrell,0,0,"",""
ball,1,46.6,Netherlands,Adeel Raja,BP Loots,GH Dockrell,0,0,"",""
ball,1,47.1,Netherlands,BP Loots,Adeel Raja,AR White,0,0,"",""
ball,1,47.2,Netherlands,BP Loots,Adeel Raja,AR White,0,0,run out,Adeel Raja
ball,2,0.1,Ireland,GC Wilson,PR Stirling,Mudassar Bukhari,0,0,"",""
ball,2,0.2,Ireland,GC Wilson,PR Stirling,Mudassar Bukhari,0,0,"",""
ball,2,0.3,Ireland,GC Wilson,PR Stirling,Mudassar Bukhari,1,0,"",""
ball,2,0.4,Ireland,PR Stirling,GC Wilson,Mudassar Bukhari,0,0,"",""
ball,2,0.5,Ireland,PR Stirling,GC Wilson,Mudassar Bukhari,0,0,"",""
ball,2,0.6,Ireland,PR Stirling,GC Wilson,Mudassar Bukhari,0,0,"",""
ball,2,1.1,Ireland,GC Wilson,PR Stirling,BP Loots,0,0,"",""
ball,2,1.2,Ireland,GC Wilson,PR Stirling,BP Loots,4,0,"",""
ball,2,1.3,Ireland,GC Wilson,PR Stirling,BP Loots,0,0,"",""
ball,2,1.4,Ireland,GC Wilson,PR Stirling,BP Loots,0,0,"",""
ball,2,1.5,Ireland,GC Wilson,PR Stirling,BP Loots,0,0,"",""
ball,2,1.6,Ireland,GC Wilson,PR Stirling,BP Loots,0,0,"",""
ball,2,2.1,Ireland,PR Stirling,GC Wilson,Mudassar Bukhari,0,0,"",""
ball,2,2.2,Ireland,PR Stirling,GC Wilson,Mudassar Bukhari,0,1,"",""
ball,2,2.3,Ireland,GC Wilson,PR Stirling,Mudassar Bukhari,0,0,"",""
ball,2,2.4,Ireland,GC Wilson,PR Stirling,Mudassar Bukhari,0,0,"",""
ball,2,2.5,Ireland,GC Wilson,PR Stirling,Mudassar Bukhari,0,0,"",""
ball,2,2.6,Ireland,GC Wilson,PR Stirling,Mudassar Bukhari,0,0,"",""
ball,2,3.1,Ireland,PR Stirling,GC Wilson,BP Loots,0,0,"",""
ball,2,3.2,Ireland,PR Stirling,GC Wilson,BP Loots,0,0,"",""
ball,2,3.3,Ireland,PR Stirling,GC Wilson,BP Loots,1,0,"",""
ball,2,3.4,Ireland,GC Wilson,PR Stirling,BP Loots,1,0,"",""
ball,2,3.5,Ireland,PR Stirling,GC Wilson,BP Loots,4,0,"",""
ball,2,3.6,Ireland,PR Stirling,GC Wilson,BP Loots,0,0,"",""
ball,2,4.1,Ireland,GC Wilson,PR Stirling,Mudassar Bukhari,2,0,"",""
ball,2,4.2,Ireland,GC Wilson,PR Stirling,Mudassar Bukhari,0,0,"",""
ball,2,4.3,Ireland,GC Wilson,PR Stirling,Mudassar Bukhari,1,0,"",""
ball,2,4.4,Ireland,PR Stirling,GC Wilson,Mudassar Bukhari,4,0,"",""
ball,2,4.5,Ireland,PR Stirling,GC Wilson,Mudassar Bukhari,4,0,"",""
ball,2,4.6,Ireland,PR Stirling,GC Wilson,Mudassar Bukhari,1,0,"",""
ball,2,5.1,Ireland,PR Stirling,GC Wilson,BP Loots,0,0,"",""
ball,2,5.2,Ireland,PR Stirling,GC Wilson,BP Loots,4,0,"",""
ball,2,5.3,Ireland,PR Stirling,GC Wilson,BP Loots,0,0,"",""
ball,2,5.4,Ireland,PR Stirling,GC Wilson,BP Loots,4,0,"",""
ball,2,5.5,Ireland,PR Stirling,GC Wilson,BP Loots,0,0,"",""
ball,2,5.6,Ireland,PR Stirling,GC Wilson,BP Loots,1,0,"",""
ball,2,6.1,Ireland,PR Stirling,GC Wilson,Mudassar Bukhari,1,0,"",""
ball,2,6.2,Ireland,GC Wilson,PR Stirling,Mudassar Bukhari,0,0,"",""
ball,2,6.3,Ireland,GC Wilson,PR Stirling,Mudassar Bukhari,0,0,"",""
ball,2,6.4,Ireland,GC Wilson,PR Stirling,Mudassar Bukhari,0,0,"",""
ball,2,6.5,Ireland,GC Wilson,PR Stirling,Mudassar Bukhari,2,0,"",""
ball,2,6.6,Ireland,GC Wilson,PR Stirling,Mudassar Bukhari,2,0,"",""
ball,2,7.1,Ireland,PR Stirling,GC Wilson,PW Borren,0,0,"",""
ball,2,7.2,Ireland,PR Stirling,GC Wilson,PW Borren,0,0,"",""
ball,2,7.3,Ireland,PR Stirling,GC Wilson,PW Borren,0,0,"",""
ball,2,7.4,Ireland,PR Stirling,GC Wilson,PW Borren,6,0,"",""
ball,2,7.5,Ireland,PR Stirling,GC Wilson,PW Borren,1,0,"",""
ball,2,7.6,Ireland,GC Wilson,PR Stirling,PW Borren,0,0,"",""
ball,2,8.1,Ireland,PR Stirling,GC Wilson,Adeel Raja,6,0,"",""
ball,2,8.2,Ireland,PR Stirling,GC Wilson,Adeel Raja,6,0,"",""
ball,2,8.3,Ireland,PR Stirling,GC Wilson,Adeel Raja,6,0,"",""
ball,2,8.4,Ireland,PR Stirling,GC Wilson,Adeel Raja,1,0,"",""
ball,2,8.5,Ireland,GC Wilson,PR Stirling,Adeel Raja,1,0,"",""
ball,2,8.6,Ireland,PR Stirling,GC Wilson,Adeel Raja,6,0,"",""
ball,2,9.1,Ireland,GC Wilson,PR Stirling,PW Borren,4,0,"",""
ball,2,9.2,Ireland,GC Wilson,PR Stirling,PW Borren,0,0,"",""
ball,2,9.3,Ireland,GC Wilson,PR Stirling,PW Borren,4,0,"",""
ball,2,9.4,Ireland,GC Wilson,PR Stirling,PW Borren,0,0,"",""
ball,2,9.5,Ireland,GC Wilson,PR Stirling,PW Borren,0,0,"",""
ball,2,9.6,Ireland,GC Wilson,PR Stirling,PW Borren,0,0,"",""
ball,2,10.1,Ireland,PR Stirling,GC Wilson,MMA Jonkman,0,0,"",""
ball,2,10.2,Ireland,PR Stirling,GC Wilson,MMA Jonkman,2,0,"",""
ball,2,10.3,Ireland,PR Stirling,GC Wilson,MMA Jonkman,0,0,"",""
ball,2,10.4,Ireland,PR Stirling,GC Wilson,MMA Jonkman,0,0,"",""
ball,2,10.5,Ireland,PR Stirling,GC Wilson,MMA Jonkman,4,0,"",""
ball,2,10.6,Ireland,PR Stirling,GC Wilson,MMA Jonkman,0,0,lbw,PR Stirling
ball,2,11.1,Ireland,GC Wilson,AR Cusack,PM Seelaar,0,0,"",""
ball,2,11.2,Ireland,GC Wilson,AR Cusack,PM Seelaar,0,0,"",""
ball,2,11.3,Ireland,GC Wilson,AR Cusack,PM Seelaar,4,0,"",""
ball,2,11.4,Ireland,GC Wilson,AR Cusack,PM Seelaar,6,0,"",""
ball,2,11.5,Ireland,GC Wilson,AR Cusack,PM Seelaar,0,0,"",""
ball,2,11.6,Ireland,GC Wilson,AR Cusack,PM Seelaar,1,0,"",""
ball,2,12.1,Ireland,GC Wilson,AR Cusack,MMA Jonkman,0,0,"",""
ball,2,12.2,Ireland,GC Wilson,AR Cusack,MMA Jonkman,1,0,"",""
ball,2,12.3,Ireland,AR Cusack,GC Wilson,MMA Jonkman,0,1,"",""
ball,2,12.4,Ireland,AR Cusack,GC Wilson,MMA Jonkman,0,0,"",""
ball,2,12.5,Ireland,AR Cusack,GC Wilson,MMA Jonkman,2,0,"",""
ball,2,12.6,Ireland,AR Cusack,GC Wilson,MMA Jonkman,0,0,"",""
ball,2,12.7,Ireland,AR Cusack,GC Wilson,MMA Jonkman,0,1,"",""
ball,2,12.8,Ireland,AR Cusack,GC Wilson,MMA Jonkman,0,0,"",""
ball,2,13.1,Ireland,GC Wilson,AR Cusack,PM Seelaar,1,0,"",""
ball,2,13.2,Ireland,AR Cusack,GC Wilson,PM Seelaar,0,0,"",""
ball,2,13.3,Ireland,AR Cusack,GC Wilson,PM Seelaar,0,0,"",""
ball,2,13.4,Ireland,AR Cusack,GC Wilson,PM Seelaar,1,0,"",""
ball,2,13.5,Ireland,GC Wilson,AR Cusack,PM Seelaar,1,0,"",""
ball,2,13.6,Ireland,AR Cusack,GC Wilson,PM Seelaar,1,0,"",""
ball,2,14.1,Ireland,AR Cusack,GC Wilson,MMA Jonkman,0,0,"",""
ball,2,14.2,Ireland,AR Cusack,GC Wilson,MMA Jonkman,0,0,"",""
ball,2,14.3,Ireland,AR Cusack,GC Wilson,MMA Jonkman,0,0,"",""
ball,2,14.4,Ireland,AR Cusack,GC Wilson,MMA Jonkman,0,0,"",""
ball,2,14.5,Ireland,AR Cusack,GC Wilson,MMA Jonkman,1,0,"",""
ball,2,14.6,Ireland,GC Wilson,AR Cusack,MMA Jonkman,0,0,"",""
ball,2,15.1,Ireland,AR Cusack,GC Wilson,PM Seelaar,0,0,"",""
ball,2,15.2,Ireland,AR Cusack,GC Wilson,PM Seelaar,0,0,"",""
ball,2,15.3,Ireland,AR Cusack,GC Wilson,PM Seelaar,0,0,"",""
ball,2,15.4,Ireland,AR Cusack,GC Wilson,PM Seelaar,0,0,"",""
ball,2,15.5,Ireland,AR Cusack,GC Wilson,PM Seelaar,0,0,"",""
ball,2,15.6,Ireland,AR Cusack,GC Wilson,PM Seelaar,1,0,"",""
ball,2,16.1,Ireland,AR Cusack,GC Wilson,MMA Jonkman,1,0,"",""
ball,2,16.2,Ireland,GC Wilson,AR Cusack,MMA Jonkman,4,0,"",""
ball,2,16.3,Ireland,GC Wilson,AR Cusack,MMA Jonkman,0,0,"",""
ball,2,16.4,Ireland,GC Wilson,AR Cusack,MMA Jonkman,1,0,"",""
ball,2,16.5,Ireland,AR Cusack,GC Wilson,MMA Jonkman,3,0,"",""
ball,2,16.6,Ireland,GC Wilson,AR Cusack,MMA Jonkman,0,0,"",""
ball,2,17.1,Ireland,AR Cusack,GC Wilson,PM Seelaar,0,0,"",""
ball,2,17.2,Ireland,AR Cusack,GC Wilson,PM Seelaar,1,0,"",""
ball,2,17.3,Ireland,GC Wilson,AR Cusack,PM Seelaar,1,0,"",""
ball,2,17.4,Ireland,AR Cusack,GC Wilson,PM Seelaar,0,0,"",""
ball,2,17.5,Ireland,AR Cusack,GC Wilson,PM Seelaar,4,0,"",""
ball,2,17.6,Ireland,AR Cusack,GC Wilson,PM Seelaar,0,0,"",""
ball,2,18.1,Ireland,GC Wilson,AR Cusack,TLW Cooper,1,0,"",""
ball,2,18.2,Ireland,AR Cusack,GC Wilson,TLW Cooper,0,0,"",""
ball,2,18.3,Ireland,AR Cusack,GC Wilson,TLW Cooper,0,0,"",""
ball,2,18.4,Ireland,AR Cusack,GC Wilson,TLW Cooper,0,0,"",""
ball,2,18.5,Ireland,AR Cusack,GC Wilson,TLW Cooper,0,1,"",""
ball,2,18.6,Ireland,AR Cusack,GC Wilson,TLW Cooper,0,0,"",""
ball,2,18.7,Ireland,AR Cusack,GC Wilson,TLW Cooper,0,0,"",""
ball,2,19.1,Ireland,GC Wilson,AR Cusack,PM Seelaar,0,0,"",""
ball,2,19.2,Ireland,GC Wilson,AR Cusack,PM Seelaar,0,0,"",""
ball,2,19.3,Ireland,GC Wilson,AR Cusack,PM Seelaar,1,0,"",""
ball,2,19.4,Ireland,AR Cusack,GC Wilson,PM Seelaar,0,0,"",""
ball,2,19.5,Ireland,AR Cusack,GC Wilson,PM Seelaar,0,0,"",""
ball,2,19.6,Ireland,AR Cusack,GC Wilson,PM Seelaar,0,0,"",""
ball,2,20.1,Ireland,GC Wilson,AR Cusack,TLW Cooper,0,0,"",""
ball,2,20.2,Ireland,GC Wilson,AR Cusack,TLW Cooper,0,0,"",""
ball,2,20.3,Ireland,GC Wilson,AR Cusack,TLW Cooper,4,0,"",""
