version,1.3.0
info,team,New Zealand
info,team,Pakistan
info,gender,male
info,season,2010/11
info,date,2011/02/05
info,series,Pakistan in New Zealand ODI Series
info,match_number,6
info,venue,Eden Park
info,city,Auckland
info,toss_winner,Pakistan
info,toss_decision,field
info,player_of_match,JD Ryder
info,umpire,SJ Davis
info,umpire,AL Hill
info,reserve_umpire,WR Knights
info,tv_umpire,BF Bowden
info,match_referee,AG Hurst
info,winner,New Zealand
info,winner_runs,57
ball,1,0.1,New Zealand,MJ Guptill,BB McCullum,Shoaib Akhtar,0,1,"",""
ball,1,0.2,New Zealand,MJ Guptill,BB McCullum,Shoaib Akhtar,0,0,"",""
ball,1,0.3,New Zealand,MJ Guptill,BB McCullum,Shoaib Akhtar,1,0,"",""
ball,1,0.4,New Zealand,BB McCullum,MJ Guptill,Shoaib Akhtar,0,0,"",""
ball,1,0.5,New Zealand,BB McCullum,MJ Guptill,Shoaib Akhtar,4,0,"",""
ball,1,0.6,New Zealand,BB McCullum,MJ Guptill,Shoaib Akhtar,0,0,"",""
ball,1,0.7,New Zealand,BB McCullum,MJ Guptill,Shoaib Akhtar,0,0,"",""
ball,1,1.1,New Zealand,MJ Guptill,BB McCullum,Sohail Tanvir,0,1,"",""
ball,1,1.2,New Zealand,MJ Guptill,BB McCullum,Sohail Tanvir,1,0,"",""
ball,1,1.3,New Zealand,BB McCullum,MJ Guptill,Sohail Tanvir,2,0,"",""
ball,1,1.4,New Zealand,BB McCullum,MJ Guptill,Sohail Tanvir,0,0,"",""
ball,1,1.5,New Zealand,BB McCullum,MJ Guptill,Sohail Tanvir,0,0,"",""
ball,1,1.6,New Zealand,BB McCullum,MJ Guptill,Sohail Tanvir,0,0,"",""
ball,1,1.7,New Zealand,BB McCullum,MJ Guptill,Sohail Tanvir,0,0,"",""
ball,1,2.1,New Zealand,MJ Guptill,BB McCullum,Shoaib Akhtar,0,0,"",""
ball,1,2.2,New Zealand,MJ Guptill,BB McCullum,Shoaib Akhtar,0,0,"",""
ball,1,2.3,New Zealand,MJ Guptill,BB McCullum,Shoaib Akhtar,0,0,"",""
ball,1,2.4,New Zealand,MJ Guptill,BB McCullum,Shoaib Akhtar,0,0,"",""
ball,1,2.5,New Zealand,MJ Guptill,BB McCullum,Shoaib Akhtar,0,0,"",""
ball,1,2.6,New Zealand,MJ Guptill,BB McCullum,Shoaib Akhtar,0,0,"",""
ball,1,3.1,New Zealand,BB McCullum,MJ Guptill,Sohail Tanvir,0,0,"",""
ball,1,3.2,New Zealand,BB McCullum,MJ Guptill,Sohail Tanvir,0,1,"",""
ball,1,3.3,New Zealand,BB McCullum,MJ Guptill,Sohail Tanvir,0,0,"",""
ball,1,3.4,New Zealand,BB McCullum,MJ Guptill,Sohail Tanvir,6,0,"",""
ball,1,3.5,New Zealand,BB McCullum,MJ Guptill,Sohail Tanvir,0,1,"",""
ball,1,3.6,New Zealand,BB McCullum,MJ Guptill,Sohail Tanvir,0,0,caught,BB McCullum
ball,1,3.7,New Zealand,JD Ryder,MJ Guptill,Sohail Tanvir,0,1,"",""
ball,1,3.8,New Zealand,JD Ryder,MJ Guptill,Sohail Tanvir,1,0,"",""
ball,1,3.9,New Zealand,MJ Guptill,JD Ryder,Sohail Tanvir,0,0,"",""
ball,1,4.1,New Zealand,JD Ryder,MJ Guptill,Shoaib Akhtar,0,0,"",""
ball,1,4.2,New Zealand,JD Ryder,MJ Guptill,Shoaib Akhtar,0,1,"",""
ball,1,4.3,New Zealand,MJ Guptill,JD Ryder,Shoaib Akhtar,0,0,"",""
ball,1,4.4,New Zealand,MJ Guptill,JD Ryder,Shoaib Akhtar,0,0,"",""
ball,1,4.5,New Zealand,MJ Guptill,JD Ryder,Shoaib Akhtar,4,0,"",""
ball,1,4.6,New Zealand,MJ Guptill,JD Ryder,Shoaib Akhtar,0,0,"",""
ball,1,5.1,New Zealand,JD Ryder,MJ Guptill,Sohail Tanvir,0,0,"",""
ball,1,5.2,New Zealand,JD Ryder,MJ Guptill,Sohail Tanvir,4,0,"",""
ball,1,5.3,New Zealand,JD Ryder,MJ Guptill,Sohail Tanvir,0,0,"",""
ball,1,5.4,New Zealand,JD Ryder,MJ Guptill,Sohail Tanvir,0,0,"",""
ball,1,5.5,New Zealand,JD Ryder,MJ Guptill,Sohail Tanvir,0,0,"",""
ball,1,5.6,New Zealand,JD Ryder,MJ Guptill,Sohail Tanvir,0,0,"",""
ball,1,6.1,New Zealand,MJ Guptill,JD Ryder,Shoaib Akhtar,0,0,"",""
ball,1,6.2,New Zealand,MJ Guptill,JD Ryder,Shoaib Akhtar,0,0,"",""
ball,1,6.3,New Zealand,MJ Guptill,JD Ryder,Shoaib Akhtar,2,0,"",""
ball,1,6.4,New Zealand,MJ Guptill,JD Ryder,Shoaib Akhtar,1,0,"",""
ball,1,6.5,New Zealand,JD Ryder,MJ Guptill,Shoaib Akhtar,0,0,"",""
ball,1,6.6,New Zealand,JD Ryder,MJ Guptill,Shoaib Akhtar,2,0,"",""
ball,1,7.1,New Zealand,MJ Guptill,JD Ryder,Sohail Tanvir,0,0,"",""
ball,1,7.2,New Zealand,MJ Guptill,JD Ryder,Sohail Tanvir,1,0,"",""
ball,1,7.3,New Zealand,JD Ryder,MJ Guptill,Sohail Tanvir,4,0,"",""
ball,1,7.4,New Zealand,JD Ryder,MJ Guptill,Sohail Tanvir,2,0,"",""
ball,1,7.5,New Zealand,JD Ryder,MJ Guptill,Sohail Tanvir,0,0,"",""
ball,1,7.6,New Zealand,JD Ryder,MJ Guptill,Sohail Tanvir,0,0,"",""
ball,1,8.1,New Zealand,MJ Guptill,JD Ryder,Shoaib Akhtar,0,0,"",""
ball,1,8.2,New Zealand,MJ Guptill,JD Ryder,Shoaib Akhtar,0,0,"",""
ball,1,8.3,New Zealand,MJ Guptill,JD Ryder,Shoaib Akhtar,4,0,"",""
ball,1,8.4,New Zealand,MJ Guptill,JD Ryder,Shoaib Akhtar,4,0,"",""
ball,1,8.5,New Zealand,MJ Guptill,JD Ryder,Shoaib Akhtar,1,0,"",""
ball,1,8.6,New Zealand,JD Ryder,MJ Guptill,Shoaib Akhtar,1,0,"",""
ball,1,9.1,New Zealand,JD Ryder,MJ Guptill,Sohail Tanvir,6,0,"",""
ball,1,9.2,New Zealand,JD Ryder,MJ Guptill,Sohail Tanvir,2,0,"",""
ball,1,9.3,New Zealand,JD Ryder,MJ Guptill,Sohail Tanvir,6,0,"",""
ball,1,9.4,New Zealand,JD Ryder,MJ Guptill,Sohail Tanvir,0,0,"",""
ball,1,9.5,New Zealand,JD Ryder,MJ Guptill,Sohail Tanvir,6,0,"",""
ball,1,9.6,New Zealand,JD Ryder,MJ Guptill,Sohail Tanvir,1,0,"",""
ball,1,10.1,New Zealand,JD Ryder,MJ Guptill,Umar Gul,0,0,"",""
ball,1,10.2,New Zealand,JD Ryder,MJ Guptill,Umar Gul,0,0,"",""
ball,1,10.3,New Zealand,JD Ryder,MJ Guptill,Umar Gul,1,0,"",""
ball,1,10.4,New Zealand,MJ Guptill,JD Ryder,Umar Gul,0,0,"",""
ball,1,10.5,New Zealand,MJ Guptill,JD Ryder,Umar Gul,0,0,"",""
ball,1,10.6,New Zealand,MJ Guptill,JD Ryder,Umar Gul,1,0,"",""
ball,1,11.1,New Zealand,MJ Guptill,JD Ryder,Mohammad Hafeez,0,0,"",""
ball,1,11.2,New Zealand,MJ Guptill,JD Ryder,Mohammad Hafeez,1,0,"",""
ball,1,11.3,New Zealand,JD Ryder,MJ Guptill,Mohammad Hafeez,0,0,"",""
ball,1,11.4,New Zealand,JD Ryder,MJ Guptill,Mohammad Hafeez,0,0,"",""
ball,1,11.5,New Zealand,JD Ryder,MJ Guptill,Mohammad Hafeez,4,0,"",""
ball,1,11.6,New Zealand,JD Ryder,MJ Guptill,Mohammad Hafeez,6,0,"",""
ball,1,12.1,New Zealand,MJ Guptill,JD Ryder,Umar Gul,0,0,"",""
ball,1,12.2,New Zealand,MJ Guptill,JD Ryder,Umar Gul,0,0,"",""
ball,1,12.3,New Zealand,MJ Guptill,JD Ryder,Umar Gul,0,0,"",""
ball,1,12.4,New Zealand,MJ Guptill,JD Ryder,Umar Gul,1,0,"",""
ball,1,12.5,New Zealand,JD Ryder,MJ Guptill,Umar Gul,1,0,"",""
ball,1,12.6,New Zealand,MJ Guptill,JD Ryder,Umar Gul,0,0,"",""
ball,1,13.1,New Zealand,JD Ryder,MJ Guptill,Shahid Afridi,0,0,"",""
ball,1,13.2,New Zealand,JD Ryder,MJ Guptill,Shahid Afridi,1,0,"",""
ball,1,13.3,New Zealand,MJ Guptill,JD Ryder,Shahid Afridi,0,0,"",""
ball,1,13.4,New Zealand,MJ Guptill,JD Ryder,Shahid Afridi,0,0,"",""
ball,1,13.5,New Zealand,MJ Guptill,JD Ryder,Shahid Afridi,0,0,"",""
ball,1,13.6,New Zealand,MJ Guptill,JD Ryder,Shahid Afridi,0,0,"",""
ball,1,14.1,New Zealand,JD Ryder,MJ Guptill,Umar Gul,0,0,"",""
ball,1,14.2,New Zealand,JD Ryder,MJ Guptill,Umar Gul,4,0,"",""
ball,1,14.3,New Zealand,JD Ryder,MJ Guptill,Umar Gul,4,0,"",""
ball,1,14.4,New Zealand,JD Ryder,MJ Guptill,Umar Gul,0,0,"",""
ball,1,14.5,New Zealand,JD Ryder,MJ Guptill,Umar Gul,6,0,"",""
ball,1,14.6,New Zealand,JD Ryder,MJ Guptill,Umar Gul,0,0,"",""
ball,1,15.1,New Zealand,MJ Guptill,JD Ryder,Shahid Afridi,0,0,"",""
ball,1,15.2,New Zealand,MJ Guptill,JD Ryder,Shahid Afridi,6,0,"",""
ball,1,15.3,New Zealand,MJ Guptill,JD Ryder,Shahid Afridi,0,0,"",""
ball,1,15.4,New Zealand,MJ Guptill,JD Ryder,Shahid Afridi,0,0,"",""
ball,1,15.5,New Zealand,MJ Guptill,JD Ryder,Shahid Afridi,1,0,"",""
ball,1,15.6,New Zealand,JD Ryder,MJ Guptill,Shahid Afridi,1,0,"",""
ball,1,16.1,New Zealand,JD Ryder,MJ Guptill,Abdul Razzaq,1,0,"",""
ball,1,16.2,New Zealand,MJ Guptill,JD Ryder,Abdul Razzaq,1,0,"",""
ball,1,16.3,New Zealand,JD Ryder,MJ Guptill,Abdul Razzaq,0,0,"",""
ball,1,16.4,New Zealand,JD Ryder,MJ Guptill,Abdul Razzaq,1,0,"",""
ball,1,16.5,New Zealand,MJ Guptill,JD Ryder,Abdul Razzaq,0,0,"",""
ball,1,16.6,New Zealand,MJ Guptill,JD Ryder,Abdul Razzaq,0,0,"",""
ball,1,17.1,New Zealand,JD Ryder,MJ Guptill,Shahid Afridi,2,0,"",""
ball,1,17.2,New Zealand,JD Ryder,MJ Guptill,Shahid Afridi,1,0,"",""
ball,1,17.3,New Zealand,MJ Guptill,JD Ryder,Shahid Afridi,0,0,"",""
ball,1,17.4,New Zealand,MJ Guptill,JD Ryder,Shahid Afridi,1,0,"",""
ball,1,17.5,New Zealand,JD Ryder,MJ Guptill,Shahid Afridi,1,0,"",""
ball,1,17.6,New Zealand,MJ Guptill,JD Ryder,Shahid Afridi,1,0,"",""
ball,1,18.1,New Zealand,MJ Guptill,JD Ryder,Abdul Razzaq,0,0,"",""
ball,1,18.2,New Zealand,MJ Guptill,JD Ryder,Abdul Razzaq,1,0,"",""
ball,1,18.3,New Zealand,JD Ryder,MJ Guptill,Abdul Razzaq,1,0,"",""
ball,1,18.4,New Zealand,MJ Guptill,JD Ryder,Abdul Razzaq,1,0,"",""
ball,1,18.5,New Zealand,JD Ryder,MJ Guptill,Abdul Razzaq,0,0,"",""
ball,1,18.6,New Zealand,JD Ryder,MJ Guptill,Abdul Razzaq,0,0,"",""
ball,1,19.1,New Zealand,MJ Guptill,JD Ryder,Shahid Afridi,1,0,"",""
ball,1,19.2,New Zealand,JD Ryder,MJ Guptill,Shahid Afridi,1,0,"",""
ball,1,19.3,New Zealand,MJ Guptill,JD Ryder,Shahid Afridi,0,0,"",""
ball,1,19.4,New Zealand,MJ Guptill,JD Ryder,Shahid Afridi,1,0,"",""
ball,1,19.5,New Zealand,JD Ryder,MJ Guptill,Shahid Afridi,1,0,"",""
ball,1,19.6,New Zealand,MJ Guptill,JD Ryder,Shahid Afridi,0,0,"",""
ball,1,20.1,New Zealand,JD Ryder,MJ Guptill,Abdul Razzaq,0,0,"",""
ball,1,20.2,New Zealand,JD Ryder,MJ Guptill,Abdul Razzaq,1,0,"",""
ball,1,20.3,New Zealand,MJ Guptill,JD Ryder,Abdul Razzaq,0,0,"",""
ball,1,20.4,New Zealand,MJ Guptill,JD Ryder,Abdul Razzaq,0,0,"",""
ball,1,20.5,New Zealand,MJ Guptill,JD Ryder,Abdul Razzaq,0,0,"",""
ball,1,20.6,New Zealand,MJ Guptill,JD Ryder,Abdul Razzaq,1,0,"",""
ball,1,21.1,New Zealand,MJ Guptill,JD Ryder,Shahid Afridi,1,0,"",""
ball,1,21.2,New Zealand,JD Ryder,MJ Guptill,Shahid Afridi,0,0,"",""
ball,1,21.3,New Zealand,JD Ryder,MJ Guptill,Shahid Afridi,1,0,"",""
ball,1,21.4,New Zealand,MJ Guptill,JD Ryder,Shahid Afridi,1,0,"",""
ball,1,21.5,New Zealand,JD Ryder,MJ Guptill,Shahid Afridi,1,0,"",""
ball,1,21.6,New Zealand,MJ Guptill,JD Ryder,Shahid Afridi,1,0,"",""
ball,1,22.1,New Zealand,MJ Guptill,JD Ryder,Abdul Razzaq,1,0,"",""
ball,1,22.2,New Zealand,JD Ryder,MJ Guptill,Abdul Razzaq,0,0,"",""
ball,1,22.3,New Zealand,JD Ryder,MJ Guptill,Abdul Razzaq,0,0,"",""
ball,1,22.4,New Zealand,JD Ryder,MJ Guptill,Abdul Razzaq,1,0,"",""
ball,1,22.5,New Zealand,MJ Guptill,JD Ryder,Abdul Razzaq,0,0,"",""
ball,1,22.6,New Zealand,MJ Guptill,JD Ryder,Abdul Razzaq,1,0,"",""
ball,1,23.1,New Zealand,MJ Guptill,JD Ryder,Shahid Afridi,0,0,"",""
ball,1,23.2,New Zealand,MJ Guptill,JD Ryder,Shahid Afridi,1,0,"",""
ball,1,23.3,New Zealand,JD Ryder,MJ Guptill,Shahid Afridi,1,0,"",""
ball,1,23.4,New Zealand,MJ Guptill,JD Ryder,Shahid Afridi,0,0,"",""
ball,1,23.5,New Zealand,MJ Guptill,JD Ryder,Shahid Afridi,0,0,"",""
ball,1,23.6,New Zealand,MJ Guptill,JD Ryder,Shahid Afridi,0,0,"",""
ball,1,24.1,New Zealand,JD Ryder,MJ Guptill,Abdul Razzaq,0,1,"",""
ball,1,24.2,New Zealand,MJ Guptill,JD Ryder,Abdul Razzaq,1,0,"",""
ball,1,24.3,New Zealand,JD Ryder,MJ Guptill,Abdul Razzaq,1,0,"",""
ball,1,24.4,New Zealand,MJ Guptill,JD Ryder,Abdul Razzaq,0,0,"",""
ball,1,24.5,New Zealand,MJ Guptill,JD Ryder,Abdul Razzaq,0,0,caught,MJ Guptill
ball,1,24.6,New Zealand,LRPL Taylor,JD Ryder,Abdul Razzaq,0,0,"",""
ball,1,25.1,New Zealand,JD Ryder,LRPL Taylor,Shahid Afridi,2,0,"",""
ball,1,25.2,New Zealand,JD Ryder,LRPL Taylor,Shahid Afridi,1,0,"",""
ball,1,25.3,New Zealand,LRPL Taylor,JD Ryder,Shahid Afridi,0,0,"",""
ball,1,25.4,New Zealand,LRPL Taylor,JD Ryder,Shahid Afridi,1,0,"",""
ball,1,25.5,New Zealand,JD Ryder,LRPL Taylor,Shahid Afridi,0,0,"",""
ball,1,25.6,New Zealand,JD Ryder,LRPL Taylor,Shahid Afridi,1,0,"",""
ball,1,26.1,New Zealand,JD Ryder,LRPL Taylor,Abdul Razzaq,1,0,"",""
ball,1,26.2,New Zealand,LRPL Taylor,JD Ryder,Abdul Razzaq,0,0,"",""
ball,1,26.3,New Zealand,LRPL Taylor,JD Ryder,Abdul Razzaq,0,0,"",""
ball,1,26.4,New Zealand,LRPL Taylor,JD Ryder,Abdul Razzaq,0,0,"",""
ball,1,26.5,New Zealand,LRPL Taylor,JD Ryder,Abdul Razzaq,1,0,"",""
ball,1,26.6,New Zealand,JD Ryder,LRPL Taylor,Abdul Razzaq,1,0,"",""
ball,1,27.1,New Zealand,JD Ryder,LRPL Taylor,Umar Gul,0,0,"",""
ball,1,27.2,New Zealand,JD Ryder,LRPL Taylor,Umar Gul,0,0,"",""
ball,1,27.3,New Zealand,JD Ryder,LRPL Taylor,Umar Gul,1,0,"",""
ball,1,27.4,New Zealand,LRPL Taylor,JD Ryder,Umar Gul,2,0,"",""
ball,1,27.5,New Zealand,LRPL Taylor,JD Ryder,Umar Gul,1,0,"",""
ball,1,27.6,New Zealand,JD Ryder,LRPL Taylor,Umar Gul,0,0,"",""
ball,1,28.1,New Zealand,LRPL Taylor,JD Ryder,Abdul Razzaq,0,0,caught,LRPL Taylor
ball,1,28.2,New Zealand,JEC Franklin,JD Ryder,Abdul Razzaq,0,0,"",""
ball,1,28.3,New Zealand,JEC Franklin,JD Ryder,Abdul Razzaq,0,0,"",""
ball,1,28.4,New Zealand,JEC Franklin,JD Ryder,Abdul Razzaq,1,0,"",""
ball,1,28.5,New Zealand,JD Ryder,JEC Franklin,Abdul Razzaq,0,0,"",""
ball,1,28.6,New Zealand,JD Ryder,JEC Franklin,Abdul Razzaq,6,0,"",""
ball,1,29.1,New Zealand,JEC Franklin,JD Ryder,Umar Gul,4,0,"",""
ball,1,29.2,New Zealand,JEC Franklin,JD Ryder,Umar Gul,0,1,"",""
ball,1,29.3,New Zealand,JEC Franklin,JD Ryder,Umar Gul,0,0,"",""
ball,1,29.4,New Zealand,JEC Franklin,JD Ryder,Umar Gul,0,0,"",""
ball,1,29.5,New Zealand,JEC Franklin,JD Ryder,Umar Gul,1,0,"",""
ball,1,29.6,New Zealand,JD Ryder,JEC Franklin,Umar Gul,0,0,"",""
ball,1,29.7,New Zealand,JD Ryder,JEC Franklin,Umar Gul,0,0,"",""
ball,1,30.1,New Zealand,JEC Franklin,JD Ryder,Shoaib Akhtar,1,0,"",""
ball,1,30.2,New Zealand,JD Ryder,JEC Franklin,Shoaib Akhtar,4,0,"",""
ball,1,30.3,New Zealand,JD Ryder,JEC Franklin,Shoaib Akhtar,0,0,"",""
ball,1,30.4,New Zealand,JD Ryder,JEC Franklin,Shoaib Akhtar,1,0,"",""
ball,1,30.5,New Zealand,JEC Franklin,JD Ryder,Shoaib Akhtar,0,0,"",""
ball,1,30.6,New Zealand,JEC Franklin,JD Ryder,Shoaib Akhtar,0,0,"",""
ball,1,31.1,New Zealand,JD Ryder,JEC Franklin,Mohammad Hafeez,1,0,"",""
ball,1,31.2,New Zealand,JEC Franklin,JD Ryder,Mohammad Hafeez,0,0,"",""
ball,1,31.3,New Zealand,JEC Franklin,JD Ryder,Mohammad Hafeez,0,0,"",""
ball,1,31.4,New Zealand,JEC Franklin,JD Ryder,Mohammad Hafeez,0,0,"",""
ball,1,31.5,New Zealand,JEC Franklin,JD Ryder,Mohammad Hafeez,1,0,"",""
ball,1,31.6,New Zealand,JD Ryder,JEC Franklin,Mohammad Hafeez,0,0,"",""
ball,1,32.1,New Zealand,JEC Franklin,JD Ryder,Shoaib Akhtar,0,0,"",""
ball,1,32.2,New Zealand,JEC Franklin,JD Ryder,Shoaib Akhtar,0,0,caught,JEC Franklin
ball,1,32.3,New Zealand,SB Styris,JD Ryder,Shoaib Akhtar,1,0,"",""
ball,1,32.4,New Zealand,JD Ryder,SB Styris,Shoaib Akhtar,2,0,"",""
ball,1,32.5,New Zealand,JD Ryder,SB Styris,Shoaib Akhtar,4,0,"",""
ball,1,32.6,New Zealand,JD Ryder,SB Styris,Shoaib Akhtar,0,0,"",""
ball,1,33.1,New Zealand,SB Styris,JD Ryder,Mohammad Hafeez,1,0,"",""
ball,1,33.2,New Zealand,JD Ryder,SB Styris,Mohammad Hafeez,1,0,"",""
ball,1,33.3,New Zealand,SB Styris,JD Ryder,Mohammad Hafeez,1,0,"",""
ball,1,33.4,New Zealand,JD Ryder,SB Styris,Mohammad Hafeez,1,0,"",""
ball,1,33.5,New Zealand,SB Styris,JD Ryder,Mohammad Hafeez,0,0,"",""
ball,1,33.6,New Zealand,SB Styris,JD Ryder,Mohammad Hafeez,0,0,"",""
ball,1,34.1,New Zealand,JD Ryder,SB Styris,Umar Gul,0,0,"",""
ball,1,34.2,New Zealand,JD Ryder,SB Styris,Umar Gul,0,0,"",""
ball,1,34.3,New Zealand,JD Ryder,SB Styris,Umar Gul,0,0,"",""
ball,1,34.4,New Zealand,JD Ryder,SB Styris,Umar Gul,1,0,"",""
ball,1,34.5,New Zealand,SB Styris,JD Ryder,Umar Gul,1,0,"",""
ball,1,34.6,New Zealand,JD Ryder,SB Styris,Umar Gul,0,0,"",""
ball,1,35.1,New Zealand,SB Styris,JD Ryder,Mohammad Hafeez,1,0,"",""
ball,1,35.2,New Zealand,JD Ryder,SB Styris,Mohammad Hafeez,0,0,"",""
ball,1,35.3,New Zealand,JD Ryder,SB Styris,Mohammad Hafeez,1,0,"",""
ball,1,35.4,New Zealand,SB Styris,JD Ryder,Mohammad Hafeez,1,0,"",""
ball,1,35.5,New Zealand,JD Ryder,SB Styris,Mohammad Hafeez,0,0,caught,JD Ryder
ball,1,35.6,New Zealand,SB Styris,NL McCullum,Mohammad Hafeez,0,0,"",""
ball,1,36.1,New Zealand,NL McCullum,SB Styris,Umar Gul,0,0,"",""
ball,1,36.2,New Zealand,NL McCullum,SB Styris,Umar Gul,0,0,"",""
ball,1,36.3,New Zealand,NL McCullum,SB Styris,Umar Gul,1,0,"",""
ball,1,36.4,New Zealand,SB Styris,NL McCullum,Umar Gul,4,0,"",""
ball,1,36.5,New Zealand,SB Styris,NL McCullum,Umar Gul,1,0,"",""
ball,1,36.6,New Zealand,NL McCullum,SB Styris,Umar Gul,0,0,"",""
ball,1,37.1,New Zealand,SB Styris,NL McCullum,Mohammad Hafeez,1,0,"",""
ball,1,37.2,New Zealand,NL McCullum,SB Styris,Mohammad Hafeez,0,0,"",""
ball,1,37.3,New Zealand,NL McCullum,SB Styris,Mohammad Hafeez,1,0,"",""
ball,1,37.4,New Zealand,SB Styris,NL McCullum,Mohammad Hafeez,1,0,"",""
ball,1,37.5,New Zealand,NL McCullum,SB Styris,Mohammad Hafeez,2,0,"",""
ball,1,37.6,New Zealand,NL McCullum,SB Styris,Mohammad Hafeez,0,0,"",""
ball,1,38.1,New Zealand,SB Styris,NL McCullum,Shahid Afridi,1,0,"",""
ball,1,38.2,New Zealand,NL McCullum,SB Styris,Shahid Afridi,0,0,"",""
ball,1,38.3,New Zealand,NL McCullum,SB Styris,Shahid Afridi,0,0,"",""
ball,1,38.4,New Zealand,NL McCullum,SB Styris,Shahid Afridi,0,0,"",""
ball,1,38.5,New Zealand,NL McCullum,SB Styris,Shahid Afridi,0,0,"",""
ball,1,38.6,New Zealand,NL McCullum,SB Styris,Shahid Afridi,0,0,"",""
ball,1,39.1,New Zealand,SB Styris,NL McCullum,Mohammad Hafeez,2,0,"",""
ball,1,39.2,New Zealand,SB Styris,NL McCullum,Mohammad Hafeez,1,0,"",""
ball,1,39.3,New Zealand,NL McCullum,SB Styris,Mohammad Hafeez,1,0,"",""
ball,1,39.4,New Zealand,SB Styris,NL McCullum,Mohammad Hafeez,0,0,"",""
ball,1,39.5,New Zealand,SB Styris,NL McCullum,Mohammad Hafeez,1,0,"",""
ball,1,39.6,New Zealand,NL McCullum,SB Styris,Mohammad Hafeez,0,0,"",""
ball,1,40.1,New Zealand,SB Styris,NL McCullum,Shahid Afridi,0,0,"",""
ball,1,40.2,New Zealand,SB Styris,NL McCullum,Shahid Afridi,4,0,"",""
ball,1,40.3,New Zealand,SB Styris,NL McCullum,Shahid Afridi,0,1,"",""
ball,1,40.4,New Zealand,SB Styris,NL McCullum,Shahid Afridi,1,0,"",""
ball,1,40.5,New Zealand,NL McCullum,SB Styris,Shahid Afridi,0,0,"",""
ball,1,40.6,New Zealand,NL McCullum,SB Styris,Shahid Afridi,0,0,"",""
ball,1,40.7,New Zealand,NL McCullum,SB Styris,Shahid Afridi,0,0,"",""
ball,1,41.1,New Zealand,SB Styris,NL McCullum,Mohammad Hafeez,1,0,"",""
ball,1,41.2,New Zealand,NL McCullum,SB Styris,Mohammad Hafeez,0,0,"",""
ball,1,41.3,New Zealand,NL McCullum,SB Styris,Mohammad Hafeez,0,0,"",""
ball,1,41.4,New Zealand,NL McCullum,SB Styris,Mohammad Hafeez,0,0,"",""
ball,1,41.5,New Zealand,NL McCullum,SB Styris,Mohammad Hafeez,0,0,"",""
ball,1,41.6,New Zealand,NL McCullum,SB Styris,Mohammad Hafeez,1,0,"",""
ball,1,42.1,New Zealand,NL McCullum,SB Styris,Sohail Tanvir,4,0,"",""
ball,1,42.2,New Zealand,NL McCullum,SB Styris,Sohail Tanvir,0,0,"",""
ball,1,42.3,New Zealand,NL McCullum,SB Styris,Sohail Tanvir,0,0,"",""
ball,1,42.4,New Zealand,NL McCullum,SB Styris,Sohail Tanvir,1,0,"",""
ball,1,42.5,New Zealand,SB Styris,NL McCullum,Sohail Tanvir,0,1,"",""
ball,1,42.6,New Zealand,SB Styris,NL McCullum,Sohail Tanvir,0,0,"",""
ball,1,42.7,New Zealand,SB Styris,NL McCullum,Sohail Tanvir,0,0,"",""
ball,1,43.1,New Zealand,NL McCullum,SB Styris,Mohammad Hafeez,0,0,"",""
ball,1,43.2,New Zealand,NL McCullum,SB Styris,Mohammad Hafeez,1,0,"",""
ball,1,43.3,New Zealand,SB Styris,NL McCullum,Mohammad Hafeez,1,0,"",""
ball,1,43.4,New Zealand,NL McCullum,SB Styris,Mohammad Hafeez,2,0,"",""
ball,1,43.5,New Zealand,NL McCullum,SB Styris,Mohammad Hafeez,6,0,"",""
ball,1,43.6,New Zealand,NL McCullum,SB Styris,Mohammad Hafeez,1,0,"",""
ball,1,44.1,New Zealand,NL McCullum,SB Styris,Sohail Tanvir,1,0,"",""
ball,1,44.2,New Zealand,SB Styris,NL McCullum,Sohail Tanvir,4,0,"",""
ball,1,44.3,New Zealand,SB Styris,NL McCullum,Sohail Tanvir,0,0,"",""
ball,1,44.4,New Zealand,SB Styris,NL McCullum,Sohail Tanvir,1,0,"",""
ball,1,44.5,New Zealand,NL McCullum,SB Styris,Sohail Tanvir,1,0,"",""
ball,1,44.6,New Zealand,SB Styris,NL McCullum,Sohail Tanvir,0,0,"",""
ball,1,45.1,New Zealand,NL McCullum,SB Styris,Umar Gul,1,0,"",""
ball,1,45.2,New Zealand,SB Styris,NL McCullum,Umar Gul,0,0,"",""
ball,1,45.3,New Zealand,SB Styris,NL McCullum,Umar Gul,4,0,"",""
ball,1,45.4,New Zealand,SB Styris,NL McCullum,Umar Gul,0,0,"",""
ball,1,45.5,New Zealand,SB Styris,NL McCullum,Umar Gul,1,0,"",""
ball,1,45.6,New Zealand,NL McCullum,SB Styris,Umar Gul,6,0,"",""
ball,1,46.1,New Zealand,SB Styris,NL McCullum,Shahid Afridi,1,0,"",""
ball,1,46.2,New Zealand,NL McCullum,SB Styris,Shahid Afridi,4,0,"",""
ball,1,46.3,New Zealand,NL McCullum,SB Styris,Shahid Afridi,4,0,"",""
ball,1,46.4,New Zealand,NL McCullum,SB Styris,Shahid Afridi,1,0,"",""
ball,1,46.5,New Zealand,SB Styris,NL McCullum,Shahid Afridi,1,0,"",""
ball,1,46.6,New Zealand,NL McCullum,SB Styris,Shahid Afridi,2,0,"",""
ball,1,47.1,New Zealand,SB Styris,NL McCullum,Sohail Tanvir,4,0,"",""
ball,1,47.2,New Zealand,SB Styris,NL McCullum,Sohail Tanvir,6,0,"",""
ball,1,47.3,New Zealand,SB Styris,NL McCullum,Sohail Tanvir,1,0,"",""
ball,1,47.4,New Zealand,NL McCullum,SB Styris,Sohail Tanvir,4,0,"",""
ball,1,47.5,New Zealand,NL McCullum,SB Styris,Sohail Tanvir,4,0,"",""
ball,1,47.6,New Zealand,NL McCullum,SB Styris,Sohail Tanvir,0,0,"",""
ball,1,48.1,New Zealand,SB Styris,NL McCullum,Umar Gul,1,0,"",""
ball,1,48.2,New Zealand,NL McCullum,SB Styris,Umar Gul,0,1,"",""
ball,1,48.3,New Zealand,SB Styris,NL McCullum,Umar Gul,2,0,"",""
ball,1,48.4,New Zealand,SB Styris,NL McCullum,Umar Gul,1,0,"",""
ball,1,48.5,New Zealand,NL McCullum,SB Styris,Umar Gul,4,0,"",""
ball,1,48.6,New Zealand,NL McCullum,SB Styris,Umar Gul,0,1,"",""
ball,1,48.7,New Zealand,NL McCullum,SB Styris,Umar Gul,4,0,"",""
ball,1,49.1,New Zealand,SB Styris,NL McCullum,Mohammad Hafeez,4,0,"",""
ball,1,49.2,New Zealand,SB Styris,NL McCullum,Mohammad Hafeez,1,0,"",""
ball,1,49.3,New Zealand,NL McCullum,SB Styris,Mohammad Hafeez,2,0,"",""
ball,1,49.4,New Zealand,NL McCullum,SB Styris,Mohammad Hafeez,6,0,"",""
ball,1,49.5,New Zealand,NL McCullum,SB Styris,Mohammad Hafeez,0,0,caught,NL McCullum
ball,1,49.6,New Zealand,SB Styris,KD Mills,Mohammad Hafeez,1,0,run out,KD Mills
ball,2,0.1,Pakistan,Mohammad Hafeez,Ahmed Shehzad,KD Mills,1,0,"",""
ball,2,0.2,Pakistan,Ahmed Shehzad,Mohammad Hafeez,KD Mills,0,0,"",""
ball,2,0.3,Pakistan,Ahmed Shehzad,Mohammad Hafeez,KD Mills,0,0,"",""
ball,2,0.4,Pakistan,Ahmed Shehzad,Mohammad Hafeez,KD Mills,0,0,"",""
ball,2,0.5,Pakistan,Ahmed Shehzad,Mohammad Hafeez,KD Mills,1,0,"",""
ball,2,0.6,Pakistan,Mohammad Hafeez,Ahmed Shehzad,KD Mills,0,0,"",""
ball,2,1.1,Pakistan,Ahmed Shehzad,Mohammad Hafeez,TG Southee,0,0,"",""
ball,2,1.2,Pakistan,Ahmed Shehzad,Mohammad Hafeez,TG Southee,0,1,"",""
ball,2,1.3,Pakistan,Ahmed Shehzad,Mohammad Hafeez,TG Southee,4,0,"",""
ball,2,1.4,Pakistan,Ahmed Shehzad,Mohammad Hafeez,TG Southee,1,0,"",""
ball,2,1.5,Pakistan,Mohammad Hafeez,Ahmed Shehzad,TG Southee,0,0,"",""
ball,2,1.6,Pakistan,Mohammad Hafeez,Ahmed Shehzad,TG Southee,4,0,"",""
ball,2,1.7,Pakistan,Mohammad Hafeez,Ahmed Shehzad,TG Southee,2,0,"",""
ball,2,2.1,Pakistan,Ahmed Shehzad,Mohammad Hafeez,KD Mills,0,0,"",""
ball,2,2.2,Pakistan,Ahmed Shehzad,Mohammad Hafeez,KD Mills,0,0,"",""
ball,2,2.3,Pakistan,Ahmed Shehzad,Mohammad Hafeez,KD Mills,0,0,"",""
ball,2,2.4,Pakistan,Ahmed Shehzad,Mohammad Hafeez,KD Mills,0,0,"",""
ball,2,2.5,Pakistan,Ahmed Shehzad,Mohammad Hafeez,KD Mills,0,0,caught,Ahmed Shehzad
ball,2,2.6,Pakistan,Kamran Akmal,Mohammad Hafeez,KD Mills,0,0,"",""
ball,2,3.1,Pakistan,Mohammad Hafeez,Kamran Akmal,TG Southee,4,0,"",""
ball,2,3.2,Pakistan,Mohammad Hafeez,Kamran Akmal,TG Southee,0,0,"",""
ball,2,3.3,Pakistan,Mohammad Hafeez,Kamran Akmal,TG Southee,1,0,"",""
ball,2,3.4,Pakistan,Kamran Akmal,Mohammad Hafeez,TG Southee,0,0,"",""
ball,2,3.5,Pakistan,Kamran Akmal,Mohammad Hafeez,TG Southee,1,0,"",""
ball,2,3.6,Pakistan,Mohammad Hafeez,Kamran Akmal,TG Southee,6,0,"",""
ball,2,4.1,Pakistan,Kamran Akmal,Mohammad Hafeez,KD Mills,0,0,"",""
ball,2,4.2,Pakistan,Kamran Akmal,Mohammad Hafeez,KD Mills,0,0,"",""
ball,2,4.3,Pakistan,Kamran Akmal,Mohammad Hafeez,KD Mills,0,0,"",""
ball,2,4.4,Pakistan,Kamran Akmal,Mohammad Hafeez,KD Mills,1,0,"",""
ball,2,4.5,Pakistan,Mohammad Hafeez,Kamran Akmal,KD Mills,0,0,"",""
ball,2,4.6,Pakistan,Mohammad Hafeez,Kamran Akmal,KD Mills,1,0,"",""
ball,2,5.1,Pakistan,Mohammad Hafeez,Kamran Akmal,HK Bennett,0,1,"",""
ball,2,5.2,Pakistan,Mohammad Hafeez,Kamran Akmal,HK Bennett,0,0,"",""
ball,2,5.3,Pakistan,Mohammad Hafeez,Kamran Akmal,HK Bennett,2,0,"",""
ball,2,5.4,Pakistan,Mohammad Hafeez,Kamran Akmal,HK Bennett,0,0,"",""
ball,2,5.5,Pakistan,Mohammad Hafeez,Kamran Akmal,HK Bennett,0,0,caught,Mohammad Hafeez
ball,2,5.6,Pakistan,Younis Khan,Kamran Akmal,HK Bennett,0,0,"",""
ball,2,5.7,Pakistan,Younis Khan,Kamran Akmal,HK Bennett,0,0,"",""
ball,2,6.1,Pakistan,Kamran Akmal,Younis Khan,KD Mills,1,0,"",""
ball,2,6.2,Pakistan,Younis Khan,Kamran Akmal,KD Mills,0,0,"",""
ball,2,6.3,Pakistan,Younis Khan,Kamran Akmal,KD Mills,0,0,"",""
ball,2,6.4,Pakistan,Younis Khan,Kamran Akmal,KD Mills,0,0,"",""
ball,2,6.5,Pakistan,Younis Khan,Kamran Akmal,KD Mills,0,0,"",""
ball,2,6.6,Pakistan,Younis Khan,Kamran Akmal,KD Mills,1,0,"",""
ball,2,7.1,Pakistan,Younis Khan,Kamran Akmal,HK Bennett,0,0,"",""
ball,2,7.2,Pakistan,Younis Khan,Kamran Akmal,HK Bennett,2,0,"",""
ball,2,7.3,Pakistan,Younis Khan,Kamran Akmal,HK Bennett,2,0,"",""
ball,2,7.4,Pakistan,Younis Khan,Kamran Akmal,HK Bennett,1,0,"",""
ball,2,7.5,Pakistan,Kamran Akmal,Younis Khan,HK Bennett,1,0,"",""
ball,2,7.6,Pakistan,Younis Khan,Kamran Akmal,HK Bennett,1,0,"",""
ball,2,8.1,Pakistan,Younis Khan,Kamran Akmal,KD Mills,0,0,"",""
ball,2,8.2,Pakistan,Younis Khan,Kamran Akmal,KD Mills,0,0,"",""
ball,2,8.3,Pakistan,Younis Khan,Kamran Akmal,KD Mills,4,0,"",""
ball,2,8.4,Pakistan,Younis Khan,Kamran Akmal,KD Mills,1,0,"",""
ball,2,8.5,Pakistan,Kamran Akmal,Younis Khan,KD Mills,1,0,"",""
ball,2,8.6,Pakistan,Younis Khan,Kamran Akmal,KD Mills,0,0,"",""
ball,2,9.1,Pakistan,Kamran Akmal,Younis Khan,HK Bennett,0,0,"",""
ball,2,9.2,Pakistan,Kamran Akmal,Younis Khan,HK Bennett,0,1,"",""
ball,2,9.3,Pakistan,Kamran Akmal,Younis Khan,HK Bennett,0,0,"",""
ball,2,9.4,Pakistan,Kamran Akmal,Younis Khan,HK Bennett,0,0,"",""
ball,2,9.5,Pakistan,Kamran Akmal,Younis Khan,HK Bennett,0,0,"",""
ball,2,9.6,Pakistan,Kamran Akmal,Younis Khan,HK Bennett,0,0,"",""
ball,2,9.7,Pakistan,Kamran Akmal,Younis Khan,HK Bennett,0,0,"",""
ball,2,10.1,Pakistan,Younis Khan,Kamran Akmal,KD Mills,1,0,"",""
ball,2,10.2,Pakistan,Kamran Akmal,Younis Khan,KD Mills,4,0,"",""
ball,2,10.3,Pakistan,Kamran Akmal,Younis Khan,KD Mills,0,0,"",""
ball,2,10.4,Pakistan,Kamran Akmal,Younis Khan,KD Mills,1,0,"",""
ball,2,10.5,Pakistan,Younis Khan,Kamran Akmal,KD Mills,0,0,"",""
ball,2,10.6,Pakistan,Younis Khan,Kamran Akmal,KD Mills,1,0,"",""
ball,2,11.1,Pakistan,Younis Khan,Kamran Akmal,HK Bennett,0,0,"",""
ball,2,11.2,Pakistan,Younis Khan,Kamran Akmal,HK Bennett,1,0,"",""
ball,2,11.3,Pakistan,Kamran Akmal,Younis Khan,HK Bennett,1,0,"",""
ball,2,11.4,Pakistan,Younis Khan,Kamran Akmal,HK Bennett,1,0,"",""
ball,2,11.5,Pakistan,Kamran Akmal,Younis Khan,HK Bennett,1,0,"",""
ball,2,11.6,Pakistan,Younis Khan,Kamran Akmal,HK Bennett,0,0,caught,Younis Khan
ball,2,12.1,Pakistan,Kamran Akmal,Asad Shafiq,TG Southee,0,0,"",""
ball,2,12.2,Pakistan,Kamran Akmal,Asad Shafiq,TG Southee,0,0,"",""
ball,2,12.3,Pakistan,Kamran Akmal,Asad Shafiq,TG Southee,1,0,"",""
ball,2,12.4,Pakistan,Asad Shafiq,Kamran Akmal,TG Southee,0,0,"",""
ball,2,12.5,Pakistan,Asad Shafiq,Kamran Akmal,TG Southee,0,0,"",""
ball,2,12.6,Pakistan,Asad Shafiq,Kamran Akmal,TG Southee,1,0,"",""
ball,2,13.1,Pakistan,Asad Shafiq,Kamran Akmal,HK Bennett,0,0,"",""
ball,2,13.2,Pakistan,Asad Shafiq,Kamran Akmal,HK Bennett,1,0,"",""
ball,2,13.3,Pakistan,Kamran Akmal,Asad Shafiq,HK Bennett,0,0,"",""
ball,2,13.4,Pakistan,Kamran Akmal,Asad Shafiq,HK Bennett,0,1,"",""
ball,2,13.5,Pakistan,Kamran Akmal,Asad Shafiq,HK Bennett,0,0,"",""
ball,2,13.6,Pakistan,Kamran Akmal,Asad Shafiq,HK Bennett,4,0,"",""
ball,2,13.7,Pakistan,Kamran Akmal,Asad Shafiq,HK Bennett,1,0,"",""
ball,2,14.1,Pakistan,Kamran Akmal,Asad Shafiq,TG Southee,0,0,"",""
ball,2,14.2,Pakistan,Kamran Akmal,Asad Shafiq,TG Southee,1,0,"",""
ball,2,14.3,Pakistan,Asad Shafiq,Kamran Akmal,TG Southee,0,0,"",""
ball,2,14.4,Pakistan,Asad Shafiq,Kamran Akmal,TG Southee,0,0,"",""
ball,2,14.5,Pakistan,Asad Shafiq,Kamran Akmal,TG Southee,1,0,"",""
ball,2,14.6,Pakistan,Kamran Akmal,Asad Shafiq,TG Southee,1,0,"",""
ball,2,15.1,Pakistan,Kamran Akmal,Asad Shafiq,LJ Woodcock,1,0,"",""
ball,2,15.2,Pakistan,Asad Shafiq,Kamran Akmal,LJ Woodcock,0,0,"",""
ball,2,15.3,Pakistan,Asad Shafiq,Kamran Akmal,LJ Woodcock,0,0,"",""
ball,2,15.4,Pakistan,Asad Shafiq,Kamran Akmal,LJ Woodcock,0,0,"",""
ball,2,15.5,Pakistan,Asad Shafiq,Kamran Akmal,LJ Woodcock,2,0,"",""
ball,2,15.6,Pakistan,Asad Shafiq,Kamran Akmal,LJ Woodcock,4,0,"",""
ball,2,16.1,Pakistan,Kamran Akmal,Asad Shafiq,NL McCullum,2,0,"",""
ball,2,16.2,Pakistan,Kamran Akmal,Asad Shafiq,NL McCullum,1,0,"",""
ball,2,16.3,Pakistan,Asad Shafiq,Kamran Akmal,NL McCullum,0,0,"",""
ball,2,16.4,Pakistan,Asad Shafiq,Kamran Akmal,NL McCullum,1,0,"",""
ball,2,16.5,Pakistan,Kamran Akmal,Asad Shafiq,NL McCullum,1,0,"",""
ball,2,16.6,Pakistan,Asad Shafiq,Kamran Akmal,NL McCullum,0,0,"",""
ball,2,17.1,Pakistan,Kamran Akmal,Asad Shafiq,LJ Woodcock,0,0,"",""
ball,2,17.2,Pakistan,Kamran Akmal,Asad Shafiq,LJ Woodcock,1,0,"",""
ball,2,17.3,Pakistan,Asad Shafiq,Kamran Akmal,LJ Woodcock,0,0,"",""
ball,2,17.4,Pakistan,Asad Shafiq,Kamran Akmal,LJ Woodcock,1,0,"",""
ball,2,17.5,Pakistan,Kamran Akmal,Asad Shafiq,LJ Woodcock,6,0,"",""
ball,2,17.6,Pakistan,Kamran Akmal,Asad Shafiq,LJ Woodcock,0,0,"",""
ball,2,18.1,Pakistan,Asad Shafiq,Kamran Akmal,NL McCullum,0,0,"",""
ball,2,18.2,Pakistan,Asad Shafiq,Kamran Akmal,NL McCullum,0,0,"",""
ball,2,18.3,Pakistan,Asad Shafiq,Kamran Akmal,NL McCullum,1,0,"",""
ball,2,18.4,Pakistan,Kamran Akmal,Asad Shafiq,NL McCullum,0,0,"",""
ball,2,18.5,Pakistan,Kamran Akmal,Asad Shafiq,NL McCullum,4,0,"",""
ball,2,18.6,Pakistan,Kamran Akmal,Asad Shafiq,NL McCullum,0,0,"",""
ball,2,19.1,Pakistan,Asad Shafiq,Kamran Akmal,LJ Woodcock,2,0,"",""
ball,2,19.2,Pakistan,Asad Shafiq,Kamran Akmal,LJ Woodcock,1,0,"",""
ball,2,19.3,Pakistan,Kamran Akmal,Asad Shafiq,LJ Woodcock,1,0,"",""
ball,2,19.4,Pakistan,Asad Shafiq,Kamran Akmal,LJ Woodcock,1,0,"",""
ball,2,19.5,Pakistan,Kamran Akmal,Asad Shafiq,LJ Woodcock,6,0,"",""
ball,2,19.6,Pakistan,Kamran Akmal,Asad Shafiq,LJ Woodcock,1,0,"",""
ball,2,20.1,Pakistan,Kamran Akmal,Asad Shafiq,NL McCullum,1,0,"",""
ball,2,20.2,Pakistan,Asad Shafiq,Kamran Akmal,NL McCullum,1,0,"",""
ball,2,20.3,Pakistan,Kamran Akmal,Asad Shafiq,NL McCullum,2,0,"",""
ball,2,20.4,Pakistan,Kamran Akmal,Asad Shafiq,NL McCullum,0,0,"",""
ball,2,20.5,Pakistan,Kamran Akmal,Asad Shafiq,NL McCullum,1,0,"",""
ball,2,20.6,Pakistan,Asad Shafiq,Kamran Akmal,NL McCullum,1,0,"",""
ball,2,21.1,Pakistan,Asad Shafiq,Kamran Akmal,SB Styris,1,0,"",""
ball,2,21.2,Pakistan,Kamran Akmal,Asad Shafiq,SB Styris,0,0,"",""
ball,2,21.3,Pakistan,Kamran Akmal,Asad Shafiq,SB Styris,1,0,"",""
ball,2,21.4,Pakistan,Asad Shafiq,Kamran Akmal,SB Styris,0,0,"",""
ball,2,21.5,Pakistan,Asad Shafiq,Kamran Akmal,SB Styris,0,2,"",""
ball,2,21.6,Pakistan,Kamran Akmal,Asad Shafiq,SB Styris,0,0,"",""
ball,2,21.7,Pakistan,Kamran Akmal,Asad Shafiq,SB Styris,1,0,"",""
ball,2,22.1,Pakistan,Kamran Akmal,Asad Shafiq,NL McCullum,1,0,"",""
ball,2,22.2,Pakistan,Asad Shafiq,Kamran Akmal,NL McCullum,0,0,"",""
ball,2,22.3,Pakistan,Asad Shafiq,Kamran Akmal,NL McCullum,1,0,"",""
ball,2,22.4,Pakistan,Kamran Akmal,Asad Shafiq,NL McCullum,1,0,"",""
ball,2,22.5,Pakistan,Asad Shafiq,Kamran Akmal,NL McCullum,4,0,"",""
ball,2,22.6,Pakistan,Asad Shafiq,Kamran Akmal,NL McCullum,1,0,"",""
ball,2,23.1,Pakistan,Asad Shafiq,Kamran Akmal,SB Styris,0,0,"",""
ball,2,23.2,Pakistan,Asad Shafiq,Kamran Akmal,SB Styris,1,0,"",""
ball,2,23.3,Pakistan,Kamran Akmal,Asad Shafiq,SB Styris,4,0,"",""
ball,2,23.4,Pakistan,Kamran Akmal,Asad Shafiq,SB Styris,1,0,"",""
ball,2,23.5,Pakistan,Asad Shafiq,Kamran Akmal,SB Styris,0,0,run out,Asad Shafiq
ball,2,23.6,Pakistan,Umar Akmal,Kamran Akmal,SB Styris,1,0,"",""
ball,2,24.1,Pakistan,Umar Akmal,Kamran Akmal,JEC Franklin,0,0,"",""
ball,2,24.2,Pakistan,Umar Akmal,Kamran Akmal,JEC Franklin,1,0,"",""
ball,2,24.3,Pakistan,Kamran Akmal,Umar Akmal,JEC Franklin,1,0,"",""
ball,2,24.4,Pakistan,Umar Akmal,Kamran Akmal,JEC Franklin,0,0,"",""
ball,2,24.5,Pakistan,Umar Akmal,Kamran Akmal,JEC Franklin,0,0,"",""
ball,2,24.6,Pakistan,Umar Akmal,Kamran Akmal,JEC Franklin,0,0,"",""
ball,2,25.1,Pakistan,Kamran Akmal,Umar Akmal,SB Styris,1,0,"",""
ball,2,25.2,Pakistan,Umar Akmal,Kamran Akmal,SB Styris,1,0,"",""
ball,2,25.3,Pakistan,Kamran Akmal,Umar Akmal,SB Styris,1,0,"",""
ball,2,25.4,Pakistan,Umar Akmal,Kamran Akmal,SB Styris,1,0,"",""
ball,2,25.5,Pakistan,Kamran Akmal,Umar Akmal,SB Styris,1,0,"",""
ball,2,25.6,Pakistan,Umar Akmal,Kamran Akmal,SB Styris,0,1,"",""
ball,2,26.1,Pakistan,Umar Akmal,Kamran Akmal,JEC Franklin,0,0,"",""
ball,2,26.2,Pakistan,Umar Akmal,Kamran Akmal,JEC Franklin,1,0,"",""
ball,2,26.3,Pakistan,Kamran Akmal,Umar Akmal,JEC Franklin,2,0,"",""
ball,2,26.4,Pakistan,Kamran Akmal,Umar Akmal,JEC Franklin,1,0,"",""
ball,2,26.5,Pakistan,Umar Akmal,Kamran Akmal,JEC Franklin,0,0,"",""
ball,2,26.6,Pakistan,Umar Akmal,Kamran Akmal,JEC Franklin,1,0,"",""
ball,2,27.1,Pakistan,Umar Akmal,Kamran Akmal,SB Styris,0,0,"",""
ball,2,27.2,Pakistan,Umar Akmal,Kamran Akmal,SB Styris,0,0,"",""
ball,2,27.3,Pakistan,Umar Akmal,Kamran Akmal,SB Styris,1,0,"",""
ball,2,27.4,Pakistan,Kamran Akmal,Umar Akmal,SB Styris,0,0,"",""
ball,2,27.5,Pakistan,Kamran Akmal,Umar Akmal,SB Styris,6,0,"",""
ball,2,27.6,Pakistan,Kamran Akmal,Umar Akmal,SB Styris,1,0,"",""
ball,2,28.1,Pakistan,Kamran Akmal,Umar Akmal,JEC Franklin,2,0,"",""
ball,2,28.2,Pakistan,Kamran Akmal,Umar Akmal,JEC Franklin,0,0,"",""
ball,2,28.3,Pakistan,Kamran Akmal,Umar Akmal,JEC Franklin,1,0,"",""
ball,2,28.4,Pakistan,Umar Akmal,Kamran Akmal,JEC Franklin,1,0,"",""
ball,2,28.5,Pakistan,Kamran Akmal,Umar Akmal,JEC Franklin,1,0,"",""
ball,2,28.6,Pakistan,Umar Akmal,Kamran Akmal,JEC Franklin,0,0,caught,Umar Akmal
ball,2,29.1,Pakistan,Kamran Akmal,Shahid Afridi,SB Styris,0,0,"",""
ball,2,29.2,Pakistan,Kamran Akmal,Shahid Afridi,SB Styris,1,0,"",""
ball,2,29.3,Pakistan,Shahid Afridi,Kamran Akmal,SB Styris,0,0,"",""
ball,2,29.4,Pakistan,Shahid Afridi,Kamran Akmal,SB Styris,0,1,"",""
ball,2,29.5,Pakistan,Kamran Akmal,Shahid Afridi,SB Styris,0,0,"",""
ball,2,29.6,Pakistan,Kamran Akmal,Shahid Afridi,SB Styris,1,0,"",""
ball,2,30.1,Pakistan,Kamran Akmal,Shahid Afridi,JEC Franklin,4,0,"",""
ball,2,30.2,Pakistan,Kamran Akmal,Shahid Afridi,JEC Franklin,1,0,"",""
ball,2,30.3,Pakistan,Shahid Afridi,Kamran Akmal,JEC Franklin,0,0,"",""
ball,2,30.4,Pakistan,Shahid Afridi,Kamran Akmal,JEC Franklin,4,0,"",""
ball,2,30.5,Pakistan,Shahid Afridi,Kamran Akmal,JEC Franklin,1,0,"",""
ball,2,30.6,Pakistan,Kamran Akmal,Shahid Afridi,JEC Franklin,1,0,"",""
ball,2,31.1,Pakistan,Kamran Akmal,Shahid Afridi,TG Southee,2,0,"",""
ball,2,31.2,Pakistan,Kamran Akmal,Shahid Afridi,TG Southee,0,0,"",""
ball,2,31.3,Pakistan,Kamran Akmal,Shahid Afridi,TG Southee,1,0,"",""
ball,2,31.4,Pakistan,Shahid Afridi,Kamran Akmal,TG Southee,1,0,"",""
ball,2,31.5,Pakistan,Kamran Akmal,Shahid Afridi,TG Southee,1,0,"",""
ball,2,31.6,Pakistan,Shahid Afridi,Kamran Akmal,TG Southee,0,0,"",""
ball,2,32.1,Pakistan,Kamran Akmal,Shahid Afridi,JEC Franklin,2,0,"",""
ball,2,32.2,Pakistan,Kamran Akmal,Shahid Afridi,JEC Franklin,0,0,caught,Kamran Akmal
ball,2,32.3,Pakistan,Abdul Razzaq,Shahid Afridi,JEC Franklin,0,1,"",""
ball,2,32.4,Pakistan,Abdul Razzaq,Shahid Afridi,JEC Franklin,1,0,"",""
ball,2,32.5,Pakistan,Shahid Afridi,Abdul Razzaq,JEC Franklin,1,0,"",""
ball,2,32.6,Pakistan,Abdul Razzaq,Shahid Afridi,JEC Franklin,0,0,"",""
ball,2,32.7,Pakistan,Abdul Razzaq,Shahid Afridi,JEC Franklin,0,0,caught,Abdul Razzaq
ball,2,33.1,Pakistan,Shahid Afridi,Sohail Tanvir,TG Southee,1,0,"",""
ball,2,33.2,Pakistan,Sohail Tanvir,Shahid Afridi,TG Southee,0,0,"",""
ball,2,33.3,Pakistan,Sohail Tanvir,Shahid Afridi,TG Southee,0,0,"",""
ball,2,33.4,Pakistan,Sohail Tanvir,Shahid Afridi,TG Southee,0,0,"",""
ball,2,33.5,Pakistan,Sohail Tanvir,Shahid Afridi,TG Southee,4,0,"",""
ball,2,33.6,Pakistan,Sohail Tanvir,Shahid Afridi,TG Southee,0,0,"",""
ball,2,34.1,Pakistan,Shahid Afridi,Sohail Tanvir,KD Mills,0,0,"",""
ball,2,34.2,Pakistan,Shahid Afridi,Sohail Tanvir,KD Mills,0,0,"",""
ball,2,34.3,Pakistan,Shahid Afridi,Sohail Tanvir,KD Mills,1,0,"",""
ball,2,34.4,Pakistan,Sohail Tanvir,Shahid Afridi,KD Mills,0,0,"",""
ball,2,34.5,Pakistan,Sohail Tanvir,Shahid Afridi,KD Mills,1,0,"",""
ball,2,34.6,Pakistan,Shahid Afridi,Sohail Tanvir,KD Mills,1,0,"",""
ball,2,35.1,Pakistan,Shahid Afridi,Sohail Tanvir,JEC Franklin,0,0,"",""
ball,2,35.2,Pakistan,Shahid Afridi,Sohail Tanvir,JEC Franklin,1,0,"",""
ball,2,35.3,Pakistan,Sohail Tanvir,Shahid Afridi,JEC Franklin,0,0,"",""
ball,2,35.4,Pakistan,Sohail Tanvir,Shahid Afridi,JEC Franklin,1,0,"",""
ball,2,35.5,Pakistan,Shahid Afridi,Sohail Tanvir,JEC Franklin,1,0,"",""
ball,2,35.6,Pakistan,Sohail Tanvir,Shahid Afridi,JEC Franklin,1,0,"",""
ball,2,36.1,Pakistan,Sohail Tanvir,Shahid Afridi,KD Mills,1,0,"",""
ball,2,36.2,Pakistan,Shahid Afridi,Sohail Tanvir,KD Mills,1,0,"",""
ball,2,36.3,Pakistan,Sohail Tanvir,Shahid Afridi,KD Mills,4,0,"",""
ball,2,36.4,Pakistan,Sohail Tanvir,Shahid Afridi,KD Mills,0,0,"",""
ball,2,36.5,Pakistan,Sohail Tanvir,Shahid Afridi,KD Mills,2,0,"",""
ball,2,36.6,Pakistan,Sohail Tanvir,Shahid Afridi,KD Mills,0,0,"",""
ball,2,37.1,Pakistan,Shahid Afridi,Sohail Tanvir,JEC Franklin,1,0,"",""
ball,2,37.2,Pakistan,Sohail Tanvir,Shahid Afridi,JEC Franklin,1,0,"",""
ball,2,37.3,Pakistan,Shahid Afridi,Sohail Tanvir,JEC Franklin,1,0,"",""
ball,2,37.4,Pakistan,Sohail Tanvir,Shahid Afridi,JEC Franklin,1,0,"",""
ball,2,37.5,Pakistan,Shahid Afridi,Sohail Tanvir,JEC Franklin,1,0,"",""
ball,2,37.6,Pakistan,Sohail Tanvir,Shahid Afridi,JEC Franklin,4,0,"",""
ball,2,38.1,Pakistan,Shahid Afridi,Sohail Tanvir,HK Bennett,1,0,"",""
ball,2,38.2,Pakistan,Sohail Tanvir,Shahid Afridi,HK Bennett,0,0,"",""
ball,2,38.3,Pakistan,Sohail Tanvir,Shahid Afridi,HK Bennett,0,0,"",""
ball,2,38.4,Pakistan,Sohail Tanvir,Shahid Afridi,HK Bennett,0,0,"",""
ball,2,38.5,Pakistan,Sohail Tanvir,Shahid Afridi,HK Bennett,0,0,"",""
ball,2,38.6,Pakistan,Sohail Tanvir,Shahid Afridi,HK Bennett,1,0,"",""
ball,2,39.1,Pakistan,Sohail Tanvir,Shahid Afridi,JEC Franklin,4,0,"",""
ball,2,39.2,Pakistan,Sohail Tanvir,Shahid Afridi,JEC Franklin,0,1,"",""
ball,2,39.3,Pakistan,Shahid Afridi,Sohail Tanvir,JEC Franklin,1,0,"",""
ball,2,39.4,Pakistan,Sohail Tanvir,Shahid Afridi,JEC Franklin,0,0,"",""
ball,2,39.5,Pakistan,Sohail Tanvir,Shahid Afridi,JEC Franklin,0,0,"",""
ball,2,39.6,Pakistan,Sohail Tanvir,Shahid Afridi,JEC Franklin,4,0,"",""
ball,2,40.1,Pakistan,Shahid Afridi,Sohail Tanvir,HK Bennett,6,0,"",""
ball,2,40.2,Pakistan,Shahid Afridi,Sohail Tanvir,HK Bennett,4,0,"",""
ball,2,40.3,Pakistan,Shahid Afridi,Sohail Tanvir,HK Bennett,0,0,"",""
ball,2,40.4,Pakistan,Shahid Afridi,Sohail Tanvir,HK Bennett,0,0,"",""
ball,2,40.5,Pakistan,Shahid Afridi,Sohail Tanvir,HK Bennett,1,0,"",""
ball,2,40.6,Pakistan,Sohail Tanvir,Shahid Afridi,HK Bennett,0,0,"",""
ball,2,41.1,Pakistan,Shahid Afridi,Sohail Tanvir,TG Southee,1,0,"",""
ball,2,41.2,Pakistan,Sohail Tanvir,Shahid Afridi,TG Southee,0,0,"",""
ball,2,41.3,Pakistan,Sohail Tanvir,Shahid Afridi,TG Southee,0,0,"",""
ball,2,41.4,Pakistan,Sohail Tanvir,Shahid Afridi,TG Southee,1,0,"",""
ball,2,41.5,Pakistan,Shahid Afridi,Sohail Tanvir,TG Southee,4,0,"",""
ball,2,41.6,Pakistan,Shahid Afridi,Sohail Tanvir,TG Southee,0,0,run out,Sohail Tanvir
ball,2,42.1,Pakistan,Shahid Afridi,Umar Gul,HK Bennett,0,0,"",""
ball,2,42.2,Pakistan,Shahid Afridi,Umar Gul,HK Bennett,4,0,"",""
ball,2,42.3,Pakistan,Shahid Afridi,Umar Gul,HK Bennett,6,0,"",""
ball,2,42.4,Pakistan,Shahid Afridi,Umar Gul,HK Bennett,0,0,"",""
ball,2,42.5,Pakistan,Shahid Afridi,Umar Gul,HK Bennett,0,0,caught,Shahid Afridi
ball,2,42.6,Pakistan,Shoaib Akhtar,Umar Gul,HK Bennett,1,0,"",""
ball,2,43.1,Pakistan,Shoaib Akhtar,Umar Gul,TG Southee,0,0,"",""
ball,2,43.2,Pakistan,Shoaib Akhtar,Umar Gul,TG Southee,0,0,"",""
ball,2,43.3,Pakistan,Shoaib Akhtar,Umar Gul,TG Southee,1,0,"",""
ball,2,43.4,Pakistan,Umar Gul,Shoaib Akhtar,TG Southee,1,0,"",""
ball,2,43.5,Pakistan,Shoaib Akhtar,Umar Gul,TG Southee,0,0,"",""
ball,2,43.6,Pakistan,Shoaib Akhtar,Umar Gul,TG Southee,0,0,"",""
ball,2,44.1,Pakistan,Umar Gul,Shoaib Akhtar,HK Bennett,0,0,caught,Umar Gul
