version,1.3.0
info,team,England
info,team,India
info,gender,male
info,season,2011
info,date,2011/09/09
info,series,NatWest Series
info,match_number,3
info,venue,Kennington Oval
info,city,London
info,toss_winner,England
info,toss_decision,field
info,player_of_match,RA Jadeja
info,umpire,M Erasmus
info,umpire,NJ Llong
info,reserve_umpire,RJ Bailey
info,tv_umpire,BR Doctrove
info,match_referee,JJ Crowe
info,winner,England
info,winner_wickets,3
info,method,D/L
ball,1,0.1,India,PA Patel,AM Rahane,JM Anderson,1,0,"",""
ball,1,0.2,India,AM Rahane,PA Patel,JM Anderson,0,0,"",""
ball,1,0.3,India,AM Rahane,PA Patel,JM Anderson,0,0,"",""
ball,1,0.4,India,AM Rahane,PA Patel,JM Anderson,0,0,caught,AM Rahane
ball,1,0.5,India,R Dravid,PA Patel,JM Anderson,0,0,"",""
ball,1,0.6,India,R Dravid,PA Patel,JM Anderson,0,1,"",""
ball,1,0.7,India,R Dravid,PA Patel,JM Anderson,0,0,"",""
ball,1,1.1,India,PA Patel,R Dravid,TT Bresnan,0,0,"",""
ball,1,1.2,India,PA Patel,R Dravid,TT Bresnan,0,0,"",""
ball,1,1.3,India,PA Patel,R Dravid,TT Bresnan,0,0,"",""
ball,1,1.4,India,PA Patel,R Dravid,TT Bresnan,0,0,"",""
ball,1,1.5,India,PA Patel,R Dravid,TT Bresnan,0,1,"",""
ball,1,1.6,India,PA Patel,R Dravid,TT Bresnan,0,0,"",""
ball,1,1.7,India,PA Patel,R Dravid,TT Bresnan,0,0,"",""
ball,1,2.1,India,R Dravid,PA Patel,JM Anderson,0,0,"",""
ball,1,2.2,India,R Dravid,PA Patel,JM Anderson,1,0,"",""
ball,1,2.3,India,PA Patel,R Dravid,JM Anderson,0,0,"",""
ball,1,2.4,India,PA Patel,R Dravid,JM Anderson,0,0,"",""
ball,1,2.5,India,PA Patel,R Dravid,JM Anderson,0,0,"",""
ball,1,2.6,India,PA Patel,R Dravid,JM Anderson,1,0,"",""
ball,1,3.1,India,PA Patel,R Dravid,TT Bresnan,0,0,"",""
ball,1,3.2,India,PA Patel,R Dravid,TT Bresnan,0,0,"",""
ball,1,3.3,India,PA Patel,R Dravid,TT Bresnan,0,0,"",""
ball,1,3.4,India,PA Patel,R Dravid,TT Bresnan,1,0,"",""
ball,1,3.5,India,R Dravid,PA Patel,TT Bresnan,1,0,"",""
ball,1,3.6,India,PA Patel,R Dravid,TT Bresnan,0,0,"",""
ball,1,4.1,India,R Dravid,PA Patel,JM Anderson,0,0,"",""
ball,1,4.2,India,R Dravid,PA Patel,JM Anderson,0,2,"",""
ball,1,4.3,India,R Dravid,PA Patel,JM Anderson,0,0,"",""
ball,1,4.4,India,R Dravid,PA Patel,JM Anderson,0,0,"",""
ball,1,4.5,India,R Dravid,PA Patel,JM Anderson,0,0,"",""
ball,1,4.6,India,R Dravid,PA Patel,JM Anderson,0,0,"",""
ball,1,5.1,India,PA Patel,R Dravid,TT Bresnan,0,0,"",""
ball,1,5.2,India,PA Patel,R Dravid,TT Bresnan,0,0,run out,R Dravid
ball,1,5.3,India,V Kohli,PA Patel,TT Bresnan,0,0,"",""
ball,1,5.4,India,V Kohli,PA Patel,TT Bresnan,0,0,"",""
ball,1,5.5,India,V Kohli,PA Patel,TT Bresnan,0,0,"",""
ball,1,5.6,India,V Kohli,PA Patel,TT Bresnan,1,0,"",""
ball,1,6.1,India,V Kohli,PA Patel,JM Anderson,0,0,"",""
ball,1,6.2,India,V Kohli,PA Patel,JM Anderson,2,0,"",""
ball,1,6.3,India,V Kohli,PA Patel,JM Anderson,1,0,"",""
ball,1,6.4,India,PA Patel,V Kohli,JM Anderson,0,0,bowled,PA Patel
ball,1,6.5,India,SK Raina,V Kohli,JM Anderson,0,1,"",""
ball,1,6.6,India,SK Raina,V Kohli,JM Anderson,0,0,"",""
ball,1,6.7,India,SK Raina,V Kohli,JM Anderson,0,0,"",""
ball,1,7.1,India,V Kohli,SK Raina,TT Bresnan,0,0,"",""
ball,1,7.2,India,V Kohli,SK Raina,TT Bresnan,0,0,"",""
ball,1,7.3,India,V Kohli,SK Raina,TT Bresnan,0,0,"",""
ball,1,7.4,India,V Kohli,SK Raina,TT Bresnan,0,0,"",""
ball,1,7.5,India,V Kohli,SK Raina,TT Bresnan,0,0,"",""
ball,1,7.6,India,V Kohli,SK Raina,TT Bresnan,0,0,"",""
ball,1,8.1,India,SK Raina,V Kohli,JM Anderson,1,0,"",""
ball,1,8.2,India,V Kohli,SK Raina,JM Anderson,2,0,"",""
ball,1,8.3,India,V Kohli,SK Raina,JM Anderson,1,0,"",""
ball,1,8.4,India,SK Raina,V Kohli,JM Anderson,0,0,"",""
ball,1,8.5,India,SK Raina,V Kohli,JM Anderson,1,0,"",""
ball,1,8.6,India,V Kohli,SK Raina,JM Anderson,0,0,"",""
ball,1,9.1,India,SK Raina,V Kohli,TT Bresnan,0,0,"",""
ball,1,9.2,India,SK Raina,V Kohli,TT Bresnan,0,0,"",""
ball,1,9.3,India,SK Raina,V Kohli,TT Bresnan,0,0,"",""
ball,1,9.4,India,SK Raina,V Kohli,TT Bresnan,4,0,"",""
ball,1,9.5,India,SK Raina,V Kohli,TT Bresnan,0,0,"",""
ball,1,9.6,India,SK Raina,V Kohli,TT Bresnan,2,0,"",""
ball,1,10.1,India,V Kohli,SK Raina,JM Anderson,0,0,"",""
ball,1,10.2,India,V Kohli,SK Raina,JM Anderson,0,0,caught,V Kohli
ball,1,10.3,India,MS Dhoni,SK Raina,JM Anderson,0,0,"",""
ball,1,10.4,India,MS Dhoni,SK Raina,JM Anderson,4,0,"",""
ball,1,10.5,India,MS Dhoni,SK Raina,JM Anderson,0,0,"",""
ball,1,10.6,India,MS Dhoni,SK Raina,JM Anderson,0,0,"",""
ball,1,11.1,India,SK Raina,MS Dhoni,TT Bresnan,0,0,"",""
ball,1,11.2,India,SK Raina,MS Dhoni,TT Bresnan,0,0,"",""
ball,1,11.3,India,SK Raina,MS Dhoni,TT Bresnan,0,0,"",""
ball,1,11.4,India,SK Raina,MS Dhoni,TT Bresnan,0,0,"",""
ball,1,11.5,India,SK Raina,MS Dhoni,TT Bresnan,0,0,"",""
ball,1,11.6,India,SK Raina,MS Dhoni,TT Bresnan,0,0,"",""
ball,1,12.1,India,MS Dhoni,SK Raina,JM Anderson,0,0,"",""
ball,1,12.2,India,MS Dhoni,SK Raina,JM Anderson,0,0,"",""
ball,1,12.3,India,MS Dhoni,SK Raina,JM Anderson,0,0,"",""
ball,1,12.4,India,MS Dhoni,SK Raina,JM Anderson,1,0,"",""
ball,1,12.5,India,SK Raina,MS Dhoni,JM Anderson,6,0,"",""
ball,1,12.6,India,SK Raina,MS Dhoni,JM Anderson,0,0,"",""
ball,1,13.1,India,MS Dhoni,SK Raina,JW Dernbach,0,0,"",""
ball,1,13.2,India,MS Dhoni,SK Raina,JW Dernbach,0,0,"",""
ball,1,13.3,India,MS Dhoni,SK Raina,JW Dernbach,4,0,"",""
ball,1,13.4,India,MS Dhoni,SK Raina,JW Dernbach,0,0,"",""
ball,1,13.5,India,MS Dhoni,SK Raina,JW Dernbach,0,1,"",""
ball,1,13.6,India,SK Raina,MS Dhoni,JW Dernbach,1,0,"",""
ball,1,14.1,India,SK Raina,MS Dhoni,SCJ Broad,2,0,"",""
ball,1,14.2,India,SK Raina,MS Dhoni,SCJ Broad,1,0,"",""
ball,1,14.3,India,MS Dhoni,SK Raina,SCJ Broad,0,1,"",""
ball,1,14.4,India,SK Raina,MS Dhoni,SCJ Broad,2,0,"",""
ball,1,14.5,India,SK Raina,MS Dhoni,SCJ Broad,0,0,"",""
ball,1,14.6,India,SK Raina,MS Dhoni,SCJ Broad,0,0,"",""
ball,1,15.1,India,MS Dhoni,SK Raina,JW Dernbach,0,0,"",""
ball,1,15.2,India,MS Dhoni,SK Raina,JW Dernbach,0,0,"",""
ball,1,15.3,India,MS Dhoni,SK Raina,JW Dernbach,4,0,"",""
ball,1,15.4,India,MS Dhoni,SK Raina,JW Dernbach,0,0,"",""
ball,1,15.5,India,MS Dhoni,SK Raina,JW Dernbach,1,0,"",""
ball,1,15.6,India,SK Raina,MS Dhoni,JW Dernbach,1,0,"",""
ball,1,16.1,India,SK Raina,MS Dhoni,SCJ Broad,0,0,"",""
ball,1,16.2,India,SK Raina,MS Dhoni,SCJ Broad,0,0,"",""
ball,1,16.3,India,SK Raina,MS Dhoni,SCJ Broad,0,0,"",""
ball,1,16.4,India,SK Raina,MS Dhoni,SCJ Broad,0,0,"",""
ball,1,16.5,India,SK Raina,MS Dhoni,SCJ Broad,0,0,"",""
ball,1,16.6,India,SK Raina,MS Dhoni,SCJ Broad,0,0,"",""
ball,1,17.1,India,MS Dhoni,SK Raina,JW Dernbach,0,0,"",""
ball,1,17.2,India,MS Dhoni,SK Raina,JW Dernbach,0,0,"",""
ball,1,17.3,India,MS Dhoni,SK Raina,JW Dernbach,0,0,"",""
ball,1,17.4,India,MS Dhoni,SK Raina,JW Dernbach,0,1,"",""
ball,1,17.5,India,SK Raina,MS Dhoni,JW Dernbach,0,0,"",""
ball,1,17.6,India,SK Raina,MS Dhoni,JW Dernbach,0,0,"",""
ball,1,18.1,India,MS Dhoni,SK Raina,SCJ Broad,0,0,"",""
ball,1,18.2,India,MS Dhoni,SK Raina,SCJ Broad,2,0,"",""
ball,1,18.3,India,MS Dhoni,SK Raina,SCJ Broad,0,0,"",""
ball,1,18.4,India,MS Dhoni,SK Raina,SCJ Broad,1,0,"",""
ball,1,18.5,India,SK Raina,MS Dhoni,SCJ Broad,0,0,"",""
ball,1,18.6,India,SK Raina,MS Dhoni,SCJ Broad,0,0,caught,SK Raina
ball,1,19.1,India,MS Dhoni,RA Jadeja,JW Dernbach,0,0,"",""
ball,1,19.2,India,MS Dhoni,RA Jadeja,JW Dernbach,0,0,"",""
ball,1,19.3,India,MS Dhoni,RA Jadeja,JW Dernbach,0,0,"",""
ball,1,19.4,India,MS Dhoni,RA Jadeja,JW Dernbach,1,0,"",""
ball,1,19.5,India,RA Jadeja,MS Dhoni,JW Dernbach,0,0,"",""
ball,1,19.6,India,RA Jadeja,MS Dhoni,JW Dernbach,1,0,"",""
ball,1,20.1,India,RA Jadeja,MS Dhoni,SCJ Broad,0,0,"",""
ball,1,20.2,India,RA Jadeja,MS Dhoni,SCJ Broad,0,0,"",""
ball,1,20.3,India,RA Jadeja,MS Dhoni,SCJ Broad,0,0,"",""
ball,1,20.4,India,RA Jadeja,MS Dhoni,SCJ Broad,0,0,"",""
ball,1,20.5,India,RA Jadeja,MS Dhoni,SCJ Broad,4,0,"",""
ball,1,20.6,India,RA Jadeja,MS Dhoni,SCJ Broad,0,0,"",""
ball,1,21.1,India,MS Dhoni,RA Jadeja,JW Dernbach,0,0,"",""
ball,1,21.2,India,MS Dhoni,RA Jadeja,JW Dernbach,1,0,"",""
ball,1,21.3,India,RA Jadeja,MS Dhoni,JW Dernbach,1,0,"",""
ball,1,21.4,India,MS Dhoni,RA Jadeja,JW Dernbach,0,0,"",""
ball,1,21.5,India,MS Dhoni,RA Jadeja,JW Dernbach,0,1,"",""
ball,1,21.6,India,MS Dhoni,RA Jadeja,JW Dernbach,0,1,"",""
ball,1,21.7,India,RA Jadeja,MS Dhoni,JW Dernbach,0,0,"",""
ball,1,22.1,India,MS Dhoni,RA Jadeja,GP Swann,0,0,"",""
ball,1,22.2,India,MS Dhoni,RA Jadeja,GP Swann,1,0,"",""
ball,1,22.3,India,RA Jadeja,MS Dhoni,GP Swann,0,0,"",""
ball,1,22.4,India,RA Jadeja,MS Dhoni,GP Swann,0,0,"",""
ball,1,22.5,India,RA Jadeja,MS Dhoni,GP Swann,1,0,"",""
ball,1,22.6,India,MS Dhoni,RA Jadeja,GP Swann,0,0,"",""
ball,1,23.1,India,RA Jadeja,MS Dhoni,SCJ Broad,1,0,"",""
ball,1,23.2,India,MS Dhoni,RA Jadeja,SCJ Broad,1,0,"",""
ball,1,23.3,India,RA Jadeja,MS Dhoni,SCJ Broad,0,0,"",""
ball,1,23.4,India,RA Jadeja,MS Dhoni,SCJ Broad,2,0,"",""
ball,1,23.5,India,RA Jadeja,MS Dhoni,SCJ Broad,0,0,"",""
ball,1,23.6,India,RA Jadeja,MS Dhoni,SCJ Broad,1,0,"",""
ball,1,24.1,India,RA Jadeja,MS Dhoni,GP Swann,0,0,"",""
ball,1,24.2,India,RA Jadeja,MS Dhoni,GP Swann,1,0,"",""
ball,1,24.3,India,MS Dhoni,RA Jadeja,GP Swann,0,0,"",""
ball,1,24.4,India,MS Dhoni,RA Jadeja,GP Swann,0,0,"",""
ball,1,24.5,India,MS Dhoni,RA Jadeja,GP Swann,1,0,"",""
ball,1,24.6,India,RA Jadeja,MS Dhoni,GP Swann,0,0,"",""
ball,1,25.1,India,MS Dhoni,RA Jadeja,SCJ Broad,1,0,"",""
ball,1,25.2,India,RA Jadeja,MS Dhoni,SCJ Broad,0,0,"",""
ball,1,25.3,India,RA Jadeja,MS Dhoni,SCJ Broad,0,0,"",""
ball,1,25.4,India,RA Jadeja,MS Dhoni,SCJ Broad,0,0,"",""
ball,1,25.5,India,RA Jadeja,MS Dhoni,SCJ Broad,0,0,"",""
ball,1,25.6,India,RA Jadeja,MS Dhoni,SCJ Broad,0,0,"",""
ball,1,26.1,India,MS Dhoni,RA Jadeja,GP Swann,2,0,"",""
ball,1,26.2,India,MS Dhoni,RA Jadeja,GP Swann,0,0,"",""
ball,1,26.3,India,MS Dhoni,RA Jadeja,GP Swann,0,0,"",""
ball,1,26.4,India,MS Dhoni,RA Jadeja,GP Swann,2,0,"",""
ball,1,26.5,India,MS Dhoni,RA Jadeja,GP Swann,2,0,"",""
ball,1,26.6,India,MS Dhoni,RA Jadeja,GP Swann,1,0,"",""
ball,1,27.1,India,MS Dhoni,RA Jadeja,SCJ Broad,1,0,"",""
ball,1,27.2,India,RA Jadeja,MS Dhoni,SCJ Broad,0,0,"",""
ball,1,27.3,India,RA Jadeja,MS Dhoni,SCJ Broad,1,0,"",""
ball,1,27.4,India,MS Dhoni,RA Jadeja,SCJ Broad,1,0,"",""
ball,1,27.5,India,RA Jadeja,MS Dhoni,SCJ Broad,4,0,"",""
ball,1,27.6,India,RA Jadeja,MS Dhoni,SCJ Broad,4,0,"",""
ball,1,28.1,India,MS Dhoni,RA Jadeja,GP Swann,1,0,"",""
ball,1,28.2,India,RA Jadeja,MS Dhoni,GP Swann,1,0,"",""
ball,1,28.3,India,MS Dhoni,RA Jadeja,GP Swann,0,0,"",""
ball,1,28.4,India,MS Dhoni,RA Jadeja,GP Swann,2,0,"",""
ball,1,28.5,India,MS Dhoni,RA Jadeja,GP Swann,1,0,"",""
ball,1,28.6,India,RA Jadeja,MS Dhoni,GP Swann,0,0,"",""
ball,1,29.1,India,MS Dhoni,RA Jadeja,RS Bopara,0,1,"",""
ball,1,29.2,India,MS Dhoni,RA Jadeja,RS Bopara,0,0,"",""
ball,1,29.3,India,MS Dhoni,RA Jadeja,RS Bopara,1,0,"",""
ball,1,29.4,India,RA Jadeja,MS Dhoni,RS Bopara,1,0,"",""
ball,1,29.5,India,MS Dhoni,RA Jadeja,RS Bopara,1,0,"",""
ball,1,29.6,India,RA Jadeja,MS Dhoni,RS Bopara,0,0,"",""
ball,1,29.7,India,RA Jadeja,MS Dhoni,RS Bopara,4,0,"",""
ball,1,30.1,India,MS Dhoni,RA Jadeja,GP Swann,1,0,"",""
ball,1,30.2,India,RA Jadeja,MS Dhoni,GP Swann,0,0,"",""
ball,1,30.3,India,RA Jadeja,MS Dhoni,GP Swann,0,0,"",""
ball,1,30.4,India,RA Jadeja,MS Dhoni,GP Swann,4,0,"",""
ball,1,30.5,India,RA Jadeja,MS Dhoni,GP Swann,0,0,"",""
ball,1,30.6,India,RA Jadeja,MS Dhoni,GP Swann,0,0,"",""
ball,1,31.1,India,MS Dhoni,RA Jadeja,RS Bopara,0,0,"",""
ball,1,31.2,India,MS Dhoni,RA Jadeja,RS Bopara,4,0,"",""
ball,1,31.3,India,MS Dhoni,RA Jadeja,RS Bopara,0,0,"",""
ball,1,31.4,India,MS Dhoni,RA Jadeja,RS Bopara,0,0,"",""
ball,1,31.5,India,MS Dhoni,RA Jadeja,RS Bopara,4,0,"",""
ball,1,31.6,India,MS Dhoni,RA Jadeja,RS Bopara,0,0,"",""
ball,1,32.1,India,RA Jadeja,MS Dhoni,GP Swann,0,0,"",""
ball,1,32.2,India,RA Jadeja,MS Dhoni,GP Swann,0,0,"",""
ball,1,32.3,India,RA Jadeja,MS Dhoni,GP Swann,0,0,"",""
ball,1,32.4,India,RA Jadeja,MS Dhoni,GP Swann,1,0,"",""
ball,1,32.5,India,MS Dhoni,RA Jadeja,GP Swann,1,0,"",""
ball,1,32.6,India,RA Jadeja,MS Dhoni,GP Swann,0,1,"",""
ball,1,33.1,India,RA Jadeja,MS Dhoni,TT Bresnan,1,0,"",""
ball,1,33.2,India,MS Dhoni,RA Jadeja,TT Bresnan,1,0,"",""
ball,1,33.3,India,RA Jadeja,MS Dhoni,TT Bresnan,1,0,"",""
ball,1,33.4,India,MS Dhoni,RA Jadeja,TT Bresnan,0,0,"",""
ball,1,33.5,India,MS Dhoni,RA Jadeja,TT Bresnan,1,0,"",""
ball,1,33.6,India,RA Jadeja,MS Dhoni,TT Bresnan,0,0,"",""
ball,1,34.1,India,MS Dhoni,RA Jadeja,GP Swann,0,0,"",""
ball,1,34.2,India,MS Dhoni,RA Jadeja,GP Swann,0,0,"",""
ball,1,34.3,India,MS Dhoni,RA Jadeja,GP Swann,0,0,"",""
ball,1,34.4,India,MS Dhoni,RA Jadeja,GP Swann,1,0,"",""
ball,1,34.5,India,RA Jadeja,MS Dhoni,GP Swann,0,0,"",""
ball,1,34.6,India,RA Jadeja,MS Dhoni,GP Swann,1,0,"",""
ball,1,35.1,India,RA Jadeja,MS Dhoni,TT Bresnan,0,0,"",""
ball,1,35.2,India,RA Jadeja,MS Dhoni,TT Bresnan,0,0,"",""
ball,1,35.3,India,RA Jadeja,MS Dhoni,TT Bresnan,1,0,"",""
ball,1,35.4,India,MS Dhoni,RA Jadeja,TT Bresnan,3,0,"",""
ball,1,35.5,India,RA Jadeja,MS Dhoni,TT Bresnan,1,0,"",""
ball,1,35.6,India,MS Dhoni,RA Jadeja,TT Bresnan,0,0,"",""
ball,1,36.1,India,RA Jadeja,MS Dhoni,GP Swann,0,0,"",""
ball,1,36.2,India,RA Jadeja,MS Dhoni,GP Swann,0,0,"",""
ball,1,36.3,India,RA Jadeja,MS Dhoni,GP Swann,0,0,"",""
ball,1,36.4,India,RA Jadeja,MS Dhoni,GP Swann,1,0,"",""
ball,1,36.5,India,MS Dhoni,RA Jadeja,GP Swann,0,0,"",""
ball,1,36.6,India,MS Dhoni,RA Jadeja,GP Swann,0,0,"",""
ball,1,37.1,India,RA Jadeja,MS Dhoni,JW Dernbach,1,0,"",""
ball,1,37.2,India,MS Dhoni,RA Jadeja,JW Dernbach,0,0,"",""
ball,1,37.3,India,MS Dhoni,RA Jadeja,JW Dernbach,1,0,"",""
ball,1,37.4,India,RA Jadeja,MS Dhoni,JW Dernbach,0,0,"",""
ball,1,37.5,India,RA Jadeja,MS Dhoni,JW Dernbach,1,0,"",""
ball,1,37.6,India,MS Dhoni,RA Jadeja,JW Dernbach,0,0,"",""
ball,1,38.1,India,RA Jadeja,MS Dhoni,GP Swann,1,0,"",""
ball,1,38.2,India,MS Dhoni,RA Jadeja,GP Swann,1,0,"",""
ball,1,38.3,India,RA Jadeja,MS Dhoni,GP Swann,1,0,"",""
ball,1,38.4,India,MS Dhoni,RA Jadeja,GP Swann,0,0,"",""
ball,1,38.5,India,MS Dhoni,RA Jadeja,GP Swann,0,0,"",""
ball,1,38.6,India,MS Dhoni,RA Jadeja,GP Swann,1,0,"",""
ball,1,39.1,India,MS Dhoni,RA Jadeja,JW Dernbach,1,0,"",""
ball,1,39.2,India,RA Jadeja,MS Dhoni,JW Dernbach,0,0,"",""
ball,1,39.3,India,RA Jadeja,MS Dhoni,JW Dernbach,0,1,"",""
ball,1,39.4,India,RA Jadeja,MS Dhoni,JW Dernbach,0,0,"",""
ball,1,39.5,India,RA Jadeja,MS Dhoni,JW Dernbach,1,0,"",""
ball,1,39.6,India,MS Dhoni,RA Jadeja,JW Dernbach,2,0,"",""
ball,1,39.7,India,MS Dhoni,RA Jadeja,JW Dernbach,1,0,"",""
ball,1,40.1,India,MS Dhoni,RA Jadeja,GP Swann,0,0,"",""
ball,1,40.2,India,MS Dhoni,RA Jadeja,GP Swann,0,0,"",""
ball,1,40.3,India,MS Dhoni,RA Jadeja,GP Swann,0,0,"",""
ball,1,40.4,India,MS Dhoni,RA Jadeja,GP Swann,0,0,"",""
ball,1,40.5,India,MS Dhoni,RA Jadeja,GP Swann,0,0,"",""
ball,1,40.6,India,MS Dhoni,RA Jadeja,GP Swann,1,0,"",""
ball,1,41.1,India,MS Dhoni,RA Jadeja,SCJ Broad,2,0,"",""
ball,1,41.2,India,MS Dhoni,RA Jadeja,SCJ Broad,1,0,"",""
ball,1,41.3,India,RA Jadeja,MS Dhoni,SCJ Broad,0,0,"",""
ball,1,41.4,India,RA Jadeja,MS Dhoni,SCJ Broad,0,1,"",""
ball,1,41.5,India,RA Jadeja,MS Dhoni,SCJ Broad,0,1,"",""
ball,1,41.6,India,RA Jadeja,MS Dhoni,SCJ Broad,2,0,"",""
ball,1,41.7,India,RA Jadeja,MS Dhoni,SCJ Broad,1,0,"",""
ball,1,41.8,India,MS Dhoni,RA Jadeja,SCJ Broad,0,0,"",""
ball,1,42.1,India,RA Jadeja,MS Dhoni,JM Anderson,1,0,"",""
ball,1,42.2,India,MS Dhoni,RA Jadeja,JM Anderson,1,0,"",""
ball,1,42.3,India,RA Jadeja,MS Dhoni,JM Anderson,1,0,"",""
ball,1,42.4,India,MS Dhoni,RA Jadeja,JM Anderson,1,0,"",""
ball,1,42.5,India,RA Jadeja,MS Dhoni,JM Anderson,0,0,"",""
ball,1,42.6,India,RA Jadeja,MS Dhoni,JM Anderson,4,0,"",""
ball,1,43.1,India,MS Dhoni,RA Jadeja,JW Dernbach,0,0,"",""
ball,1,43.2,India,MS Dhoni,RA Jadeja,JW Dernbach,1,0,"",""
ball,1,43.3,India,RA Jadeja,MS Dhoni,JW Dernbach,0,0,"",""
ball,1,43.4,India,RA Jadeja,MS Dhoni,JW Dernbach,1,0,"",""
ball,1,43.5,India,MS Dhoni,RA Jadeja,JW Dernbach,0,0,"",""
ball,1,43.6,India,MS Dhoni,RA Jadeja,JW Dernbach,1,0,"",""
ball,1,44.1,India,MS Dhoni,RA Jadeja,TT Bresnan,0,0,caught,MS Dhoni
ball,1,44.2,India,RA Jadeja,R Ashwin,TT Bresnan,0,0,"",""
ball,1,44.3,India,RA Jadeja,R Ashwin,TT Bresnan,1,0,"",""
ball,1,44.4,India,R Ashwin,RA Jadeja,TT Bresnan,1,0,"",""
ball,1,44.5,India,RA Jadeja,R Ashwin,TT Bresnan,1,0,"",""
ball,1,44.6,India,R Ashwin,RA Jadeja,TT Bresnan,1,0,"",""
ball,1,45.1,India,R Ashwin,RA Jadeja,JW Dernbach,4,0,"",""
ball,1,45.2,India,R Ashwin,RA Jadeja,JW Dernbach,0,0,"",""
ball,1,45.3,India,R Ashwin,RA Jadeja,JW Dernbach,4,0,"",""
ball,1,45.4,India,R Ashwin,RA Jadeja,JW Dernbach,3,0,"",""
ball,1,45.5,India,RA Jadeja,R Ashwin,JW Dernbach,4,0,"",""
ball,1,45.6,India,RA Jadeja,R Ashwin,JW Dernbach,4,0,"",""
ball,1,46.1,India,R Ashwin,RA Jadeja,TT Bresnan,1,0,"",""
ball,1,46.2,India,RA Jadeja,R Ashwin,TT Bresnan,1,0,"",""
ball,1,46.3,India,R Ashwin,RA Jadeja,TT Bresnan,4,0,"",""
ball,1,46.4,India,R Ashwin,RA Jadeja,TT Bresnan,2,0,"",""
ball,1,46.5,India,R Ashwin,RA Jadeja,TT Bresnan,1,0,"",""
ball,1,46.6,India,RA Jadeja,R Ashwin,TT Bresnan,0,0,"",""
ball,1,47.1,India,R Ashwin,RA Jadeja,JM Anderson,1,0,"",""
ball,1,47.2,India,RA Jadeja,R Ashwin,JM Anderson,4,0,"",""
ball,1,47.3,India,RA Jadeja,R Ashwin,JM Anderson,4,0,"",""
ball,1,47.4,India,RA Jadeja,R Ashwin,JM Anderson,2,0,"",""
ball,1,47.5,India,RA Jadeja,R Ashwin,JM Anderson,1,0,"",""
ball,1,47.6,India,R Ashwin,RA Jadeja,JM Anderson,4,0,"",""
ball,1,48.1,India,RA Jadeja,R Ashwin,SCJ Broad,1,0,"",""
ball,1,48.2,India,R Ashwin,RA Jadeja,SCJ Broad,2,0,"",""
ball,1,48.3,India,R Ashwin,RA Jadeja,SCJ Broad,4,0,"",""
ball,1,48.4,India,R Ashwin,RA Jadeja,SCJ Broad,0,0,"",""
ball,1,48.5,India,R Ashwin,RA Jadeja,SCJ Broad,1,0,"",""
ball,1,48.6,India,RA Jadeja,R Ashwin,SCJ Broad,2,0,"",""
ball,1,49.1,India,R Ashwin,RA Jadeja,JW Dernbach,1,0,"",""
ball,1,49.2,India,RA Jadeja,R Ashwin,JW Dernbach,0,0,caught,RA Jadeja
ball,1,49.3,India,R Ashwin,P Kumar,JW Dernbach,1,0,"",""
ball,1,49.4,India,P Kumar,R Ashwin,JW Dernbach,0,0,"",""
ball,1,49.5,India,P Kumar,R Ashwin,JW Dernbach,0,2,"",""
ball,1,49.6,India,R Ashwin,P Kumar,JW Dernbach,1,0,"",""
ball,1,49.7,India,P Kumar,R Ashwin,JW Dernbach,1,0,"",""
ball,2,0.1,England,AN Cook,C Kieswetter,P Kumar,0,1,"",""
ball,2,0.2,England,AN Cook,C Kieswetter,P Kumar,0,0,"",""
ball,2,0.3,England,AN Cook,C Kieswetter,P Kumar,0,0,"",""
ball,2,0.4,England,AN Cook,C Kieswetter,P Kumar,2,0,"",""
ball,2,0.5,England,AN Cook,C Kieswetter,P Kumar,0,0,"",""
ball,2,0.6,England,AN Cook,C Kieswetter,P Kumar,0,0,"",""
ball,2,0.7,England,AN Cook,C Kieswetter,P Kumar,0,0,"",""
ball,2,1.1,England,C Kieswetter,AN Cook,RP Singh,1,0,"",""
ball,2,1.2,England,AN Cook,C Kieswetter,RP Singh,0,0,"",""
ball,2,1.3,England,AN Cook,C Kieswetter,RP Singh,0,0,"",""
ball,2,1.4,England,AN Cook,C Kieswetter,RP Singh,0,0,"",""
ball,2,1.5,England,AN Cook,C Kieswetter,RP Singh,0,0,"",""
ball,2,1.6,England,AN Cook,C Kieswetter,RP Singh,4,0,"",""
ball,2,2.1,England,C Kieswetter,AN Cook,P Kumar,0,1,"",""
ball,2,2.2,England,AN Cook,C Kieswetter,P Kumar,0,0,"",""
ball,2,2.3,England,AN Cook,C Kieswetter,P Kumar,0,0,"",""
ball,2,2.4,England,AN Cook,C Kieswetter,P Kumar,1,0,"",""
ball,2,2.5,England,C Kieswetter,AN Cook,P Kumar,0,0,"",""
ball,2,2.6,England,C Kieswetter,AN Cook,P Kumar,0,0,"",""
ball,2,3.1,England,AN Cook,C Kieswetter,RP Singh,1,0,"",""
ball,2,3.2,England,C Kieswetter,AN Cook,RP Singh,0,0,"",""
ball,2,3.3,England,C Kieswetter,AN Cook,RP Singh,2,0,"",""
ball,2,3.4,England,C Kieswetter,AN Cook,RP Singh,4,0,"",""
ball,2,3.5,England,C Kieswetter,AN Cook,RP Singh,0,0,"",""
ball,2,3.6,England,C Kieswetter,AN Cook,RP Singh,0,0,"",""
ball,2,4.1,England,AN Cook,C Kieswetter,P Kumar,0,0,"",""
ball,2,4.2,England,AN Cook,C Kieswetter,P Kumar,0,0,"",""
ball,2,4.3,England,AN Cook,C Kieswetter,P Kumar,0,0,"",""
ball,2,4.4,England,AN Cook,C Kieswetter,P Kumar,1,0,"",""
ball,2,4.5,England,C Kieswetter,AN Cook,P Kumar,0,0,"",""
ball,2,4.6,England,C Kieswetter,AN Cook,P Kumar,6,0,"",""
ball,2,5.1,England,AN Cook,C Kieswetter,RP Singh,2,0,"",""
ball,2,5.2,England,AN Cook,C Kieswetter,RP Singh,0,0,"",""
ball,2,5.3,England,AN Cook,C Kieswetter,RP Singh,0,0,"",""
ball,2,5.4,England,AN Cook,C Kieswetter,RP Singh,0,0,"",""
ball,2,5.5,England,AN Cook,C Kieswetter,RP Singh,1,0,"",""
ball,2,5.6,England,C Kieswetter,AN Cook,RP Singh,0,1,"",""
ball,2,5.7,England,C Kieswetter,AN Cook,RP Singh,4,0,"",""
ball,2,6.1,England,AN Cook,C Kieswetter,P Kumar,1,0,"",""
ball,2,6.2,England,C Kieswetter,AN Cook,P Kumar,0,0,"",""
ball,2,6.3,England,C Kieswetter,AN Cook,P Kumar,1,0,"",""
ball,2,6.4,England,AN Cook,C Kieswetter,P Kumar,1,0,"",""
ball,2,6.5,England,C Kieswetter,AN Cook,P Kumar,0,0,"",""
ball,2,6.6,England,C Kieswetter,AN Cook,P Kumar,6,0,"",""
ball,2,7.1,England,AN Cook,C Kieswetter,MM Patel,0,0,"",""
ball,2,7.2,England,AN Cook,C Kieswetter,MM Patel,0,0,"",""
ball,2,7.3,England,AN Cook,C Kieswetter,MM Patel,0,0,"",""
ball,2,7.4,England,AN Cook,C Kieswetter,MM Patel,0,0,"",""
ball,2,7.5,England,AN Cook,C Kieswetter,MM Patel,4,0,"",""
ball,2,7.6,England,AN Cook,C Kieswetter,MM Patel,4,0,"",""
ball,2,8.1,England,C Kieswetter,AN Cook,RP Singh,0,0,"",""
ball,2,8.2,England,C Kieswetter,AN Cook,RP Singh,0,0,"",""
ball,2,8.3,England,C Kieswetter,AN Cook,RP Singh,0,0,"",""
ball,2,8.4,England,C Kieswetter,AN Cook,RP Singh,1,0,"",""
ball,2,8.5,England,AN Cook,C Kieswetter,RP Singh,1,0,"",""
ball,2,8.6,England,C Kieswetter,AN Cook,RP Singh,1,0,"",""
ball,2,9.1,England,C Kieswetter,AN Cook,MM Patel,0,0,"",""
ball,2,9.2,England,C Kieswetter,AN Cook,MM Patel,2,0,"",""
ball,2,9.3,England,C Kieswetter,AN Cook,MM Patel,6,0,"",""
ball,2,9.4,England,C Kieswetter,AN Cook,MM Patel,0,0,"",""
ball,2,9.5,England,C Kieswetter,AN Cook,MM Patel,3,0,"",""
ball,2,9.6,England,AN Cook,C Kieswetter,MM Patel,0,0,lbw,AN Cook
ball,2,10.1,England,C Kieswetter,IJL Trott,RP Singh,0,0,"",""
ball,2,10.2,England,C Kieswetter,IJL Trott,RP Singh,0,0,"",""
ball,2,10.3,England,C Kieswetter,IJL Trott,RP Singh,1,0,"",""
ball,2,10.4,England,IJL Trott,C Kieswetter,RP Singh,0,0,"",""
ball,2,10.5,England,IJL Trott,C Kieswetter,RP Singh,1,0,"",""
ball,2,10.6,England,C Kieswetter,IJL Trott,RP Singh,0,0,"",""
ball,2,11.1,England,IJL Trott,C Kieswetter,MM Patel,1,0,"",""
ball,2,11.2,England,C Kieswetter,IJL Trott,MM Patel,0,0,"",""
ball,2,11.3,England,C Kieswetter,IJL Trott,MM Patel,0,0,"",""
ball,2,11.4,England,C Kieswetter,IJL Trott,MM Patel,1,0,"",""
ball,2,11.5,England,IJL Trott,C Kieswetter,MM Patel,0,0,"",""
ball,2,11.6,England,IJL Trott,C Kieswetter,MM Patel,0,0,"",""
ball,2,12.1,England,C Kieswetter,IJL Trott,RA Jadeja,1,0,"",""
ball,2,12.2,England,IJL Trott,C Kieswetter,RA Jadeja,0,0,"",""
ball,2,12.3,England,IJL Trott,C Kieswetter,RA Jadeja,0,0,"",""
ball,2,12.4,England,IJL Trott,C Kieswetter,RA Jadeja,0,0,"",""
ball,2,12.5,England,IJL Trott,C Kieswetter,RA Jadeja,0,0,"",""
ball,2,12.6,England,IJL Trott,C Kieswetter,RA Jadeja,0,0,"",""
ball,2,13.1,England,C Kieswetter,IJL Trott,MM Patel,1,0,"",""
ball,2,13.2,England,IJL Trott,C Kieswetter,MM Patel,0,0,"",""
ball,2,13.3,England,IJL Trott,C Kieswetter,MM Patel,0,0,"",""
ball,2,13.4,England,IJL Trott,C Kieswetter,MM Patel,1,0,"",""
ball,2,13.5,England,C Kieswetter,IJL Trott,MM Patel,0,0,"",""
ball,2,13.6,England,C Kieswetter,IJL Trott,MM Patel,4,0,"",""
ball,2,14.1,England,IJL Trott,C Kieswetter,RA Jadeja,0,0,"",""
ball,2,14.2,England,IJL Trott,C Kieswetter,RA Jadeja,1,0,"",""
ball,2,14.3,England,C Kieswetter,IJL Trott,RA Jadeja,1,0,"",""
ball,2,14.4,England,IJL Trott,C Kieswetter,RA Jadeja,1,0,"",""
ball,2,14.5,England,C Kieswetter,IJL Trott,RA Jadeja,1,0,"",""
ball,2,14.6,England,IJL Trott,C Kieswetter,RA Jadeja,1,0,"",""
ball,2,15.1,England,IJL Trott,C Kieswetter,R Ashwin,1,0,"",""
ball,2,15.2,England,C Kieswetter,IJL Trott,R Ashwin,2,0,"",""
ball,2,15.3,England,C Kieswetter,IJL Trott,R Ashwin,1,0,"",""
ball,2,15.4,England,IJL Trott,C Kieswetter,R Ashwin,2,0,"",""
ball,2,15.5,England,IJL Trott,C Kieswetter,R Ashwin,0,0,"",""
ball,2,15.6,England,IJL Trott,C Kieswetter,R Ashwin,0,0,"",""
ball,2,16.1,England,C Kieswetter,IJL Trott,RA Jadeja,1,0,"",""
ball,2,16.2,England,IJL Trott,C Kieswetter,RA Jadeja,1,0,"",""
ball,2,16.3,England,C Kieswetter,IJL Trott,RA Jadeja,0,0,"",""
ball,2,16.4,England,C Kieswetter,IJL Trott,RA Jadeja,0,0,"",""
ball,2,16.5,England,C Kieswetter,IJL Trott,RA Jadeja,0,0,"",""
ball,2,16.6,England,C Kieswetter,IJL Trott,RA Jadeja,0,0,bowled,C Kieswetter
ball,2,17.1,England,IJL Trott,IR Bell,R Ashwin,0,0,"",""
ball,2,17.2,England,IJL Trott,IR Bell,R Ashwin,1,0,"",""
ball,2,17.3,England,IR Bell,IJL Trott,R Ashwin,0,0,"",""
ball,2,17.4,England,IR Bell,IJL Trott,R Ashwin,1,0,"",""
ball,2,17.5,England,IJL Trott,IR Bell,R Ashwin,0,0,bowled,IJL Trott
ball,2,17.6,England,BA Stokes,IR Bell,R Ashwin,0,0,"",""
ball,2,18.1,England,IR Bell,BA Stokes,RA Jadeja,1,0,"",""
ball,2,18.2,England,BA Stokes,IR Bell,RA Jadeja,1,0,"",""
ball,2,18.3,England,IR Bell,BA Stokes,RA Jadeja,1,0,"",""
ball,2,18.4,England,BA Stokes,IR Bell,RA Jadeja,0,0,"",""
ball,2,18.5,England,BA Stokes,IR Bell,RA Jadeja,0,0,"",""
ball,2,18.6,England,BA Stokes,IR Bell,RA Jadeja,1,0,"",""
ball,2,19.1,England,BA Stokes,IR Bell,R Ashwin,0,0,"",""
ball,2,19.2,England,BA Stokes,IR Bell,R Ashwin,0,0,"",""
ball,2,19.3,England,BA Stokes,IR Bell,R Ashwin,0,0,"",""
ball,2,19.4,England,BA Stokes,IR Bell,R Ashwin,1,0,"",""
ball,2,19.5,England,IR Bell,BA Stokes,R Ashwin,1,0,"",""
ball,2,19.6,England,BA Stokes,IR Bell,R Ashwin,0,0,"",""
ball,2,20.1,England,IR Bell,BA Stokes,RA Jadeja,1,0,"",""
ball,2,20.2,England,BA Stokes,IR Bell,RA Jadeja,1,0,"",""
ball,2,20.3,England,IR Bell,BA Stokes,RA Jadeja,1,0,"",""
ball,2,20.4,England,BA Stokes,IR Bell,RA Jadeja,0,0,"",""
ball,2,20.5,England,BA Stokes,IR Bell,RA Jadeja,1,0,"",""
ball,2,20.6,England,IR Bell,BA Stokes,RA Jadeja,1,0,"",""
ball,2,21.1,England,IR Bell,BA Stokes,R Ashwin,1,0,"",""
ball,2,21.2,England,BA Stokes,IR Bell,R Ashwin,0,0,"",""
ball,2,21.3,England,BA Stokes,IR Bell,R Ashwin,0,0,"",""
ball,2,21.4,England,BA Stokes,IR Bell,R Ashwin,0,0,"",""
ball,2,21.5,England,BA Stokes,IR Bell,R Ashwin,1,0,"",""
ball,2,21.6,England,IR Bell,BA Stokes,R Ashwin,1,0,"",""
ball,2,22.1,England,IR Bell,BA Stokes,RA Jadeja,0,0,"",""
ball,2,22.2,England,IR Bell,BA Stokes,RA Jadeja,1,0,"",""
ball,2,22.3,England,BA Stokes,IR Bell,RA Jadeja,1,0,"",""
ball,2,22.4,England,IR Bell,BA Stokes,RA Jadeja,4,0,"",""
ball,2,22.5,England,IR Bell,BA Stokes,RA Jadeja,4,0,"",""
ball,2,22.6,England,IR Bell,BA Stokes,RA Jadeja,0,0,"",""
ball,2,23.1,England,BA Stokes,IR Bell,R Ashwin,0,0,"",""
ball,2,23.2,England,BA Stokes,IR Bell,R Ashwin,2,0,"",""
ball,2,23.3,England,BA Stokes,IR Bell,R Ashwin,2,0,"",""
ball,2,23.4,England,BA Stokes,IR Bell,R Ashwin,1,0,"",""
ball,2,23.5,England,IR Bell,BA Stokes,R Ashwin,0,0,"",""
ball,2,23.6,England,IR Bell,BA Stokes,R Ashwin,1,0,"",""
ball,2,24.1,England,IR Bell,BA Stokes,RA Jadeja,1,0,"",""
ball,2,24.2,England,BA Stokes,IR Bell,RA Jadeja,1,0,"",""
ball,2,24.3,England,IR Bell,BA Stokes,RA Jadeja,0,0,"",""
ball,2,24.4,England,IR Bell,BA Stokes,RA Jadeja,0,0,"",""
ball,2,24.5,England,IR Bell,BA Stokes,RA Jadeja,1,0,"",""
ball,2,24.6,England,BA Stokes,IR Bell,RA Jadeja,6,0,"",""
ball,2,25.1,England,IR Bell,BA Stokes,R Ashwin,1,0,"",""
ball,2,25.2,England,BA Stokes,IR Bell,R Ashwin,1,0,"",""
ball,2,25.3,England,IR Bell,BA Stokes,R Ashwin,1,0,"",""
ball,2,25.4,England,BA Stokes,IR Bell,R Ashwin,0,0,"",""
ball,2,25.5,England,BA Stokes,IR Bell,R Ashwin,0,0,"",""
ball,2,25.6,England,BA Stokes,IR Bell,R Ashwin,0,0,"",""
ball,2,26.1,England,IR Bell,BA Stokes,SK Raina,0,0,"",""
ball,2,26.2,England,IR Bell,BA Stokes,SK Raina,0,0,run out,IR Bell
ball,2,26.3,England,RS Bopara,BA Stokes,SK Raina,0,0,"",""
ball,2,26.4,England,RS Bopara,BA Stokes,SK Raina,0,0,"",""
ball,2,26.5,England,RS Bopara,BA Stokes,SK Raina,0,0,"",""
ball,2,26.6,England,RS Bopara,BA Stokes,SK Raina,1,0,"",""
ball,2,27.1,England,RS Bopara,BA Stokes,R Ashwin,1,0,"",""
ball,2,27.2,England,BA Stokes,RS Bopara,R Ashwin,0,0,"",""
ball,2,27.3,England,BA Stokes,RS Bopara,R Ashwin,0,0,"",""
ball,2,27.4,England,BA Stokes,RS Bopara,R Ashwin,0,0,bowled,BA Stokes
ball,2,27.5,England,TT Bresnan,RS Bopara,R Ashwin,1,0,"",""
ball,2,27.6,England,RS Bopara,TT Bresnan,R Ashwin,4,0,"",""
ball,2,28.1,England,TT Bresnan,RS Bopara,SK Raina,0,0,"",""
ball,2,28.2,England,TT Bresnan,RS Bopara,SK Raina,0,0,"",""
ball,2,28.3,England,TT Bresnan,RS Bopara,SK Raina,0,0,"",""
ball,2,28.4,England,TT Bresnan,RS Bopara,SK Raina,1,0,"",""
ball,2,28.5,England,RS Bopara,TT Bresnan,SK Raina,0,2,"",""
ball,2,28.6,England,RS Bopara,TT Bresnan,SK Raina,1,0,"",""
ball,2,29.1,England,RS Bopara,TT Bresnan,R Ashwin,3,0,"",""
ball,2,29.2,England,TT Bresnan,RS Bopara,R Ashwin,0,0,"",""
ball,2,29.3,England,TT Bresnan,RS Bopara,R Ashwin,1,0,"",""
ball,2,29.4,England,RS Bopara,TT Bresnan,R Ashwin,0,0,"",""
ball,2,29.5,England,RS Bopara,TT Bresnan,R Ashwin,0,0,"",""
ball,2,29.6,England,RS Bopara,TT Bresnan,R Ashwin,0,0,"",""
ball,2,30.1,England,TT Bresnan,RS Bopara,SK Raina,1,0,"",""
ball,2,30.2,England,RS Bopara,TT Bresnan,SK Raina,0,2,"",""
ball,2,30.3,England,RS Bopara,TT Bresnan,SK Raina,1,0,"",""
ball,2,30.4,England,TT Bresnan,RS Bopara,SK Raina,1,0,"",""
ball,2,30.5,England,RS Bopara,TT Bresnan,SK Raina,0,0,"",""
ball,2,30.6,England,RS Bopara,TT Bresnan,SK Raina,0,0,"",""
ball,2,31.1,England,TT Bresnan,RS Bopara,MM Patel,0,0,"",""
ball,2,31.2,England,TT Bresnan,RS Bopara,MM Patel,4,0,"",""
ball,2,31.3,England,TT Bresnan,RS Bopara,MM Patel,4,0,"",""
ball,2,31.4,England,TT Bresnan,RS Bopara,MM Patel,0,0,"",""
ball,2,31.5,England,TT Bresnan,RS Bopara,MM Patel,0,0,"",""
ball,2,31.6,England,TT Bresnan,RS Bopara,MM Patel,2,0,"",""
ball,2,32.1,England,RS Bopara,TT Bresnan,SK Raina,0,0,"",""
ball,2,32.2,England,RS Bopara,TT Bresnan,SK Raina,0,0,"",""
ball,2,32.3,England,RS Bopara,TT Bresnan,SK Raina,1,0,"",""
ball,2,32.4,England,TT Bresnan,RS Bopara,SK Raina,0,0,"",""
ball,2,32.5,England,TT Bresnan,RS Bopara,SK Raina,0,0,"",""
ball,2,32.6,England,TT Bresnan,RS Bopara,SK Raina,0,0,"",""
ball,2,33.1,England,RS Bopara,TT Bresnan,MM Patel,1,0,"",""
ball,2,33.2,England,TT Bresnan,RS Bopara,MM Patel,0,0,"",""
ball,2,33.3,England,TT Bresnan,RS Bopara,MM Patel,1,0,"",""
ball,2,33.4,England,RS Bopara,TT Bresnan,MM Patel,0,0,"",""
ball,2,33.5,England,RS Bopara,TT Bresnan,MM Patel,0,0,"",""
ball,2,33.6,England,RS Bopara,TT Bresnan,MM Patel,1,0,"",""
ball,2,34.1,England,RS Bopara,TT Bresnan,SK Raina,1,0,"",""
ball,2,34.2,England,TT Bresnan,RS Bopara,SK Raina,0,0,"",""
ball,2,34.3,England,TT Bresnan,RS Bopara,SK Raina,2,0,"",""
ball,2,34.4,England,TT Bresnan,RS Bopara,SK Raina,1,0,"",""
ball,2,34.5,England,RS Bopara,TT Bresnan,SK Raina,4,0,"",""
ball,2,34.6,England,RS Bopara,TT Bresnan,SK Raina,1,0,"",""
ball,2,35.1,England,RS Bopara,TT Bresnan,MM Patel,1,0,"",""
ball,2,35.2,England,TT Bresnan,RS Bopara,MM Patel,0,0,"",""
ball,2,35.3,England,TT Bresnan,RS Bopara,MM Patel,1,0,"",""
ball,2,35.4,England,RS Bopara,TT Bresnan,MM Patel,1,0,"",""
ball,2,35.5,England,TT Bresnan,RS Bopara,MM Patel,2,0,"",""
ball,2,35.6,England,TT Bresnan,RS Bopara,MM Patel,1,0,"",""
ball,2,36.1,England,TT Bresnan,RS Bopara,RA Jadeja,0,0,"",""
ball,2,36.2,England,TT Bresnan,RS Bopara,RA Jadeja,1,0,"",""
ball,2,36.3,England,RS Bopara,TT Bresnan,RA Jadeja,1,0,"",""
ball,2,36.4,England,TT Bresnan,RS Bopara,RA Jadeja,0,0,"",""
ball,2,36.5,England,TT Bresnan,RS Bopara,RA Jadeja,1,0,"",""
ball,2,36.6,England,RS Bopara,TT Bresnan,RA Jadeja,0,0,"",""
ball,2,37.1,England,TT Bresnan,RS Bopara,RP Singh,1,0,"",""
ball,2,37.2,England,RS Bopara,TT Bresnan,RP Singh,0,0,"",""
ball,2,37.3,England,RS Bopara,TT Bresnan,RP Singh,1,0,"",""
ball,2,37.4,England,TT Bresnan,RS Bopara,RP Singh,0,0,"",""
ball,2,37.5,England,TT Bresnan,RS Bopara,RP Singh,1,0,"",""
ball,2,37.6,England,RS Bopara,TT Bresnan,RP Singh,4,0,"",""
ball,2,38.1,England,TT Bresnan,RS Bopara,RA Jadeja,0,1,"",""
ball,2,38.2,England,TT Bresnan,RS Bopara,RA Jadeja,1,0,"",""
ball,2,38.3,England,RS Bopara,TT Bresnan,RA Jadeja,1,0,"",""
ball,2,38.4,England,TT Bresnan,RS Bopara,RA Jadeja,0,0,"",""
ball,2,38.5,England,TT Bresnan,RS Bopara,RA Jadeja,0,0,"",""
ball,2,38.6,England,TT Bresnan,RS Bopara,RA Jadeja,0,0,bowled,TT Bresnan
ball,2,38.7,England,SCJ Broad,RS Bopara,RA Jadeja,0,0,"",""
ball,2,39.1,England,RS Bopara,SCJ Broad,MM Patel,2,0,"",""
ball,2,39.2,England,RS Bopara,SCJ Broad,MM Patel,1,0,"",""
ball,2,39.3,England,SCJ Broad,RS Bopara,MM Patel,1,0,"",""
ball,2,39.4,England,RS Bopara,SCJ Broad,MM Patel,1,0,"",""
ball,2,39.5,England,SCJ Broad,RS Bopara,MM Patel,1,0,"",""
ball,2,39.6,England,RS Bopara,SCJ Broad,MM Patel,2,0,"",""
ball,2,40.1,England,SCJ Broad,RS Bopara,R Ashwin,1,0,"",""
ball,2,40.2,England,RS Bopara,SCJ Broad,R Ashwin,1,0,"",""
ball,2,40.3,England,SCJ Broad,RS Bopara,R Ashwin,1,0,"",""
ball,2,40.4,England,RS Bopara,SCJ Broad,R Ashwin,4,0,"",""
ball,2,40.5,England,RS Bopara,SCJ Broad,R Ashwin,0,0,bowled,RS Bopara
ball,2,40.6,England,GP Swann,SCJ Broad,R Ashwin,1,0,"",""
ball,2,41.1,England,GP Swann,SCJ Broad,MM Patel,2,0,"",""
ball,2,41.2,England,GP Swann,SCJ Broad,MM Patel,1,0,"",""
ball,2,41.3,England,SCJ Broad,GP Swann,MM Patel,1,0,"",""
ball,2,41.4,England,GP Swann,SCJ Broad,MM Patel,4,0,"",""
ball,2,41.5,England,GP Swann,SCJ Broad,MM Patel,1,0,"",""
