version,1.3.0
info,team,England
info,team,Sri Lanka
info,gender,male
info,season,2011
info,date,2011/07/06
info,series,NatWest Series
info,match_number,4
info,venue,Trent Bridge
info,city,Nottingham
info,toss_winner,England
info,toss_decision,field
info,player_of_match,AN Cook
info,umpire,BF Bowden
info,umpire,RK Illingworth
info,reserve_umpire,RJ Bailey
info,tv_umpire,NJ Llong
info,match_referee,AG Hurst
info,winner,England
info,winner_wickets,10
info,method,D/L
ball,1,0.1,Sri Lanka,DPMD Jayawardene,TM Dilshan,JM Anderson,1,0,"",""
ball,1,0.2,Sri Lanka,TM Dilshan,DPMD Jayawardene,JM Anderson,0,0,"",""
ball,1,0.3,Sri Lanka,TM Dilshan,DPMD Jayawardene,JM Anderson,0,0,"",""
ball,1,0.4,Sri Lanka,TM Dilshan,DPMD Jayawardene,JM Anderson,0,0,"",""
ball,1,0.5,Sri Lanka,TM Dilshan,DPMD Jayawardene,JM Anderson,0,0,caught,TM Dilshan
ball,1,0.6,Sri Lanka,LD Chandimal,DPMD Jayawardene,JM Anderson,0,0,"",""
ball,1,1.1,Sri Lanka,DPMD Jayawardene,LD Chandimal,TT Bresnan,0,0,"",""
ball,1,1.2,Sri Lanka,DPMD Jayawardene,LD Chandimal,TT Bresnan,0,0,"",""
ball,1,1.3,Sri Lanka,DPMD Jayawardene,LD Chandimal,TT Bresnan,0,0,"",""
ball,1,1.4,Sri Lanka,DPMD Jayawardene,LD Chandimal,TT Bresnan,1,0,"",""
ball,1,1.5,Sri Lanka,LD Chandimal,DPMD Jayawardene,TT Bresnan,0,0,"",""
ball,1,1.6,Sri Lanka,LD Chandimal,DPMD Jayawardene,TT Bresnan,0,0,"",""
ball,1,2.1,Sri Lanka,DPMD Jayawardene,LD Chandimal,JM Anderson,4,0,"",""
ball,1,2.2,Sri Lanka,DPMD Jayawardene,LD Chandimal,JM Anderson,0,0,"",""
ball,1,2.3,Sri Lanka,DPMD Jayawardene,LD Chandimal,JM Anderson,0,1,"",""
ball,1,2.4,Sri Lanka,DPMD Jayawardene,LD Chandimal,JM Anderson,2,0,"",""
ball,1,2.5,Sri Lanka,DPMD Jayawardene,LD Chandimal,JM Anderson,0,0,"",""
ball,1,2.6,Sri Lanka,DPMD Jayawardene,LD Chandimal,JM Anderson,1,0,"",""
ball,1,2.7,Sri Lanka,LD Chandimal,DPMD Jayawardene,JM Anderson,0,0,"",""
ball,1,3.1,Sri Lanka,DPMD Jayawardene,LD Chandimal,TT Bresnan,0,0,"",""
ball,1,3.2,Sri Lanka,DPMD Jayawardene,LD Chandimal,TT Bresnan,0,0,caught,DPMD Jayawardene
ball,1,3.3,Sri Lanka,KC Sangakkara,LD Chandimal,TT Bresnan,0,0,"",""
ball,1,3.4,Sri Lanka,KC Sangakkara,LD Chandimal,TT Bresnan,0,1,"",""
ball,1,3.5,Sri Lanka,KC Sangakkara,LD Chandimal,TT Bresnan,0,0,"",""
ball,1,3.6,Sri Lanka,KC Sangakkara,LD Chandimal,TT Bresnan,0,0,"",""
ball,1,3.7,Sri Lanka,KC Sangakkara,LD Chandimal,TT Bresnan,0,0,"",""
ball,1,4.1,Sri Lanka,LD Chandimal,KC Sangakkara,JM Anderson,0,0,lbw,LD Chandimal
ball,1,4.2,Sri Lanka,SHT Kandamby,KC Sangakkara,JM Anderson,0,0,"",""
ball,1,4.3,Sri Lanka,SHT Kandamby,KC Sangakkara,JM Anderson,0,0,"",""
ball,1,4.4,Sri Lanka,SHT Kandamby,KC Sangakkara,JM Anderson,0,0,"",""
ball,1,4.5,Sri Lanka,SHT Kandamby,KC Sangakkara,JM Anderson,0,0,"",""
ball,1,4.6,Sri Lanka,SHT Kandamby,KC Sangakkara,JM Anderson,0,0,"",""
ball,1,5.1,Sri Lanka,KC Sangakkara,SHT Kandamby,TT Bresnan,0,0,"",""
ball,1,5.2,Sri Lanka,KC Sangakkara,SHT Kandamby,TT Bresnan,0,0,"",""
ball,1,5.3,Sri Lanka,KC Sangakkara,SHT Kandamby,TT Bresnan,1,0,"",""
ball,1,5.4,Sri Lanka,SHT Kandamby,KC Sangakkara,TT Bresnan,0,0,"",""
ball,1,5.5,Sri Lanka,SHT Kandamby,KC Sangakkara,TT Bresnan,2,0,"",""
ball,1,5.6,Sri Lanka,SHT Kandamby,KC Sangakkara,TT Bresnan,0,0,"",""
ball,1,6.1,Sri Lanka,KC Sangakkara,SHT Kandamby,JM Anderson,0,0,"",""
ball,1,6.2,Sri Lanka,KC Sangakkara,SHT Kandamby,JM Anderson,1,0,"",""
ball,1,6.3,Sri Lanka,SHT Kandamby,KC Sangakkara,JM Anderson,0,0,"",""
ball,1,6.4,Sri Lanka,SHT Kandamby,KC Sangakkara,JM Anderson,0,0,"",""
ball,1,6.5,Sri Lanka,SHT Kandamby,KC Sangakkara,JM Anderson,0,0,"",""
ball,1,6.6,Sri Lanka,SHT Kandamby,KC Sangakkara,JM Anderson,0,0,"",""
ball,1,7.1,Sri Lanka,KC Sangakkara,SHT Kandamby,TT Bresnan,0,0,"",""
ball,1,7.2,Sri Lanka,KC Sangakkara,SHT Kandamby,TT Bresnan,0,0,"",""
ball,1,7.3,Sri Lanka,KC Sangakkara,SHT Kandamby,TT Bresnan,0,1,"",""
ball,1,7.4,Sri Lanka,KC Sangakkara,SHT Kandamby,TT Bresnan,0,0,"",""
ball,1,7.5,Sri Lanka,KC Sangakkara,SHT Kandamby,TT Bresnan,0,0,"",""
ball,1,7.6,Sri Lanka,KC Sangakkara,SHT Kandamby,TT Bresnan,0,0,"",""
ball,1,7.7,Sri Lanka,KC Sangakkara,SHT Kandamby,TT Bresnan,0,0,"",""
ball,1,8.1,Sri Lanka,SHT Kandamby,KC Sangakkara,JM Anderson,4,0,"",""
ball,1,8.2,Sri Lanka,SHT Kandamby,KC Sangakkara,JM Anderson,0,0,"",""
ball,1,8.3,Sri Lanka,SHT Kandamby,KC Sangakkara,JM Anderson,0,0,caught,SHT Kandamby
ball,1,8.4,Sri Lanka,S Randiv,KC Sangakkara,JM Anderson,0,0,"",""
ball,1,8.5,Sri Lanka,S Randiv,KC Sangakkara,JM Anderson,0,0,"",""
ball,1,8.6,Sri Lanka,S Randiv,KC Sangakkara,JM Anderson,0,0,"",""
ball,1,9.1,Sri Lanka,KC Sangakkara,S Randiv,TT Bresnan,4,0,"",""
ball,1,9.2,Sri Lanka,KC Sangakkara,S Randiv,TT Bresnan,1,0,"",""
ball,1,9.3,Sri Lanka,S Randiv,KC Sangakkara,TT Bresnan,0,0,"",""
ball,1,9.4,Sri Lanka,S Randiv,KC Sangakkara,TT Bresnan,0,0,"",""
ball,1,9.5,Sri Lanka,S Randiv,KC Sangakkara,TT Bresnan,0,0,"",""
ball,1,9.6,Sri Lanka,S Randiv,KC Sangakkara,TT Bresnan,4,0,"",""
ball,1,10.1,Sri Lanka,KC Sangakkara,S Randiv,JM Anderson,0,0,"",""
ball,1,10.2,Sri Lanka,KC Sangakkara,S Randiv,JM Anderson,0,0,"",""
ball,1,10.3,Sri Lanka,KC Sangakkara,S Randiv,JM Anderson,0,0,"",""
ball,1,10.4,Sri Lanka,KC Sangakkara,S Randiv,JM Anderson,0,0,"",""
ball,1,10.5,Sri Lanka,KC Sangakkara,S Randiv,JM Anderson,4,0,"",""
ball,1,10.6,Sri Lanka,KC Sangakkara,S Randiv,JM Anderson,0,0,"",""
ball,1,11.1,Sri Lanka,S Randiv,KC Sangakkara,SCJ Broad,0,0,"",""
ball,1,11.2,Sri Lanka,S Randiv,KC Sangakkara,SCJ Broad,4,0,"",""
ball,1,11.3,Sri Lanka,S Randiv,KC Sangakkara,SCJ Broad,0,0,"",""
ball,1,11.4,Sri Lanka,S Randiv,KC Sangakkara,SCJ Broad,0,0,"",""
ball,1,11.5,Sri Lanka,S Randiv,KC Sangakkara,SCJ Broad,4,0,"",""
ball,1,11.6,Sri Lanka,S Randiv,KC Sangakkara,SCJ Broad,0,0,"",""
ball,1,12.1,Sri Lanka,KC Sangakkara,S Randiv,JM Anderson,0,0,"",""
ball,1,12.2,Sri Lanka,KC Sangakkara,S Randiv,JM Anderson,1,0,"",""
ball,1,12.3,Sri Lanka,S Randiv,KC Sangakkara,JM Anderson,0,1,"",""
ball,1,12.4,Sri Lanka,KC Sangakkara,S Randiv,JM Anderson,0,0,"",""
ball,1,12.5,Sri Lanka,KC Sangakkara,S Randiv,JM Anderson,1,0,"",""
ball,1,12.6,Sri Lanka,S Randiv,KC Sangakkara,JM Anderson,0,0,"",""
ball,1,13.1,Sri Lanka,KC Sangakkara,S Randiv,SCJ Broad,1,0,"",""
ball,1,13.2,Sri Lanka,S Randiv,KC Sangakkara,SCJ Broad,0,0,"",""
ball,1,13.3,Sri Lanka,S Randiv,KC Sangakkara,SCJ Broad,0,0,"",""
ball,1,13.4,Sri Lanka,S Randiv,KC Sangakkara,SCJ Broad,0,0,"",""
ball,1,13.5,Sri Lanka,S Randiv,KC Sangakkara,SCJ Broad,0,0,"",""
ball,1,13.6,Sri Lanka,S Randiv,KC Sangakkara,SCJ Broad,1,0,"",""
ball,1,14.1,Sri Lanka,S Randiv,KC Sangakkara,JM Anderson,0,0,"",""
ball,1,14.2,Sri Lanka,S Randiv,KC Sangakkara,JM Anderson,0,1,"",""
ball,1,14.3,Sri Lanka,KC Sangakkara,S Randiv,JM Anderson,0,0,"",""
ball,1,14.4,Sri Lanka,KC Sangakkara,S Randiv,JM Anderson,4,0,"",""
ball,1,14.5,Sri Lanka,KC Sangakkara,S Randiv,JM Anderson,0,0,"",""
ball,1,14.6,Sri Lanka,KC Sangakkara,S Randiv,JM Anderson,0,0,"",""
ball,1,15.1,Sri Lanka,S Randiv,KC Sangakkara,SCJ Broad,0,0,"",""
ball,1,15.2,Sri Lanka,S Randiv,KC Sangakkara,SCJ Broad,1,0,"",""
ball,1,15.3,Sri Lanka,KC Sangakkara,S Randiv,SCJ Broad,1,0,"",""
ball,1,15.4,Sri Lanka,S Randiv,KC Sangakkara,SCJ Broad,4,0,"",""
ball,1,15.5,Sri Lanka,S Randiv,KC Sangakkara,SCJ Broad,0,0,"",""
ball,1,15.6,Sri Lanka,S Randiv,KC Sangakkara,SCJ Broad,0,0,caught,S Randiv
ball,1,16.1,Sri Lanka,KC Sangakkara,AD Mathews,JW Dernbach,0,0,"",""
ball,1,16.2,Sri Lanka,KC Sangakkara,AD Mathews,JW Dernbach,0,0,"",""
ball,1,16.3,Sri Lanka,KC Sangakkara,AD Mathews,JW Dernbach,0,0,"",""
ball,1,16.4,Sri Lanka,KC Sangakkara,AD Mathews,JW Dernbach,1,0,"",""
ball,1,16.5,Sri Lanka,AD Mathews,KC Sangakkara,JW Dernbach,3,0,"",""
ball,1,16.6,Sri Lanka,KC Sangakkara,AD Mathews,JW Dernbach,0,0,"",""
ball,1,17.1,Sri Lanka,AD Mathews,KC Sangakkara,SCJ Broad,0,0,"",""
ball,1,17.2,Sri Lanka,AD Mathews,KC Sangakkara,SCJ Broad,0,0,"",""
ball,1,17.3,Sri Lanka,AD Mathews,KC Sangakkara,SCJ Broad,0,0,"",""
ball,1,17.4,Sri Lanka,AD Mathews,KC Sangakkara,SCJ Broad,0,0,"",""
ball,1,17.5,Sri Lanka,AD Mathews,KC Sangakkara,SCJ Broad,0,0,"",""
ball,1,17.6,Sri Lanka,AD Mathews,KC Sangakkara,SCJ Broad,1,0,"",""
ball,1,18.1,Sri Lanka,AD Mathews,KC Sangakkara,JW Dernbach,0,0,"",""
ball,1,18.2,Sri Lanka,AD Mathews,KC Sangakkara,JW Dernbach,4,0,"",""
ball,1,18.3,Sri Lanka,AD Mathews,KC Sangakkara,JW Dernbach,1,0,"",""
ball,1,18.4,Sri Lanka,KC Sangakkara,AD Mathews,JW Dernbach,0,0,"",""
ball,1,18.5,Sri Lanka,KC Sangakkara,AD Mathews,JW Dernbach,1,0,"",""
ball,1,18.6,Sri Lanka,AD Mathews,KC Sangakkara,JW Dernbach,0,0,"",""
ball,1,19.1,Sri Lanka,KC Sangakkara,AD Mathews,SCJ Broad,0,0,"",""
ball,1,19.2,Sri Lanka,KC Sangakkara,AD Mathews,SCJ Broad,0,0,"",""
ball,1,19.3,Sri Lanka,KC Sangakkara,AD Mathews,SCJ Broad,0,0,"",""
ball,1,19.4,Sri Lanka,KC Sangakkara,AD Mathews,SCJ Broad,1,0,"",""
ball,1,19.5,Sri Lanka,AD Mathews,KC Sangakkara,SCJ Broad,0,0,"",""
ball,1,19.6,Sri Lanka,AD Mathews,KC Sangakkara,SCJ Broad,1,0,"",""
ball,1,20.1,Sri Lanka,AD Mathews,KC Sangakkara,GP Swann,1,0,"",""
ball,1,20.2,Sri Lanka,KC Sangakkara,AD Mathews,GP Swann,0,0,"",""
ball,1,20.3,Sri Lanka,KC Sangakkara,AD Mathews,GP Swann,0,0,"",""
ball,1,20.4,Sri Lanka,KC Sangakkara,AD Mathews,GP Swann,0,0,"",""
ball,1,20.5,Sri Lanka,KC Sangakkara,AD Mathews,GP Swann,2,0,"",""
ball,1,20.6,Sri Lanka,KC Sangakkara,AD Mathews,GP Swann,1,0,"",""
ball,1,21.1,Sri Lanka,KC Sangakkara,AD Mathews,JW Dernbach,1,0,"",""
ball,1,21.2,Sri Lanka,AD Mathews,KC Sangakkara,JW Dernbach,6,0,"",""
ball,1,21.3,Sri Lanka,AD Mathews,KC Sangakkara,JW Dernbach,0,0,"",""
ball,1,21.4,Sri Lanka,AD Mathews,KC Sangakkara,JW Dernbach,1,0,"",""
ball,1,21.5,Sri Lanka,KC Sangakkara,AD Mathews,JW Dernbach,0,0,"",""
ball,1,21.6,Sri Lanka,KC Sangakkara,AD Mathews,JW Dernbach,0,0,"",""
ball,1,22.1,Sri Lanka,AD Mathews,KC Sangakkara,GP Swann,0,0,"",""
ball,1,22.2,Sri Lanka,AD Mathews,KC Sangakkara,GP Swann,0,0,"",""
ball,1,22.3,Sri Lanka,AD Mathews,KC Sangakkara,GP Swann,0,0,"",""
ball,1,22.4,Sri Lanka,AD Mathews,KC Sangakkara,GP Swann,0,0,"",""
ball,1,22.5,Sri Lanka,AD Mathews,KC Sangakkara,GP Swann,0,0,"",""
ball,1,22.6,Sri Lanka,AD Mathews,KC Sangakkara,GP Swann,0,0,"",""
ball,1,23.1,Sri Lanka,KC Sangakkara,AD Mathews,JW Dernbach,2,0,"",""
ball,1,23.2,Sri Lanka,KC Sangakkara,AD Mathews,JW Dernbach,1,0,"",""
ball,1,23.3,Sri Lanka,AD Mathews,KC Sangakkara,JW Dernbach,0,1,"",""
ball,1,23.4,Sri Lanka,AD Mathews,KC Sangakkara,JW Dernbach,0,0,"",""
ball,1,23.5,Sri Lanka,AD Mathews,KC Sangakkara,JW Dernbach,0,0,"",""
ball,1,23.6,Sri Lanka,AD Mathews,KC Sangakkara,JW Dernbach,1,0,"",""
ball,1,23.7,Sri Lanka,KC Sangakkara,AD Mathews,JW Dernbach,1,0,"",""
ball,1,24.1,Sri Lanka,KC Sangakkara,AD Mathews,GP Swann,0,0,"",""
ball,1,24.2,Sri Lanka,KC Sangakkara,AD Mathews,GP Swann,0,0,"",""
ball,1,24.3,Sri Lanka,KC Sangakkara,AD Mathews,GP Swann,1,0,"",""
ball,1,24.4,Sri Lanka,AD Mathews,KC Sangakkara,GP Swann,0,0,"",""
ball,1,24.5,Sri Lanka,AD Mathews,KC Sangakkara,GP Swann,0,0,"",""
ball,1,24.6,Sri Lanka,AD Mathews,KC Sangakkara,GP Swann,0,0,"",""
ball,1,25.1,Sri Lanka,KC Sangakkara,AD Mathews,JW Dernbach,0,0,"",""
ball,1,25.2,Sri Lanka,KC Sangakkara,AD Mathews,JW Dernbach,0,0,"",""
ball,1,25.3,Sri Lanka,KC Sangakkara,AD Mathews,JW Dernbach,2,0,"",""
ball,1,25.4,Sri Lanka,KC Sangakkara,AD Mathews,JW Dernbach,4,0,"",""
ball,1,25.5,Sri Lanka,KC Sangakkara,AD Mathews,JW Dernbach,0,0,"",""
ball,1,25.6,Sri Lanka,KC Sangakkara,AD Mathews,JW Dernbach,0,1,"",""
ball,1,25.7,Sri Lanka,KC Sangakkara,AD Mathews,JW Dernbach,0,0,"",""
ball,1,26.1,Sri Lanka,AD Mathews,KC Sangakkara,GP Swann,1,0,"",""
ball,1,26.2,Sri Lanka,KC Sangakkara,AD Mathews,GP Swann,1,0,"",""
ball,1,26.3,Sri Lanka,AD Mathews,KC Sangakkara,GP Swann,1,0,"",""
ball,1,26.4,Sri Lanka,KC Sangakkara,AD Mathews,GP Swann,1,0,"",""
ball,1,26.5,Sri Lanka,AD Mathews,KC Sangakkara,GP Swann,0,0,"",""
ball,1,26.6,Sri Lanka,AD Mathews,KC Sangakkara,GP Swann,3,0,"",""
ball,1,27.1,Sri Lanka,AD Mathews,KC Sangakkara,SCJ Broad,0,1,"",""
ball,1,27.2,Sri Lanka,KC Sangakkara,AD Mathews,SCJ Broad,1,0,"",""
ball,1,27.3,Sri Lanka,AD Mathews,KC Sangakkara,SCJ Broad,2,0,"",""
ball,1,27.4,Sri Lanka,AD Mathews,KC Sangakkara,SCJ Broad,2,0,"",""
ball,1,27.5,Sri Lanka,AD Mathews,KC Sangakkara,SCJ Broad,0,0,"",""
ball,1,27.6,Sri Lanka,AD Mathews,KC Sangakkara,SCJ Broad,0,0,"",""
ball,1,28.1,Sri Lanka,KC Sangakkara,AD Mathews,GP Swann,1,0,"",""
ball,1,28.2,Sri Lanka,AD Mathews,KC Sangakkara,GP Swann,1,0,"",""
ball,1,28.3,Sri Lanka,KC Sangakkara,AD Mathews,GP Swann,0,0,"",""
ball,1,28.4,Sri Lanka,KC Sangakkara,AD Mathews,GP Swann,1,0,"",""
ball,1,28.5,Sri Lanka,AD Mathews,KC Sangakkara,GP Swann,1,0,"",""
ball,1,28.6,Sri Lanka,KC Sangakkara,AD Mathews,GP Swann,1,0,"",""
ball,1,29.1,Sri Lanka,KC Sangakkara,AD Mathews,SCJ Broad,2,0,"",""
ball,1,29.2,Sri Lanka,KC Sangakkara,AD Mathews,SCJ Broad,1,0,"",""
ball,1,29.3,Sri Lanka,AD Mathews,KC Sangakkara,SCJ Broad,0,0,"",""
ball,1,29.4,Sri Lanka,AD Mathews,KC Sangakkara,SCJ Broad,0,0,"",""
ball,1,29.5,Sri Lanka,AD Mathews,KC Sangakkara,SCJ Broad,6,0,"",""
ball,1,29.6,Sri Lanka,AD Mathews,KC Sangakkara,SCJ Broad,2,0,"",""
ball,1,30.1,Sri Lanka,KC Sangakkara,AD Mathews,GP Swann,0,0,"",""
ball,1,30.2,Sri Lanka,KC Sangakkara,AD Mathews,GP Swann,1,0,"",""
ball,1,30.3,Sri Lanka,AD Mathews,KC Sangakkara,GP Swann,1,0,"",""
ball,1,30.4,Sri Lanka,KC Sangakkara,AD Mathews,GP Swann,1,0,"",""
ball,1,30.5,Sri Lanka,AD Mathews,KC Sangakkara,GP Swann,0,0,"",""
ball,1,30.6,Sri Lanka,AD Mathews,KC Sangakkara,GP Swann,0,0,"",""
ball,1,31.1,Sri Lanka,KC Sangakkara,AD Mathews,TT Bresnan,1,0,"",""
ball,1,31.2,Sri Lanka,AD Mathews,KC Sangakkara,TT Bresnan,0,0,"",""
ball,1,31.3,Sri Lanka,AD Mathews,KC Sangakkara,TT Bresnan,0,0,caught and bowled,AD Mathews
ball,1,31.4,Sri Lanka,BMAJ Mendis,KC Sangakkara,TT Bresnan,0,0,"",""
ball,1,31.5,Sri Lanka,BMAJ Mendis,KC Sangakkara,TT Bresnan,0,0,"",""
ball,1,31.6,Sri Lanka,BMAJ Mendis,KC Sangakkara,TT Bresnan,0,0,"",""
ball,1,32.1,Sri Lanka,KC Sangakkara,BMAJ Mendis,GP Swann,0,0,"",""
ball,1,32.2,Sri Lanka,KC Sangakkara,BMAJ Mendis,GP Swann,0,1,"",""
ball,1,32.3,Sri Lanka,BMAJ Mendis,KC Sangakkara,GP Swann,0,0,"",""
ball,1,32.4,Sri Lanka,BMAJ Mendis,KC Sangakkara,GP Swann,0,0,"",""
ball,1,32.5,Sri Lanka,BMAJ Mendis,KC Sangakkara,GP Swann,0,0,"",""
ball,1,32.6,Sri Lanka,BMAJ Mendis,KC Sangakkara,GP Swann,0,0,"",""
ball,1,33.1,Sri Lanka,KC Sangakkara,BMAJ Mendis,TT Bresnan,4,0,"",""
ball,1,33.2,Sri Lanka,KC Sangakkara,BMAJ Mendis,TT Bresnan,1,0,"",""
ball,1,33.3,Sri Lanka,BMAJ Mendis,KC Sangakkara,TT Bresnan,1,0,"",""
ball,1,33.4,Sri Lanka,KC Sangakkara,BMAJ Mendis,TT Bresnan,0,0,"",""
ball,1,33.5,Sri Lanka,KC Sangakkara,BMAJ Mendis,TT Bresnan,0,0,"",""
ball,1,33.6,Sri Lanka,KC Sangakkara,BMAJ Mendis,TT Bresnan,1,0,"",""
ball,1,34.1,Sri Lanka,KC Sangakkara,BMAJ Mendis,GP Swann,1,0,"",""
ball,1,34.2,Sri Lanka,BMAJ Mendis,KC Sangakkara,GP Swann,1,0,"",""
ball,1,34.3,Sri Lanka,KC Sangakkara,BMAJ Mendis,GP Swann,1,0,"",""
ball,1,34.4,Sri Lanka,BMAJ Mendis,KC Sangakkara,GP Swann,0,0,"",""
ball,1,34.5,Sri Lanka,BMAJ Mendis,KC Sangakkara,GP Swann,1,0,"",""
ball,1,34.6,Sri Lanka,KC Sangakkara,BMAJ Mendis,GP Swann,1,0,"",""
ball,1,35.1,Sri Lanka,KC Sangakkara,BMAJ Mendis,JW Dernbach,0,0,"",""
ball,1,35.2,Sri Lanka,KC Sangakkara,BMAJ Mendis,JW Dernbach,0,0,"",""
ball,1,35.3,Sri Lanka,KC Sangakkara,BMAJ Mendis,JW Dernbach,1,0,"",""
ball,1,35.4,Sri Lanka,BMAJ Mendis,KC Sangakkara,JW Dernbach,0,0,"",""
ball,1,35.5,Sri Lanka,BMAJ Mendis,KC Sangakkara,JW Dernbach,0,0,"",""
ball,1,35.6,Sri Lanka,BMAJ Mendis,KC Sangakkara,JW Dernbach,0,0,"",""
ball,1,36.1,Sri Lanka,KC Sangakkara,BMAJ Mendis,GP Swann,1,0,"",""
ball,1,36.2,Sri Lanka,BMAJ Mendis,KC Sangakkara,GP Swann,0,0,"",""
ball,1,36.3,Sri Lanka,BMAJ Mendis,KC Sangakkara,GP Swann,1,0,"",""
ball,1,36.4,Sri Lanka,KC Sangakkara,BMAJ Mendis,GP Swann,1,0,"",""
ball,1,36.5,Sri Lanka,BMAJ Mendis,KC Sangakkara,GP Swann,0,0,"",""
ball,1,36.6,Sri Lanka,BMAJ Mendis,KC Sangakkara,GP Swann,1,0,"",""
ball,1,37.1,Sri Lanka,BMAJ Mendis,KC Sangakkara,JW Dernbach,0,0,"",""
ball,1,37.2,Sri Lanka,BMAJ Mendis,KC Sangakkara,JW Dernbach,4,0,"",""
ball,1,37.3,Sri Lanka,BMAJ Mendis,KC Sangakkara,JW Dernbach,0,0,"",""
ball,1,37.4,Sri Lanka,BMAJ Mendis,KC Sangakkara,JW Dernbach,0,0,"",""
ball,1,37.5,Sri Lanka,BMAJ Mendis,KC Sangakkara,JW Dernbach,0,0,"",""
ball,1,37.6,Sri Lanka,BMAJ Mendis,KC Sangakkara,JW Dernbach,1,0,"",""
ball,1,38.1,Sri Lanka,BMAJ Mendis,KC Sangakkara,GP Swann,0,0,"",""
ball,1,38.2,Sri Lanka,BMAJ Mendis,KC Sangakkara,GP Swann,1,0,"",""
ball,1,38.3,Sri Lanka,KC Sangakkara,BMAJ Mendis,GP Swann,0,0,"",""
ball,1,38.4,Sri Lanka,KC Sangakkara,BMAJ Mendis,GP Swann,0,0,"",""
ball,1,38.5,Sri Lanka,KC Sangakkara,BMAJ Mendis,GP Swann,1,0,"",""
ball,1,38.6,Sri Lanka,BMAJ Mendis,KC Sangakkara,GP Swann,0,0,"",""
ball,1,39.1,Sri Lanka,KC Sangakkara,BMAJ Mendis,SCJ Broad,1,0,"",""
ball,1,39.2,Sri Lanka,BMAJ Mendis,KC Sangakkara,SCJ Broad,0,0,"",""
ball,1,39.3,Sri Lanka,BMAJ Mendis,KC Sangakkara,SCJ Broad,0,0,caught,BMAJ Mendis
ball,1,39.4,Sri Lanka,KMDN Kulasekara,KC Sangakkara,SCJ Broad,0,0,"",""
ball,1,39.5,Sri Lanka,KMDN Kulasekara,KC Sangakkara,SCJ Broad,0,1,"",""
ball,1,39.6,Sri Lanka,KC Sangakkara,KMDN Kulasekara,SCJ Broad,1,0,"",""
ball,1,40.1,Sri Lanka,KC Sangakkara,KMDN Kulasekara,TT Bresnan,0,0,"",""
ball,1,40.2,Sri Lanka,KC Sangakkara,KMDN Kulasekara,TT Bresnan,1,0,"",""
ball,1,40.3,Sri Lanka,KMDN Kulasekara,KC Sangakkara,TT Bresnan,0,0,"",""
ball,1,40.4,Sri Lanka,KMDN Kulasekara,KC Sangakkara,TT Bresnan,0,0,"",""
ball,1,40.5,Sri Lanka,KMDN Kulasekara,KC Sangakkara,TT Bresnan,4,0,"",""
ball,1,40.6,Sri Lanka,KMDN Kulasekara,KC Sangakkara,TT Bresnan,1,0,"",""
ball,1,41.1,Sri Lanka,KMDN Kulasekara,KC Sangakkara,JW Dernbach,0,0,lbw,KMDN Kulasekara
ball,1,41.2,Sri Lanka,SL Malinga,KC Sangakkara,JW Dernbach,0,0,"",""
ball,1,41.3,Sri Lanka,SL Malinga,KC Sangakkara,JW Dernbach,0,0,"",""
ball,1,41.4,Sri Lanka,SL Malinga,KC Sangakkara,JW Dernbach,0,0,"",""
ball,1,41.5,Sri Lanka,SL Malinga,KC Sangakkara,JW Dernbach,0,0,bowled,SL Malinga
ball,1,41.6,Sri Lanka,RAS Lakmal,KC Sangakkara,JW Dernbach,0,0,"",""
ball,1,42.1,Sri Lanka,KC Sangakkara,RAS Lakmal,TT Bresnan,2,0,"",""
ball,1,42.2,Sri Lanka,KC Sangakkara,RAS Lakmal,TT Bresnan,0,0,"",""
ball,1,42.3,Sri Lanka,KC Sangakkara,RAS Lakmal,TT Bresnan,4,0,"",""
ball,1,42.4,Sri Lanka,KC Sangakkara,RAS Lakmal,TT Bresnan,0,0,"",""
ball,1,42.5,Sri Lanka,KC Sangakkara,RAS Lakmal,TT Bresnan,4,0,"",""
ball,1,42.6,Sri Lanka,KC Sangakkara,RAS Lakmal,TT Bresnan,0,0,"",""
ball,1,43.1,Sri Lanka,RAS Lakmal,KC Sangakkara,JW Dernbach,0,0,"",""
ball,1,43.2,Sri Lanka,RAS Lakmal,KC Sangakkara,JW Dernbach,1,0,"",""
ball,1,43.3,Sri Lanka,KC Sangakkara,RAS Lakmal,JW Dernbach,0,0,"",""
ball,1,43.4,Sri Lanka,KC Sangakkara,RAS Lakmal,JW Dernbach,0,0,caught,KC Sangakkara
ball,2,0.1,England,AN Cook,C Kieswetter,KMDN Kulasekara,0,0,"",""
ball,2,0.2,England,AN Cook,C Kieswetter,KMDN Kulasekara,0,0,"",""
ball,2,0.3,England,AN Cook,C Kieswetter,KMDN Kulasekara,0,0,"",""
ball,2,0.4,England,AN Cook,C Kieswetter,KMDN Kulasekara,4,0,"",""
ball,2,0.5,England,AN Cook,C Kieswetter,KMDN Kulasekara,4,0,"",""
ball,2,0.6,England,AN Cook,C Kieswetter,KMDN Kulasekara,4,0,"",""
ball,2,1.1,England,C Kieswetter,AN Cook,SL Malinga,4,0,"",""
ball,2,1.2,England,C Kieswetter,AN Cook,SL Malinga,0,0,"",""
ball,2,1.3,England,C Kieswetter,AN Cook,SL Malinga,0,0,"",""
ball,2,1.4,England,C Kieswetter,AN Cook,SL Malinga,0,0,"",""
ball,2,1.5,England,C Kieswetter,AN Cook,SL Malinga,0,0,"",""
ball,2,1.6,England,C Kieswetter,AN Cook,SL Malinga,0,0,"",""
ball,2,2.1,England,AN Cook,C Kieswetter,KMDN Kulasekara,0,0,"",""
ball,2,2.2,England,AN Cook,C Kieswetter,KMDN Kulasekara,1,0,"",""
ball,2,2.3,England,C Kieswetter,AN Cook,KMDN Kulasekara,0,0,"",""
ball,2,2.4,England,C Kieswetter,AN Cook,KMDN Kulasekara,0,0,"",""
ball,2,2.5,England,C Kieswetter,AN Cook,KMDN Kulasekara,0,0,"",""
ball,2,2.6,England,C Kieswetter,AN Cook,KMDN Kulasekara,0,0,"",""
ball,2,3.1,England,AN Cook,C Kieswetter,SL Malinga,4,0,"",""
ball,2,3.2,England,AN Cook,C Kieswetter,SL Malinga,0,0,"",""
ball,2,3.3,England,AN Cook,C Kieswetter,SL Malinga,0,0,"",""
ball,2,3.4,England,AN Cook,C Kieswetter,SL Malinga,0,0,"",""
ball,2,3.5,England,AN Cook,C Kieswetter,SL Malinga,0,0,"",""
ball,2,3.6,England,AN Cook,C Kieswetter,SL Malinga,1,0,"",""
ball,2,4.1,England,AN Cook,C Kieswetter,KMDN Kulasekara,4,0,"",""
ball,2,4.2,England,AN Cook,C Kieswetter,KMDN Kulasekara,3,0,"",""
ball,2,4.3,England,C Kieswetter,AN Cook,KMDN Kulasekara,4,0,"",""
ball,2,4.4,England,C Kieswetter,AN Cook,KMDN Kulasekara,0,0,"",""
ball,2,4.5,England,C Kieswetter,AN Cook,KMDN Kulasekara,4,0,"",""
ball,2,4.6,England,C Kieswetter,AN Cook,KMDN Kulasekara,0,0,"",""
ball,2,5.1,England,AN Cook,C Kieswetter,RAS Lakmal,0,0,"",""
ball,2,5.2,England,AN Cook,C Kieswetter,RAS Lakmal,4,0,"",""
ball,2,5.3,England,AN Cook,C Kieswetter,RAS Lakmal,0,0,"",""
ball,2,5.4,England,AN Cook,C Kieswetter,RAS Lakmal,0,0,"",""
ball,2,5.5,England,AN Cook,C Kieswetter,RAS Lakmal,4,0,"",""
ball,2,5.6,England,AN Cook,C Kieswetter,RAS Lakmal,0,0,"",""
ball,2,6.1,England,C Kieswetter,AN Cook,AD Mathews,1,0,"",""
ball,2,6.2,England,AN Cook,C Kieswetter,AD Mathews,0,0,"",""
ball,2,6.3,England,AN Cook,C Kieswetter,AD Mathews,1,0,"",""
ball,2,6.4,England,C Kieswetter,AN Cook,AD Mathews,0,0,"",""
ball,2,6.5,England,C Kieswetter,AN Cook,AD Mathews,4,0,"",""
ball,2,6.6,England,C Kieswetter,AN Cook,AD Mathews,0,0,"",""
ball,2,7.1,England,AN Cook,C Kieswetter,RAS Lakmal,0,0,"",""
ball,2,7.2,England,AN Cook,C Kieswetter,RAS Lakmal,0,0,"",""
ball,2,7.3,England,AN Cook,C Kieswetter,RAS Lakmal,0,0,"",""
ball,2,7.4,England,AN Cook,C Kieswetter,RAS Lakmal,4,0,"",""
ball,2,7.5,England,AN Cook,C Kieswetter,RAS Lakmal,0,0,"",""
ball,2,7.6,England,AN Cook,C Kieswetter,RAS Lakmal,0,0,"",""
ball,2,8.1,England,C Kieswetter,AN Cook,AD Mathews,0,0,"",""
ball,2,8.2,England,C Kieswetter,AN Cook,AD Mathews,1,0,"",""
ball,2,8.3,England,AN Cook,C Kieswetter,AD Mathews,4,0,"",""
ball,2,8.4,England,AN Cook,C Kieswetter,AD Mathews,0,0,"",""
ball,2,8.5,England,AN Cook,C Kieswetter,AD Mathews,1,0,"",""
ball,2,8.6,England,C Kieswetter,AN Cook,AD Mathews,0,0,"",""
ball,2,9.1,England,AN Cook,C Kieswetter,SL Malinga,0,1,"",""
ball,2,9.2,England,AN Cook,C Kieswetter,SL Malinga,0,0,"",""
ball,2,9.3,England,AN Cook,C Kieswetter,SL Malinga,1,0,"",""
ball,2,9.4,England,C Kieswetter,AN Cook,SL Malinga,0,0,"",""
ball,2,9.5,England,C Kieswetter,AN Cook,SL Malinga,0,1,"",""
ball,2,9.6,England,C Kieswetter,AN Cook,SL Malinga,4,0,"",""
ball,2,9.7,England,C Kieswetter,AN Cook,SL Malinga,0,0,"",""
ball,2,9.8,England,C Kieswetter,AN Cook,SL Malinga,1,0,"",""
ball,2,10.1,England,C Kieswetter,AN Cook,AD Mathews,0,0,"",""
ball,2,10.2,England,C Kieswetter,AN Cook,AD Mathews,2,0,"",""
ball,2,10.3,England,C Kieswetter,AN Cook,AD Mathews,1,0,"",""
ball,2,10.4,England,AN Cook,C Kieswetter,AD Mathews,2,0,"",""
ball,2,10.5,England,AN Cook,C Kieswetter,AD Mathews,4,0,"",""
ball,2,10.6,England,AN Cook,C Kieswetter,AD Mathews,1,0,"",""
ball,2,11.1,England,AN Cook,C Kieswetter,SL Malinga,4,0,"",""
ball,2,11.2,England,AN Cook,C Kieswetter,SL Malinga,0,0,"",""
ball,2,11.3,England,AN Cook,C Kieswetter,SL Malinga,0,0,"",""
ball,2,11.4,England,AN Cook,C Kieswetter,SL Malinga,0,1,"",""
ball,2,11.5,England,AN Cook,C Kieswetter,SL Malinga,4,0,"",""
ball,2,11.6,England,AN Cook,C Kieswetter,SL Malinga,0,0,"",""
ball,2,11.7,England,AN Cook,C Kieswetter,SL Malinga,1,0,"",""
ball,2,12.1,England,AN Cook,C Kieswetter,S Randiv,0,0,"",""
ball,2,12.2,England,AN Cook,C Kieswetter,S Randiv,1,0,"",""
ball,2,12.3,England,C Kieswetter,AN Cook,S Randiv,0,0,"",""
ball,2,12.4,England,C Kieswetter,AN Cook,S Randiv,4,0,"",""
ball,2,12.5,England,C Kieswetter,AN Cook,S Randiv,1,0,"",""
ball,2,12.6,England,AN Cook,C Kieswetter,S Randiv,1,0,"",""
ball,2,13.1,England,AN Cook,C Kieswetter,TM Dilshan,0,0,"",""
ball,2,13.2,England,AN Cook,C Kieswetter,TM Dilshan,4,0,"",""
ball,2,13.3,England,AN Cook,C Kieswetter,TM Dilshan,1,0,"",""
ball,2,13.4,England,C Kieswetter,AN Cook,TM Dilshan,0,1,"",""
ball,2,13.5,England,C Kieswetter,AN Cook,TM Dilshan,1,0,"",""
ball,2,13.6,England,AN Cook,C Kieswetter,TM Dilshan,4,0,"",""
ball,2,13.7,England,AN Cook,C Kieswetter,TM Dilshan,0,0,"",""
ball,2,14.1,England,C Kieswetter,AN Cook,S Randiv,1,0,"",""
ball,2,14.2,England,AN Cook,C Kieswetter,S Randiv,1,0,"",""
ball,2,14.3,England,C Kieswetter,AN Cook,S Randiv,0,0,"",""
ball,2,14.4,England,C Kieswetter,AN Cook,S Randiv,1,0,"",""
ball,2,14.5,England,AN Cook,C Kieswetter,S Randiv,0,0,"",""
ball,2,14.6,England,AN Cook,C Kieswetter,S Randiv,2,0,"",""
ball,2,15.1,England,C Kieswetter,AN Cook,TM Dilshan,0,0,"",""
ball,2,15.2,England,C Kieswetter,AN Cook,TM Dilshan,0,0,"",""
ball,2,15.3,England,C Kieswetter,AN Cook,TM Dilshan,1,0,"",""
ball,2,15.4,England,AN Cook,C Kieswetter,TM Dilshan,0,0,"",""
ball,2,15.5,England,AN Cook,C Kieswetter,TM Dilshan,1,0,"",""
ball,2,15.6,England,C Kieswetter,AN Cook,TM Dilshan,1,0,"",""
ball,2,16.1,England,C Kieswetter,AN Cook,S Randiv,1,0,"",""
ball,2,16.2,England,AN Cook,C Kieswetter,S Randiv,0,0,"",""
ball,2,16.3,England,AN Cook,C Kieswetter,S Randiv,1,0,"",""
ball,2,16.4,England,C Kieswetter,AN Cook,S Randiv,0,0,"",""
ball,2,16.5,England,C Kieswetter,AN Cook,S Randiv,0,0,"",""
ball,2,16.6,England,C Kieswetter,AN Cook,S Randiv,1,0,"",""
ball,2,17.1,England,C Kieswetter,AN Cook,TM Dilshan,0,0,"",""
ball,2,17.2,England,C Kieswetter,AN Cook,TM Dilshan,4,0,"",""
ball,2,17.3,England,C Kieswetter,AN Cook,TM Dilshan,1,0,"",""
ball,2,17.4,England,AN Cook,C Kieswetter,TM Dilshan,0,0,"",""
ball,2,17.5,England,AN Cook,C Kieswetter,TM Dilshan,1,0,"",""
ball,2,17.6,England,C Kieswetter,AN Cook,TM Dilshan,1,0,"",""
ball,2,18.1,England,C Kieswetter,AN Cook,S Randiv,6,0,"",""
ball,2,18.2,England,C Kieswetter,AN Cook,S Randiv,1,0,"",""
ball,2,18.3,England,AN Cook,C Kieswetter,S Randiv,1,0,"",""
ball,2,18.4,England,C Kieswetter,AN Cook,S Randiv,0,0,"",""
ball,2,18.5,England,C Kieswetter,AN Cook,S Randiv,3,0,"",""
ball,2,18.6,England,AN Cook,C Kieswetter,S Randiv,1,0,"",""
ball,2,19.1,England,AN Cook,C Kieswetter,BMAJ Mendis,1,0,"",""
ball,2,19.2,England,C Kieswetter,AN Cook,BMAJ Mendis,0,0,"",""
ball,2,19.3,England,C Kieswetter,AN Cook,BMAJ Mendis,1,0,"",""
ball,2,19.4,England,AN Cook,C Kieswetter,BMAJ Mendis,0,0,"",""
ball,2,19.5,England,AN Cook,C Kieswetter,BMAJ Mendis,1,0,"",""
ball,2,19.6,England,C Kieswetter,AN Cook,BMAJ Mendis,0,0,"",""
ball,2,20.1,England,AN Cook,C Kieswetter,S Randiv,4,0,"",""
ball,2,20.2,England,AN Cook,C Kieswetter,S Randiv,1,0,"",""
ball,2,20.3,England,C Kieswetter,AN Cook,S Randiv,0,0,"",""
ball,2,20.4,England,C Kieswetter,AN Cook,S Randiv,0,0,"",""
ball,2,20.5,England,C Kieswetter,AN Cook,S Randiv,0,0,"",""
ball,2,20.6,England,C Kieswetter,AN Cook,S Randiv,0,0,"",""
ball,2,21.1,England,AN Cook,C Kieswetter,BMAJ Mendis,4,0,"",""
ball,2,21.2,England,AN Cook,C Kieswetter,BMAJ Mendis,2,0,"",""
ball,2,21.3,England,AN Cook,C Kieswetter,BMAJ Mendis,1,0,"",""
ball,2,21.4,England,C Kieswetter,AN Cook,BMAJ Mendis,6,0,"",""
ball,2,21.5,England,C Kieswetter,AN Cook,BMAJ Mendis,0,0,"",""
ball,2,21.6,England,C Kieswetter,AN Cook,BMAJ Mendis,4,0,"",""
ball,2,22.1,England,AN Cook,C Kieswetter,SL Malinga,0,0,"",""
ball,2,22.2,England,AN Cook,C Kieswetter,SL Malinga,0,0,"",""
ball,2,22.3,England,AN Cook,C Kieswetter,SL Malinga,1,0,"",""
ball,2,22.4,England,C Kieswetter,AN Cook,SL Malinga,0,0,"",""
ball,2,22.5,England,C Kieswetter,AN Cook,SL Malinga,0,0,"",""
ball,2,22.6,England,C Kieswetter,AN Cook,SL Malinga,0,0,"",""
ball,2,23.1,England,AN Cook,C Kieswetter,KMDN Kulasekara,1,0,"",""
ball,2,23.2,England,C Kieswetter,AN Cook,KMDN Kulasekara,0,0,"",""
ball,2,23.3,England,C Kieswetter,AN Cook,KMDN Kulasekara,6,0,"",""
ball,2,23.4,England,C Kieswetter,AN Cook,KMDN Kulasekara,0,0,"",""
ball,2,23.5,England,C Kieswetter,AN Cook,KMDN Kulasekara,1,0,"",""
