version,1.3.0
info,team,Bangladesh
info,team,New Zealand
info,gender,male
info,season,2010/11
info,date,2010/10/14
info,series,New Zealand in Bangladesh ODI Series
info,match_number,4
info,venue,Shere Bangla National Stadium
info,city,Mirpur
info,toss_winner,New Zealand
info,toss_decision,field
info,player_of_match,Shakib Al Hasan
info,umpire,Aleem Dar
info,umpire,Sharfuddoula
info,reserve_umpire,Anisur Rahman
info,tv_umpire,Nadir Shah
info,match_referee,J Srinath
info,winner,Bangladesh
info,winner_runs,9
ball,1,0.1,Bangladesh,Imrul Kayes,Shahriar Nafees,KD Mills,1,0,"",""
ball,1,0.2,Bangladesh,Shahriar Nafees,Imrul Kayes,KD Mills,0,0,caught,Shahriar Nafees
ball,1,0.3,Bangladesh,Junaid Siddique,Imrul Kayes,KD Mills,0,0,"",""
ball,1,0.4,Bangladesh,Junaid Siddique,Imrul Kayes,KD Mills,0,0,"",""
ball,1,0.5,Bangladesh,Junaid Siddique,Imrul Kayes,KD Mills,1,1,"",""
ball,1,0.6,Bangladesh,Imrul Kayes,Junaid Siddique,KD Mills,1,0,"",""
ball,1,0.7,Bangladesh,Junaid Siddique,Imrul Kayes,KD Mills,0,0,"",""
ball,1,1.1,Bangladesh,Imrul Kayes,Junaid Siddique,DR Tuffey,0,0,"",""
ball,1,1.2,Bangladesh,Imrul Kayes,Junaid Siddique,DR Tuffey,0,0,"",""
ball,1,1.3,Bangladesh,Imrul Kayes,Junaid Siddique,DR Tuffey,0,0,"",""
ball,1,1.4,Bangladesh,Imrul Kayes,Junaid Siddique,DR Tuffey,0,0,"",""
ball,1,1.5,Bangladesh,Imrul Kayes,Junaid Siddique,DR Tuffey,0,0,"",""
ball,1,1.6,Bangladesh,Imrul Kayes,Junaid Siddique,DR Tuffey,2,0,"",""
ball,1,2.1,Bangladesh,Junaid Siddique,Imrul Kayes,KD Mills,0,0,"",""
ball,1,2.2,Bangladesh,Junaid Siddique,Imrul Kayes,KD Mills,4,0,"",""
ball,1,2.3,Bangladesh,Junaid Siddique,Imrul Kayes,KD Mills,1,0,"",""
ball,1,2.4,Bangladesh,Imrul Kayes,Junaid Siddique,KD Mills,0,0,"",""
ball,1,2.5,Bangladesh,Imrul Kayes,Junaid Siddique,KD Mills,0,0,"",""
ball,1,2.6,Bangladesh,Imrul Kayes,Junaid Siddique,KD Mills,0,0,"",""
ball,1,3.1,Bangladesh,Junaid Siddique,Imrul Kayes,DR Tuffey,0,1,"",""
ball,1,3.2,Bangladesh,Junaid Siddique,Imrul Kayes,DR Tuffey,4,0,"",""
ball,1,3.3,Bangladesh,Junaid Siddique,Imrul Kayes,DR Tuffey,2,0,"",""
ball,1,3.4,Bangladesh,Junaid Siddique,Imrul Kayes,DR Tuffey,1,0,"",""
ball,1,3.5,Bangladesh,Imrul Kayes,Junaid Siddique,DR Tuffey,0,0,"",""
ball,1,3.6,Bangladesh,Imrul Kayes,Junaid Siddique,DR Tuffey,0,0,"",""
ball,1,3.7,Bangladesh,Imrul Kayes,Junaid Siddique,DR Tuffey,4,0,"",""
ball,1,4.1,Bangladesh,Junaid Siddique,Imrul Kayes,KD Mills,4,0,"",""
ball,1,4.2,Bangladesh,Junaid Siddique,Imrul Kayes,KD Mills,0,0,"",""
ball,1,4.3,Bangladesh,Junaid Siddique,Imrul Kayes,KD Mills,0,0,"",""
ball,1,4.4,Bangladesh,Junaid Siddique,Imrul Kayes,KD Mills,0,0,caught,Junaid Siddique
ball,1,4.5,Bangladesh,Raqibul Hasan,Imrul Kayes,KD Mills,0,0,"",""
ball,1,4.6,Bangladesh,Raqibul Hasan,Imrul Kayes,KD Mills,0,0,"",""
ball,1,5.1,Bangladesh,Imrul Kayes,Raqibul Hasan,HK Bennett,1,0,"",""
ball,1,5.2,Bangladesh,Raqibul Hasan,Imrul Kayes,HK Bennett,0,0,"",""
ball,1,5.3,Bangladesh,Raqibul Hasan,Imrul Kayes,HK Bennett,4,0,"",""
ball,1,5.4,Bangladesh,Raqibul Hasan,Imrul Kayes,HK Bennett,0,0,"",""
ball,1,5.5,Bangladesh,Raqibul Hasan,Imrul Kayes,HK Bennett,1,0,"",""
ball,1,5.6,Bangladesh,Imrul Kayes,Raqibul Hasan,HK Bennett,2,0,"",""
ball,1,6.1,Bangladesh,Raqibul Hasan,Imrul Kayes,KD Mills,1,0,"",""
ball,1,6.2,Bangladesh,Imrul Kayes,Raqibul Hasan,KD Mills,4,0,"",""
ball,1,6.3,Bangladesh,Imrul Kayes,Raqibul Hasan,KD Mills,4,0,"",""
ball,1,6.4,Bangladesh,Imrul Kayes,Raqibul Hasan,KD Mills,0,0,"",""
ball,1,6.5,Bangladesh,Imrul Kayes,Raqibul Hasan,KD Mills,0,0,"",""
ball,1,6.6,Bangladesh,Imrul Kayes,Raqibul Hasan,KD Mills,0,0,"",""
ball,1,7.1,Bangladesh,Raqibul Hasan,Imrul Kayes,HK Bennett,0,0,"",""
ball,1,7.2,Bangladesh,Raqibul Hasan,Imrul Kayes,HK Bennett,0,0,bowled,Raqibul Hasan
ball,1,7.3,Bangladesh,Shakib Al Hasan,Imrul Kayes,HK Bennett,4,0,"",""
ball,1,7.4,Bangladesh,Shakib Al Hasan,Imrul Kayes,HK Bennett,1,0,"",""
ball,1,7.5,Bangladesh,Imrul Kayes,Shakib Al Hasan,HK Bennett,0,1,"",""
ball,1,7.6,Bangladesh,Imrul Kayes,Shakib Al Hasan,HK Bennett,1,0,"",""
ball,1,7.7,Bangladesh,Shakib Al Hasan,Imrul Kayes,HK Bennett,1,0,"",""
ball,1,8.1,Bangladesh,Shakib Al Hasan,Imrul Kayes,KD Mills,4,0,"",""
ball,1,8.2,Bangladesh,Shakib Al Hasan,Imrul Kayes,KD Mills,1,0,"",""
ball,1,8.3,Bangladesh,Imrul Kayes,Shakib Al Hasan,KD Mills,0,0,"",""
ball,1,8.4,Bangladesh,Imrul Kayes,Shakib Al Hasan,KD Mills,0,0,"",""
ball,1,8.5,Bangladesh,Imrul Kayes,Shakib Al Hasan,KD Mills,0,0,"",""
ball,1,8.6,Bangladesh,Imrul Kayes,Shakib Al Hasan,KD Mills,0,0,"",""
ball,1,9.1,Bangladesh,Shakib Al Hasan,Imrul Kayes,HK Bennett,0,1,"",""
ball,1,9.2,Bangladesh,Shakib Al Hasan,Imrul Kayes,HK Bennett,0,0,"",""
ball,1,9.3,Bangladesh,Shakib Al Hasan,Imrul Kayes,HK Bennett,0,1,"",""
ball,1,9.4,Bangladesh,Shakib Al Hasan,Imrul Kayes,HK Bennett,0,0,"",""
ball,1,9.5,Bangladesh,Shakib Al Hasan,Imrul Kayes,HK Bennett,0,0,"",""
ball,1,9.6,Bangladesh,Shakib Al Hasan,Imrul Kayes,HK Bennett,0,0,"",""
ball,1,9.7,Bangladesh,Shakib Al Hasan,Imrul Kayes,HK Bennett,4,0,"",""
ball,1,9.8,Bangladesh,Shakib Al Hasan,Imrul Kayes,HK Bennett,1,0,"",""
ball,1,10.1,Bangladesh,Shakib Al Hasan,Imrul Kayes,DL Vettori,0,0,"",""
ball,1,10.2,Bangladesh,Shakib Al Hasan,Imrul Kayes,DL Vettori,1,0,"",""
ball,1,10.3,Bangladesh,Imrul Kayes,Shakib Al Hasan,DL Vettori,0,0,"",""
ball,1,10.4,Bangladesh,Imrul Kayes,Shakib Al Hasan,DL Vettori,0,0,"",""
ball,1,10.5,Bangladesh,Imrul Kayes,Shakib Al Hasan,DL Vettori,1,0,"",""
ball,1,10.6,Bangladesh,Shakib Al Hasan,Imrul Kayes,DL Vettori,0,0,"",""
ball,1,11.1,Bangladesh,Imrul Kayes,Shakib Al Hasan,NL McCullum,0,0,"",""
ball,1,11.2,Bangladesh,Imrul Kayes,Shakib Al Hasan,NL McCullum,0,0,"",""
ball,1,11.3,Bangladesh,Imrul Kayes,Shakib Al Hasan,NL McCullum,1,0,"",""
ball,1,11.4,Bangladesh,Shakib Al Hasan,Imrul Kayes,NL McCullum,1,0,"",""
ball,1,11.5,Bangladesh,Imrul Kayes,Shakib Al Hasan,NL McCullum,2,0,"",""
ball,1,11.6,Bangladesh,Imrul Kayes,Shakib Al Hasan,NL McCullum,0,0,"",""
ball,1,12.1,Bangladesh,Shakib Al Hasan,Imrul Kayes,DL Vettori,1,0,"",""
ball,1,12.2,Bangladesh,Imrul Kayes,Shakib Al Hasan,DL Vettori,1,0,"",""
ball,1,12.3,Bangladesh,Shakib Al Hasan,Imrul Kayes,DL Vettori,0,0,"",""
ball,1,12.4,Bangladesh,Shakib Al Hasan,Imrul Kayes,DL Vettori,3,0,"",""
ball,1,12.5,Bangladesh,Imrul Kayes,Shakib Al Hasan,DL Vettori,0,0,"",""
ball,1,12.6,Bangladesh,Imrul Kayes,Shakib Al Hasan,DL Vettori,0,0,"",""
ball,1,13.1,Bangladesh,Shakib Al Hasan,Imrul Kayes,NL McCullum,1,0,"",""
ball,1,13.2,Bangladesh,Imrul Kayes,Shakib Al Hasan,NL McCullum,1,0,"",""
ball,1,13.3,Bangladesh,Shakib Al Hasan,Imrul Kayes,NL McCullum,0,0,"",""
ball,1,13.4,Bangladesh,Shakib Al Hasan,Imrul Kayes,NL McCullum,0,0,"",""
ball,1,13.5,Bangladesh,Shakib Al Hasan,Imrul Kayes,NL McCullum,0,0,"",""
ball,1,13.6,Bangladesh,Shakib Al Hasan,Imrul Kayes,NL McCullum,1,0,"",""
ball,1,14.1,Bangladesh,Shakib Al Hasan,Imrul Kayes,DL Vettori,1,0,"",""
ball,1,14.2,Bangladesh,Imrul Kayes,Shakib Al Hasan,DL Vettori,0,0,"",""
ball,1,14.3,Bangladesh,Imrul Kayes,Shakib Al Hasan,DL Vettori,1,0,"",""
ball,1,14.4,Bangladesh,Shakib Al Hasan,Imrul Kayes,DL Vettori,0,0,"",""
ball,1,14.5,Bangladesh,Shakib Al Hasan,Imrul Kayes,DL Vettori,0,0,"",""
ball,1,14.6,Bangladesh,Shakib Al Hasan,Imrul Kayes,DL Vettori,1,0,"",""
ball,1,15.1,Bangladesh,Shakib Al Hasan,Imrul Kayes,NL McCullum,1,0,"",""
ball,1,15.2,Bangladesh,Imrul Kayes,Shakib Al Hasan,NL McCullum,0,0,"",""
ball,1,15.3,Bangladesh,Imrul Kayes,Shakib Al Hasan,NL McCullum,0,0,"",""
ball,1,15.4,Bangladesh,Imrul Kayes,Shakib Al Hasan,NL McCullum,4,0,"",""
ball,1,15.5,Bangladesh,Imrul Kayes,Shakib Al Hasan,NL McCullum,1,0,"",""
ball,1,15.6,Bangladesh,Shakib Al Hasan,Imrul Kayes,NL McCullum,1,0,"",""
ball,1,16.1,Bangladesh,Shakib Al Hasan,Imrul Kayes,DL Vettori,1,0,"",""
ball,1,16.2,Bangladesh,Imrul Kayes,Shakib Al Hasan,DL Vettori,0,0,"",""
ball,1,16.3,Bangladesh,Imrul Kayes,Shakib Al Hasan,DL Vettori,1,0,"",""
ball,1,16.4,Bangladesh,Shakib Al Hasan,Imrul Kayes,DL Vettori,0,0,"",""
ball,1,16.5,Bangladesh,Shakib Al Hasan,Imrul Kayes,DL Vettori,1,0,"",""
ball,1,16.6,Bangladesh,Imrul Kayes,Shakib Al Hasan,DL Vettori,1,0,"",""
ball,1,17.1,Bangladesh,Imrul Kayes,Shakib Al Hasan,KS Williamson,1,0,"",""
ball,1,17.2,Bangladesh,Shakib Al Hasan,Imrul Kayes,KS Williamson,1,0,"",""
ball,1,17.3,Bangladesh,Imrul Kayes,Shakib Al Hasan,KS Williamson,0,0,"",""
ball,1,17.4,Bangladesh,Imrul Kayes,Shakib Al Hasan,KS Williamson,1,0,"",""
ball,1,17.5,Bangladesh,Shakib Al Hasan,Imrul Kayes,KS Williamson,1,0,"",""
ball,1,17.6,Bangladesh,Imrul Kayes,Shakib Al Hasan,KS Williamson,1,0,"",""
ball,1,18.1,Bangladesh,Imrul Kayes,Shakib Al Hasan,DL Vettori,0,0,caught,Imrul Kayes
ball,1,18.2,Bangladesh,Mushfiqur Rahim,Shakib Al Hasan,DL Vettori,0,0,"",""
ball,1,18.3,Bangladesh,Mushfiqur Rahim,Shakib Al Hasan,DL Vettori,0,0,"",""
ball,1,18.4,Bangladesh,Mushfiqur Rahim,Shakib Al Hasan,DL Vettori,0,0,"",""
ball,1,18.5,Bangladesh,Mushfiqur Rahim,Shakib Al Hasan,DL Vettori,0,0,"",""
ball,1,18.6,Bangladesh,Mushfiqur Rahim,Shakib Al Hasan,DL Vettori,1,0,"",""
ball,1,19.1,Bangladesh,Mushfiqur Rahim,Shakib Al Hasan,HK Bennett,0,0,"",""
ball,1,19.2,Bangladesh,Mushfiqur Rahim,Shakib Al Hasan,HK Bennett,1,0,"",""
ball,1,19.3,Bangladesh,Shakib Al Hasan,Mushfiqur Rahim,HK Bennett,0,0,"",""
ball,1,19.4,Bangladesh,Shakib Al Hasan,Mushfiqur Rahim,HK Bennett,4,0,"",""
ball,1,19.5,Bangladesh,Shakib Al Hasan,Mushfiqur Rahim,HK Bennett,1,0,"",""
ball,1,19.6,Bangladesh,Mushfiqur Rahim,Shakib Al Hasan,HK Bennett,0,0,"",""
ball,1,20.1,Bangladesh,Shakib Al Hasan,Mushfiqur Rahim,DL Vettori,1,0,"",""
ball,1,20.2,Bangladesh,Mushfiqur Rahim,Shakib Al Hasan,DL Vettori,1,0,"",""
ball,1,20.3,Bangladesh,Shakib Al Hasan,Mushfiqur Rahim,DL Vettori,0,2,"",""
ball,1,20.4,Bangladesh,Shakib Al Hasan,Mushfiqur Rahim,DL Vettori,0,0,"",""
ball,1,20.5,Bangladesh,Shakib Al Hasan,Mushfiqur Rahim,DL Vettori,0,0,"",""
ball,1,20.6,Bangladesh,Shakib Al Hasan,Mushfiqur Rahim,DL Vettori,3,0,"",""
ball,1,21.1,Bangladesh,Shakib Al Hasan,Mushfiqur Rahim,NL McCullum,1,0,"",""
ball,1,21.2,Bangladesh,Mushfiqur Rahim,Shakib Al Hasan,NL McCullum,3,0,"",""
ball,1,21.3,Bangladesh,Shakib Al Hasan,Mushfiqur Rahim,NL McCullum,0,0,"",""
ball,1,21.4,Bangladesh,Shakib Al Hasan,Mushfiqur Rahim,NL McCullum,0,0,"",""
ball,1,21.5,Bangladesh,Shakib Al Hasan,Mushfiqur Rahim,NL McCullum,0,0,"",""
ball,1,21.6,Bangladesh,Shakib Al Hasan,Mushfiqur Rahim,NL McCullum,1,0,"",""
ball,1,22.1,Bangladesh,Shakib Al Hasan,Mushfiqur Rahim,GD Elliott,1,0,"",""
ball,1,22.2,Bangladesh,Mushfiqur Rahim,Shakib Al Hasan,GD Elliott,1,0,"",""
ball,1,22.3,Bangladesh,Shakib Al Hasan,Mushfiqur Rahim,GD Elliott,0,0,"",""
ball,1,22.4,Bangladesh,Shakib Al Hasan,Mushfiqur Rahim,GD Elliott,0,0,"",""
ball,1,22.5,Bangladesh,Shakib Al Hasan,Mushfiqur Rahim,GD Elliott,1,0,"",""
ball,1,22.6,Bangladesh,Mushfiqur Rahim,Shakib Al Hasan,GD Elliott,0,0,"",""
ball,1,23.1,Bangladesh,Shakib Al Hasan,Mushfiqur Rahim,NL McCullum,1,0,"",""
ball,1,23.2,Bangladesh,Mushfiqur Rahim,Shakib Al Hasan,NL McCullum,1,0,"",""
ball,1,23.3,Bangladesh,Shakib Al Hasan,Mushfiqur Rahim,NL McCullum,1,0,"",""
ball,1,23.4,Bangladesh,Mushfiqur Rahim,Shakib Al Hasan,NL McCullum,1,0,"",""
ball,1,23.5,Bangladesh,Shakib Al Hasan,Mushfiqur Rahim,NL McCullum,0,0,"",""
ball,1,23.6,Bangladesh,Shakib Al Hasan,Mushfiqur Rahim,NL McCullum,0,0,"",""
ball,1,24.1,Bangladesh,Mushfiqur Rahim,Shakib Al Hasan,GD Elliott,1,0,"",""
ball,1,24.2,Bangladesh,Shakib Al Hasan,Mushfiqur Rahim,GD Elliott,1,0,"",""
ball,1,24.3,Bangladesh,Mushfiqur Rahim,Shakib Al Hasan,GD Elliott,0,0,"",""
ball,1,24.4,Bangladesh,Mushfiqur Rahim,Shakib Al Hasan,GD Elliott,1,0,"",""
ball,1,24.5,Bangladesh,Shakib Al Hasan,Mushfiqur Rahim,GD Elliott,1,0,"",""
ball,1,24.6,Bangladesh,Mushfiqur Rahim,Shakib Al Hasan,GD Elliott,0,0,"",""
ball,1,25.1,Bangladesh,Shakib Al Hasan,Mushfiqur Rahim,NL McCullum,0,0,"",""
ball,1,25.2,Bangladesh,Shakib Al Hasan,Mushfiqur Rahim,NL McCullum,0,0,"",""
ball,1,25.3,Bangladesh,Shakib Al Hasan,Mushfiqur Rahim,NL McCullum,1,0,"",""
ball,1,25.4,Bangladesh,Mushfiqur Rahim,Shakib Al Hasan,NL McCullum,0,0,"",""
ball,1,25.5,Bangladesh,Mushfiqur Rahim,Shakib Al Hasan,NL McCullum,0,0,"",""
ball,1,25.6,Bangladesh,Mushfiqur Rahim,Shakib Al Hasan,NL McCullum,0,0,"",""
ball,1,26.1,Bangladesh,Shakib Al Hasan,Mushfiqur Rahim,GD Elliott,4,0,"",""
ball,1,26.2,Bangladesh,Shakib Al Hasan,Mushfiqur Rahim,GD Elliott,0,0,"",""
ball,1,26.3,Bangladesh,Shakib Al Hasan,Mushfiqur Rahim,GD Elliott,0,0,"",""
ball,1,26.4,Bangladesh,Shakib Al Hasan,Mushfiqur Rahim,GD Elliott,0,0,"",""
ball,1,26.5,Bangladesh,Shakib Al Hasan,Mushfiqur Rahim,GD Elliott,4,0,"",""
ball,1,26.6,Bangladesh,Shakib Al Hasan,Mushfiqur Rahim,GD Elliott,0,0,"",""
ball,1,27.1,Bangladesh,Mushfiqur Rahim,Shakib Al Hasan,KS Williamson,0,0,"",""
ball,1,27.2,Bangladesh,Mushfiqur Rahim,Shakib Al Hasan,KS Williamson,1,0,"",""
ball,1,27.3,Bangladesh,Shakib Al Hasan,Mushfiqur Rahim,KS Williamson,4,0,"",""
ball,1,27.4,Bangladesh,Shakib Al Hasan,Mushfiqur Rahim,KS Williamson,4,0,"",""
ball,1,27.5,Bangladesh,Shakib Al Hasan,Mushfiqur Rahim,KS Williamson,1,0,"",""
ball,1,27.6,Bangladesh,Mushfiqur Rahim,Shakib Al Hasan,KS Williamson,0,0,"",""
ball,1,28.1,Bangladesh,Shakib Al Hasan,Mushfiqur Rahim,GD Elliott,1,0,"",""
ball,1,28.2,Bangladesh,Mushfiqur Rahim,Shakib Al Hasan,GD Elliott,1,0,"",""
ball,1,28.3,Bangladesh,Shakib Al Hasan,Mushfiqur Rahim,GD Elliott,0,0,"",""
ball,1,28.4,Bangladesh,Shakib Al Hasan,Mushfiqur Rahim,GD Elliott,0,0,"",""
ball,1,28.5,Bangladesh,Shakib Al Hasan,Mushfiqur Rahim,GD Elliott,0,0,"",""
ball,1,28.6,Bangladesh,Shakib Al Hasan,Mushfiqur Rahim,GD Elliott,0,0,run out,Mushfiqur Rahim
ball,1,29.1,Bangladesh,Mahmudullah,Shakib Al Hasan,NL McCullum,0,0,"",""
ball,1,29.2,Bangladesh,Mahmudullah,Shakib Al Hasan,NL McCullum,4,0,"",""
ball,1,29.3,Bangladesh,Mahmudullah,Shakib Al Hasan,NL McCullum,1,0,"",""
ball,1,29.4,Bangladesh,Shakib Al Hasan,Mahmudullah,NL McCullum,1,0,"",""
ball,1,29.5,Bangladesh,Mahmudullah,Shakib Al Hasan,NL McCullum,1,0,"",""
ball,1,29.6,Bangladesh,Shakib Al Hasan,Mahmudullah,NL McCullum,1,0,"",""
ball,1,30.1,Bangladesh,Shakib Al Hasan,Mahmudullah,DL Vettori,0,0,"",""
ball,1,30.2,Bangladesh,Shakib Al Hasan,Mahmudullah,DL Vettori,1,0,"",""
ball,1,30.3,Bangladesh,Mahmudullah,Shakib Al Hasan,DL Vettori,1,0,"",""
ball,1,30.4,Bangladesh,Shakib Al Hasan,Mahmudullah,DL Vettori,1,0,"",""
ball,1,30.5,Bangladesh,Mahmudullah,Shakib Al Hasan,DL Vettori,0,0,"",""
ball,1,30.6,Bangladesh,Mahmudullah,Shakib Al Hasan,DL Vettori,0,0,"",""
ball,1,31.1,Bangladesh,Shakib Al Hasan,Mahmudullah,KD Mills,6,0,"",""
ball,1,31.2,Bangladesh,Shakib Al Hasan,Mahmudullah,KD Mills,0,0,"",""
ball,1,31.3,Bangladesh,Shakib Al Hasan,Mahmudullah,KD Mills,1,0,"",""
ball,1,31.4,Bangladesh,Mahmudullah,Shakib Al Hasan,KD Mills,0,0,"",""
ball,1,31.5,Bangladesh,Mahmudullah,Shakib Al Hasan,KD Mills,4,0,"",""
ball,1,31.6,Bangladesh,Mahmudullah,Shakib Al Hasan,KD Mills,0,0,"",""
ball,1,32.1,Bangladesh,Shakib Al Hasan,Mahmudullah,DL Vettori,1,0,"",""
ball,1,32.2,Bangladesh,Mahmudullah,Shakib Al Hasan,DL Vettori,0,0,"",""
ball,1,32.3,Bangladesh,Mahmudullah,Shakib Al Hasan,DL Vettori,0,0,"",""
ball,1,32.4,Bangladesh,Mahmudullah,Shakib Al Hasan,DL Vettori,2,0,"",""
ball,1,32.5,Bangladesh,Mahmudullah,Shakib Al Hasan,DL Vettori,0,0,"",""
ball,1,32.6,Bangladesh,Mahmudullah,Shakib Al Hasan,DL Vettori,0,0,"",""
ball,1,33.1,Bangladesh,Shakib Al Hasan,Mahmudullah,HK Bennett,0,0,"",""
ball,1,33.2,Bangladesh,Shakib Al Hasan,Mahmudullah,HK Bennett,1,0,"",""
ball,1,33.3,Bangladesh,Mahmudullah,Shakib Al Hasan,HK Bennett,1,0,"",""
ball,1,33.4,Bangladesh,Shakib Al Hasan,Mahmudullah,HK Bennett,0,0,"",""
ball,1,33.5,Bangladesh,Shakib Al Hasan,Mahmudullah,HK Bennett,0,0,"",""
ball,1,33.6,Bangladesh,Shakib Al Hasan,Mahmudullah,HK Bennett,2,0,"",""
ball,1,34.1,Bangladesh,Mahmudullah,Shakib Al Hasan,GD Elliott,4,0,"",""
ball,1,34.2,Bangladesh,Mahmudullah,Shakib Al Hasan,GD Elliott,0,0,"",""
ball,1,34.3,Bangladesh,Mahmudullah,Shakib Al Hasan,GD Elliott,0,0,"",""
ball,1,34.4,Bangladesh,Mahmudullah,Shakib Al Hasan,GD Elliott,0,0,"",""
ball,1,34.5,Bangladesh,Mahmudullah,Shakib Al Hasan,GD Elliott,0,0,"",""
ball,1,34.6,Bangladesh,Mahmudullah,Shakib Al Hasan,GD Elliott,0,1,"",""
ball,1,34.7,Bangladesh,Mahmudullah,Shakib Al Hasan,GD Elliott,0,0,"",""
ball,1,35.1,Bangladesh,Shakib Al Hasan,Mahmudullah,HK Bennett,1,0,"",""
ball,1,35.2,Bangladesh,Mahmudullah,Shakib Al Hasan,HK Bennett,0,0,"",""
ball,1,35.3,Bangladesh,Mahmudullah,Shakib Al Hasan,HK Bennett,0,0,"",""
ball,1,35.4,Bangladesh,Mahmudullah,Shakib Al Hasan,HK Bennett,1,0,"",""
ball,1,35.5,Bangladesh,Shakib Al Hasan,Mahmudullah,HK Bennett,1,0,"",""
ball,1,35.6,Bangladesh,Mahmudullah,Shakib Al Hasan,HK Bennett,0,0,"",""
ball,1,36.1,Bangladesh,Shakib Al Hasan,Mahmudullah,DR Tuffey,0,0,"",""
ball,1,36.2,Bangladesh,Shakib Al Hasan,Mahmudullah,DR Tuffey,1,0,"",""
ball,1,36.3,Bangladesh,Mahmudullah,Shakib Al Hasan,DR Tuffey,0,0,"",""
ball,1,36.4,Bangladesh,Mahmudullah,Shakib Al Hasan,DR Tuffey,0,0,"",""
ball,1,36.5,Bangladesh,Mahmudullah,Shakib Al Hasan,DR Tuffey,0,0,"",""
ball,1,36.6,Bangladesh,Mahmudullah,Shakib Al Hasan,DR Tuffey,0,0,"",""
ball,1,37.1,Bangladesh,Shakib Al Hasan,Mahmudullah,GD Elliott,0,0,"",""
ball,1,37.2,Bangladesh,Shakib Al Hasan,Mahmudullah,GD Elliott,1,0,"",""
ball,1,37.3,Bangladesh,Mahmudullah,Shakib Al Hasan,GD Elliott,1,0,"",""
ball,1,37.4,Bangladesh,Shakib Al Hasan,Mahmudullah,GD Elliott,4,0,"",""
ball,1,37.5,Bangladesh,Shakib Al Hasan,Mahmudullah,GD Elliott,1,0,"",""
ball,1,37.6,Bangladesh,Mahmudullah,Shakib Al Hasan,GD Elliott,0,0,"",""
ball,1,38.1,Bangladesh,Shakib Al Hasan,Mahmudullah,DR Tuffey,0,0,"",""
ball,1,38.2,Bangladesh,Shakib Al Hasan,Mahmudullah,DR Tuffey,0,0,"",""
ball,1,38.3,Bangladesh,Shakib Al Hasan,Mahmudullah,DR Tuffey,1,0,"",""
ball,1,38.4,Bangladesh,Mahmudullah,Shakib Al Hasan,DR Tuffey,1,0,"",""
ball,1,38.5,Bangladesh,Shakib Al Hasan,Mahmudullah,DR Tuffey,4,0,"",""
ball,1,38.6,Bangladesh,Shakib Al Hasan,Mahmudullah,DR Tuffey,0,0,"",""
ball,1,39.1,Bangladesh,Mahmudullah,Shakib Al Hasan,NL McCullum,1,0,"",""
ball,1,39.2,Bangladesh,Shakib Al Hasan,Mahmudullah,NL McCullum,0,0,"",""
ball,1,39.3,Bangladesh,Shakib Al Hasan,Mahmudullah,NL McCullum,0,0,"",""
ball,1,39.4,Bangladesh,Shakib Al Hasan,Mahmudullah,NL McCullum,0,0,"",""
ball,1,39.5,Bangladesh,Shakib Al Hasan,Mahmudullah,NL McCullum,1,0,"",""
ball,1,39.6,Bangladesh,Mahmudullah,Shakib Al Hasan,NL McCullum,0,0,"",""
ball,1,40.1,Bangladesh,Shakib Al Hasan,Mahmudullah,DL Vettori,0,0,"",""
ball,1,40.2,Bangladesh,Shakib Al Hasan,Mahmudullah,DL Vettori,1,0,"",""
ball,1,40.3,Bangladesh,Mahmudullah,Shakib Al Hasan,DL Vettori,0,0,"",""
ball,1,40.4,Bangladesh,Mahmudullah,Shakib Al Hasan,DL Vettori,1,0,"",""
ball,1,40.5,Bangladesh,Shakib Al Hasan,Mahmudullah,DL Vettori,4,0,"",""
ball,1,40.6,Bangladesh,Shakib Al Hasan,Mahmudullah,DL Vettori,1,0,"",""
ball,1,41.1,Bangladesh,Shakib Al Hasan,Mahmudullah,NL McCullum,1,0,"",""
ball,1,41.2,Bangladesh,Mahmudullah,Shakib Al Hasan,NL McCullum,4,0,"",""
ball,1,41.3,Bangladesh,Mahmudullah,Shakib Al Hasan,NL McCullum,0,1,"",""
ball,1,41.4,Bangladesh,Mahmudullah,Shakib Al Hasan,NL McCullum,0,0,"",""
ball,1,41.5,Bangladesh,Mahmudullah,Shakib Al Hasan,NL McCullum,0,0,"",""
ball,1,41.6,Bangladesh,Mahmudullah,Shakib Al Hasan,NL McCullum,0,0,"",""
ball,1,41.7,Bangladesh,Mahmudullah,Shakib Al Hasan,NL McCullum,0,0,"",""
ball,1,42.1,Bangladesh,Shakib Al Hasan,Mahmudullah,DL Vettori,1,0,"",""
ball,1,42.2,Bangladesh,Mahmudullah,Shakib Al Hasan,DL Vettori,0,0,"",""
ball,1,42.3,Bangladesh,Mahmudullah,Shakib Al Hasan,DL Vettori,1,0,"",""
ball,1,42.4,Bangladesh,Shakib Al Hasan,Mahmudullah,DL Vettori,0,0,"",""
ball,1,42.5,Bangladesh,Shakib Al Hasan,Mahmudullah,DL Vettori,0,0,caught and bowled,Shakib Al Hasan
ball,1,42.6,Bangladesh,Suhrawadi Shuvo,Mahmudullah,DL Vettori,0,0,"",""
ball,1,43.1,Bangladesh,Mahmudullah,Suhrawadi Shuvo,NL McCullum,1,0,"",""
ball,1,43.2,Bangladesh,Suhrawadi Shuvo,Mahmudullah,NL McCullum,1,0,"",""
ball,1,43.3,Bangladesh,Mahmudullah,Suhrawadi Shuvo,NL McCullum,0,0,"",""
ball,1,43.4,Bangladesh,Mahmudullah,Suhrawadi Shuvo,NL McCullum,0,0,"",""
ball,1,43.5,Bangladesh,Mahmudullah,Suhrawadi Shuvo,NL McCullum,2,0,"",""
ball,1,43.6,Bangladesh,Mahmudullah,Suhrawadi Shuvo,NL McCullum,3,0,"",""
ball,1,44.1,Bangladesh,Mahmudullah,Suhrawadi Shuvo,DR Tuffey,0,0,"",""
ball,1,44.2,Bangladesh,Mahmudullah,Suhrawadi Shuvo,DR Tuffey,0,0,"",""
ball,1,44.3,Bangladesh,Mahmudullah,Suhrawadi Shuvo,DR Tuffey,1,0,"",""
ball,1,44.4,Bangladesh,Suhrawadi Shuvo,Mahmudullah,DR Tuffey,0,0,"",""
ball,1,44.5,Bangladesh,Suhrawadi Shuvo,Mahmudullah,DR Tuffey,2,0,"",""
ball,1,44.6,Bangladesh,Suhrawadi Shuvo,Mahmudullah,DR Tuffey,0,0,"",""
ball,1,45.1,Bangladesh,Mahmudullah,Suhrawadi Shuvo,HK Bennett,1,0,"",""
ball,1,45.2,Bangladesh,Suhrawadi Shuvo,Mahmudullah,HK Bennett,0,0,"",""
ball,1,45.3,Bangladesh,Suhrawadi Shuvo,Mahmudullah,HK Bennett,0,0,"",""
ball,1,45.4,Bangladesh,Suhrawadi Shuvo,Mahmudullah,HK Bennett,0,0,"",""
ball,1,45.5,Bangladesh,Suhrawadi Shuvo,Mahmudullah,HK Bennett,4,0,"",""
ball,1,45.6,Bangladesh,Suhrawadi Shuvo,Mahmudullah,HK Bennett,1,0,"",""
ball,1,46.1,Bangladesh,Suhrawadi Shuvo,Mahmudullah,DR Tuffey,0,0,"",""
ball,1,46.2,Bangladesh,Suhrawadi Shuvo,Mahmudullah,DR Tuffey,0,0,caught,Suhrawadi Shuvo
ball,1,46.3,Bangladesh,Mahmudullah,Abdur Razzak,DR Tuffey,1,0,"",""
ball,1,46.4,Bangladesh,Abdur Razzak,Mahmudullah,DR Tuffey,2,0,"",""
ball,1,46.5,Bangladesh,Abdur Razzak,Mahmudullah,DR Tuffey,4,0,"",""
ball,1,46.6,Bangladesh,Abdur Razzak,Mahmudullah,DR Tuffey,0,0,"",""
ball,1,47.1,Bangladesh,Mahmudullah,Abdur Razzak,HK Bennett,0,0,bowled,Mahmudullah
ball,1,47.2,Bangladesh,Shafiul Islam,Abdur Razzak,HK Bennett,1,0,"",""
ball,1,47.3,Bangladesh,Abdur Razzak,Shafiul Islam,HK Bennett,0,0,"",""
ball,1,47.4,Bangladesh,Abdur Razzak,Shafiul Islam,HK Bennett,1,0,"",""
ball,1,47.5,Bangladesh,Shafiul Islam,Abdur Razzak,HK Bennett,0,0,"",""
ball,1,47.6,Bangladesh,Shafiul Islam,Abdur Razzak,HK Bennett,0,0,caught,Shafiul Islam
ball,1,48.1,Bangladesh,Abdur Razzak,Rubel Hossain,DR Tuffey,0,0,caught,Abdur Razzak
ball,2,0.1,New Zealand,BB McCullum,BJ Watling,Shafiul Islam,0,0,"",""
ball,2,0.2,New Zealand,BB McCullum,BJ Watling,Shafiul Islam,0,0,"",""
ball,2,0.3,New Zealand,BB McCullum,BJ Watling,Shafiul Islam,2,0,"",""
ball,2,0.4,New Zealand,BB McCullum,BJ Watling,Shafiul Islam,0,0,"",""
ball,2,0.5,New Zealand,BB McCullum,BJ Watling,Shafiul Islam,0,0,"",""
ball,2,0.6,New Zealand,BB McCullum,BJ Watling,Shafiul Islam,0,0,"",""
ball,2,1.1,New Zealand,BJ Watling,BB McCullum,Abdur Razzak,3,0,"",""
ball,2,1.2,New Zealand,BB McCullum,BJ Watling,Abdur Razzak,1,0,"",""
ball,2,1.3,New Zealand,BJ Watling,BB McCullum,Abdur Razzak,0,0,"",""
ball,2,1.4,New Zealand,BJ Watling,BB McCullum,Abdur Razzak,0,0,"",""
ball,2,1.5,New Zealand,BJ Watling,BB McCullum,Abdur Razzak,0,0,"",""
ball,2,1.6,New Zealand,BJ Watling,BB McCullum,Abdur Razzak,0,0,"",""
ball,2,2.1,New Zealand,BB McCullum,BJ Watling,Shafiul Islam,1,0,"",""
ball,2,2.2,New Zealand,BJ Watling,BB McCullum,Shafiul Islam,0,0,"",""
ball,2,2.3,New Zealand,BJ Watling,BB McCullum,Shafiul Islam,1,0,"",""
ball,2,2.4,New Zealand,BB McCullum,BJ Watling,Shafiul Islam,1,0,"",""
ball,2,2.5,New Zealand,BJ Watling,BB McCullum,Shafiul Islam,1,0,"",""
ball,2,2.6,New Zealand,BB McCullum,BJ Watling,Shafiul Islam,1,0,"",""
ball,2,3.1,New Zealand,BB McCullum,BJ Watling,Abdur Razzak,4,0,"",""
ball,2,3.2,New Zealand,BB McCullum,BJ Watling,Abdur Razzak,1,0,"",""
ball,2,3.3,New Zealand,BJ Watling,BB McCullum,Abdur Razzak,0,0,"",""
ball,2,3.4,New Zealand,BJ Watling,BB McCullum,Abdur Razzak,1,0,"",""
ball,2,3.5,New Zealand,BB McCullum,BJ Watling,Abdur Razzak,1,0,"",""
ball,2,3.6,New Zealand,BJ Watling,BB McCullum,Abdur Razzak,0,0,lbw,BJ Watling
ball,2,4.1,New Zealand,BB McCullum,AJ Redmond,Shafiul Islam,1,0,"",""
ball,2,4.2,New Zealand,AJ Redmond,BB McCullum,Shafiul Islam,0,0,"",""
ball,2,4.3,New Zealand,AJ Redmond,BB McCullum,Shafiul Islam,1,0,"",""
ball,2,4.4,New Zealand,BB McCullum,AJ Redmond,Shafiul Islam,2,0,"",""
ball,2,4.5,New Zealand,BB McCullum,AJ Redmond,Shafiul Islam,1,0,"",""
ball,2,4.6,New Zealand,AJ Redmond,BB McCullum,Shafiul Islam,0,0,"",""
ball,2,5.1,New Zealand,BB McCullum,AJ Redmond,Abdur Razzak,0,0,"",""
ball,2,5.2,New Zealand,BB McCullum,AJ Redmond,Abdur Razzak,1,0,"",""
ball,2,5.3,New Zealand,AJ Redmond,BB McCullum,Abdur Razzak,0,0,"",""
ball,2,5.4,New Zealand,AJ Redmond,BB McCullum,Abdur Razzak,0,0,"",""
ball,2,5.5,New Zealand,AJ Redmond,BB McCullum,Abdur Razzak,4,0,"",""
ball,2,5.6,New Zealand,AJ Redmond,BB McCullum,Abdur Razzak,0,0,"",""
ball,2,6.1,New Zealand,BB McCullum,AJ Redmond,Shafiul Islam,4,0,"",""
ball,2,6.2,New Zealand,BB McCullum,AJ Redmond,Shafiul Islam,0,0,caught and bowled,BB McCullum
ball,2,6.3,New Zealand,LRPL Taylor,AJ Redmond,Shafiul Islam,0,0,"",""
ball,2,6.4,New Zealand,LRPL Taylor,AJ Redmond,Shafiul Islam,3,0,"",""
ball,2,6.5,New Zealand,AJ Redmond,LRPL Taylor,Shafiul Islam,0,0,"",""
ball,2,6.6,New Zealand,AJ Redmond,LRPL Taylor,Shafiul Islam,0,0,"",""
ball,2,7.1,New Zealand,LRPL Taylor,AJ Redmond,Suhrawadi Shuvo,0,0,caught,LRPL Taylor
ball,2,7.2,New Zealand,KS Williamson,AJ Redmond,Suhrawadi Shuvo,0,0,"",""
ball,2,7.3,New Zealand,KS Williamson,AJ Redmond,Suhrawadi Shuvo,2,0,"",""
ball,2,7.4,New Zealand,KS Williamson,AJ Redmond,Suhrawadi Shuvo,0,0,"",""
ball,2,7.5,New Zealand,KS Williamson,AJ Redmond,Suhrawadi Shuvo,1,0,"",""
ball,2,7.6,New Zealand,AJ Redmond,KS Williamson,Suhrawadi Shuvo,0,0,"",""
ball,2,8.1,New Zealand,KS Williamson,AJ Redmond,Shafiul Islam,0,0,"",""
ball,2,8.2,New Zealand,KS Williamson,AJ Redmond,Shafiul Islam,0,0,"",""
ball,2,8.3,New Zealand,KS Williamson,AJ Redmond,Shafiul Islam,0,0,"",""
ball,2,8.4,New Zealand,KS Williamson,AJ Redmond,Shafiul Islam,0,1,"",""
ball,2,8.5,New Zealand,KS Williamson,AJ Redmond,Shafiul Islam,0,0,"",""
ball,2,8.6,New Zealand,KS Williamson,AJ Redmond,Shafiul Islam,1,0,"",""
ball,2,8.7,New Zealand,AJ Redmond,KS Williamson,Shafiul Islam,0,0,"",""
ball,2,9.1,New Zealand,KS Williamson,AJ Redmond,Abdur Razzak,1,0,"",""
ball,2,9.2,New Zealand,AJ Redmond,KS Williamson,Abdur Razzak,1,0,"",""
ball,2,9.3,New Zealand,KS Williamson,AJ Redmond,Abdur Razzak,0,0,"",""
ball,2,9.4,New Zealand,KS Williamson,AJ Redmond,Abdur Razzak,0,0,"",""
ball,2,9.5,New Zealand,KS Williamson,AJ Redmond,Abdur Razzak,0,0,"",""
ball,2,9.6,New Zealand,KS Williamson,AJ Redmond,Abdur Razzak,1,0,"",""
ball,2,10.1,New Zealand,KS Williamson,AJ Redmond,Shafiul Islam,2,0,"",""
ball,2,10.2,New Zealand,KS Williamson,AJ Redmond,Shafiul Islam,1,0,"",""
ball,2,10.3,New Zealand,AJ Redmond,KS Williamson,Shafiul Islam,0,0,"",""
ball,2,10.4,New Zealand,AJ Redmond,KS Williamson,Shafiul Islam,1,0,"",""
ball,2,10.5,New Zealand,KS Williamson,AJ Redmond,Shafiul Islam,0,0,"",""
ball,2,10.6,New Zealand,KS Williamson,AJ Redmond,Shafiul Islam,0,0,"",""
ball,2,11.1,New Zealand,AJ Redmond,KS Williamson,Abdur Razzak,1,0,"",""
ball,2,11.2,New Zealand,KS Williamson,AJ Redmond,Abdur Razzak,0,0,"",""
ball,2,11.3,New Zealand,KS Williamson,AJ Redmond,Abdur Razzak,0,1,"",""
ball,2,11.4,New Zealand,KS Williamson,AJ Redmond,Abdur Razzak,0,0,"",""
ball,2,11.5,New Zealand,KS Williamson,AJ Redmond,Abdur Razzak,0,0,"",""
ball,2,11.6,New Zealand,KS Williamson,AJ Redmond,Abdur Razzak,0,0,"",""
ball,2,11.7,New Zealand,KS Williamson,AJ Redmond,Abdur Razzak,0,1,"",""
ball,2,11.8,New Zealand,KS Williamson,AJ Redmond,Abdur Razzak,0,0,"",""
ball,2,12.1,New Zealand,AJ Redmond,KS Williamson,Shakib Al Hasan,0,0,"",""
ball,2,12.2,New Zealand,AJ Redmond,KS Williamson,Shakib Al Hasan,0,0,"",""
ball,2,12.3,New Zealand,AJ Redmond,KS Williamson,Shakib Al Hasan,1,0,"",""
ball,2,12.4,New Zealand,KS Williamson,AJ Redmond,Shakib Al Hasan,0,0,"",""
ball,2,12.5,New Zealand,KS Williamson,AJ Redmond,Shakib Al Hasan,0,0,"",""
ball,2,12.6,New Zealand,KS Williamson,AJ Redmond,Shakib Al Hasan,0,0,"",""
ball,2,13.1,New Zealand,AJ Redmond,KS Williamson,Suhrawadi Shuvo,1,0,"",""
ball,2,13.2,New Zealand,KS Williamson,AJ Redmond,Suhrawadi Shuvo,0,0,"",""
ball,2,13.3,New Zealand,KS Williamson,AJ Redmond,Suhrawadi Shuvo,1,0,"",""
ball,2,13.4,New Zealand,AJ Redmond,KS Williamson,Suhrawadi Shuvo,0,0,"",""
ball,2,13.5,New Zealand,AJ Redmond,KS Williamson,Suhrawadi Shuvo,1,0,"",""
ball,2,13.6,New Zealand,KS Williamson,AJ Redmond,Suhrawadi Shuvo,0,0,"",""
ball,2,14.1,New Zealand,AJ Redmond,KS Williamson,Shakib Al Hasan,3,0,"",""
ball,2,14.2,New Zealand,KS Williamson,AJ Redmond,Shakib Al Hasan,2,0,"",""
ball,2,14.3,New Zealand,KS Williamson,AJ Redmond,Shakib Al Hasan,1,0,"",""
ball,2,14.4,New Zealand,AJ Redmond,KS Williamson,Shakib Al Hasan,0,0,"",""
ball,2,14.5,New Zealand,AJ Redmond,KS Williamson,Shakib Al Hasan,0,0,"",""
ball,2,14.6,New Zealand,AJ Redmond,KS Williamson,Shakib Al Hasan,0,0,"",""
ball,2,15.1,New Zealand,KS Williamson,AJ Redmond,Suhrawadi Shuvo,0,0,"",""
ball,2,15.2,New Zealand,KS Williamson,AJ Redmond,Suhrawadi Shuvo,0,0,"",""
ball,2,15.3,New Zealand,KS Williamson,AJ Redmond,Suhrawadi Shuvo,0,0,"",""
ball,2,15.4,New Zealand,KS Williamson,AJ Redmond,Suhrawadi Shuvo,4,0,"",""
ball,2,15.5,New Zealand,KS Williamson,AJ Redmond,Suhrawadi Shuvo,1,0,"",""
ball,2,15.6,New Zealand,AJ Redmond,KS Williamson,Suhrawadi Shuvo,1,0,"",""
ball,2,16.1,New Zealand,AJ Redmond,KS Williamson,Shakib Al Hasan,0,0,"",""
ball,2,16.2,New Zealand,AJ Redmond,KS Williamson,Shakib Al Hasan,1,0,"",""
ball,2,16.3,New Zealand,KS Williamson,AJ Redmond,Shakib Al Hasan,1,0,"",""
ball,2,16.4,New Zealand,AJ Redmond,KS Williamson,Shakib Al Hasan,0,0,"",""
ball,2,16.5,New Zealand,AJ Redmond,KS Williamson,Shakib Al Hasan,0,0,lbw,AJ Redmond
ball,2,16.6,New Zealand,DL Vettori,KS Williamson,Shakib Al Hasan,0,0,"",""
ball,2,17.1,New Zealand,KS Williamson,DL Vettori,Suhrawadi Shuvo,1,0,"",""
ball,2,17.2,New Zealand,DL Vettori,KS Williamson,Suhrawadi Shuvo,0,0,"",""
ball,2,17.3,New Zealand,DL Vettori,KS Williamson,Suhrawadi Shuvo,2,0,"",""
ball,2,17.4,New Zealand,DL Vettori,KS Williamson,Suhrawadi Shuvo,0,0,"",""
ball,2,17.5,New Zealand,DL Vettori,KS Williamson,Suhrawadi Shuvo,1,0,"",""
ball,2,17.6,New Zealand,KS Williamson,DL Vettori,Suhrawadi Shuvo,2,0,"",""
ball,2,18.1,New Zealand,DL Vettori,KS Williamson,Mahmudullah,0,0,"",""
ball,2,18.2,New Zealand,DL Vettori,KS Williamson,Mahmudullah,2,0,"",""
ball,2,18.3,New Zealand,DL Vettori,KS Williamson,Mahmudullah,0,0,"",""
ball,2,18.4,New Zealand,DL Vettori,KS Williamson,Mahmudullah,0,0,"",""
ball,2,18.5,New Zealand,DL Vettori,KS Williamson,Mahmudullah,1,0,"",""
ball,2,18.6,New Zealand,KS Williamson,DL Vettori,Mahmudullah,0,0,"",""
ball,2,19.1,New Zealand,DL Vettori,KS Williamson,Suhrawadi Shuvo,0,0,"",""
ball,2,19.2,New Zealand,DL Vettori,KS Williamson,Suhrawadi Shuvo,0,0,"",""
ball,2,19.3,New Zealand,DL Vettori,KS Williamson,Suhrawadi Shuvo,1,0,"",""
ball,2,19.4,New Zealand,KS Williamson,DL Vettori,Suhrawadi Shuvo,1,0,"",""
ball,2,19.5,New Zealand,DL Vettori,KS Williamson,Suhrawadi Shuvo,1,0,"",""
ball,2,19.6,New Zealand,KS Williamson,DL Vettori,Suhrawadi Shuvo,0,0,"",""
ball,2,20.1,New Zealand,DL Vettori,KS Williamson,Mahmudullah,0,0,"",""
ball,2,20.2,New Zealand,DL Vettori,KS Williamson,Mahmudullah,0,0,caught,DL Vettori
ball,2,20.3,New Zealand,GD Elliott,KS Williamson,Mahmudullah,1,0,"",""
ball,2,20.4,New Zealand,KS Williamson,GD Elliott,Mahmudullah,0,0,"",""
ball,2,20.5,New Zealand,KS Williamson,GD Elliott,Mahmudullah,0,0,"",""
ball,2,20.6,New Zealand,KS Williamson,GD Elliott,Mahmudullah,1,0,"",""
ball,2,21.1,New Zealand,KS Williamson,GD Elliott,Shakib Al Hasan,0,0,"",""
ball,2,21.2,New Zealand,KS Williamson,GD Elliott,Shakib Al Hasan,6,0,"",""
ball,2,21.3,New Zealand,KS Williamson,GD Elliott,Shakib Al Hasan,6,0,"",""
ball,2,21.4,New Zealand,KS Williamson,GD Elliott,Shakib Al Hasan,1,0,"",""
ball,2,21.5,New Zealand,GD Elliott,KS Williamson,Shakib Al Hasan,0,0,"",""
ball,2,21.6,New Zealand,GD Elliott,KS Williamson,Shakib Al Hasan,0,0,"",""
ball,2,22.1,New Zealand,KS Williamson,GD Elliott,Suhrawadi Shuvo,1,0,"",""
ball,2,22.2,New Zealand,GD Elliott,KS Williamson,Suhrawadi Shuvo,0,0,"",""
ball,2,22.3,New Zealand,GD Elliott,KS Williamson,Suhrawadi Shuvo,0,0,"",""
ball,2,22.4,New Zealand,GD Elliott,KS Williamson,Suhrawadi Shuvo,1,0,"",""
ball,2,22.5,New Zealand,KS Williamson,GD Elliott,Suhrawadi Shuvo,1,0,"",""
ball,2,22.6,New Zealand,GD Elliott,KS Williamson,Suhrawadi Shuvo,0,0,"",""
ball,2,23.1,New Zealand,KS Williamson,GD Elliott,Shakib Al Hasan,0,0,"",""
ball,2,23.2,New Zealand,KS Williamson,GD Elliott,Shakib Al Hasan,1,0,"",""
ball,2,23.3,New Zealand,GD Elliott,KS Williamson,Shakib Al Hasan,0,0,"",""
ball,2,23.4,New Zealand,GD Elliott,KS Williamson,Shakib Al Hasan,0,0,"",""
ball,2,23.5,New Zealand,GD Elliott,KS Williamson,Shakib Al Hasan,4,0,"",""
ball,2,23.6,New Zealand,GD Elliott,KS Williamson,Shakib Al Hasan,1,0,"",""
ball,2,24.1,New Zealand,GD Elliott,KS Williamson,Rubel Hossain,0,1,"",""
ball,2,24.2,New Zealand,KS Williamson,GD Elliott,Rubel Hossain,0,0,"",""
ball,2,24.3,New Zealand,KS Williamson,GD Elliott,Rubel Hossain,0,0,"",""
ball,2,24.4,New Zealand,KS Williamson,GD Elliott,Rubel Hossain,0,0,"",""
ball,2,24.5,New Zealand,KS Williamson,GD Elliott,Rubel Hossain,2,0,"",""
ball,2,24.6,New Zealand,KS Williamson,GD Elliott,Rubel Hossain,1,0,"",""
ball,2,25.1,New Zealand,KS Williamson,GD Elliott,Shakib Al Hasan,1,0,"",""
ball,2,25.2,New Zealand,GD Elliott,KS Williamson,Shakib Al Hasan,0,0,"",""
ball,2,25.3,New Zealand,GD Elliott,KS Williamson,Shakib Al Hasan,1,0,"",""
ball,2,25.4,New Zealand,KS Williamson,GD Elliott,Shakib Al Hasan,0,0,"",""
ball,2,25.5,New Zealand,KS Williamson,GD Elliott,Shakib Al Hasan,1,0,"",""
ball,2,25.6,New Zealand,GD Elliott,KS Williamson,Shakib Al Hasan,1,0,"",""
ball,2,26.1,New Zealand,GD Elliott,KS Williamson,Rubel Hossain,0,0,"",""
ball,2,26.2,New Zealand,GD Elliott,KS Williamson,Rubel Hossain,1,0,"",""
ball,2,26.3,New Zealand,KS Williamson,GD Elliott,Rubel Hossain,0,0,"",""
ball,2,26.4,New Zealand,KS Williamson,GD Elliott,Rubel Hossain,0,0,"",""
ball,2,26.5,New Zealand,KS Williamson,GD Elliott,Rubel Hossain,0,0,"",""
ball,2,26.6,New Zealand,KS Williamson,GD Elliott,Rubel Hossain,1,0,"",""
ball,2,27.1,New Zealand,KS Williamson,GD Elliott,Shakib Al Hasan,0,0,"",""
ball,2,27.2,New Zealand,KS Williamson,GD Elliott,Shakib Al Hasan,0,0,"",""
ball,2,27.3,New Zealand,KS Williamson,GD Elliott,Shakib Al Hasan,1,0,"",""
ball,2,27.4,New Zealand,GD Elliott,KS Williamson,Shakib Al Hasan,0,0,"",""
ball,2,27.5,New Zealand,GD Elliott,KS Williamson,Shakib Al Hasan,0,0,"",""
ball,2,27.6,New Zealand,GD Elliott,KS Williamson,Shakib Al Hasan,2,0,"",""
ball,2,28.1,New Zealand,KS Williamson,GD Elliott,Rubel Hossain,1,0,"",""
ball,2,28.2,New Zealand,GD Elliott,KS Williamson,Rubel Hossain,0,0,"",""
ball,2,28.3,New Zealand,GD Elliott,KS Williamson,Rubel Hossain,1,0,"",""
ball,2,28.4,New Zealand,KS Williamson,GD Elliott,Rubel Hossain,2,0,"",""
ball,2,28.5,New Zealand,KS Williamson,GD Elliott,Rubel Hossain,1,0,"",""
ball,2,28.6,New Zealand,GD Elliott,KS Williamson,Rubel Hossain,0,0,"",""
ball,2,29.1,New Zealand,KS Williamson,GD Elliott,Abdur Razzak,0,0,"",""
ball,2,29.2,New Zealand,KS Williamson,GD Elliott,Abdur Razzak,1,0,"",""
ball,2,29.3,New Zealand,GD Elliott,KS Williamson,Abdur Razzak,0,0,"",""
ball,2,29.4,New Zealand,GD Elliott,KS Williamson,Abdur Razzak,1,0,"",""
ball,2,29.5,New Zealand,KS Williamson,GD Elliott,Abdur Razzak,0,0,"",""
ball,2,29.6,New Zealand,KS Williamson,GD Elliott,Abdur Razzak,1,0,"",""
ball,2,30.1,New Zealand,KS Williamson,GD Elliott,Rubel Hossain,0,0,"",""
ball,2,30.2,New Zealand,KS Williamson,GD Elliott,Rubel Hossain,0,0,"",""
ball,2,30.3,New Zealand,KS Williamson,GD Elliott,Rubel Hossain,0,0,"",""
ball,2,30.4,New Zealand,KS Williamson,GD Elliott,Rubel Hossain,0,0,"",""
ball,2,30.5,New Zealand,KS Williamson,GD Elliott,Rubel Hossain,0,0,"",""
ball,2,30.6,New Zealand,KS Williamson,GD Elliott,Rubel Hossain,4,0,"",""
ball,2,31.1,New Zealand,GD Elliott,KS Williamson,Abdur Razzak,0,0,"",""
ball,2,31.2,New Zealand,GD Elliott,KS Williamson,Abdur Razzak,1,0,"",""
ball,2,31.3,New Zealand,KS Williamson,GD Elliott,Abdur Razzak,1,0,"",""
ball,2,31.4,New Zealand,GD Elliott,KS Williamson,Abdur Razzak,0,0,"",""
ball,2,31.5,New Zealand,GD Elliott,KS Williamson,Abdur Razzak,1,0,"",""
ball,2,31.6,New Zealand,KS Williamson,GD Elliott,Abdur Razzak,1,0,"",""
ball,2,32.1,New Zealand,KS Williamson,GD Elliott,Rubel Hossain,0,0,"",""
ball,2,32.2,New Zealand,KS Williamson,GD Elliott,Rubel Hossain,0,0,"",""
ball,2,32.3,New Zealand,KS Williamson,GD Elliott,Rubel Hossain,0,0,"",""
ball,2,32.4,New Zealand,KS Williamson,GD Elliott,Rubel Hossain,1,0,"",""
ball,2,32.5,New Zealand,GD Elliott,KS Williamson,Rubel Hossain,1,0,"",""
ball,2,32.6,New Zealand,KS Williamson,GD Elliott,Rubel Hossain,0,0,"",""
ball,2,33.1,New Zealand,GD Elliott,KS Williamson,Abdur Razzak,0,0,"",""
ball,2,33.2,New Zealand,GD Elliott,KS Williamson,Abdur Razzak,1,0,"",""
ball,2,33.3,New Zealand,KS Williamson,GD Elliott,Abdur Razzak,1,0,"",""
ball,2,33.4,New Zealand,GD Elliott,KS Williamson,Abdur Razzak,0,0,"",""
ball,2,33.5,New Zealand,GD Elliott,KS Williamson,Abdur Razzak,0,0,"",""
ball,2,33.6,New Zealand,GD Elliott,KS Williamson,Abdur Razzak,1,0,"",""
ball,2,34.1,New Zealand,GD Elliott,KS Williamson,Suhrawadi Shuvo,0,0,"",""
ball,2,34.2,New Zealand,GD Elliott,KS Williamson,Suhrawadi Shuvo,1,0,"",""
ball,2,34.3,New Zealand,KS Williamson,GD Elliott,Suhrawadi Shuvo,2,0,"",""
ball,2,34.4,New Zealand,KS Williamson,GD Elliott,Suhrawadi Shuvo,0,0,"",""
ball,2,34.5,New Zealand,KS Williamson,GD Elliott,Suhrawadi Shuvo,1,0,"",""
ball,2,34.6,New Zealand,GD Elliott,KS Williamson,Suhrawadi Shuvo,0,0,"",""
ball,2,35.1,New Zealand,KS Williamson,GD Elliott,Shafiul Islam,1,0,"",""
ball,2,35.2,New Zealand,GD Elliott,KS Williamson,Shafiul Islam,1,0,"",""
ball,2,35.3,New Zealand,KS Williamson,GD Elliott,Shafiul Islam,1,0,"",""
ball,2,35.4,New Zealand,GD Elliott,KS Williamson,Shafiul Islam,0,0,"",""
ball,2,35.5,New Zealand,GD Elliott,KS Williamson,Shafiul Islam,1,0,"",""
ball,2,35.6,New Zealand,KS Williamson,GD Elliott,Shafiul Islam,4,0,"",""
ball,2,36.1,New Zealand,GD Elliott,KS Williamson,Shakib Al Hasan,0,0,caught,GD Elliott
ball,2,36.2,New Zealand,KS Williamson,KD Mills,Shakib Al Hasan,1,0,"",""
ball,2,36.3,New Zealand,KD Mills,KS Williamson,Shakib Al Hasan,0,0,"",""
ball,2,36.4,New Zealand,KD Mills,KS Williamson,Shakib Al Hasan,1,0,"",""
ball,2,36.5,New Zealand,KS Williamson,KD Mills,Shakib Al Hasan,0,0,"",""
ball,2,36.6,New Zealand,KS Williamson,KD Mills,Shakib Al Hasan,1,0,"",""
ball,2,37.1,New Zealand,KS Williamson,KD Mills,Rubel Hossain,1,0,"",""
ball,2,37.2,New Zealand,KD Mills,KS Williamson,Rubel Hossain,1,0,"",""
ball,2,37.3,New Zealand,KS Williamson,KD Mills,Rubel Hossain,1,0,"",""
ball,2,37.4,New Zealand,KD Mills,KS Williamson,Rubel Hossain,0,1,"",""
ball,2,37.5,New Zealand,KS Williamson,KD Mills,Rubel Hossain,0,0,"",""
ball,2,37.6,New Zealand,KS Williamson,KD Mills,Rubel Hossain,1,0,"",""
ball,2,38.1,New Zealand,KS Williamson,KD Mills,Shakib Al Hasan,2,0,"",""
ball,2,38.2,New Zealand,KS Williamson,KD Mills,Shakib Al Hasan,4,0,"",""
ball,2,38.3,New Zealand,KS Williamson,KD Mills,Shakib Al Hasan,0,0,"",""
ball,2,38.4,New Zealand,KS Williamson,KD Mills,Shakib Al Hasan,0,0,"",""
ball,2,38.5,New Zealand,KS Williamson,KD Mills,Shakib Al Hasan,1,0,"",""
ball,2,38.6,New Zealand,KD Mills,KS Williamson,Shakib Al Hasan,1,0,"",""
ball,2,39.1,New Zealand,KD Mills,KS Williamson,Rubel Hossain,1,0,"",""
ball,2,39.2,New Zealand,KS Williamson,KD Mills,Rubel Hossain,0,0,"",""
ball,2,39.3,New Zealand,KS Williamson,KD Mills,Rubel Hossain,0,1,"",""
ball,2,39.4,New Zealand,KD Mills,KS Williamson,Rubel Hossain,4,0,"",""
ball,2,39.5,New Zealand,KD Mills,KS Williamson,Rubel Hossain,0,0,"",""
ball,2,39.6,New Zealand,KD Mills,KS Williamson,Rubel Hossain,0,0,caught,KD Mills
ball,2,40.1,New Zealand,NL McCullum,KS Williamson,Suhrawadi Shuvo,3,0,"",""
ball,2,40.2,New Zealand,KS Williamson,NL McCullum,Suhrawadi Shuvo,1,0,"",""
ball,2,40.3,New Zealand,NL McCullum,KS Williamson,Suhrawadi Shuvo,0,0,"",""
ball,2,40.4,New Zealand,NL McCullum,KS Williamson,Suhrawadi Shuvo,1,0,"",""
ball,2,40.5,New Zealand,KS Williamson,NL McCullum,Suhrawadi Shuvo,1,0,"",""
ball,2,40.6,New Zealand,NL McCullum,KS Williamson,Suhrawadi Shuvo,0,0,"",""
ball,2,41.1,New Zealand,KS Williamson,NL McCullum,Abdur Razzak,0,0,"",""
ball,2,41.2,New Zealand,KS Williamson,NL McCullum,Abdur Razzak,0,0,"",""
ball,2,41.3,New Zealand,KS Williamson,NL McCullum,Abdur Razzak,2,0,"",""
ball,2,41.4,New Zealand,KS Williamson,NL McCullum,Abdur Razzak,0,0,"",""
ball,2,41.5,New Zealand,KS Williamson,NL McCullum,Abdur Razzak,1,0,"",""
ball,2,41.6,New Zealand,NL McCullum,KS Williamson,Abdur Razzak,0,0,"",""
ball,2,42.1,New Zealand,KS Williamson,NL McCullum,Suhrawadi Shuvo,1,0,"",""
ball,2,42.2,New Zealand,NL McCullum,KS Williamson,Suhrawadi Shuvo,1,0,"",""
ball,2,42.3,New Zealand,KS Williamson,NL McCullum,Suhrawadi Shuvo,1,0,"",""
ball,2,42.4,New Zealand,NL McCullum,KS Williamson,Suhrawadi Shuvo,0,0,"",""
ball,2,42.5,New Zealand,NL McCullum,KS Williamson,Suhrawadi Shuvo,0,0,"",""
ball,2,42.6,New Zealand,NL McCullum,KS Williamson,Suhrawadi Shuvo,1,0,"",""
ball,2,43.1,New Zealand,NL McCullum,KS Williamson,Rubel Hossain,0,0,"",""
ball,2,43.2,New Zealand,NL McCullum,KS Williamson,Rubel Hossain,0,0,"",""
ball,2,43.3,New Zealand,NL McCullum,KS Williamson,Rubel Hossain,1,0,"",""
ball,2,43.4,New Zealand,KS Williamson,NL McCullum,Rubel Hossain,0,0,"",""
ball,2,43.5,New Zealand,KS Williamson,NL McCullum,Rubel Hossain,1,0,"",""
ball,2,43.6,New Zealand,NL McCullum,KS Williamson,Rubel Hossain,1,0,"",""
ball,2,44.1,New Zealand,NL McCullum,KS Williamson,Suhrawadi Shuvo,2,0,"",""
ball,2,44.2,New Zealand,NL McCullum,KS Williamson,Suhrawadi Shuvo,1,0,"",""
ball,2,44.3,New Zealand,KS Williamson,NL McCullum,Suhrawadi Shuvo,1,0,"",""
ball,2,44.4,New Zealand,NL McCullum,KS Williamson,Suhrawadi Shuvo,2,0,"",""
ball,2,44.5,New Zealand,NL McCullum,KS Williamson,Suhrawadi Shuvo,1,0,"",""
ball,2,44.6,New Zealand,KS Williamson,NL McCullum,Suhrawadi Shuvo,2,0,"",""
ball,2,45.1,New Zealand,NL McCullum,KS Williamson,Rubel Hossain,2,0,"",""
ball,2,45.2,New Zealand,NL McCullum,KS Williamson,Rubel Hossain,0,0,"",""
ball,2,45.3,New Zealand,NL McCullum,KS Williamson,Rubel Hossain,2,0,"",""
ball,2,45.4,New Zealand,NL McCullum,KS Williamson,Rubel Hossain,2,0,"",""
ball,2,45.5,New Zealand,NL McCullum,KS Williamson,Rubel Hossain,0,0,"",""
ball,2,45.6,New Zealand,NL McCullum,KS Williamson,Rubel Hossain,1,0,"",""
ball,2,46.1,New Zealand,NL McCullum,KS Williamson,Abdur Razzak,0,0,"",""
ball,2,46.2,New Zealand,NL McCullum,KS Williamson,Abdur Razzak,0,0,"",""
ball,2,46.3,New Zealand,NL McCullum,KS Williamson,Abdur Razzak,1,0,"",""
ball,2,46.4,New Zealand,KS Williamson,NL McCullum,Abdur Razzak,4,0,"",""
ball,2,46.5,New Zealand,KS Williamson,NL McCullum,Abdur Razzak,1,0,"",""
ball,2,46.6,New Zealand,NL McCullum,KS Williamson,Abdur Razzak,0,0,"",""
ball,2,47.1,New Zealand,KS Williamson,NL McCullum,Rubel Hossain,1,0,"",""
ball,2,47.2,New Zealand,NL McCullum,KS Williamson,Rubel Hossain,1,0,"",""
ball,2,47.3,New Zealand,KS Williamson,NL McCullum,Rubel Hossain,2,0,"",""
ball,2,47.4,New Zealand,KS Williamson,NL McCullum,Rubel Hossain,0,1,"",""
ball,2,47.5,New Zealand,NL McCullum,KS Williamson,Rubel Hossain,2,0,"",""
ball,2,47.6,New Zealand,NL McCullum,KS Williamson,Rubel Hossain,1,0,"",""
ball,2,48.1,New Zealand,NL McCullum,KS Williamson,Shakib Al Hasan,4,0,"",""
ball,2,48.2,New Zealand,NL McCullum,KS Williamson,Shakib Al Hasan,2,0,"",""
ball,2,48.3,New Zealand,NL McCullum,KS Williamson,Shakib Al Hasan,1,0,run out,NL McCullum
ball,2,48.4,New Zealand,DR Tuffey,KS Williamson,Shakib Al Hasan,0,0,caught,DR Tuffey
ball,2,48.5,New Zealand,KS Williamson,HK Bennett,Shakib Al Hasan,0,0,"",""
ball,2,48.6,New Zealand,KS Williamson,HK Bennett,Shakib Al Hasan,1,0,"",""
ball,2,49.1,New Zealand,KS Williamson,HK Bennett,Shafiul Islam,2,0,"",""
ball,2,49.2,New Zealand,KS Williamson,HK Bennett,Shafiul Islam,4,0,"",""
ball,2,49.3,New Zealand,KS Williamson,HK Bennett,Shafiul Islam,0,0,caught,KS Williamson
