version,1.3.0
info,team,West Indies
info,team,Pakistan
info,gender,male
info,season,2011
info,date,2011/04/28
info,series,Pakistan in West Indies ODI Series
info,match_number,3
info,venue,"Kensington Oval, Bridgetown"
info,city,Barbados
info,toss_winner,Pakistan
info,toss_decision,field
info,player_of_match,Misbah-ul-Haq
info,umpire,EAR de Silva
info,umpire,PJ Nero
info,reserve_umpire,JS Wilson
info,tv_umpire,NA Malcolm
info,match_referee,JJ Crowe
info,winner,Pakistan
info,winner_wickets,3
ball,1,0.1,West Indies,LMP Simmons,DS Smith,Junaid Khan,1,0,"",""
ball,1,0.2,West Indies,DS Smith,LMP Simmons,Junaid Khan,0,0,"",""
ball,1,0.3,West Indies,DS Smith,LMP Simmons,Junaid Khan,0,0,"",""
ball,1,0.4,West Indies,DS Smith,LMP Simmons,Junaid Khan,0,1,"",""
ball,1,0.5,West Indies,LMP Simmons,DS Smith,Junaid Khan,0,0,"",""
ball,1,0.6,West Indies,LMP Simmons,DS Smith,Junaid Khan,0,4,"",""
ball,1,1.1,West Indies,DS Smith,LMP Simmons,Mohammad Hafeez,0,0,lbw,DS Smith
ball,1,1.2,West Indies,DM Bravo,LMP Simmons,Mohammad Hafeez,0,0,"",""
ball,1,1.3,West Indies,DM Bravo,LMP Simmons,Mohammad Hafeez,1,0,"",""
ball,1,1.4,West Indies,LMP Simmons,DM Bravo,Mohammad Hafeez,0,0,"",""
ball,1,1.5,West Indies,LMP Simmons,DM Bravo,Mohammad Hafeez,0,0,"",""
ball,1,1.6,West Indies,LMP Simmons,DM Bravo,Mohammad Hafeez,0,0,"",""
ball,1,2.1,West Indies,DM Bravo,LMP Simmons,Junaid Khan,0,0,"",""
ball,1,2.2,West Indies,DM Bravo,LMP Simmons,Junaid Khan,0,0,"",""
ball,1,2.3,West Indies,DM Bravo,LMP Simmons,Junaid Khan,0,0,"",""
ball,1,2.4,West Indies,DM Bravo,LMP Simmons,Junaid Khan,1,0,"",""
ball,1,2.5,West Indies,LMP Simmons,DM Bravo,Junaid Khan,0,0,"",""
ball,1,2.6,West Indies,LMP Simmons,DM Bravo,Junaid Khan,0,0,"",""
ball,1,3.1,West Indies,DM Bravo,LMP Simmons,Mohammad Hafeez,0,0,"",""
ball,1,3.2,West Indies,DM Bravo,LMP Simmons,Mohammad Hafeez,4,0,"",""
ball,1,3.3,West Indies,DM Bravo,LMP Simmons,Mohammad Hafeez,0,0,"",""
ball,1,3.4,West Indies,DM Bravo,LMP Simmons,Mohammad Hafeez,0,0,"",""
ball,1,3.5,West Indies,DM Bravo,LMP Simmons,Mohammad Hafeez,0,1,"",""
ball,1,3.6,West Indies,LMP Simmons,DM Bravo,Mohammad Hafeez,0,0,"",""
ball,1,4.1,West Indies,DM Bravo,LMP Simmons,Junaid Khan,0,0,"",""
ball,1,4.2,West Indies,DM Bravo,LMP Simmons,Junaid Khan,0,0,"",""
ball,1,4.3,West Indies,DM Bravo,LMP Simmons,Junaid Khan,0,0,"",""
ball,1,4.4,West Indies,DM Bravo,LMP Simmons,Junaid Khan,0,0,"",""
ball,1,4.5,West Indies,DM Bravo,LMP Simmons,Junaid Khan,0,0,"",""
ball,1,4.6,West Indies,DM Bravo,LMP Simmons,Junaid Khan,2,0,"",""
ball,1,5.1,West Indies,LMP Simmons,DM Bravo,Mohammad Hafeez,0,0,"",""
ball,1,5.2,West Indies,LMP Simmons,DM Bravo,Mohammad Hafeez,0,0,"",""
ball,1,5.3,West Indies,LMP Simmons,DM Bravo,Mohammad Hafeez,0,0,"",""
ball,1,5.4,West Indies,LMP Simmons,DM Bravo,Mohammad Hafeez,1,0,"",""
ball,1,5.5,West Indies,DM Bravo,LMP Simmons,Mohammad Hafeez,0,0,"",""
ball,1,5.6,West Indies,DM Bravo,LMP Simmons,Mohammad Hafeez,1,0,"",""
ball,1,6.1,West Indies,DM Bravo,LMP Simmons,Junaid Khan,1,0,"",""
ball,1,6.2,West Indies,LMP Simmons,DM Bravo,Junaid Khan,6,0,"",""
ball,1,6.3,West Indies,LMP Simmons,DM Bravo,Junaid Khan,0,0,"",""
ball,1,6.4,West Indies,LMP Simmons,DM Bravo,Junaid Khan,0,0,"",""
ball,1,6.5,West Indies,LMP Simmons,DM Bravo,Junaid Khan,2,0,"",""
ball,1,6.6,West Indies,LMP Simmons,DM Bravo,Junaid Khan,0,0,"",""
ball,1,7.1,West Indies,DM Bravo,LMP Simmons,Mohammad Hafeez,1,0,"",""
ball,1,7.2,West Indies,LMP Simmons,DM Bravo,Mohammad Hafeez,0,0,"",""
ball,1,7.3,West Indies,LMP Simmons,DM Bravo,Mohammad Hafeez,0,0,"",""
ball,1,7.4,West Indies,LMP Simmons,DM Bravo,Mohammad Hafeez,2,0,"",""
ball,1,7.5,West Indies,LMP Simmons,DM Bravo,Mohammad Hafeez,4,0,"",""
ball,1,7.6,West Indies,LMP Simmons,DM Bravo,Mohammad Hafeez,0,0,"",""
ball,1,8.1,West Indies,DM Bravo,LMP Simmons,Junaid Khan,4,0,"",""
ball,1,8.2,West Indies,DM Bravo,LMP Simmons,Junaid Khan,0,0,"",""
ball,1,8.3,West Indies,DM Bravo,LMP Simmons,Junaid Khan,3,0,"",""
ball,1,8.4,West Indies,LMP Simmons,DM Bravo,Junaid Khan,1,0,"",""
ball,1,8.5,West Indies,DM Bravo,LMP Simmons,Junaid Khan,0,0,"",""
ball,1,8.6,West Indies,DM Bravo,LMP Simmons,Junaid Khan,0,0,"",""
ball,1,9.1,West Indies,LMP Simmons,DM Bravo,Shahid Afridi,0,0,"",""
ball,1,9.2,West Indies,LMP Simmons,DM Bravo,Shahid Afridi,0,0,"",""
ball,1,9.3,West Indies,LMP Simmons,DM Bravo,Shahid Afridi,0,0,"",""
ball,1,9.4,West Indies,LMP Simmons,DM Bravo,Shahid Afridi,0,0,"",""
ball,1,9.5,West Indies,LMP Simmons,DM Bravo,Shahid Afridi,2,0,"",""
ball,1,9.6,West Indies,LMP Simmons,DM Bravo,Shahid Afridi,1,0,"",""
ball,1,10.1,West Indies,LMP Simmons,DM Bravo,Wahab Riaz,0,0,"",""
ball,1,10.2,West Indies,LMP Simmons,DM Bravo,Wahab Riaz,0,1,"",""
ball,1,10.3,West Indies,LMP Simmons,DM Bravo,Wahab Riaz,1,0,"",""
ball,1,10.4,West Indies,DM Bravo,LMP Simmons,Wahab Riaz,4,0,"",""
ball,1,10.5,West Indies,DM Bravo,LMP Simmons,Wahab Riaz,0,0,"",""
ball,1,10.6,West Indies,DM Bravo,LMP Simmons,Wahab Riaz,0,0,"",""
ball,1,10.7,West Indies,DM Bravo,LMP Simmons,Wahab Riaz,1,0,"",""
ball,1,11.1,West Indies,DM Bravo,LMP Simmons,Shahid Afridi,0,0,"",""
ball,1,11.2,West Indies,DM Bravo,LMP Simmons,Shahid Afridi,1,0,"",""
ball,1,11.3,West Indies,LMP Simmons,DM Bravo,Shahid Afridi,0,0,"",""
ball,1,11.4,West Indies,LMP Simmons,DM Bravo,Shahid Afridi,0,0,"",""
ball,1,11.5,West Indies,LMP Simmons,DM Bravo,Shahid Afridi,2,0,"",""
ball,1,11.6,West Indies,LMP Simmons,DM Bravo,Shahid Afridi,4,0,"",""
ball,1,12.1,West Indies,DM Bravo,LMP Simmons,Wahab Riaz,0,0,"",""
ball,1,12.2,West Indies,DM Bravo,LMP Simmons,Wahab Riaz,0,0,"",""
ball,1,12.3,West Indies,DM Bravo,LMP Simmons,Wahab Riaz,1,0,"",""
ball,1,12.4,West Indies,LMP Simmons,DM Bravo,Wahab Riaz,2,0,"",""
ball,1,12.5,West Indies,LMP Simmons,DM Bravo,Wahab Riaz,4,0,"",""
ball,1,12.6,West Indies,LMP Simmons,DM Bravo,Wahab Riaz,1,0,"",""
ball,1,13.1,West Indies,LMP Simmons,DM Bravo,Shahid Afridi,0,0,"",""
ball,1,13.2,West Indies,LMP Simmons,DM Bravo,Shahid Afridi,0,0,"",""
ball,1,13.3,West Indies,LMP Simmons,DM Bravo,Shahid Afridi,0,0,"",""
ball,1,13.4,West Indies,LMP Simmons,DM Bravo,Shahid Afridi,0,0,"",""
ball,1,13.5,West Indies,LMP Simmons,DM Bravo,Shahid Afridi,0,0,"",""
ball,1,13.6,West Indies,LMP Simmons,DM Bravo,Shahid Afridi,0,0,"",""
ball,1,14.1,West Indies,DM Bravo,LMP Simmons,Wahab Riaz,0,0,"",""
ball,1,14.2,West Indies,DM Bravo,LMP Simmons,Wahab Riaz,0,0,"",""
ball,1,14.3,West Indies,DM Bravo,LMP Simmons,Wahab Riaz,1,0,"",""
ball,1,14.4,West Indies,LMP Simmons,DM Bravo,Wahab Riaz,0,0,"",""
ball,1,14.5,West Indies,LMP Simmons,DM Bravo,Wahab Riaz,1,0,"",""
ball,1,14.6,West Indies,DM Bravo,LMP Simmons,Wahab Riaz,2,0,"",""
ball,1,15.1,West Indies,LMP Simmons,DM Bravo,Shahid Afridi,1,0,"",""
ball,1,15.2,West Indies,DM Bravo,LMP Simmons,Shahid Afridi,1,0,"",""
ball,1,15.3,West Indies,LMP Simmons,DM Bravo,Shahid Afridi,1,0,"",""
ball,1,15.4,West Indies,DM Bravo,LMP Simmons,Shahid Afridi,0,1,"",""
ball,1,15.5,West Indies,DM Bravo,LMP Simmons,Shahid Afridi,0,0,"",""
ball,1,15.6,West Indies,DM Bravo,LMP Simmons,Shahid Afridi,1,0,"",""
ball,1,15.7,West Indies,LMP Simmons,DM Bravo,Shahid Afridi,0,0,"",""
ball,1,16.1,West Indies,DM Bravo,LMP Simmons,Saeed Ajmal,0,0,"",""
ball,1,16.2,West Indies,DM Bravo,LMP Simmons,Saeed Ajmal,0,0,"",""
ball,1,16.3,West Indies,DM Bravo,LMP Simmons,Saeed Ajmal,0,0,"",""
ball,1,16.4,West Indies,DM Bravo,LMP Simmons,Saeed Ajmal,0,0,"",""
ball,1,16.5,West Indies,DM Bravo,LMP Simmons,Saeed Ajmal,0,0,"",""
ball,1,16.6,West Indies,DM Bravo,LMP Simmons,Saeed Ajmal,1,0,"",""
ball,1,17.1,West Indies,DM Bravo,LMP Simmons,Shahid Afridi,0,0,"",""
ball,1,17.2,West Indies,DM Bravo,LMP Simmons,Shahid Afridi,0,0,"",""
ball,1,17.3,West Indies,DM Bravo,LMP Simmons,Shahid Afridi,0,0,"",""
ball,1,17.4,West Indies,DM Bravo,LMP Simmons,Shahid Afridi,0,0,"",""
ball,1,17.5,West Indies,DM Bravo,LMP Simmons,Shahid Afridi,1,0,"",""
ball,1,17.6,West Indies,LMP Simmons,DM Bravo,Shahid Afridi,1,0,"",""
ball,1,18.1,West Indies,LMP Simmons,DM Bravo,Saeed Ajmal,6,0,"",""
ball,1,18.2,West Indies,LMP Simmons,DM Bravo,Saeed Ajmal,0,0,"",""
ball,1,18.3,West Indies,LMP Simmons,DM Bravo,Saeed Ajmal,0,0,"",""
ball,1,18.4,West Indies,LMP Simmons,DM Bravo,Saeed Ajmal,1,0,"",""
ball,1,18.5,West Indies,DM Bravo,LMP Simmons,Saeed Ajmal,0,0,"",""
ball,1,18.6,West Indies,DM Bravo,LMP Simmons,Saeed Ajmal,0,0,"",""
ball,1,19.1,West Indies,LMP Simmons,DM Bravo,Shahid Afridi,0,0,"",""
ball,1,19.2,West Indies,LMP Simmons,DM Bravo,Shahid Afridi,0,0,"",""
ball,1,19.3,West Indies,LMP Simmons,DM Bravo,Shahid Afridi,4,0,"",""
ball,1,19.4,West Indies,LMP Simmons,DM Bravo,Shahid Afridi,0,0,"",""
ball,1,19.5,West Indies,LMP Simmons,DM Bravo,Shahid Afridi,1,0,"",""
ball,1,19.6,West Indies,DM Bravo,LMP Simmons,Shahid Afridi,0,0,"",""
ball,1,20.1,West Indies,LMP Simmons,DM Bravo,Saeed Ajmal,0,0,"",""
ball,1,20.2,West Indies,LMP Simmons,DM Bravo,Saeed Ajmal,1,0,"",""
ball,1,20.3,West Indies,DM Bravo,LMP Simmons,Saeed Ajmal,0,0,"",""
ball,1,20.4,West Indies,DM Bravo,LMP Simmons,Saeed Ajmal,1,0,"",""
ball,1,20.5,West Indies,LMP Simmons,DM Bravo,Saeed Ajmal,0,0,caught and bowled,LMP Simmons
ball,1,20.6,West Indies,MN Samuels,DM Bravo,Saeed Ajmal,0,0,"",""
ball,1,21.1,West Indies,DM Bravo,MN Samuels,Mohammad Hafeez,1,0,"",""
ball,1,21.2,West Indies,MN Samuels,DM Bravo,Mohammad Hafeez,0,0,"",""
ball,1,21.3,West Indies,MN Samuels,DM Bravo,Mohammad Hafeez,0,0,"",""
ball,1,21.4,West Indies,MN Samuels,DM Bravo,Mohammad Hafeez,1,0,"",""
ball,1,21.5,West Indies,DM Bravo,MN Samuels,Mohammad Hafeez,1,0,"",""
ball,1,21.6,West Indies,MN Samuels,DM Bravo,Mohammad Hafeez,0,0,"",""
ball,1,22.1,West Indies,DM Bravo,MN Samuels,Saeed Ajmal,0,0,"",""
ball,1,22.2,West Indies,DM Bravo,MN Samuels,Saeed Ajmal,0,0,"",""
ball,1,22.3,West Indies,DM Bravo,MN Samuels,Saeed Ajmal,1,0,"",""
ball,1,22.4,West Indies,MN Samuels,DM Bravo,Saeed Ajmal,0,0,"",""
ball,1,22.5,West Indies,MN Samuels,DM Bravo,Saeed Ajmal,0,0,"",""
ball,1,22.6,West Indies,MN Samuels,DM Bravo,Saeed Ajmal,1,0,"",""
ball,1,23.1,West Indies,MN Samuels,DM Bravo,Mohammad Hafeez,0,0,"",""
ball,1,23.2,West Indies,MN Samuels,DM Bravo,Mohammad Hafeez,4,0,"",""
ball,1,23.3,West Indies,MN Samuels,DM Bravo,Mohammad Hafeez,1,0,"",""
ball,1,23.4,West Indies,DM Bravo,MN Samuels,Mohammad Hafeez,1,0,"",""
ball,1,23.5,West Indies,MN Samuels,DM Bravo,Mohammad Hafeez,0,0,"",""
ball,1,23.6,West Indies,MN Samuels,DM Bravo,Mohammad Hafeez,1,0,"",""
ball,1,24.1,West Indies,MN Samuels,DM Bravo,Hammad Azam,0,0,"",""
ball,1,24.2,West Indies,MN Samuels,DM Bravo,Hammad Azam,1,0,"",""
ball,1,24.3,West Indies,DM Bravo,MN Samuels,Hammad Azam,0,0,"",""
ball,1,24.4,West Indies,DM Bravo,MN Samuels,Hammad Azam,1,0,"",""
ball,1,24.5,West Indies,MN Samuels,DM Bravo,Hammad Azam,0,0,"",""
ball,1,24.6,West Indies,MN Samuels,DM Bravo,Hammad Azam,0,0,"",""
ball,1,25.1,West Indies,DM Bravo,MN Samuels,Mohammad Hafeez,0,0,"",""
ball,1,25.2,West Indies,DM Bravo,MN Samuels,Mohammad Hafeez,0,0,"",""
ball,1,25.3,West Indies,DM Bravo,MN Samuels,Mohammad Hafeez,0,0,"",""
ball,1,25.4,West Indies,DM Bravo,MN Samuels,Mohammad Hafeez,1,0,"",""
ball,1,25.5,West Indies,MN Samuels,DM Bravo,Mohammad Hafeez,1,0,"",""
ball,1,25.6,West Indies,DM Bravo,MN Samuels,Mohammad Hafeez,1,0,"",""
ball,1,26.1,West Indies,DM Bravo,MN Samuels,Hammad Azam,6,0,"",""
ball,1,26.2,West Indies,DM Bravo,MN Samuels,Hammad Azam,0,0,"",""
ball,1,26.3,West Indies,DM Bravo,MN Samuels,Hammad Azam,0,0,"",""
ball,1,26.4,West Indies,DM Bravo,MN Samuels,Hammad Azam,0,0,"",""
ball,1,26.5,West Indies,DM Bravo,MN Samuels,Hammad Azam,1,0,"",""
ball,1,26.6,West Indies,MN Samuels,DM Bravo,Hammad Azam,1,0,"",""
ball,1,27.1,West Indies,MN Samuels,DM Bravo,Mohammad Hafeez,1,0,"",""
ball,1,27.2,West Indies,DM Bravo,MN Samuels,Mohammad Hafeez,0,0,lbw,DM Bravo
ball,1,27.3,West Indies,KA Edwards,MN Samuels,Mohammad Hafeez,0,1,"",""
ball,1,27.4,West Indies,MN Samuels,KA Edwards,Mohammad Hafeez,0,0,"",""
ball,1,27.5,West Indies,MN Samuels,KA Edwards,Mohammad Hafeez,1,0,"",""
ball,1,27.6,West Indies,KA Edwards,MN Samuels,Mohammad Hafeez,0,0,"",""
ball,1,28.1,West Indies,MN Samuels,KA Edwards,Shahid Afridi,0,0,"",""
ball,1,28.2,West Indies,MN Samuels,KA Edwards,Shahid Afridi,0,0,"",""
ball,1,28.3,West Indies,MN Samuels,KA Edwards,Shahid Afridi,0,0,"",""
ball,1,28.4,West Indies,MN Samuels,KA Edwards,Shahid Afridi,1,0,"",""
ball,1,28.5,West Indies,KA Edwards,MN Samuels,Shahid Afridi,1,0,"",""
ball,1,28.6,West Indies,MN Samuels,KA Edwards,Shahid Afridi,0,0,"",""
ball,1,29.1,West Indies,KA Edwards,MN Samuels,Mohammad Hafeez,0,0,"",""
ball,1,29.2,West Indies,KA Edwards,MN Samuels,Mohammad Hafeez,0,0,"",""
ball,1,29.3,West Indies,KA Edwards,MN Samuels,Mohammad Hafeez,0,0,"",""
ball,1,29.4,West Indies,KA Edwards,MN Samuels,Mohammad Hafeez,0,0,"",""
ball,1,29.5,West Indies,KA Edwards,MN Samuels,Mohammad Hafeez,0,0,"",""
ball,1,29.6,West Indies,KA Edwards,MN Samuels,Mohammad Hafeez,2,0,"",""
ball,1,30.1,West Indies,MN Samuels,KA Edwards,Shahid Afridi,0,0,"",""
ball,1,30.2,West Indies,MN Samuels,KA Edwards,Shahid Afridi,0,0,"",""
ball,1,30.3,West Indies,MN Samuels,KA Edwards,Shahid Afridi,1,0,"",""
ball,1,30.4,West Indies,KA Edwards,MN Samuels,Shahid Afridi,0,0,"",""
ball,1,30.5,West Indies,KA Edwards,MN Samuels,Shahid Afridi,0,0,"",""
ball,1,30.6,West Indies,KA Edwards,MN Samuels,Shahid Afridi,0,0,"",""
ball,1,31.1,West Indies,MN Samuels,KA Edwards,Junaid Khan,1,0,"",""
ball,1,31.2,West Indies,KA Edwards,MN Samuels,Junaid Khan,0,0,"",""
ball,1,31.3,West Indies,KA Edwards,MN Samuels,Junaid Khan,0,0,"",""
ball,1,31.4,West Indies,KA Edwards,MN Samuels,Junaid Khan,1,0,"",""
ball,1,31.5,West Indies,MN Samuels,KA Edwards,Junaid Khan,1,0,"",""
ball,1,31.6,West Indies,KA Edwards,MN Samuels,Junaid Khan,1,0,"",""
ball,1,32.1,West Indies,KA Edwards,MN Samuels,Shahid Afridi,0,0,"",""
ball,1,32.2,West Indies,KA Edwards,MN Samuels,Shahid Afridi,0,0,"",""
ball,1,32.3,West Indies,KA Edwards,MN Samuels,Shahid Afridi,0,0,"",""
ball,1,32.4,West Indies,KA Edwards,MN Samuels,Shahid Afridi,0,0,"",""
ball,1,32.5,West Indies,KA Edwards,MN Samuels,Shahid Afridi,0,0,"",""
ball,1,32.6,West Indies,KA Edwards,MN Samuels,Shahid Afridi,0,0,"",""
ball,1,33.1,West Indies,MN Samuels,KA Edwards,Junaid Khan,1,0,"",""
ball,1,33.2,West Indies,KA Edwards,MN Samuels,Junaid Khan,0,0,"",""
ball,1,33.3,West Indies,KA Edwards,MN Samuels,Junaid Khan,1,0,"",""
ball,1,33.4,West Indies,MN Samuels,KA Edwards,Junaid Khan,0,0,"",""
ball,1,33.5,West Indies,MN Samuels,KA Edwards,Junaid Khan,0,0,bowled,MN Samuels
ball,1,33.6,West Indies,DJ Bravo,KA Edwards,Junaid Khan,4,0,"",""
ball,1,34.1,West Indies,KA Edwards,DJ Bravo,Wahab Riaz,1,0,"",""
ball,1,34.2,West Indies,DJ Bravo,KA Edwards,Wahab Riaz,1,0,"",""
ball,1,34.3,West Indies,KA Edwards,DJ Bravo,Wahab Riaz,1,0,"",""
ball,1,34.4,West Indies,DJ Bravo,KA Edwards,Wahab Riaz,1,0,"",""
ball,1,34.5,West Indies,KA Edwards,DJ Bravo,Wahab Riaz,0,0,"",""
ball,1,34.6,West Indies,KA Edwards,DJ Bravo,Wahab Riaz,2,0,"",""
ball,1,35.1,West Indies,DJ Bravo,KA Edwards,Saeed Ajmal,1,0,"",""
ball,1,35.2,West Indies,KA Edwards,DJ Bravo,Saeed Ajmal,0,0,"",""
ball,1,35.3,West Indies,KA Edwards,DJ Bravo,Saeed Ajmal,6,0,"",""
ball,1,35.4,West Indies,KA Edwards,DJ Bravo,Saeed Ajmal,0,0,"",""
ball,1,35.5,West Indies,KA Edwards,DJ Bravo,Saeed Ajmal,0,0,"",""
ball,1,35.6,West Indies,KA Edwards,DJ Bravo,Saeed Ajmal,2,0,"",""
ball,1,36.1,West Indies,DJ Bravo,KA Edwards,Wahab Riaz,0,0,run out,KA Edwards
ball,1,36.2,West Indies,DJ Bravo,DJG Sammy,Wahab Riaz,0,0,"",""
ball,1,36.3,West Indies,DJ Bravo,DJG Sammy,Wahab Riaz,1,0,"",""
ball,1,36.4,West Indies,DJG Sammy,DJ Bravo,Wahab Riaz,0,0,"",""
ball,1,36.5,West Indies,DJG Sammy,DJ Bravo,Wahab Riaz,1,0,"",""
ball,1,36.6,West Indies,DJ Bravo,DJG Sammy,Wahab Riaz,0,1,"",""
ball,1,36.7,West Indies,DJ Bravo,DJG Sammy,Wahab Riaz,1,0,"",""
ball,1,37.1,West Indies,DJ Bravo,DJG Sammy,Saeed Ajmal,1,0,"",""
ball,1,37.2,West Indies,DJG Sammy,DJ Bravo,Saeed Ajmal,0,0,"",""
ball,1,37.3,West Indies,DJG Sammy,DJ Bravo,Saeed Ajmal,1,0,"",""
ball,1,37.4,West Indies,DJ Bravo,DJG Sammy,Saeed Ajmal,0,0,"",""
ball,1,37.5,West Indies,DJ Bravo,DJG Sammy,Saeed Ajmal,0,0,"",""
ball,1,37.6,West Indies,DJ Bravo,DJG Sammy,Saeed Ajmal,0,0,"",""
ball,1,38.1,West Indies,DJG Sammy,DJ Bravo,Wahab Riaz,1,0,"",""
ball,1,38.2,West Indies,DJ Bravo,DJG Sammy,Wahab Riaz,1,0,"",""
ball,1,38.3,West Indies,DJG Sammy,DJ Bravo,Wahab Riaz,0,0,caught,DJG Sammy
ball,1,38.4,West Indies,DJ Bravo,AD Russell,Wahab Riaz,0,0,"",""
ball,1,38.5,West Indies,DJ Bravo,AD Russell,Wahab Riaz,0,0,caught,DJ Bravo
ball,1,38.6,West Indies,AD Russell,KAJ Roach,Wahab Riaz,1,0,"",""
ball,1,39.1,West Indies,AD Russell,KAJ Roach,Saeed Ajmal,0,0,"",""
ball,1,39.2,West Indies,AD Russell,KAJ Roach,Saeed Ajmal,2,0,"",""
ball,1,39.3,West Indies,AD Russell,KAJ Roach,Saeed Ajmal,0,0,"",""
ball,1,39.4,West Indies,AD Russell,KAJ Roach,Saeed Ajmal,0,0,"",""
ball,1,39.5,West Indies,AD Russell,KAJ Roach,Saeed Ajmal,0,0,"",""
ball,1,39.6,West Indies,AD Russell,KAJ Roach,Saeed Ajmal,0,0,"",""
ball,1,40.1,West Indies,KAJ Roach,AD Russell,Wahab Riaz,0,0,"",""
ball,1,40.2,West Indies,KAJ Roach,AD Russell,Wahab Riaz,0,0,"",""
ball,1,40.3,West Indies,KAJ Roach,AD Russell,Wahab Riaz,0,0,"",""
ball,1,40.4,West Indies,KAJ Roach,AD Russell,Wahab Riaz,0,0,"",""
ball,1,40.5,West Indies,KAJ Roach,AD Russell,Wahab Riaz,0,0,"",""
ball,1,40.6,West Indies,KAJ Roach,AD Russell,Wahab Riaz,0,0,caught,KAJ Roach
ball,1,41.1,West Indies,R Rampaul,AD Russell,Saeed Ajmal,0,0,"",""
ball,1,41.2,West Indies,R Rampaul,AD Russell,Saeed Ajmal,0,0,"",""
ball,1,41.3,West Indies,R Rampaul,AD Russell,Saeed Ajmal,0,0,"",""
ball,1,41.4,West Indies,R Rampaul,AD Russell,Saeed Ajmal,1,0,"",""
ball,1,41.5,West Indies,AD Russell,R Rampaul,Saeed Ajmal,0,0,"",""
ball,1,41.6,West Indies,AD Russell,R Rampaul,Saeed Ajmal,0,0,stumped,AD Russell
ball,1,42.1,West Indies,R Rampaul,D Bishoo,Wahab Riaz,0,0,"",""
ball,1,42.2,West Indies,R Rampaul,D Bishoo,Wahab Riaz,0,0,"",""
ball,1,42.3,West Indies,R Rampaul,D Bishoo,Wahab Riaz,0,0,"",""
ball,1,42.4,West Indies,R Rampaul,D Bishoo,Wahab Riaz,4,0,"",""
ball,1,42.5,West Indies,R Rampaul,D Bishoo,Wahab Riaz,0,0,"",""
ball,1,42.6,West Indies,R Rampaul,D Bishoo,Wahab Riaz,0,1,"",""
ball,1,42.7,West Indies,R Rampaul,D Bishoo,Wahab Riaz,1,0,"",""
ball,1,43.1,West Indies,R Rampaul,D Bishoo,Saeed Ajmal,2,0,"",""
ball,1,43.2,West Indies,R Rampaul,D Bishoo,Saeed Ajmal,0,0,"",""
ball,1,43.3,West Indies,R Rampaul,D Bishoo,Saeed Ajmal,1,0,"",""
ball,1,43.4,West Indies,D Bishoo,R Rampaul,Saeed Ajmal,0,0,caught,D Bishoo
ball,2,0.1,Pakistan,Mohammad Hafeez,Ahmed Shehzad,KAJ Roach,0,0,"",""
ball,2,0.2,Pakistan,Mohammad Hafeez,Ahmed Shehzad,KAJ Roach,0,0,"",""
ball,2,0.3,Pakistan,Mohammad Hafeez,Ahmed Shehzad,KAJ Roach,0,0,"",""
ball,2,0.4,Pakistan,Mohammad Hafeez,Ahmed Shehzad,KAJ Roach,0,5,"",""
ball,2,0.5,Pakistan,Mohammad Hafeez,Ahmed Shehzad,KAJ Roach,4,0,"",""
ball,2,0.6,Pakistan,Mohammad Hafeez,Ahmed Shehzad,KAJ Roach,0,0,"",""
ball,2,0.7,Pakistan,Mohammad Hafeez,Ahmed Shehzad,KAJ Roach,0,0,"",""
ball,2,1.1,Pakistan,Ahmed Shehzad,Mohammad Hafeez,R Rampaul,0,0,caught,Ahmed Shehzad
ball,2,1.2,Pakistan,Asad Shafiq,Mohammad Hafeez,R Rampaul,0,0,caught,Asad Shafiq
ball,2,1.3,Pakistan,Misbah-ul-Haq,Mohammad Hafeez,R Rampaul,0,0,"",""
ball,2,1.4,Pakistan,Misbah-ul-Haq,Mohammad Hafeez,R Rampaul,0,0,"",""
ball,2,1.5,Pakistan,Misbah-ul-Haq,Mohammad Hafeez,R Rampaul,0,0,"",""
ball,2,1.6,Pakistan,Misbah-ul-Haq,Mohammad Hafeez,R Rampaul,2,0,"",""
ball,2,2.1,Pakistan,Mohammad Hafeez,Misbah-ul-Haq,KAJ Roach,0,0,"",""
ball,2,2.2,Pakistan,Mohammad Hafeez,Misbah-ul-Haq,KAJ Roach,1,0,"",""
ball,2,2.3,Pakistan,Misbah-ul-Haq,Mohammad Hafeez,KAJ Roach,0,0,"",""
ball,2,2.4,Pakistan,Misbah-ul-Haq,Mohammad Hafeez,KAJ Roach,0,0,"",""
ball,2,2.5,Pakistan,Misbah-ul-Haq,Mohammad Hafeez,KAJ Roach,0,0,"",""
ball,2,2.6,Pakistan,Misbah-ul-Haq,Mohammad Hafeez,KAJ Roach,0,0,"",""
ball,2,3.1,Pakistan,Mohammad Hafeez,Misbah-ul-Haq,R Rampaul,0,0,caught,Mohammad Hafeez
ball,2,3.2,Pakistan,Misbah-ul-Haq,Umar Akmal,R Rampaul,0,0,"",""
ball,2,3.3,Pakistan,Misbah-ul-Haq,Umar Akmal,R Rampaul,0,0,"",""
ball,2,3.4,Pakistan,Misbah-ul-Haq,Umar Akmal,R Rampaul,0,0,"",""
ball,2,3.5,Pakistan,Misbah-ul-Haq,Umar Akmal,R Rampaul,0,0,"",""
ball,2,3.6,Pakistan,Misbah-ul-Haq,Umar Akmal,R Rampaul,1,0,"",""
ball,2,4.1,Pakistan,Misbah-ul-Haq,Umar Akmal,KAJ Roach,0,0,"",""
ball,2,4.2,Pakistan,Misbah-ul-Haq,Umar Akmal,KAJ Roach,0,0,"",""
ball,2,4.3,Pakistan,Misbah-ul-Haq,Umar Akmal,KAJ Roach,0,0,"",""
ball,2,4.4,Pakistan,Misbah-ul-Haq,Umar Akmal,KAJ Roach,1,0,"",""
ball,2,4.5,Pakistan,Umar Akmal,Misbah-ul-Haq,KAJ Roach,4,0,"",""
ball,2,4.6,Pakistan,Umar Akmal,Misbah-ul-Haq,KAJ Roach,1,0,"",""
ball,2,5.1,Pakistan,Umar Akmal,Misbah-ul-Haq,R Rampaul,1,0,"",""
ball,2,5.2,Pakistan,Misbah-ul-Haq,Umar Akmal,R Rampaul,1,0,"",""
ball,2,5.3,Pakistan,Umar Akmal,Misbah-ul-Haq,R Rampaul,0,0,"",""
ball,2,5.4,Pakistan,Umar Akmal,Misbah-ul-Haq,R Rampaul,4,0,"",""
ball,2,5.5,Pakistan,Umar Akmal,Misbah-ul-Haq,R Rampaul,2,0,"",""
ball,2,5.6,Pakistan,Umar Akmal,Misbah-ul-Haq,R Rampaul,4,0,"",""
ball,2,6.1,Pakistan,Misbah-ul-Haq,Umar Akmal,KAJ Roach,0,0,"",""
ball,2,6.2,Pakistan,Misbah-ul-Haq,Umar Akmal,KAJ Roach,1,0,"",""
ball,2,6.3,Pakistan,Umar Akmal,Misbah-ul-Haq,KAJ Roach,0,0,"",""
ball,2,6.4,Pakistan,Umar Akmal,Misbah-ul-Haq,KAJ Roach,0,0,"",""
ball,2,6.5,Pakistan,Umar Akmal,Misbah-ul-Haq,KAJ Roach,1,0,"",""
ball,2,6.6,Pakistan,Misbah-ul-Haq,Umar Akmal,KAJ Roach,0,0,"",""
ball,2,7.1,Pakistan,Umar Akmal,Misbah-ul-Haq,R Rampaul,0,0,"",""
ball,2,7.2,Pakistan,Umar Akmal,Misbah-ul-Haq,R Rampaul,1,0,"",""
ball,2,7.3,Pakistan,Misbah-ul-Haq,Umar Akmal,R Rampaul,0,0,"",""
ball,2,7.4,Pakistan,Misbah-ul-Haq,Umar Akmal,R Rampaul,1,0,"",""
ball,2,7.5,Pakistan,Umar Akmal,Misbah-ul-Haq,R Rampaul,2,0,"",""
ball,2,7.6,Pakistan,Umar Akmal,Misbah-ul-Haq,R Rampaul,0,0,"",""
ball,2,8.1,Pakistan,Misbah-ul-Haq,Umar Akmal,KAJ Roach,0,0,"",""
ball,2,8.2,Pakistan,Misbah-ul-Haq,Umar Akmal,KAJ Roach,0,0,"",""
ball,2,8.3,Pakistan,Misbah-ul-Haq,Umar Akmal,KAJ Roach,0,0,"",""
ball,2,8.4,Pakistan,Misbah-ul-Haq,Umar Akmal,KAJ Roach,1,0,"",""
ball,2,8.5,Pakistan,Umar Akmal,Misbah-ul-Haq,KAJ Roach,0,0,"",""
ball,2,8.6,Pakistan,Umar Akmal,Misbah-ul-Haq,KAJ Roach,0,0,"",""
ball,2,9.1,Pakistan,Misbah-ul-Haq,Umar Akmal,R Rampaul,0,0,"",""
ball,2,9.2,Pakistan,Misbah-ul-Haq,Umar Akmal,R Rampaul,1,0,"",""
ball,2,9.3,Pakistan,Umar Akmal,Misbah-ul-Haq,R Rampaul,0,0,"",""
ball,2,9.4,Pakistan,Umar Akmal,Misbah-ul-Haq,R Rampaul,1,0,"",""
ball,2,9.5,Pakistan,Misbah-ul-Haq,Umar Akmal,R Rampaul,0,0,"",""
ball,2,9.6,Pakistan,Misbah-ul-Haq,Umar Akmal,R Rampaul,0,0,"",""
ball,2,10.1,Pakistan,Umar Akmal,Misbah-ul-Haq,AD Russell,0,0,"",""
ball,2,10.2,Pakistan,Umar Akmal,Misbah-ul-Haq,AD Russell,4,0,"",""
ball,2,10.3,Pakistan,Umar Akmal,Misbah-ul-Haq,AD Russell,0,0,"",""
ball,2,10.4,Pakistan,Umar Akmal,Misbah-ul-Haq,AD Russell,0,0,"",""
ball,2,10.5,Pakistan,Umar Akmal,Misbah-ul-Haq,AD Russell,1,0,"",""
ball,2,10.6,Pakistan,Misbah-ul-Haq,Umar Akmal,AD Russell,0,0,"",""
ball,2,11.1,Pakistan,Umar Akmal,Misbah-ul-Haq,R Rampaul,0,0,"",""
ball,2,11.2,Pakistan,Umar Akmal,Misbah-ul-Haq,R Rampaul,4,0,"",""
ball,2,11.3,Pakistan,Umar Akmal,Misbah-ul-Haq,R Rampaul,0,0,"",""
ball,2,11.4,Pakistan,Umar Akmal,Misbah-ul-Haq,R Rampaul,0,0,caught,Umar Akmal
ball,2,11.5,Pakistan,Hammad Azam,Misbah-ul-Haq,R Rampaul,1,0,"",""
ball,2,11.6,Pakistan,Misbah-ul-Haq,Hammad Azam,R Rampaul,0,0,"",""
ball,2,12.1,Pakistan,Hammad Azam,Misbah-ul-Haq,AD Russell,0,0,"",""
ball,2,12.2,Pakistan,Hammad Azam,Misbah-ul-Haq,AD Russell,0,0,"",""
ball,2,12.3,Pakistan,Hammad Azam,Misbah-ul-Haq,AD Russell,0,0,"",""
ball,2,12.4,Pakistan,Hammad Azam,Misbah-ul-Haq,AD Russell,1,0,"",""
ball,2,12.5,Pakistan,Misbah-ul-Haq,Hammad Azam,AD Russell,0,0,"",""
ball,2,12.6,Pakistan,Misbah-ul-Haq,Hammad Azam,AD Russell,0,1,"",""
ball,2,12.7,Pakistan,Misbah-ul-Haq,Hammad Azam,AD Russell,0,0,"",""
ball,2,13.1,Pakistan,Hammad Azam,Misbah-ul-Haq,R Rampaul,1,0,"",""
ball,2,13.2,Pakistan,Misbah-ul-Haq,Hammad Azam,R Rampaul,1,0,"",""
ball,2,13.3,Pakistan,Hammad Azam,Misbah-ul-Haq,R Rampaul,0,0,"",""
ball,2,13.4,Pakistan,Hammad Azam,Misbah-ul-Haq,R Rampaul,0,0,"",""
ball,2,13.5,Pakistan,Hammad Azam,Misbah-ul-Haq,R Rampaul,0,0,"",""
ball,2,13.6,Pakistan,Hammad Azam,Misbah-ul-Haq,R Rampaul,0,0,"",""
ball,2,14.1,Pakistan,Misbah-ul-Haq,Hammad Azam,AD Russell,1,0,"",""
ball,2,14.2,Pakistan,Hammad Azam,Misbah-ul-Haq,AD Russell,0,0,"",""
ball,2,14.3,Pakistan,Hammad Azam,Misbah-ul-Haq,AD Russell,0,0,"",""
ball,2,14.4,Pakistan,Hammad Azam,Misbah-ul-Haq,AD Russell,1,0,"",""
ball,2,14.5,Pakistan,Misbah-ul-Haq,Hammad Azam,AD Russell,0,0,"",""
ball,2,14.6,Pakistan,Misbah-ul-Haq,Hammad Azam,AD Russell,0,0,"",""
ball,2,15.1,Pakistan,Hammad Azam,Misbah-ul-Haq,R Rampaul,0,0,"",""
ball,2,15.2,Pakistan,Hammad Azam,Misbah-ul-Haq,R Rampaul,0,0,"",""
ball,2,15.3,Pakistan,Hammad Azam,Misbah-ul-Haq,R Rampaul,1,0,"",""
ball,2,15.4,Pakistan,Misbah-ul-Haq,Hammad Azam,R Rampaul,0,0,"",""
ball,2,15.5,Pakistan,Misbah-ul-Haq,Hammad Azam,R Rampaul,1,0,"",""
ball,2,15.6,Pakistan,Hammad Azam,Misbah-ul-Haq,R Rampaul,0,0,"",""
ball,2,16.1,Pakistan,Misbah-ul-Haq,Hammad Azam,AD Russell,4,0,"",""
ball,2,16.2,Pakistan,Misbah-ul-Haq,Hammad Azam,AD Russell,0,0,"",""
ball,2,16.3,Pakistan,Misbah-ul-Haq,Hammad Azam,AD Russell,0,0,"",""
ball,2,16.4,Pakistan,Misbah-ul-Haq,Hammad Azam,AD Russell,1,0,"",""
ball,2,16.5,Pakistan,Hammad Azam,Misbah-ul-Haq,AD Russell,0,1,"",""
ball,2,16.6,Pakistan,Hammad Azam,Misbah-ul-Haq,AD Russell,6,0,"",""
ball,2,16.7,Pakistan,Hammad Azam,Misbah-ul-Haq,AD Russell,2,0,"",""
ball,2,17.1,Pakistan,Misbah-ul-Haq,Hammad Azam,R Rampaul,1,0,"",""
ball,2,17.2,Pakistan,Hammad Azam,Misbah-ul-Haq,R Rampaul,1,0,"",""
ball,2,17.3,Pakistan,Misbah-ul-Haq,Hammad Azam,R Rampaul,0,0,"",""
ball,2,17.4,Pakistan,Misbah-ul-Haq,Hammad Azam,R Rampaul,0,0,"",""
ball,2,17.5,Pakistan,Misbah-ul-Haq,Hammad Azam,R Rampaul,0,0,"",""
ball,2,17.6,Pakistan,Misbah-ul-Haq,Hammad Azam,R Rampaul,0,0,"",""
ball,2,18.1,Pakistan,Hammad Azam,Misbah-ul-Haq,KAJ Roach,0,0,"",""
ball,2,18.2,Pakistan,Hammad Azam,Misbah-ul-Haq,KAJ Roach,0,0,"",""
ball,2,18.3,Pakistan,Hammad Azam,Misbah-ul-Haq,KAJ Roach,0,0,"",""
ball,2,18.4,Pakistan,Hammad Azam,Misbah-ul-Haq,KAJ Roach,0,0,"",""
ball,2,18.5,Pakistan,Hammad Azam,Misbah-ul-Haq,KAJ Roach,0,0,"",""
ball,2,18.6,Pakistan,Hammad Azam,Misbah-ul-Haq,KAJ Roach,0,1,"",""
ball,2,18.7,Pakistan,Hammad Azam,Misbah-ul-Haq,KAJ Roach,1,0,"",""
ball,2,19.1,Pakistan,Hammad Azam,Misbah-ul-Haq,D Bishoo,0,0,"",""
ball,2,19.2,Pakistan,Hammad Azam,Misbah-ul-Haq,D Bishoo,1,0,"",""
ball,2,19.3,Pakistan,Misbah-ul-Haq,Hammad Azam,D Bishoo,0,0,"",""
ball,2,19.4,Pakistan,Misbah-ul-Haq,Hammad Azam,D Bishoo,0,0,"",""
ball,2,19.5,Pakistan,Misbah-ul-Haq,Hammad Azam,D Bishoo,1,0,"",""
ball,2,19.6,Pakistan,Hammad Azam,Misbah-ul-Haq,D Bishoo,2,0,"",""
ball,2,20.1,Pakistan,Misbah-ul-Haq,Hammad Azam,DJ Bravo,0,0,"",""
ball,2,20.2,Pakistan,Misbah-ul-Haq,Hammad Azam,DJ Bravo,1,0,"",""
ball,2,20.3,Pakistan,Hammad Azam,Misbah-ul-Haq,DJ Bravo,1,0,"",""
ball,2,20.4,Pakistan,Misbah-ul-Haq,Hammad Azam,DJ Bravo,0,0,"",""
ball,2,20.5,Pakistan,Misbah-ul-Haq,Hammad Azam,DJ Bravo,0,0,"",""
ball,2,20.6,Pakistan,Misbah-ul-Haq,Hammad Azam,DJ Bravo,0,0,"",""
ball,2,21.1,Pakistan,Hammad Azam,Misbah-ul-Haq,D Bishoo,0,0,"",""
ball,2,21.2,Pakistan,Hammad Azam,Misbah-ul-Haq,D Bishoo,0,0,"",""
ball,2,21.3,Pakistan,Hammad Azam,Misbah-ul-Haq,D Bishoo,0,0,"",""
ball,2,21.4,Pakistan,Hammad Azam,Misbah-ul-Haq,D Bishoo,0,0,"",""
ball,2,21.5,Pakistan,Hammad Azam,Misbah-ul-Haq,D Bishoo,1,0,"",""
ball,2,21.6,Pakistan,Misbah-ul-Haq,Hammad Azam,D Bishoo,0,0,"",""
ball,2,22.1,Pakistan,Hammad Azam,Misbah-ul-Haq,DJ Bravo,0,0,"",""
ball,2,22.2,Pakistan,Hammad Azam,Misbah-ul-Haq,DJ Bravo,4,0,"",""
ball,2,22.3,Pakistan,Hammad Azam,Misbah-ul-Haq,DJ Bravo,0,0,"",""
ball,2,22.4,Pakistan,Hammad Azam,Misbah-ul-Haq,DJ Bravo,0,0,"",""
ball,2,22.5,Pakistan,Hammad Azam,Misbah-ul-Haq,DJ Bravo,0,0,"",""
ball,2,22.6,Pakistan,Hammad Azam,Misbah-ul-Haq,DJ Bravo,0,0,"",""
ball,2,23.1,Pakistan,Misbah-ul-Haq,Hammad Azam,D Bishoo,0,0,"",""
ball,2,23.2,Pakistan,Misbah-ul-Haq,Hammad Azam,D Bishoo,0,2,"",""
ball,2,23.3,Pakistan,Misbah-ul-Haq,Hammad Azam,D Bishoo,0,0,"",""
ball,2,23.4,Pakistan,Misbah-ul-Haq,Hammad Azam,D Bishoo,0,0,"",""
ball,2,23.5,Pakistan,Misbah-ul-Haq,Hammad Azam,D Bishoo,1,0,"",""
ball,2,23.6,Pakistan,Hammad Azam,Misbah-ul-Haq,D Bishoo,0,0,"",""
ball,2,24.1,Pakistan,Misbah-ul-Haq,Hammad Azam,DJ Bravo,0,0,"",""
ball,2,24.2,Pakistan,Misbah-ul-Haq,Hammad Azam,DJ Bravo,0,0,"",""
ball,2,24.3,Pakistan,Misbah-ul-Haq,Hammad Azam,DJ Bravo,1,0,"",""
ball,2,24.4,Pakistan,Hammad Azam,Misbah-ul-Haq,DJ Bravo,0,0,"",""
ball,2,24.5,Pakistan,Hammad Azam,Misbah-ul-Haq,DJ Bravo,0,0,"",""
ball,2,24.6,Pakistan,Hammad Azam,Misbah-ul-Haq,DJ Bravo,1,0,"",""
ball,2,25.1,Pakistan,Hammad Azam,Misbah-ul-Haq,D Bishoo,1,0,"",""
ball,2,25.2,Pakistan,Misbah-ul-Haq,Hammad Azam,D Bishoo,0,0,"",""
ball,2,25.3,Pakistan,Misbah-ul-Haq,Hammad Azam,D Bishoo,0,0,"",""
ball,2,25.4,Pakistan,Misbah-ul-Haq,Hammad Azam,D Bishoo,6,0,"",""
ball,2,25.5,Pakistan,Misbah-ul-Haq,Hammad Azam,D Bishoo,4,0,"",""
ball,2,25.6,Pakistan,Misbah-ul-Haq,Hammad Azam,D Bishoo,0,0,"",""
ball,2,26.1,Pakistan,Hammad Azam,Misbah-ul-Haq,DJ Bravo,1,0,"",""
ball,2,26.2,Pakistan,Misbah-ul-Haq,Hammad Azam,DJ Bravo,1,0,"",""
ball,2,26.3,Pakistan,Hammad Azam,Misbah-ul-Haq,DJ Bravo,0,0,"",""
ball,2,26.4,Pakistan,Hammad Azam,Misbah-ul-Haq,DJ Bravo,0,0,"",""
ball,2,26.5,Pakistan,Hammad Azam,Misbah-ul-Haq,DJ Bravo,1,0,"",""
ball,2,26.6,Pakistan,Misbah-ul-Haq,Hammad Azam,DJ Bravo,1,0,"",""
ball,2,27.1,Pakistan,Misbah-ul-Haq,Hammad Azam,D Bishoo,1,0,"",""
ball,2,27.2,Pakistan,Hammad Azam,Misbah-ul-Haq,D Bishoo,0,0,"",""
ball,2,27.3,Pakistan,Hammad Azam,Misbah-ul-Haq,D Bishoo,0,0,"",""
ball,2,27.4,Pakistan,Hammad Azam,Misbah-ul-Haq,D Bishoo,2,0,"",""
ball,2,27.5,Pakistan,Hammad Azam,Misbah-ul-Haq,D Bishoo,2,0,"",""
ball,2,27.6,Pakistan,Hammad Azam,Misbah-ul-Haq,D Bishoo,1,0,"",""
ball,2,28.1,Pakistan,Hammad Azam,Misbah-ul-Haq,DJ Bravo,0,1,"",""
ball,2,28.2,Pakistan,Hammad Azam,Misbah-ul-Haq,DJ Bravo,1,0,"",""
ball,2,28.3,Pakistan,Misbah-ul-Haq,Hammad Azam,DJ Bravo,0,0,"",""
ball,2,28.4,Pakistan,Misbah-ul-Haq,Hammad Azam,DJ Bravo,2,0,"",""
ball,2,28.5,Pakistan,Misbah-ul-Haq,Hammad Azam,DJ Bravo,0,0,"",""
ball,2,28.6,Pakistan,Misbah-ul-Haq,Hammad Azam,DJ Bravo,1,0,"",""
ball,2,28.7,Pakistan,Hammad Azam,Misbah-ul-Haq,DJ Bravo,0,0,"",""
ball,2,29.1,Pakistan,Misbah-ul-Haq,Hammad Azam,KAJ Roach,0,0,"",""
ball,2,29.2,Pakistan,Misbah-ul-Haq,Hammad Azam,KAJ Roach,2,0,"",""
ball,2,29.3,Pakistan,Misbah-ul-Haq,Hammad Azam,KAJ Roach,2,0,"",""
ball,2,29.4,Pakistan,Misbah-ul-Haq,Hammad Azam,KAJ Roach,0,0,"",""
ball,2,29.5,Pakistan,Misbah-ul-Haq,Hammad Azam,KAJ Roach,1,0,"",""
ball,2,29.6,Pakistan,Hammad Azam,Misbah-ul-Haq,KAJ Roach,1,0,"",""
ball,2,30.1,Pakistan,Hammad Azam,Misbah-ul-Haq,DJG Sammy,0,0,"",""
ball,2,30.2,Pakistan,Hammad Azam,Misbah-ul-Haq,DJG Sammy,0,0,"",""
ball,2,30.3,Pakistan,Hammad Azam,Misbah-ul-Haq,DJG Sammy,0,0,"",""
ball,2,30.4,Pakistan,Hammad Azam,Misbah-ul-Haq,DJG Sammy,1,0,"",""
ball,2,30.5,Pakistan,Misbah-ul-Haq,Hammad Azam,DJG Sammy,0,0,"",""
ball,2,30.6,Pakistan,Misbah-ul-Haq,Hammad Azam,DJG Sammy,1,0,"",""
ball,2,31.1,Pakistan,Misbah-ul-Haq,Hammad Azam,D Bishoo,1,0,"",""
ball,2,31.2,Pakistan,Hammad Azam,Misbah-ul-Haq,D Bishoo,0,0,lbw,Hammad Azam
ball,2,31.3,Pakistan,Shahid Afridi,Misbah-ul-Haq,D Bishoo,0,0,"",""
ball,2,31.4,Pakistan,Shahid Afridi,Misbah-ul-Haq,D Bishoo,0,0,"",""
ball,2,31.5,Pakistan,Shahid Afridi,Misbah-ul-Haq,D Bishoo,1,0,"",""
ball,2,31.6,Pakistan,Misbah-ul-Haq,Shahid Afridi,D Bishoo,4,0,"",""
ball,2,32.1,Pakistan,Shahid Afridi,Misbah-ul-Haq,KAJ Roach,1,0,"",""
ball,2,32.2,Pakistan,Misbah-ul-Haq,Shahid Afridi,KAJ Roach,1,0,"",""
ball,2,32.3,Pakistan,Shahid Afridi,Misbah-ul-Haq,KAJ Roach,4,0,"",""
ball,2,32.4,Pakistan,Shahid Afridi,Misbah-ul-Haq,KAJ Roach,1,0,"",""
ball,2,32.5,Pakistan,Misbah-ul-Haq,Shahid Afridi,KAJ Roach,0,0,"",""
ball,2,32.6,Pakistan,Misbah-ul-Haq,Shahid Afridi,KAJ Roach,0,0,"",""
ball,2,33.1,Pakistan,Shahid Afridi,Misbah-ul-Haq,D Bishoo,4,0,"",""
ball,2,33.2,Pakistan,Shahid Afridi,Misbah-ul-Haq,D Bishoo,0,0,caught,Shahid Afridi
ball,2,33.3,Pakistan,Misbah-ul-Haq,Mohammad Salman,D Bishoo,1,0,"",""
ball,2,33.4,Pakistan,Mohammad Salman,Misbah-ul-Haq,D Bishoo,0,0,"",""
ball,2,33.5,Pakistan,Mohammad Salman,Misbah-ul-Haq,D Bishoo,0,0,"",""
ball,2,33.6,Pakistan,Mohammad Salman,Misbah-ul-Haq,D Bishoo,0,0,"",""
ball,2,34.1,Pakistan,Misbah-ul-Haq,Mohammad Salman,KAJ Roach,1,0,"",""
ball,2,34.2,Pakistan,Mohammad Salman,Misbah-ul-Haq,KAJ Roach,1,0,"",""
ball,2,34.3,Pakistan,Misbah-ul-Haq,Mohammad Salman,KAJ Roach,0,0,"",""
ball,2,34.4,Pakistan,Misbah-ul-Haq,Mohammad Salman,KAJ Roach,0,0,"",""
ball,2,34.5,Pakistan,Misbah-ul-Haq,Mohammad Salman,KAJ Roach,0,0,"",""
ball,2,34.6,Pakistan,Misbah-ul-Haq,Mohammad Salman,KAJ Roach,0,0,"",""
ball,2,35.1,Pakistan,Mohammad Salman,Misbah-ul-Haq,D Bishoo,0,0,"",""
ball,2,35.2,Pakistan,Mohammad Salman,Misbah-ul-Haq,D Bishoo,2,0,"",""
ball,2,35.3,Pakistan,Mohammad Salman,Misbah-ul-Haq,D Bishoo,0,0,bowled,Mohammad Salman
ball,2,35.4,Pakistan,Wahab Riaz,Misbah-ul-Haq,D Bishoo,0,0,"",""
ball,2,35.5,Pakistan,Wahab Riaz,Misbah-ul-Haq,D Bishoo,0,0,"",""
ball,2,35.6,Pakistan,Wahab Riaz,Misbah-ul-Haq,D Bishoo,0,0,"",""
ball,2,36.1,Pakistan,Misbah-ul-Haq,Wahab Riaz,DJ Bravo,1,0,"",""
ball,2,36.2,Pakistan,Wahab Riaz,Misbah-ul-Haq,DJ Bravo,0,0,"",""
ball,2,36.3,Pakistan,Wahab Riaz,Misbah-ul-Haq,DJ Bravo,0,1,"",""
ball,2,36.4,Pakistan,Wahab Riaz,Misbah-ul-Haq,DJ Bravo,0,1,"",""
ball,2,36.5,Pakistan,Wahab Riaz,Misbah-ul-Haq,DJ Bravo,0,0,"",""
ball,2,36.6,Pakistan,Wahab Riaz,Misbah-ul-Haq,DJ Bravo,1,0,"",""
ball,2,36.7,Pakistan,Misbah-ul-Haq,Wahab Riaz,DJ Bravo,1,0,"",""
ball,2,36.8,Pakistan,Wahab Riaz,Misbah-ul-Haq,DJ Bravo,0,0,"",""
ball,2,37.1,Pakistan,Misbah-ul-Haq,Wahab Riaz,D Bishoo,2,0,"",""
ball,2,37.2,Pakistan,Misbah-ul-Haq,Wahab Riaz,D Bishoo,0,0,"",""
ball,2,37.3,Pakistan,Misbah-ul-Haq,Wahab Riaz,D Bishoo,0,0,"",""
ball,2,37.4,Pakistan,Misbah-ul-Haq,Wahab Riaz,D Bishoo,0,0,"",""
ball,2,37.5,Pakistan,Misbah-ul-Haq,Wahab Riaz,D Bishoo,0,0,"",""
ball,2,37.6,Pakistan,Misbah-ul-Haq,Wahab Riaz,D Bishoo,4,0,"",""
ball,2,38.1,Pakistan,Wahab Riaz,Misbah-ul-Haq,DJ Bravo,0,0,"",""
ball,2,38.2,Pakistan,Wahab Riaz,Misbah-ul-Haq,DJ Bravo,1,0,"",""
ball,2,38.3,Pakistan,Misbah-ul-Haq,Wahab Riaz,DJ Bravo,2,0,"",""
ball,2,38.4,Pakistan,Misbah-ul-Haq,Wahab Riaz,DJ Bravo,0,0,"",""
ball,2,38.5,Pakistan,Misbah-ul-Haq,Wahab Riaz,DJ Bravo,0,0,"",""
ball,2,38.6,Pakistan,Misbah-ul-Haq,Wahab Riaz,DJ Bravo,0,0,"",""
ball,2,39.1,Pakistan,Wahab Riaz,Misbah-ul-Haq,DJG Sammy,0,0,"",""
ball,2,39.2,Pakistan,Wahab Riaz,Misbah-ul-Haq,DJG Sammy,0,0,"",""
ball,2,39.3,Pakistan,Wahab Riaz,Misbah-ul-Haq,DJG Sammy,0,0,"",""
ball,2,39.4,Pakistan,Wahab Riaz,Misbah-ul-Haq,DJG Sammy,6,0,"",""
ball,2,39.5,Pakistan,Wahab Riaz,Misbah-ul-Haq,DJG Sammy,2,0,"",""
ball,2,39.6,Pakistan,Wahab Riaz,Misbah-ul-Haq,DJG Sammy,1,0,"",""
ball,2,40.1,Pakistan,Wahab Riaz,Misbah-ul-Haq,DJ Bravo,6,0,"",""
