version,1.3.0
info,team,West Indies
info,team,India
info,gender,male
info,season,2011
info,date,2011/06/08
info,series,India in West Indies ODI Series
info,match_number,2
info,venue,"Queen's Park Oval, Port of Spain"
info,city,Trinidad
info,toss_winner,India
info,toss_decision,field
info,player_of_match,V Kohli
info,umpire,IJ Gould
info,umpire,PJ Nero
info,reserve_umpire,NA Malcolm
info,tv_umpire,JS Wilson
info,match_referee,JJ Crowe
info,winner,India
info,winner_wickets,7
info,method,D/L
ball,1,0.1,West Indies,LMP Simmons,KA Edwards,P Kumar,3,0,"",""
ball,1,0.2,West Indies,KA Edwards,LMP Simmons,P Kumar,0,0,"",""
ball,1,0.3,West Indies,KA Edwards,LMP Simmons,P Kumar,0,0,"",""
ball,1,0.4,West Indies,KA Edwards,LMP Simmons,P Kumar,2,0,"",""
ball,1,0.5,West Indies,KA Edwards,LMP Simmons,P Kumar,0,0,"",""
ball,1,0.6,West Indies,KA Edwards,LMP Simmons,P Kumar,0,0,"",""
ball,1,1.1,West Indies,LMP Simmons,KA Edwards,MM Patel,0,0,"",""
ball,1,1.2,West Indies,LMP Simmons,KA Edwards,MM Patel,0,0,"",""
ball,1,1.3,West Indies,LMP Simmons,KA Edwards,MM Patel,0,0,"",""
ball,1,1.4,West Indies,LMP Simmons,KA Edwards,MM Patel,0,0,"",""
ball,1,1.5,West Indies,LMP Simmons,KA Edwards,MM Patel,0,0,"",""
ball,1,1.6,West Indies,LMP Simmons,KA Edwards,MM Patel,0,0,"",""
ball,1,2.1,West Indies,KA Edwards,LMP Simmons,P Kumar,0,0,"",""
ball,1,2.2,West Indies,KA Edwards,LMP Simmons,P Kumar,1,0,"",""
ball,1,2.3,West Indies,LMP Simmons,KA Edwards,P Kumar,0,0,"",""
ball,1,2.4,West Indies,LMP Simmons,KA Edwards,P Kumar,0,0,"",""
ball,1,2.5,West Indies,LMP Simmons,KA Edwards,P Kumar,0,0,"",""
ball,1,2.6,West Indies,LMP Simmons,KA Edwards,P Kumar,0,0,"",""
ball,1,3.1,West Indies,KA Edwards,LMP Simmons,MM Patel,0,0,"",""
ball,1,3.2,West Indies,KA Edwards,LMP Simmons,MM Patel,0,0,"",""
ball,1,3.3,West Indies,KA Edwards,LMP Simmons,MM Patel,0,0,"",""
ball,1,3.4,West Indies,KA Edwards,LMP Simmons,MM Patel,0,0,"",""
ball,1,3.5,West Indies,KA Edwards,LMP Simmons,MM Patel,4,0,"",""
ball,1,3.6,West Indies,KA Edwards,LMP Simmons,MM Patel,4,0,"",""
ball,1,4.1,West Indies,LMP Simmons,KA Edwards,P Kumar,0,0,"",""
ball,1,4.2,West Indies,LMP Simmons,KA Edwards,P Kumar,1,0,"",""
ball,1,4.3,West Indies,KA Edwards,LMP Simmons,P Kumar,4,0,"",""
ball,1,4.4,West Indies,KA Edwards,LMP Simmons,P Kumar,1,0,"",""
ball,1,4.5,West Indies,LMP Simmons,KA Edwards,P Kumar,0,0,"",""
ball,1,4.6,West Indies,LMP Simmons,KA Edwards,P Kumar,1,0,"",""
ball,1,5.1,West Indies,LMP Simmons,KA Edwards,MM Patel,0,0,"",""
ball,1,5.2,West Indies,LMP Simmons,KA Edwards,MM Patel,0,0,"",""
ball,1,5.3,West Indies,LMP Simmons,KA Edwards,MM Patel,0,0,"",""
ball,1,5.4,West Indies,LMP Simmons,KA Edwards,MM Patel,0,0,"",""
ball,1,5.5,West Indies,LMP Simmons,KA Edwards,MM Patel,0,0,"",""
ball,1,5.6,West Indies,LMP Simmons,KA Edwards,MM Patel,1,0,"",""
ball,1,6.1,West Indies,LMP Simmons,KA Edwards,P Kumar,0,0,"",""
ball,1,6.2,West Indies,LMP Simmons,KA Edwards,P Kumar,4,0,"",""
ball,1,6.3,West Indies,LMP Simmons,KA Edwards,P Kumar,0,0,"",""
ball,1,6.4,West Indies,LMP Simmons,KA Edwards,P Kumar,0,0,"",""
ball,1,6.5,West Indies,LMP Simmons,KA Edwards,P Kumar,1,0,"",""
ball,1,6.6,West Indies,KA Edwards,LMP Simmons,P Kumar,0,0,"",""
ball,1,7.1,West Indies,LMP Simmons,KA Edwards,MM Patel,0,0,"",""
ball,1,7.2,West Indies,LMP Simmons,KA Edwards,MM Patel,0,0,"",""
ball,1,7.3,West Indies,LMP Simmons,KA Edwards,MM Patel,4,0,"",""
ball,1,7.4,West Indies,LMP Simmons,KA Edwards,MM Patel,0,0,"",""
ball,1,7.5,West Indies,LMP Simmons,KA Edwards,MM Patel,2,0,"",""
ball,1,7.6,West Indies,LMP Simmons,KA Edwards,MM Patel,0,0,"",""
ball,1,8.1,West Indies,KA Edwards,LMP Simmons,A Mishra,0,0,"",""
ball,1,8.2,West Indies,KA Edwards,LMP Simmons,A Mishra,0,0,"",""
ball,1,8.3,West Indies,KA Edwards,LMP Simmons,A Mishra,1,0,"",""
ball,1,8.4,West Indies,LMP Simmons,KA Edwards,A Mishra,0,0,"",""
ball,1,8.5,West Indies,LMP Simmons,KA Edwards,A Mishra,0,0,"",""
ball,1,8.6,West Indies,LMP Simmons,KA Edwards,A Mishra,3,0,"",""
ball,1,9.1,West Indies,LMP Simmons,KA Edwards,MM Patel,0,1,"",""
ball,1,9.2,West Indies,LMP Simmons,KA Edwards,MM Patel,1,0,"",""
ball,1,9.3,West Indies,KA Edwards,LMP Simmons,MM Patel,0,0,"",""
ball,1,9.4,West Indies,KA Edwards,LMP Simmons,MM Patel,1,0,"",""
ball,1,9.5,West Indies,LMP Simmons,KA Edwards,MM Patel,0,0,"",""
ball,1,9.6,West Indies,LMP Simmons,KA Edwards,MM Patel,0,0,"",""
ball,1,9.7,West Indies,LMP Simmons,KA Edwards,MM Patel,0,0,"",""
ball,1,10.1,West Indies,KA Edwards,LMP Simmons,A Mishra,0,1,"",""
ball,1,10.2,West Indies,LMP Simmons,KA Edwards,A Mishra,4,0,"",""
ball,1,10.3,West Indies,LMP Simmons,KA Edwards,A Mishra,0,0,"",""
ball,1,10.4,West Indies,LMP Simmons,KA Edwards,A Mishra,0,0,"",""
ball,1,10.5,West Indies,LMP Simmons,KA Edwards,A Mishra,0,0,"",""
ball,1,10.6,West Indies,LMP Simmons,KA Edwards,A Mishra,0,0,"",""
ball,1,11.1,West Indies,KA Edwards,LMP Simmons,Harbhajan Singh,0,0,"",""
ball,1,11.2,West Indies,KA Edwards,LMP Simmons,Harbhajan Singh,0,0,"",""
ball,1,11.3,West Indies,KA Edwards,LMP Simmons,Harbhajan Singh,0,5,"",""
ball,1,11.4,West Indies,KA Edwards,LMP Simmons,Harbhajan Singh,6,0,"",""
ball,1,11.5,West Indies,KA Edwards,LMP Simmons,Harbhajan Singh,0,0,"",""
ball,1,11.6,West Indies,KA Edwards,LMP Simmons,Harbhajan Singh,1,0,"",""
ball,1,11.7,West Indies,LMP Simmons,KA Edwards,Harbhajan Singh,0,0,"",""
ball,1,12.1,West Indies,KA Edwards,LMP Simmons,A Mishra,0,0,caught,KA Edwards
ball,1,12.2,West Indies,RR Sarwan,LMP Simmons,A Mishra,0,0,"",""
ball,1,12.3,West Indies,RR Sarwan,LMP Simmons,A Mishra,0,0,"",""
ball,1,12.4,West Indies,RR Sarwan,LMP Simmons,A Mishra,0,0,"",""
ball,1,12.5,West Indies,RR Sarwan,LMP Simmons,A Mishra,0,0,"",""
ball,1,12.6,West Indies,RR Sarwan,LMP Simmons,A Mishra,0,0,"",""
ball,1,13.1,West Indies,LMP Simmons,RR Sarwan,Harbhajan Singh,0,0,"",""
ball,1,13.2,West Indies,LMP Simmons,RR Sarwan,Harbhajan Singh,0,0,"",""
ball,1,13.3,West Indies,LMP Simmons,RR Sarwan,Harbhajan Singh,0,1,"",""
ball,1,13.4,West Indies,LMP Simmons,RR Sarwan,Harbhajan Singh,1,0,"",""
ball,1,13.5,West Indies,RR Sarwan,LMP Simmons,Harbhajan Singh,0,5,"",""
ball,1,13.6,West Indies,RR Sarwan,LMP Simmons,Harbhajan Singh,0,0,"",""
ball,1,13.7,West Indies,RR Sarwan,LMP Simmons,Harbhajan Singh,0,0,"",""
ball,1,13.8,West Indies,RR Sarwan,LMP Simmons,Harbhajan Singh,4,0,"",""
ball,1,14.1,West Indies,LMP Simmons,RR Sarwan,A Mishra,0,0,"",""
ball,1,14.2,West Indies,LMP Simmons,RR Sarwan,A Mishra,2,0,"",""
ball,1,14.3,West Indies,LMP Simmons,RR Sarwan,A Mishra,6,0,"",""
ball,1,14.4,West Indies,LMP Simmons,RR Sarwan,A Mishra,0,0,"",""
ball,1,14.5,West Indies,LMP Simmons,RR Sarwan,A Mishra,0,0,"",""
ball,1,14.6,West Indies,LMP Simmons,RR Sarwan,A Mishra,0,0,"",""
ball,1,15.1,West Indies,RR Sarwan,LMP Simmons,MM Patel,0,0,"",""
ball,1,15.2,West Indies,RR Sarwan,LMP Simmons,MM Patel,4,0,"",""
ball,1,15.3,West Indies,RR Sarwan,LMP Simmons,MM Patel,0,0,"",""
ball,1,15.4,West Indies,RR Sarwan,LMP Simmons,MM Patel,0,0,"",""
ball,1,15.5,West Indies,RR Sarwan,LMP Simmons,MM Patel,0,0,"",""
ball,1,15.6,West Indies,RR Sarwan,LMP Simmons,MM Patel,2,0,"",""
ball,1,16.1,West Indies,LMP Simmons,RR Sarwan,A Mishra,1,0,"",""
ball,1,16.2,West Indies,RR Sarwan,LMP Simmons,A Mishra,0,0,"",""
ball,1,16.3,West Indies,RR Sarwan,LMP Simmons,A Mishra,0,0,"",""
ball,1,16.4,West Indies,RR Sarwan,LMP Simmons,A Mishra,1,0,"",""
ball,1,16.5,West Indies,LMP Simmons,RR Sarwan,A Mishra,0,0,"",""
ball,1,16.6,West Indies,LMP Simmons,RR Sarwan,A Mishra,0,0,"",""
ball,1,17.1,West Indies,RR Sarwan,LMP Simmons,P Kumar,1,0,"",""
ball,1,17.2,West Indies,LMP Simmons,RR Sarwan,P Kumar,0,0,"",""
ball,1,17.3,West Indies,LMP Simmons,RR Sarwan,P Kumar,1,0,"",""
ball,1,17.4,West Indies,RR Sarwan,LMP Simmons,P Kumar,1,0,"",""
ball,1,17.5,West Indies,LMP Simmons,RR Sarwan,P Kumar,1,0,"",""
ball,1,17.6,West Indies,RR Sarwan,LMP Simmons,P Kumar,1,0,"",""
ball,1,18.1,West Indies,RR Sarwan,LMP Simmons,A Mishra,0,0,"",""
ball,1,18.2,West Indies,RR Sarwan,LMP Simmons,A Mishra,1,0,"",""
ball,1,18.3,West Indies,LMP Simmons,RR Sarwan,A Mishra,0,0,"",""
ball,1,18.4,West Indies,LMP Simmons,RR Sarwan,A Mishra,0,0,"",""
ball,1,18.5,West Indies,LMP Simmons,RR Sarwan,A Mishra,0,0,"",""
ball,1,18.6,West Indies,LMP Simmons,RR Sarwan,A Mishra,0,0,"",""
ball,1,19.1,West Indies,RR Sarwan,LMP Simmons,P Kumar,1,0,"",""
ball,1,19.2,West Indies,LMP Simmons,RR Sarwan,P Kumar,1,0,"",""
ball,1,19.3,West Indies,RR Sarwan,LMP Simmons,P Kumar,1,0,"",""
ball,1,19.4,West Indies,LMP Simmons,RR Sarwan,P Kumar,1,0,"",""
ball,1,19.5,West Indies,RR Sarwan,LMP Simmons,P Kumar,1,0,"",""
ball,1,19.6,West Indies,LMP Simmons,RR Sarwan,P Kumar,1,0,"",""
ball,1,20.1,West Indies,LMP Simmons,RR Sarwan,YK Pathan,1,0,"",""
ball,1,20.2,West Indies,RR Sarwan,LMP Simmons,YK Pathan,0,0,"",""
ball,1,20.3,West Indies,RR Sarwan,LMP Simmons,YK Pathan,2,0,"",""
ball,1,20.4,West Indies,RR Sarwan,LMP Simmons,YK Pathan,1,0,"",""
ball,1,20.5,West Indies,LMP Simmons,RR Sarwan,YK Pathan,1,0,"",""
ball,1,20.6,West Indies,RR Sarwan,LMP Simmons,YK Pathan,0,0,"",""
ball,1,21.1,West Indies,LMP Simmons,RR Sarwan,Harbhajan Singh,1,0,"",""
ball,1,21.2,West Indies,RR Sarwan,LMP Simmons,Harbhajan Singh,0,0,"",""
ball,1,21.3,West Indies,RR Sarwan,LMP Simmons,Harbhajan Singh,0,0,"",""
ball,1,21.4,West Indies,RR Sarwan,LMP Simmons,Harbhajan Singh,0,0,"",""
ball,1,21.5,West Indies,RR Sarwan,LMP Simmons,Harbhajan Singh,1,0,"",""
ball,1,21.6,West Indies,LMP Simmons,RR Sarwan,Harbhajan Singh,0,0,"",""
ball,1,22.1,West Indies,RR Sarwan,LMP Simmons,YK Pathan,2,0,"",""
ball,1,22.2,West Indies,RR Sarwan,LMP Simmons,YK Pathan,0,0,"",""
ball,1,22.3,West Indies,RR Sarwan,LMP Simmons,YK Pathan,0,0,"",""
ball,1,22.4,West Indies,RR Sarwan,LMP Simmons,YK Pathan,1,0,"",""
ball,1,22.5,West Indies,LMP Simmons,RR Sarwan,YK Pathan,0,0,"",""
ball,1,22.6,West Indies,LMP Simmons,RR Sarwan,YK Pathan,6,0,"",""
ball,1,23.1,West Indies,RR Sarwan,LMP Simmons,Harbhajan Singh,0,0,"",""
ball,1,23.2,West Indies,RR Sarwan,LMP Simmons,Harbhajan Singh,0,0,"",""
ball,1,23.3,West Indies,RR Sarwan,LMP Simmons,Harbhajan Singh,0,0,"",""
ball,1,23.4,West Indies,RR Sarwan,LMP Simmons,Harbhajan Singh,0,0,"",""
ball,1,23.5,West Indies,RR Sarwan,LMP Simmons,Harbhajan Singh,0,0,"",""
ball,1,23.6,West Indies,RR Sarwan,LMP Simmons,Harbhajan Singh,0,0,"",""
ball,1,24.1,West Indies,LMP Simmons,RR Sarwan,YK Pathan,0,1,"",""
ball,1,24.2,West Indies,LMP Simmons,RR Sarwan,YK Pathan,0,0,"",""
ball,1,24.3,West Indies,LMP Simmons,RR Sarwan,YK Pathan,1,0,"",""
ball,1,24.4,West Indies,RR Sarwan,LMP Simmons,YK Pathan,1,0,"",""
ball,1,24.5,West Indies,LMP Simmons,RR Sarwan,YK Pathan,1,0,"",""
ball,1,24.6,West Indies,RR Sarwan,LMP Simmons,YK Pathan,1,0,"",""
ball,1,24.7,West Indies,LMP Simmons,RR Sarwan,YK Pathan,0,0,"",""
ball,1,25.1,West Indies,RR Sarwan,LMP Simmons,Harbhajan Singh,1,0,"",""
ball,1,25.2,West Indies,LMP Simmons,RR Sarwan,Harbhajan Singh,0,0,"",""
ball,1,25.3,West Indies,LMP Simmons,RR Sarwan,Harbhajan Singh,0,0,"",""
ball,1,25.4,West Indies,LMP Simmons,RR Sarwan,Harbhajan Singh,0,0,"",""
ball,1,25.5,West Indies,LMP Simmons,RR Sarwan,Harbhajan Singh,0,0,"",""
ball,1,25.6,West Indies,LMP Simmons,RR Sarwan,Harbhajan Singh,0,0,"",""
ball,1,26.1,West Indies,RR Sarwan,LMP Simmons,YK Pathan,0,0,"",""
ball,1,26.2,West Indies,RR Sarwan,LMP Simmons,YK Pathan,0,0,"",""
ball,1,26.3,West Indies,RR Sarwan,LMP Simmons,YK Pathan,2,0,"",""
ball,1,26.4,West Indies,RR Sarwan,LMP Simmons,YK Pathan,1,0,"",""
ball,1,26.5,West Indies,LMP Simmons,RR Sarwan,YK Pathan,2,0,"",""
ball,1,26.6,West Indies,LMP Simmons,RR Sarwan,YK Pathan,0,1,stumped,LMP Simmons
ball,1,26.7,West Indies,MN Samuels,RR Sarwan,YK Pathan,1,0,"",""
ball,1,27.1,West Indies,MN Samuels,RR Sarwan,Harbhajan Singh,0,0,"",""
ball,1,27.2,West Indies,MN Samuels,RR Sarwan,Harbhajan Singh,1,0,"",""
ball,1,27.3,West Indies,RR Sarwan,MN Samuels,Harbhajan Singh,0,0,"",""
ball,1,27.4,West Indies,RR Sarwan,MN Samuels,Harbhajan Singh,1,0,"",""
ball,1,27.5,West Indies,MN Samuels,RR Sarwan,Harbhajan Singh,0,0,"",""
ball,1,27.6,West Indies,MN Samuels,RR Sarwan,Harbhajan Singh,0,0,"",""
ball,1,28.1,West Indies,RR Sarwan,MN Samuels,YK Pathan,2,0,"",""
ball,1,28.2,West Indies,RR Sarwan,MN Samuels,YK Pathan,1,0,"",""
ball,1,28.3,West Indies,MN Samuels,RR Sarwan,YK Pathan,0,0,"",""
ball,1,28.4,West Indies,MN Samuels,RR Sarwan,YK Pathan,1,0,"",""
ball,1,28.5,West Indies,RR Sarwan,MN Samuels,YK Pathan,0,0,"",""
ball,1,28.6,West Indies,RR Sarwan,MN Samuels,YK Pathan,1,0,"",""
ball,1,29.1,West Indies,RR Sarwan,MN Samuels,Harbhajan Singh,1,0,"",""
ball,1,29.2,West Indies,MN Samuels,RR Sarwan,Harbhajan Singh,1,0,"",""
ball,1,29.3,West Indies,RR Sarwan,MN Samuels,Harbhajan Singh,0,0,"",""
ball,1,29.4,West Indies,RR Sarwan,MN Samuels,Harbhajan Singh,0,0,"",""
ball,1,29.5,West Indies,RR Sarwan,MN Samuels,Harbhajan Singh,1,0,"",""
ball,1,29.6,West Indies,MN Samuels,RR Sarwan,Harbhajan Singh,1,0,"",""
ball,1,30.1,West Indies,MN Samuels,RR Sarwan,YK Pathan,0,0,"",""
ball,1,30.2,West Indies,MN Samuels,RR Sarwan,YK Pathan,2,0,"",""
ball,1,30.3,West Indies,MN Samuels,RR Sarwan,YK Pathan,1,0,"",""
ball,1,30.4,West Indies,RR Sarwan,MN Samuels,YK Pathan,0,0,"",""
ball,1,30.5,West Indies,RR Sarwan,MN Samuels,YK Pathan,1,0,"",""
ball,1,30.6,West Indies,MN Samuels,RR Sarwan,YK Pathan,1,0,"",""
ball,1,31.1,West Indies,MN Samuels,RR Sarwan,SK Raina,0,0,"",""
ball,1,31.2,West Indies,MN Samuels,RR Sarwan,SK Raina,0,0,"",""
ball,1,31.3,West Indies,MN Samuels,RR Sarwan,SK Raina,1,0,"",""
ball,1,31.4,West Indies,RR Sarwan,MN Samuels,SK Raina,0,0,"",""
ball,1,31.5,West Indies,RR Sarwan,MN Samuels,SK Raina,2,0,"",""
ball,1,31.6,West Indies,RR Sarwan,MN Samuels,SK Raina,0,0,"",""
ball,1,32.1,West Indies,MN Samuels,RR Sarwan,YK Pathan,0,0,"",""
ball,1,32.2,West Indies,MN Samuels,RR Sarwan,YK Pathan,1,0,"",""
ball,1,32.3,West Indies,RR Sarwan,MN Samuels,YK Pathan,0,0,"",""
ball,1,32.4,West Indies,RR Sarwan,MN Samuels,YK Pathan,0,0,"",""
ball,1,32.5,West Indies,RR Sarwan,MN Samuels,YK Pathan,1,0,"",""
ball,1,32.6,West Indies,MN Samuels,RR Sarwan,YK Pathan,0,0,"",""
ball,1,33.1,West Indies,RR Sarwan,MN Samuels,SK Raina,0,0,"",""
ball,1,33.2,West Indies,RR Sarwan,MN Samuels,SK Raina,1,0,"",""
ball,1,33.3,West Indies,MN Samuels,RR Sarwan,SK Raina,1,0,"",""
ball,1,33.4,West Indies,RR Sarwan,MN Samuels,SK Raina,1,0,"",""
ball,1,33.5,West Indies,MN Samuels,RR Sarwan,SK Raina,4,0,"",""
ball,1,33.6,West Indies,MN Samuels,RR Sarwan,SK Raina,1,0,"",""
ball,1,34.1,West Indies,MN Samuels,RR Sarwan,A Mishra,0,0,"",""
ball,1,34.2,West Indies,MN Samuels,RR Sarwan,A Mishra,3,0,"",""
ball,1,34.3,West Indies,RR Sarwan,MN Samuels,A Mishra,1,0,"",""
ball,1,34.4,West Indies,MN Samuels,RR Sarwan,A Mishra,4,0,"",""
ball,1,34.5,West Indies,MN Samuels,RR Sarwan,A Mishra,0,0,"",""
ball,1,34.6,West Indies,MN Samuels,RR Sarwan,A Mishra,0,0,"",""
ball,1,35.1,West Indies,RR Sarwan,MN Samuels,YK Pathan,1,0,"",""
ball,1,35.2,West Indies,MN Samuels,RR Sarwan,YK Pathan,4,0,"",""
ball,1,35.3,West Indies,MN Samuels,RR Sarwan,YK Pathan,6,0,"",""
ball,1,35.4,West Indies,MN Samuels,RR Sarwan,YK Pathan,2,0,"",""
ball,1,35.5,West Indies,MN Samuels,RR Sarwan,YK Pathan,0,0,"",""
ball,1,35.6,West Indies,MN Samuels,RR Sarwan,YK Pathan,0,0,stumped,MN Samuels
ball,1,36.1,West Indies,RR Sarwan,DJ Bravo,P Kumar,0,0,"",""
ball,1,36.2,West Indies,RR Sarwan,DJ Bravo,P Kumar,1,0,"",""
ball,1,36.3,West Indies,DJ Bravo,RR Sarwan,P Kumar,0,0,"",""
ball,1,36.4,West Indies,DJ Bravo,RR Sarwan,P Kumar,1,0,"",""
ball,1,36.5,West Indies,RR Sarwan,DJ Bravo,P Kumar,1,0,"",""
ball,1,36.6,West Indies,DJ Bravo,RR Sarwan,P Kumar,1,0,"",""
ball,1,37.1,West Indies,DJ Bravo,RR Sarwan,Harbhajan Singh,0,1,"",""
ball,1,37.2,West Indies,DJ Bravo,RR Sarwan,Harbhajan Singh,0,0,"",""
ball,1,37.3,West Indies,DJ Bravo,RR Sarwan,Harbhajan Singh,0,0,"",""
ball,1,37.4,West Indies,DJ Bravo,RR Sarwan,Harbhajan Singh,2,0,"",""
ball,1,37.5,West Indies,DJ Bravo,RR Sarwan,Harbhajan Singh,0,0,"",""
ball,1,37.6,West Indies,DJ Bravo,RR Sarwan,Harbhajan Singh,1,0,"",""
ball,1,37.7,West Indies,RR Sarwan,DJ Bravo,Harbhajan Singh,1,0,"",""
ball,1,38.1,West Indies,RR Sarwan,DJ Bravo,P Kumar,0,0,"",""
ball,1,38.2,West Indies,RR Sarwan,DJ Bravo,P Kumar,0,0,"",""
ball,1,38.3,West Indies,RR Sarwan,DJ Bravo,P Kumar,4,0,"",""
ball,1,38.4,West Indies,RR Sarwan,DJ Bravo,P Kumar,1,0,"",""
ball,1,38.5,West Indies,DJ Bravo,RR Sarwan,P Kumar,0,0,"",""
ball,1,38.6,West Indies,DJ Bravo,RR Sarwan,P Kumar,0,0,"",""
ball,1,39.1,West Indies,RR Sarwan,DJ Bravo,A Mishra,0,0,"",""
ball,1,39.2,West Indies,RR Sarwan,DJ Bravo,A Mishra,1,0,"",""
ball,1,39.3,West Indies,DJ Bravo,RR Sarwan,A Mishra,0,0,"",""
ball,1,39.4,West Indies,DJ Bravo,RR Sarwan,A Mishra,1,0,"",""
ball,1,39.5,West Indies,RR Sarwan,DJ Bravo,A Mishra,1,0,"",""
ball,1,39.6,West Indies,DJ Bravo,RR Sarwan,A Mishra,0,0,"",""
ball,1,40.1,West Indies,RR Sarwan,DJ Bravo,MM Patel,0,0,"",""
ball,1,40.2,West Indies,RR Sarwan,DJ Bravo,MM Patel,0,0,"",""
ball,1,40.3,West Indies,RR Sarwan,DJ Bravo,MM Patel,0,0,"",""
ball,1,40.4,West Indies,RR Sarwan,DJ Bravo,MM Patel,0,0,"",""
ball,1,40.5,West Indies,RR Sarwan,DJ Bravo,MM Patel,0,0,"",""
ball,1,40.6,West Indies,RR Sarwan,DJ Bravo,MM Patel,0,0,caught,RR Sarwan
ball,1,41.1,West Indies,KA Pollard,DJ Bravo,A Mishra,0,0,"",""
ball,1,41.2,West Indies,KA Pollard,DJ Bravo,A Mishra,0,0,"",""
ball,1,41.3,West Indies,KA Pollard,DJ Bravo,A Mishra,0,0,lbw,KA Pollard
ball,1,41.4,West Indies,CS Baugh,DJ Bravo,A Mishra,0,0,"",""
ball,1,41.5,West Indies,CS Baugh,DJ Bravo,A Mishra,0,0,"",""
ball,1,41.6,West Indies,CS Baugh,DJ Bravo,A Mishra,0,0,"",""
ball,1,42.1,West Indies,DJ Bravo,CS Baugh,MM Patel,1,0,"",""
ball,1,42.2,West Indies,CS Baugh,DJ Bravo,MM Patel,0,0,"",""
ball,1,42.3,West Indies,CS Baugh,DJ Bravo,MM Patel,0,0,"",""
ball,1,42.4,West Indies,CS Baugh,DJ Bravo,MM Patel,1,0,"",""
ball,1,42.5,West Indies,DJ Bravo,CS Baugh,MM Patel,1,0,"",""
ball,1,42.6,West Indies,CS Baugh,DJ Bravo,MM Patel,0,1,"",""
ball,1,43.1,West Indies,CS Baugh,DJ Bravo,A Mishra,1,0,"",""
ball,1,43.2,West Indies,DJ Bravo,CS Baugh,A Mishra,0,0,"",""
ball,1,43.3,West Indies,DJ Bravo,CS Baugh,A Mishra,0,0,caught,DJ Bravo
ball,1,43.4,West Indies,CS Baugh,DJG Sammy,A Mishra,0,0,bowled,CS Baugh
ball,1,43.5,West Indies,R Rampaul,DJG Sammy,A Mishra,0,0,"",""
ball,1,43.6,West Indies,R Rampaul,DJG Sammy,A Mishra,0,0,"",""
ball,1,44.1,West Indies,DJG Sammy,R Rampaul,MM Patel,0,1,"",""
ball,1,44.2,West Indies,DJG Sammy,R Rampaul,MM Patel,0,0,"",""
ball,1,44.3,West Indies,DJG Sammy,R Rampaul,MM Patel,0,0,"",""
ball,1,44.4,West Indies,DJG Sammy,R Rampaul,MM Patel,4,0,"",""
ball,1,44.5,West Indies,DJG Sammy,R Rampaul,MM Patel,1,0,"",""
ball,1,44.6,West Indies,R Rampaul,DJG Sammy,MM Patel,0,1,"",""
ball,1,44.7,West Indies,DJG Sammy,R Rampaul,MM Patel,0,0,"",""
ball,1,45.1,West Indies,R Rampaul,DJG Sammy,Harbhajan Singh,0,0,"",""
ball,1,45.2,West Indies,R Rampaul,DJG Sammy,Harbhajan Singh,4,0,"",""
ball,1,45.3,West Indies,R Rampaul,DJG Sammy,Harbhajan Singh,0,0,"",""
ball,1,45.4,West Indies,R Rampaul,DJG Sammy,Harbhajan Singh,0,0,"",""
ball,1,45.5,West Indies,R Rampaul,DJG Sammy,Harbhajan Singh,0,0,"",""
ball,1,45.6,West Indies,R Rampaul,DJG Sammy,Harbhajan Singh,4,0,"",""
ball,1,46.1,West Indies,DJG Sammy,R Rampaul,P Kumar,0,0,"",""
ball,1,46.2,West Indies,DJG Sammy,R Rampaul,P Kumar,0,1,"",""
ball,1,46.3,West Indies,DJG Sammy,R Rampaul,P Kumar,0,0,"",""
ball,1,46.4,West Indies,DJG Sammy,R Rampaul,P Kumar,1,0,"",""
ball,1,46.5,West Indies,R Rampaul,DJG Sammy,P Kumar,1,0,"",""
ball,1,46.6,West Indies,DJG Sammy,R Rampaul,P Kumar,0,0,"",""
ball,1,46.7,West Indies,DJG Sammy,R Rampaul,P Kumar,6,0,"",""
ball,1,47.1,West Indies,R Rampaul,DJG Sammy,Harbhajan Singh,0,0,"",""
ball,1,47.2,West Indies,R Rampaul,DJG Sammy,Harbhajan Singh,4,0,"",""
ball,1,47.3,West Indies,R Rampaul,DJG Sammy,Harbhajan Singh,0,0,"",""
ball,1,47.4,West Indies,R Rampaul,DJG Sammy,Harbhajan Singh,1,0,"",""
ball,1,47.5,West Indies,DJG Sammy,R Rampaul,Harbhajan Singh,1,0,"",""
ball,1,47.6,West Indies,R Rampaul,DJG Sammy,Harbhajan Singh,0,0,"",""
ball,1,48.1,West Indies,DJG Sammy,R Rampaul,MM Patel,1,0,"",""
ball,1,48.2,West Indies,R Rampaul,DJG Sammy,MM Patel,0,0,caught,R Rampaul
ball,1,48.3,West Indies,DJG Sammy,D Bishoo,MM Patel,1,0,"",""
ball,1,48.4,West Indies,D Bishoo,DJG Sammy,MM Patel,0,0,"",""
ball,1,48.5,West Indies,D Bishoo,DJG Sammy,MM Patel,0,0,caught,D Bishoo
ball,1,48.6,West Indies,A Martin,DJG Sammy,MM Patel,0,0,"",""
ball,1,49.1,West Indies,DJG Sammy,A Martin,P Kumar,0,0,"",""
ball,1,49.2,West Indies,DJG Sammy,A Martin,P Kumar,0,0,"",""
ball,1,49.3,West Indies,DJG Sammy,A Martin,P Kumar,0,4,"",""
ball,1,49.4,West Indies,DJG Sammy,A Martin,P Kumar,0,0,"",""
ball,1,49.5,West Indies,DJG Sammy,A Martin,P Kumar,6,0,"",""
ball,1,49.6,West Indies,DJG Sammy,A Martin,P Kumar,1,0,"",""
ball,2,0.1,India,PA Patel,S Dhawan,R Rampaul,0,1,"",""
ball,2,0.2,India,PA Patel,S Dhawan,R Rampaul,0,0,"",""
ball,2,0.3,India,PA Patel,S Dhawan,R Rampaul,0,0,"",""
ball,2,0.4,India,PA Patel,S Dhawan,R Rampaul,0,0,"",""
ball,2,0.5,India,PA Patel,S Dhawan,R Rampaul,0,0,"",""
ball,2,0.6,India,PA Patel,S Dhawan,R Rampaul,0,0,"",""
ball,2,0.7,India,PA Patel,S Dhawan,R Rampaul,0,0,"",""
ball,2,1.1,India,S Dhawan,PA Patel,DJG Sammy,0,0,"",""
ball,2,1.2,India,S Dhawan,PA Patel,DJG Sammy,2,0,"",""
ball,2,1.3,India,S Dhawan,PA Patel,DJG Sammy,1,0,"",""
ball,2,1.4,India,PA Patel,S Dhawan,DJG Sammy,0,0,"",""
ball,2,1.5,India,PA Patel,S Dhawan,DJG Sammy,0,0,"",""
ball,2,1.6,India,PA Patel,S Dhawan,DJG Sammy,4,0,"",""
ball,2,2.1,India,S Dhawan,PA Patel,R Rampaul,0,0,caught,S Dhawan
ball,2,2.2,India,V Kohli,PA Patel,R Rampaul,0,0,"",""
ball,2,2.3,India,V Kohli,PA Patel,R Rampaul,0,1,"",""
ball,2,2.4,India,V Kohli,PA Patel,R Rampaul,0,0,"",""
ball,2,2.5,India,V Kohli,PA Patel,R Rampaul,2,0,"",""
ball,2,2.6,India,V Kohli,PA Patel,R Rampaul,1,0,"",""
ball,2,2.7,India,PA Patel,V Kohli,R Rampaul,0,0,"",""
ball,2,3.1,India,V Kohli,PA Patel,DJG Sammy,0,0,"",""
ball,2,3.2,India,V Kohli,PA Patel,DJG Sammy,0,0,"",""
ball,2,3.3,India,V Kohli,PA Patel,DJG Sammy,0,0,"",""
ball,2,3.4,India,V Kohli,PA Patel,DJG Sammy,0,0,"",""
ball,2,3.5,India,V Kohli,PA Patel,DJG Sammy,0,0,"",""
ball,2,3.6,India,V Kohli,PA Patel,DJG Sammy,1,0,"",""
ball,2,4.1,India,V Kohli,PA Patel,R Rampaul,0,0,"",""
ball,2,4.2,India,V Kohli,PA Patel,R Rampaul,0,0,"",""
ball,2,4.3,India,V Kohli,PA Patel,R Rampaul,0,0,"",""
ball,2,4.4,India,V Kohli,PA Patel,R Rampaul,4,0,"",""
ball,2,4.5,India,V Kohli,PA Patel,R Rampaul,1,0,"",""
ball,2,4.6,India,PA Patel,V Kohli,R Rampaul,3,0,"",""
ball,2,5.1,India,PA Patel,V Kohli,DJG Sammy,0,0,"",""
ball,2,5.2,India,PA Patel,V Kohli,DJG Sammy,0,0,"",""
ball,2,5.3,India,PA Patel,V Kohli,DJG Sammy,6,0,"",""
ball,2,5.4,India,PA Patel,V Kohli,DJG Sammy,0,0,"",""
ball,2,5.5,India,PA Patel,V Kohli,DJG Sammy,1,0,"",""
ball,2,5.6,India,V Kohli,PA Patel,DJG Sammy,1,0,"",""
ball,2,6.1,India,V Kohli,PA Patel,R Rampaul,0,0,"",""
ball,2,6.2,India,V Kohli,PA Patel,R Rampaul,0,0,"",""
ball,2,6.3,India,V Kohli,PA Patel,R Rampaul,0,0,"",""
ball,2,6.4,India,V Kohli,PA Patel,R Rampaul,0,0,"",""
ball,2,6.5,India,V Kohli,PA Patel,R Rampaul,0,0,"",""
ball,2,6.6,India,V Kohli,PA Patel,R Rampaul,1,0,"",""
ball,2,7.1,India,V Kohli,PA Patel,DJG Sammy,0,0,"",""
ball,2,7.2,India,V Kohli,PA Patel,DJG Sammy,0,0,"",""
ball,2,7.3,India,V Kohli,PA Patel,DJG Sammy,0,0,"",""
ball,2,7.4,India,V Kohli,PA Patel,DJG Sammy,0,0,"",""
ball,2,7.5,India,V Kohli,PA Patel,DJG Sammy,0,0,"",""
ball,2,7.6,India,V Kohli,PA Patel,DJG Sammy,0,0,"",""
ball,2,8.1,India,PA Patel,V Kohli,R Rampaul,0,0,"",""
ball,2,8.2,India,PA Patel,V Kohli,R Rampaul,1,0,"",""
ball,2,8.3,India,V Kohli,PA Patel,R Rampaul,4,0,"",""
ball,2,8.4,India,V Kohli,PA Patel,R Rampaul,0,0,"",""
ball,2,8.5,India,V Kohli,PA Patel,R Rampaul,0,0,"",""
ball,2,8.6,India,V Kohli,PA Patel,R Rampaul,4,0,"",""
ball,2,9.1,India,PA Patel,V Kohli,DJG Sammy,0,0,"",""
ball,2,9.2,India,PA Patel,V Kohli,DJG Sammy,1,0,"",""
ball,2,9.3,India,V Kohli,PA Patel,DJG Sammy,0,0,"",""
ball,2,9.4,India,V Kohli,PA Patel,DJG Sammy,4,0,"",""
ball,2,9.5,India,V Kohli,PA Patel,DJG Sammy,0,0,"",""
ball,2,9.6,India,V Kohli,PA Patel,DJG Sammy,1,0,"",""
ball,2,10.1,India,V Kohli,PA Patel,DJ Bravo,1,0,"",""
ball,2,10.2,India,PA Patel,V Kohli,DJ Bravo,2,0,"",""
ball,2,10.3,India,PA Patel,V Kohli,DJ Bravo,0,0,"",""
ball,2,10.4,India,PA Patel,V Kohli,DJ Bravo,2,0,"",""
ball,2,10.5,India,PA Patel,V Kohli,DJ Bravo,0,0,"",""
ball,2,10.6,India,PA Patel,V Kohli,DJ Bravo,1,0,"",""
ball,2,11.1,India,PA Patel,V Kohli,DJG Sammy,0,0,"",""
ball,2,11.2,India,PA Patel,V Kohli,DJG Sammy,1,0,"",""
ball,2,11.3,India,V Kohli,PA Patel,DJG Sammy,0,0,"",""
ball,2,11.4,India,V Kohli,PA Patel,DJG Sammy,0,0,"",""
ball,2,11.5,India,V Kohli,PA Patel,DJG Sammy,1,0,"",""
ball,2,11.6,India,PA Patel,V Kohli,DJG Sammy,0,0,"",""
ball,2,12.1,India,V Kohli,PA Patel,DJ Bravo,0,0,"",""
ball,2,12.2,India,V Kohli,PA Patel,DJ Bravo,1,0,"",""
ball,2,12.3,India,PA Patel,V Kohli,DJ Bravo,1,0,"",""
ball,2,12.4,India,V Kohli,PA Patel,DJ Bravo,0,0,"",""
ball,2,12.5,India,V Kohli,PA Patel,DJ Bravo,0,0,"",""
ball,2,12.6,India,V Kohli,PA Patel,DJ Bravo,1,0,"",""
ball,2,13.1,India,V Kohli,PA Patel,DJG Sammy,1,0,"",""
ball,2,13.2,India,PA Patel,V Kohli,DJG Sammy,1,0,"",""
ball,2,13.3,India,V Kohli,PA Patel,DJG Sammy,0,0,"",""
ball,2,13.4,India,V Kohli,PA Patel,DJG Sammy,0,0,"",""
ball,2,13.5,India,V Kohli,PA Patel,DJG Sammy,2,0,"",""
ball,2,13.6,India,V Kohli,PA Patel,DJG Sammy,0,0,"",""
ball,2,14.1,India,PA Patel,V Kohli,DJ Bravo,1,0,"",""
ball,2,14.2,India,V Kohli,PA Patel,DJ Bravo,2,0,"",""
ball,2,14.3,India,V Kohli,PA Patel,DJ Bravo,1,0,"",""
ball,2,14.4,India,PA Patel,V Kohli,DJ Bravo,1,0,"",""
ball,2,14.5,India,V Kohli,PA Patel,DJ Bravo,0,1,"",""
ball,2,14.6,India,V Kohli,PA Patel,DJ Bravo,1,0,"",""
ball,2,14.7,India,PA Patel,V Kohli,DJ Bravo,4,0,"",""
ball,2,15.1,India,V Kohli,PA Patel,DJG Sammy,1,0,"",""
ball,2,15.2,India,PA Patel,V Kohli,DJG Sammy,0,0,"",""
ball,2,15.3,India,PA Patel,V Kohli,DJG Sammy,1,0,"",""
ball,2,15.4,India,V Kohli,PA Patel,DJG Sammy,1,0,"",""
ball,2,15.5,India,PA Patel,V Kohli,DJG Sammy,0,0,"",""
ball,2,15.6,India,PA Patel,V Kohli,DJG Sammy,0,0,"",""
ball,2,16.1,India,V Kohli,PA Patel,D Bishoo,1,0,"",""
ball,2,16.2,India,PA Patel,V Kohli,D Bishoo,1,0,"",""
ball,2,16.3,India,V Kohli,PA Patel,D Bishoo,2,0,"",""
ball,2,16.4,India,V Kohli,PA Patel,D Bishoo,0,0,"",""
ball,2,16.5,India,V Kohli,PA Patel,D Bishoo,0,0,"",""
ball,2,16.6,India,V Kohli,PA Patel,D Bishoo,0,0,"",""
ball,2,17.1,India,PA Patel,V Kohli,DJG Sammy,0,0,"",""
ball,2,17.2,India,PA Patel,V Kohli,DJG Sammy,0,0,"",""
ball,2,17.3,India,PA Patel,V Kohli,DJG Sammy,1,0,"",""
ball,2,17.4,India,V Kohli,PA Patel,DJG Sammy,1,0,"",""
ball,2,17.5,India,PA Patel,V Kohli,DJG Sammy,1,0,"",""
ball,2,17.6,India,V Kohli,PA Patel,DJG Sammy,1,0,"",""
ball,2,18.1,India,V Kohli,PA Patel,D Bishoo,0,0,"",""
ball,2,18.2,India,V Kohli,PA Patel,D Bishoo,1,0,"",""
ball,2,18.3,India,PA Patel,V Kohli,D Bishoo,1,0,"",""
ball,2,18.4,India,V Kohli,PA Patel,D Bishoo,1,0,"",""
ball,2,18.5,India,PA Patel,V Kohli,D Bishoo,1,1,"",""
ball,2,18.6,India,V Kohli,PA Patel,D Bishoo,1,1,"",""
ball,2,18.7,India,PA Patel,V Kohli,D Bishoo,1,0,"",""
ball,2,18.8,India,V Kohli,PA Patel,D Bishoo,1,0,"",""
ball,2,19.1,India,V Kohli,PA Patel,DJG Sammy,0,0,"",""
ball,2,19.2,India,V Kohli,PA Patel,DJG Sammy,0,0,"",""
ball,2,19.3,India,V Kohli,PA Patel,DJG Sammy,1,0,"",""
ball,2,19.4,India,PA Patel,V Kohli,DJG Sammy,1,0,"",""
ball,2,19.5,India,V Kohli,PA Patel,DJG Sammy,0,0,"",""
ball,2,19.6,India,V Kohli,PA Patel,DJG Sammy,1,0,"",""
ball,2,20.1,India,V Kohli,PA Patel,D Bishoo,0,0,"",""
ball,2,20.2,India,V Kohli,PA Patel,D Bishoo,0,0,"",""
ball,2,20.3,India,V Kohli,PA Patel,D Bishoo,1,0,"",""
ball,2,20.4,India,PA Patel,V Kohli,D Bishoo,2,0,"",""
ball,2,20.5,India,PA Patel,V Kohli,D Bishoo,1,0,"",""
ball,2,20.6,India,V Kohli,PA Patel,D Bishoo,0,0,"",""
ball,2,21.1,India,PA Patel,V Kohli,A Martin,0,0,"",""
ball,2,21.2,India,PA Patel,V Kohli,A Martin,0,0,"",""
ball,2,21.3,India,PA Patel,V Kohli,A Martin,0,0,"",""
ball,2,21.4,India,PA Patel,V Kohli,A Martin,1,0,"",""
ball,2,21.5,India,V Kohli,PA Patel,A Martin,0,0,"",""
ball,2,21.6,India,V Kohli,PA Patel,A Martin,1,0,"",""
ball,2,22.1,India,V Kohli,PA Patel,D Bishoo,0,0,"",""
ball,2,22.2,India,V Kohli,PA Patel,D Bishoo,1,0,"",""
ball,2,22.3,India,PA Patel,V Kohli,D Bishoo,1,0,"",""
ball,2,22.4,India,V Kohli,PA Patel,D Bishoo,0,0,"",""
ball,2,22.5,India,V Kohli,PA Patel,D Bishoo,1,0,"",""
ball,2,22.6,India,PA Patel,V Kohli,D Bishoo,1,0,"",""
ball,2,23.1,India,PA Patel,V Kohli,A Martin,1,0,"",""
ball,2,23.2,India,V Kohli,PA Patel,A Martin,1,0,"",""
ball,2,23.3,India,PA Patel,V Kohli,A Martin,0,0,"",""
ball,2,23.4,India,PA Patel,V Kohli,A Martin,6,0,"",""
ball,2,23.5,India,PA Patel,V Kohli,A Martin,1,0,"",""
ball,2,23.6,India,V Kohli,PA Patel,A Martin,1,0,"",""
ball,2,24.1,India,V Kohli,PA Patel,D Bishoo,1,0,"",""
ball,2,24.2,India,PA Patel,V Kohli,D Bishoo,0,0,"",""
ball,2,24.3,India,PA Patel,V Kohli,D Bishoo,1,0,"",""
ball,2,24.4,India,V Kohli,PA Patel,D Bishoo,0,0,"",""
ball,2,24.5,India,V Kohli,PA Patel,D Bishoo,0,0,"",""
ball,2,24.6,India,V Kohli,PA Patel,D Bishoo,0,0,"",""
ball,2,25.1,India,PA Patel,V Kohli,KA Pollard,1,0,"",""
ball,2,25.2,India,V Kohli,PA Patel,KA Pollard,1,0,"",""
ball,2,25.3,India,PA Patel,V Kohli,KA Pollard,1,0,"",""
ball,2,25.4,India,V Kohli,PA Patel,KA Pollard,1,0,"",""
ball,2,25.5,India,PA Patel,V Kohli,KA Pollard,1,0,"",""
ball,2,25.6,India,V Kohli,PA Patel,KA Pollard,0,5,"",""
ball,2,25.7,India,V Kohli,PA Patel,KA Pollard,2,0,"",""
ball,2,26.1,India,PA Patel,V Kohli,A Martin,0,0,caught,PA Patel
ball,2,26.2,India,SK Raina,V Kohli,A Martin,1,0,"",""
ball,2,26.3,India,V Kohli,SK Raina,A Martin,1,0,"",""
ball,2,26.4,India,SK Raina,V Kohli,A Martin,1,0,"",""
ball,2,26.5,India,V Kohli,SK Raina,A Martin,1,0,"",""
ball,2,26.6,India,SK Raina,V Kohli,A Martin,1,0,"",""
ball,2,27.1,India,SK Raina,V Kohli,KA Pollard,0,0,"",""
ball,2,27.2,India,SK Raina,V Kohli,KA Pollard,0,0,"",""
ball,2,27.3,India,SK Raina,V Kohli,KA Pollard,2,0,"",""
ball,2,27.4,India,SK Raina,V Kohli,KA Pollard,1,0,"",""
ball,2,27.5,India,V Kohli,SK Raina,KA Pollard,0,0,"",""
ball,2,27.6,India,V Kohli,SK Raina,KA Pollard,2,0,"",""
ball,2,28.1,India,SK Raina,V Kohli,A Martin,6,0,"",""
ball,2,28.2,India,SK Raina,V Kohli,A Martin,4,0,"",""
ball,2,28.3,India,SK Raina,V Kohli,A Martin,0,0,"",""
ball,2,28.4,India,SK Raina,V Kohli,A Martin,0,0,"",""
ball,2,28.5,India,SK Raina,V Kohli,A Martin,1,0,"",""
ball,2,28.6,India,V Kohli,SK Raina,A Martin,1,0,"",""
ball,2,29.1,India,V Kohli,SK Raina,KA Pollard,1,0,"",""
ball,2,29.2,India,SK Raina,V Kohli,KA Pollard,1,0,"",""
ball,2,29.3,India,V Kohli,SK Raina,KA Pollard,4,0,"",""
ball,2,29.4,India,V Kohli,SK Raina,KA Pollard,1,0,"",""
ball,2,29.5,India,SK Raina,V Kohli,KA Pollard,2,0,"",""
ball,2,29.6,India,SK Raina,V Kohli,KA Pollard,1,0,"",""
ball,2,30.1,India,SK Raina,V Kohli,D Bishoo,1,0,"",""
ball,2,30.2,India,V Kohli,SK Raina,D Bishoo,4,0,"",""
ball,2,30.3,India,V Kohli,SK Raina,D Bishoo,1,0,"",""
ball,2,30.4,India,SK Raina,V Kohli,D Bishoo,1,0,"",""
ball,2,30.5,India,V Kohli,SK Raina,D Bishoo,6,0,"",""
ball,2,30.6,India,V Kohli,SK Raina,D Bishoo,0,0,caught,V Kohli
ball,2,31.1,India,SK Raina,RG Sharma,R Rampaul,1,0,"",""
ball,2,31.2,India,RG Sharma,SK Raina,R Rampaul,0,0,"",""
ball,2,31.3,India,RG Sharma,SK Raina,R Rampaul,0,0,"",""
ball,2,31.4,India,RG Sharma,SK Raina,R Rampaul,0,0,"",""
ball,2,31.5,India,RG Sharma,SK Raina,R Rampaul,0,0,"",""
ball,2,31.6,India,RG Sharma,SK Raina,R Rampaul,1,0,"",""
ball,2,32.1,India,RG Sharma,SK Raina,D Bishoo,0,0,"",""
ball,2,32.2,India,RG Sharma,SK Raina,D Bishoo,0,0,"",""
ball,2,32.3,India,RG Sharma,SK Raina,D Bishoo,0,0,"",""
ball,2,32.4,India,RG Sharma,SK Raina,D Bishoo,0,0,"",""
ball,2,32.5,India,RG Sharma,SK Raina,D Bishoo,0,0,"",""
ball,2,32.6,India,RG Sharma,SK Raina,D Bishoo,1,0,"",""
ball,2,33.1,India,RG Sharma,SK Raina,R Rampaul,0,0,"",""
ball,2,33.2,India,RG Sharma,SK Raina,R Rampaul,4,0,"",""
ball,2,33.3,India,RG Sharma,SK Raina,R Rampaul,1,0,"",""
ball,2,33.4,India,SK Raina,RG Sharma,R Rampaul,2,0,"",""
