version,1.3.0
info,team,Bangladesh
info,team,Australia
info,gender,male
info,season,2011
info,date,2011/04/13
info,series,Australia in Bangladesh ODI Series
info,match_number,3
info,venue,Shere Bangla National Stadium
info,city,Mirpur
info,toss_winner,Australia
info,toss_decision,bat
info,player_of_match,MEK Hussey
info,umpire,JD Cloete
info,umpire,Enamul Haque
info,reserve_umpire,Masudur Rahman
info,tv_umpire,Sharfuddoula
info,match_referee,RS Mahanama
info,winner,Australia
info,winner_runs,66
ball,1,0.1,Australia,SR Watson,RT Ponting,Shafiul Islam,0,0,"",""
ball,1,0.2,Australia,SR Watson,RT Ponting,Shafiul Islam,0,0,"",""
ball,1,0.3,Australia,SR Watson,RT Ponting,Shafiul Islam,4,0,"",""
ball,1,0.4,Australia,SR Watson,RT Ponting,Shafiul Islam,0,0,"",""
ball,1,0.5,Australia,SR Watson,RT Ponting,Shafiul Islam,4,0,"",""
ball,1,0.6,Australia,SR Watson,RT Ponting,Shafiul Islam,0,0,"",""
ball,1,1.1,Australia,RT Ponting,SR Watson,Mashrafe Mortaza,0,0,"",""
ball,1,1.2,Australia,RT Ponting,SR Watson,Mashrafe Mortaza,4,0,"",""
ball,1,1.3,Australia,RT Ponting,SR Watson,Mashrafe Mortaza,0,0,"",""
ball,1,1.4,Australia,RT Ponting,SR Watson,Mashrafe Mortaza,0,0,"",""
ball,1,1.5,Australia,RT Ponting,SR Watson,Mashrafe Mortaza,1,0,"",""
ball,1,1.6,Australia,SR Watson,RT Ponting,Mashrafe Mortaza,1,0,"",""
ball,1,2.1,Australia,SR Watson,RT Ponting,Shafiul Islam,4,0,"",""
ball,1,2.2,Australia,SR Watson,RT Ponting,Shafiul Islam,4,0,"",""
ball,1,2.3,Australia,SR Watson,RT Ponting,Shafiul Islam,4,0,"",""
ball,1,2.4,Australia,SR Watson,RT Ponting,Shafiul Islam,0,0,"",""
ball,1,2.5,Australia,SR Watson,RT Ponting,Shafiul Islam,0,0,"",""
ball,1,2.6,Australia,SR Watson,RT Ponting,Shafiul Islam,4,0,"",""
ball,1,3.1,Australia,RT Ponting,SR Watson,Mashrafe Mortaza,0,0,"",""
ball,1,3.2,Australia,RT Ponting,SR Watson,Mashrafe Mortaza,0,0,"",""
ball,1,3.3,Australia,RT Ponting,SR Watson,Mashrafe Mortaza,4,0,"",""
ball,1,3.4,Australia,RT Ponting,SR Watson,Mashrafe Mortaza,4,0,"",""
ball,1,3.5,Australia,RT Ponting,SR Watson,Mashrafe Mortaza,0,0,"",""
ball,1,3.6,Australia,RT Ponting,SR Watson,Mashrafe Mortaza,6,0,"",""
ball,1,4.1,Australia,SR Watson,RT Ponting,Shafiul Islam,1,0,"",""
ball,1,4.2,Australia,RT Ponting,SR Watson,Shafiul Islam,4,0,"",""
ball,1,4.3,Australia,RT Ponting,SR Watson,Shafiul Islam,0,0,"",""
ball,1,4.4,Australia,RT Ponting,SR Watson,Shafiul Islam,1,0,"",""
ball,1,4.5,Australia,SR Watson,RT Ponting,Shafiul Islam,4,0,"",""
ball,1,4.6,Australia,SR Watson,RT Ponting,Shafiul Islam,1,0,"",""
ball,1,5.1,Australia,SR Watson,RT Ponting,Mashrafe Mortaza,4,0,"",""
ball,1,5.2,Australia,SR Watson,RT Ponting,Mashrafe Mortaza,0,0,"",""
ball,1,5.3,Australia,SR Watson,RT Ponting,Mashrafe Mortaza,0,1,"",""
ball,1,5.4,Australia,SR Watson,RT Ponting,Mashrafe Mortaza,1,0,"",""
ball,1,5.5,Australia,RT Ponting,SR Watson,Mashrafe Mortaza,0,0,"",""
ball,1,5.6,Australia,RT Ponting,SR Watson,Mashrafe Mortaza,1,0,"",""
ball,1,5.7,Australia,SR Watson,RT Ponting,Mashrafe Mortaza,4,0,"",""
ball,1,6.1,Australia,RT Ponting,SR Watson,Shafiul Islam,0,0,"",""
ball,1,6.2,Australia,RT Ponting,SR Watson,Shafiul Islam,1,0,"",""
ball,1,6.3,Australia,SR Watson,RT Ponting,Shafiul Islam,1,0,"",""
ball,1,6.4,Australia,RT Ponting,SR Watson,Shafiul Islam,0,0,"",""
ball,1,6.5,Australia,RT Ponting,SR Watson,Shafiul Islam,0,0,"",""
ball,1,6.6,Australia,RT Ponting,SR Watson,Shafiul Islam,0,0,"",""
ball,1,7.1,Australia,SR Watson,RT Ponting,Mashrafe Mortaza,1,0,"",""
ball,1,7.2,Australia,RT Ponting,SR Watson,Mashrafe Mortaza,0,0,"",""
ball,1,7.3,Australia,RT Ponting,SR Watson,Mashrafe Mortaza,4,0,"",""
ball,1,7.4,Australia,RT Ponting,SR Watson,Mashrafe Mortaza,1,0,"",""
ball,1,7.5,Australia,SR Watson,RT Ponting,Mashrafe Mortaza,6,0,"",""
ball,1,7.6,Australia,SR Watson,RT Ponting,Mashrafe Mortaza,0,0,"",""
ball,1,8.1,Australia,RT Ponting,SR Watson,Shakib Al Hasan,0,0,"",""
ball,1,8.2,Australia,RT Ponting,SR Watson,Shakib Al Hasan,1,0,"",""
ball,1,8.3,Australia,SR Watson,RT Ponting,Shakib Al Hasan,6,1,"",""
ball,1,8.4,Australia,SR Watson,RT Ponting,Shakib Al Hasan,0,0,"",""
ball,1,8.5,Australia,SR Watson,RT Ponting,Shakib Al Hasan,0,0,"",""
ball,1,8.6,Australia,SR Watson,RT Ponting,Shakib Al Hasan,4,0,"",""
ball,1,8.7,Australia,SR Watson,RT Ponting,Shakib Al Hasan,1,0,"",""
ball,1,9.1,Australia,SR Watson,RT Ponting,Abdur Razzak,0,0,"",""
ball,1,9.2,Australia,SR Watson,RT Ponting,Abdur Razzak,0,0,"",""
ball,1,9.3,Australia,SR Watson,RT Ponting,Abdur Razzak,4,0,"",""
ball,1,9.4,Australia,SR Watson,RT Ponting,Abdur Razzak,1,0,"",""
ball,1,9.5,Australia,RT Ponting,SR Watson,Abdur Razzak,1,0,"",""
ball,1,9.6,Australia,SR Watson,RT Ponting,Abdur Razzak,1,0,"",""
ball,1,10.1,Australia,SR Watson,RT Ponting,Shakib Al Hasan,0,0,"",""
ball,1,10.2,Australia,SR Watson,RT Ponting,Shakib Al Hasan,0,0,"",""
ball,1,10.3,Australia,SR Watson,RT Ponting,Shakib Al Hasan,1,0,"",""
ball,1,10.4,Australia,RT Ponting,SR Watson,Shakib Al Hasan,1,0,"",""
ball,1,10.5,Australia,SR Watson,RT Ponting,Shakib Al Hasan,0,0,"",""
ball,1,10.6,Australia,SR Watson,RT Ponting,Shakib Al Hasan,6,0,"",""
ball,1,11.1,Australia,RT Ponting,SR Watson,Abdur Razzak,0,0,"",""
ball,1,11.2,Australia,RT Ponting,SR Watson,Abdur Razzak,0,0,"",""
ball,1,11.3,Australia,RT Ponting,SR Watson,Abdur Razzak,0,1,"",""
ball,1,11.4,Australia,RT Ponting,SR Watson,Abdur Razzak,0,0,"",""
ball,1,11.5,Australia,RT Ponting,SR Watson,Abdur Razzak,1,0,"",""
ball,1,11.6,Australia,SR Watson,RT Ponting,Abdur Razzak,0,0,bowled,SR Watson
ball,1,11.7,Australia,MJ Clarke,RT Ponting,Abdur Razzak,4,0,"",""
ball,1,12.1,Australia,RT Ponting,MJ Clarke,Shakib Al Hasan,0,0,"",""
ball,1,12.2,Australia,RT Ponting,MJ Clarke,Shakib Al Hasan,0,0,"",""
ball,1,12.3,Australia,RT Ponting,MJ Clarke,Shakib Al Hasan,0,0,"",""
ball,1,12.4,Australia,RT Ponting,MJ Clarke,Shakib Al Hasan,4,0,"",""
ball,1,12.5,Australia,RT Ponting,MJ Clarke,Shakib Al Hasan,2,0,"",""
ball,1,12.6,Australia,RT Ponting,MJ Clarke,Shakib Al Hasan,0,0,"",""
ball,1,13.1,Australia,MJ Clarke,RT Ponting,Abdur Razzak,1,0,"",""
ball,1,13.2,Australia,RT Ponting,MJ Clarke,Abdur Razzak,0,0,"",""
ball,1,13.3,Australia,RT Ponting,MJ Clarke,Abdur Razzak,4,0,"",""
ball,1,13.4,Australia,RT Ponting,MJ Clarke,Abdur Razzak,2,0,"",""
ball,1,13.5,Australia,RT Ponting,MJ Clarke,Abdur Razzak,0,0,"",""
ball,1,13.6,Australia,RT Ponting,MJ Clarke,Abdur Razzak,0,0,"",""
ball,1,14.1,Australia,MJ Clarke,RT Ponting,Shakib Al Hasan,1,0,"",""
ball,1,14.2,Australia,RT Ponting,MJ Clarke,Shakib Al Hasan,0,0,"",""
ball,1,14.3,Australia,RT Ponting,MJ Clarke,Shakib Al Hasan,0,0,"",""
ball,1,14.4,Australia,RT Ponting,MJ Clarke,Shakib Al Hasan,0,0,"",""
ball,1,14.5,Australia,RT Ponting,MJ Clarke,Shakib Al Hasan,0,0,"",""
ball,1,14.6,Australia,RT Ponting,MJ Clarke,Shakib Al Hasan,0,0,"",""
ball,1,15.1,Australia,MJ Clarke,RT Ponting,Abdur Razzak,1,0,"",""
ball,1,15.2,Australia,RT Ponting,MJ Clarke,Abdur Razzak,0,0,"",""
ball,1,15.3,Australia,RT Ponting,MJ Clarke,Abdur Razzak,0,0,lbw,RT Ponting
ball,1,15.4,Australia,SPD Smith,MJ Clarke,Abdur Razzak,0,0,"",""
ball,1,15.5,Australia,SPD Smith,MJ Clarke,Abdur Razzak,0,0,"",""
ball,1,15.6,Australia,SPD Smith,MJ Clarke,Abdur Razzak,0,0,"",""
ball,1,16.1,Australia,MJ Clarke,SPD Smith,Suhrawadi Shuvo,0,0,"",""
ball,1,16.2,Australia,MJ Clarke,SPD Smith,Suhrawadi Shuvo,0,0,"",""
ball,1,16.3,Australia,MJ Clarke,SPD Smith,Suhrawadi Shuvo,0,0,"",""
ball,1,16.4,Australia,MJ Clarke,SPD Smith,Suhrawadi Shuvo,0,0,"",""
ball,1,16.5,Australia,MJ Clarke,SPD Smith,Suhrawadi Shuvo,0,0,"",""
ball,1,16.6,Australia,MJ Clarke,SPD Smith,Suhrawadi Shuvo,1,0,"",""
ball,1,17.1,Australia,MJ Clarke,SPD Smith,Abdur Razzak,4,0,"",""
ball,1,17.2,Australia,MJ Clarke,SPD Smith,Abdur Razzak,1,0,"",""
ball,1,17.3,Australia,SPD Smith,MJ Clarke,Abdur Razzak,1,0,"",""
ball,1,17.4,Australia,MJ Clarke,SPD Smith,Abdur Razzak,0,0,"",""
ball,1,17.5,Australia,MJ Clarke,SPD Smith,Abdur Razzak,1,0,"",""
ball,1,17.6,Australia,SPD Smith,MJ Clarke,Abdur Razzak,0,0,"",""
ball,1,18.1,Australia,MJ Clarke,SPD Smith,Suhrawadi Shuvo,0,0,"",""
ball,1,18.2,Australia,MJ Clarke,SPD Smith,Suhrawadi Shuvo,1,0,"",""
ball,1,18.3,Australia,SPD Smith,MJ Clarke,Suhrawadi Shuvo,0,0,"",""
ball,1,18.4,Australia,SPD Smith,MJ Clarke,Suhrawadi Shuvo,4,0,"",""
ball,1,18.5,Australia,SPD Smith,MJ Clarke,Suhrawadi Shuvo,0,0,"",""
ball,1,18.6,Australia,SPD Smith,MJ Clarke,Suhrawadi Shuvo,0,0,caught and bowled,SPD Smith
ball,1,19.1,Australia,MJ Clarke,MEK Hussey,Alok Kapali,1,0,"",""
ball,1,19.2,Australia,MEK Hussey,MJ Clarke,Alok Kapali,0,0,"",""
ball,1,19.3,Australia,MEK Hussey,MJ Clarke,Alok Kapali,0,0,"",""
ball,1,19.4,Australia,MEK Hussey,MJ Clarke,Alok Kapali,1,0,"",""
ball,1,19.5,Australia,MJ Clarke,MEK Hussey,Alok Kapali,1,0,"",""
ball,1,19.6,Australia,MEK Hussey,MJ Clarke,Alok Kapali,1,0,"",""
ball,1,20.1,Australia,MEK Hussey,MJ Clarke,Suhrawadi Shuvo,1,0,"",""
ball,1,20.2,Australia,MJ Clarke,MEK Hussey,Suhrawadi Shuvo,1,0,"",""
ball,1,20.3,Australia,MEK Hussey,MJ Clarke,Suhrawadi Shuvo,1,0,"",""
ball,1,20.4,Australia,MJ Clarke,MEK Hussey,Suhrawadi Shuvo,1,0,"",""
ball,1,20.5,Australia,MEK Hussey,MJ Clarke,Suhrawadi Shuvo,2,0,"",""
ball,1,20.6,Australia,MEK Hussey,MJ Clarke,Suhrawadi Shuvo,0,0,"",""
ball,1,21.1,Australia,MJ Clarke,MEK Hussey,Alok Kapali,0,0,"",""
ball,1,21.2,Australia,MJ Clarke,MEK Hussey,Alok Kapali,1,0,"",""
ball,1,21.3,Australia,MEK Hussey,MJ Clarke,Alok Kapali,1,0,"",""
ball,1,21.4,Australia,MJ Clarke,MEK Hussey,Alok Kapali,0,0,"",""
ball,1,21.5,Australia,MJ Clarke,MEK Hussey,Alok Kapali,1,0,"",""
ball,1,21.6,Australia,MEK Hussey,MJ Clarke,Alok Kapali,1,0,"",""
ball,1,22.1,Australia,MEK Hussey,MJ Clarke,Suhrawadi Shuvo,4,0,"",""
ball,1,22.2,Australia,MEK Hussey,MJ Clarke,Suhrawadi Shuvo,1,0,"",""
ball,1,22.3,Australia,MJ Clarke,MEK Hussey,Suhrawadi Shuvo,0,0,"",""
ball,1,22.4,Australia,MJ Clarke,MEK Hussey,Suhrawadi Shuvo,0,0,"",""
ball,1,22.5,Australia,MJ Clarke,MEK Hussey,Suhrawadi Shuvo,3,0,"",""
ball,1,22.6,Australia,MEK Hussey,MJ Clarke,Suhrawadi Shuvo,0,0,"",""
ball,1,23.1,Australia,MJ Clarke,MEK Hussey,Mahmudullah,1,0,"",""
ball,1,23.2,Australia,MEK Hussey,MJ Clarke,Mahmudullah,0,0,"",""
ball,1,23.3,Australia,MEK Hussey,MJ Clarke,Mahmudullah,1,0,"",""
ball,1,23.4,Australia,MJ Clarke,MEK Hussey,Mahmudullah,1,0,"",""
ball,1,23.5,Australia,MEK Hussey,MJ Clarke,Mahmudullah,1,0,"",""
ball,1,23.6,Australia,MJ Clarke,MEK Hussey,Mahmudullah,0,0,"",""
ball,1,24.1,Australia,MEK Hussey,MJ Clarke,Suhrawadi Shuvo,4,0,"",""
ball,1,24.2,Australia,MEK Hussey,MJ Clarke,Suhrawadi Shuvo,1,0,"",""
ball,1,24.3,Australia,MJ Clarke,MEK Hussey,Suhrawadi Shuvo,1,0,"",""
ball,1,24.4,Australia,MEK Hussey,MJ Clarke,Suhrawadi Shuvo,1,0,"",""
ball,1,24.5,Australia,MJ Clarke,MEK Hussey,Suhrawadi Shuvo,0,0,"",""
ball,1,24.6,Australia,MJ Clarke,MEK Hussey,Suhrawadi Shuvo,1,0,"",""
ball,1,25.1,Australia,MJ Clarke,MEK Hussey,Mahmudullah,1,0,"",""
ball,1,25.2,Australia,MEK Hussey,MJ Clarke,Mahmudullah,0,0,"",""
ball,1,25.3,Australia,MEK Hussey,MJ Clarke,Mahmudullah,1,0,"",""
ball,1,25.4,Australia,MJ Clarke,MEK Hussey,Mahmudullah,1,0,"",""
ball,1,25.5,Australia,MEK Hussey,MJ Clarke,Mahmudullah,0,0,"",""
ball,1,25.6,Australia,MEK Hussey,MJ Clarke,Mahmudullah,0,0,"",""
ball,1,26.1,Australia,MJ Clarke,MEK Hussey,Shakib Al Hasan,1,0,"",""
ball,1,26.2,Australia,MEK Hussey,MJ Clarke,Shakib Al Hasan,0,0,"",""
ball,1,26.3,Australia,MEK Hussey,MJ Clarke,Shakib Al Hasan,0,0,"",""
ball,1,26.4,Australia,MEK Hussey,MJ Clarke,Shakib Al Hasan,4,0,"",""
ball,1,26.5,Australia,MEK Hussey,MJ Clarke,Shakib Al Hasan,1,0,"",""
ball,1,26.6,Australia,MJ Clarke,MEK Hussey,Shakib Al Hasan,0,0,"",""
ball,1,27.1,Australia,MEK Hussey,MJ Clarke,Mahmudullah,1,0,"",""
ball,1,27.2,Australia,MJ Clarke,MEK Hussey,Mahmudullah,0,0,"",""
ball,1,27.3,Australia,MJ Clarke,MEK Hussey,Mahmudullah,1,0,"",""
ball,1,27.4,Australia,MEK Hussey,MJ Clarke,Mahmudullah,0,0,"",""
ball,1,27.5,Australia,MEK Hussey,MJ Clarke,Mahmudullah,1,0,"",""
ball,1,27.6,Australia,MJ Clarke,MEK Hussey,Mahmudullah,0,0,"",""
ball,1,28.1,Australia,MEK Hussey,MJ Clarke,Shakib Al Hasan,1,0,"",""
ball,1,28.2,Australia,MJ Clarke,MEK Hussey,Shakib Al Hasan,1,0,"",""
ball,1,28.3,Australia,MEK Hussey,MJ Clarke,Shakib Al Hasan,1,0,"",""
ball,1,28.4,Australia,MJ Clarke,MEK Hussey,Shakib Al Hasan,1,0,"",""
ball,1,28.5,Australia,MEK Hussey,MJ Clarke,Shakib Al Hasan,1,0,"",""
ball,1,28.6,Australia,MJ Clarke,MEK Hussey,Shakib Al Hasan,0,0,"",""
ball,1,29.1,Australia,MEK Hussey,MJ Clarke,Mahmudullah,1,0,"",""
ball,1,29.2,Australia,MJ Clarke,MEK Hussey,Mahmudullah,1,0,"",""
ball,1,29.3,Australia,MEK Hussey,MJ Clarke,Mahmudullah,1,0,"",""
ball,1,29.4,Australia,MJ Clarke,MEK Hussey,Mahmudullah,1,0,"",""
ball,1,29.5,Australia,MEK Hussey,MJ Clarke,Mahmudullah,0,0,"",""
ball,1,29.6,Australia,MEK Hussey,MJ Clarke,Mahmudullah,1,0,"",""
ball,1,30.1,Australia,MEK Hussey,MJ Clarke,Shakib Al Hasan,1,0,"",""
ball,1,30.2,Australia,MJ Clarke,MEK Hussey,Shakib Al Hasan,2,0,"",""
ball,1,30.3,Australia,MJ Clarke,MEK Hussey,Shakib Al Hasan,1,0,"",""
ball,1,30.4,Australia,MEK Hussey,MJ Clarke,Shakib Al Hasan,0,0,"",""
ball,1,30.5,Australia,MEK Hussey,MJ Clarke,Shakib Al Hasan,4,0,"",""
ball,1,30.6,Australia,MEK Hussey,MJ Clarke,Shakib Al Hasan,1,0,"",""
ball,1,31.1,Australia,MEK Hussey,MJ Clarke,Mahmudullah,1,0,"",""
ball,1,31.2,Australia,MJ Clarke,MEK Hussey,Mahmudullah,0,0,"",""
ball,1,31.3,Australia,MJ Clarke,MEK Hussey,Mahmudullah,0,0,"",""
ball,1,31.4,Australia,MJ Clarke,MEK Hussey,Mahmudullah,0,1,"",""
ball,1,31.5,Australia,MJ Clarke,MEK Hussey,Mahmudullah,0,0,"",""
ball,1,31.6,Australia,MJ Clarke,MEK Hussey,Mahmudullah,1,0,"",""
ball,1,31.7,Australia,MEK Hussey,MJ Clarke,Mahmudullah,1,0,"",""
ball,1,32.1,Australia,MEK Hussey,MJ Clarke,Abdur Razzak,0,0,"",""
ball,1,32.2,Australia,MEK Hussey,MJ Clarke,Abdur Razzak,1,0,"",""
ball,1,32.3,Australia,MJ Clarke,MEK Hussey,Abdur Razzak,0,0,"",""
ball,1,32.4,Australia,MJ Clarke,MEK Hussey,Abdur Razzak,2,0,"",""
ball,1,32.5,Australia,MJ Clarke,MEK Hussey,Abdur Razzak,1,0,"",""
ball,1,32.6,Australia,MEK Hussey,MJ Clarke,Abdur Razzak,1,0,"",""
ball,1,33.1,Australia,MEK Hussey,MJ Clarke,Mahmudullah,0,0,"",""
ball,1,33.2,Australia,MEK Hussey,MJ Clarke,Mahmudullah,1,0,"",""
ball,1,33.3,Australia,MJ Clarke,MEK Hussey,Mahmudullah,0,0,"",""
ball,1,33.4,Australia,MJ Clarke,MEK Hussey,Mahmudullah,1,0,"",""
ball,1,33.5,Australia,MEK Hussey,MJ Clarke,Mahmudullah,0,0,"",""
ball,1,33.6,Australia,MEK Hussey,MJ Clarke,Mahmudullah,4,0,"",""
ball,1,34.1,Australia,MJ Clarke,MEK Hussey,Abdur Razzak,0,1,"",""
ball,1,34.2,Australia,MEK Hussey,MJ Clarke,Abdur Razzak,0,0,"",""
ball,1,34.3,Australia,MEK Hussey,MJ Clarke,Abdur Razzak,0,0,"",""
ball,1,34.4,Australia,MEK Hussey,MJ Clarke,Abdur Razzak,4,0,"",""
ball,1,34.5,Australia,MEK Hussey,MJ Clarke,Abdur Razzak,1,0,"",""
ball,1,34.6,Australia,MJ Clarke,MEK Hussey,Abdur Razzak,1,0,"",""
ball,1,35.1,Australia,MJ Clarke,MEK Hussey,Mashrafe Mortaza,0,0,"",""
ball,1,35.2,Australia,MJ Clarke,MEK Hussey,Mashrafe Mortaza,2,0,"",""
ball,1,35.3,Australia,MJ Clarke,MEK Hussey,Mashrafe Mortaza,0,0,"",""
ball,1,35.4,Australia,MJ Clarke,MEK Hussey,Mashrafe Mortaza,0,0,bowled,MJ Clarke
ball,1,35.5,Australia,CJ Ferguson,MEK Hussey,Mashrafe Mortaza,0,0,"",""
ball,1,35.6,Australia,CJ Ferguson,MEK Hussey,Mashrafe Mortaza,0,1,"",""
ball,1,36.1,Australia,CJ Ferguson,MEK Hussey,Shafiul Islam,1,0,"",""
ball,1,36.2,Australia,MEK Hussey,CJ Ferguson,Shafiul Islam,1,0,"",""
ball,1,36.3,Australia,CJ Ferguson,MEK Hussey,Shafiul Islam,1,0,"",""
ball,1,36.4,Australia,MEK Hussey,CJ Ferguson,Shafiul Islam,1,0,"",""
ball,1,36.5,Australia,CJ Ferguson,MEK Hussey,Shafiul Islam,1,0,"",""
ball,1,36.6,Australia,MEK Hussey,CJ Ferguson,Shafiul Islam,1,0,"",""
ball,1,37.1,Australia,MEK Hussey,CJ Ferguson,Mashrafe Mortaza,1,0,"",""
ball,1,37.2,Australia,CJ Ferguson,MEK Hussey,Mashrafe Mortaza,0,0,caught,CJ Ferguson
ball,1,37.3,Australia,MG Johnson,MEK Hussey,Mashrafe Mortaza,0,0,"",""
ball,1,37.4,Australia,MG Johnson,MEK Hussey,Mashrafe Mortaza,0,0,"",""
ball,1,37.5,Australia,MG Johnson,MEK Hussey,Mashrafe Mortaza,0,0,"",""
ball,1,37.6,Australia,MG Johnson,MEK Hussey,Mashrafe Mortaza,1,0,"",""
ball,1,38.1,Australia,MG Johnson,MEK Hussey,Shafiul Islam,4,0,"",""
ball,1,38.2,Australia,MG Johnson,MEK Hussey,Shafiul Islam,0,0,"",""
ball,1,38.3,Australia,MG Johnson,MEK Hussey,Shafiul Islam,1,0,"",""
ball,1,38.4,Australia,MEK Hussey,MG Johnson,Shafiul Islam,1,0,"",""
ball,1,38.5,Australia,MG Johnson,MEK Hussey,Shafiul Islam,1,0,"",""
ball,1,38.6,Australia,MEK Hussey,MG Johnson,Shafiul Islam,1,0,"",""
ball,1,39.1,Australia,MEK Hussey,MG Johnson,Mashrafe Mortaza,1,0,"",""
ball,1,39.2,Australia,MG Johnson,MEK Hussey,Mashrafe Mortaza,1,0,"",""
ball,1,39.3,Australia,MEK Hussey,MG Johnson,Mashrafe Mortaza,1,0,"",""
ball,1,39.4,Australia,MG Johnson,MEK Hussey,Mashrafe Mortaza,4,0,"",""
ball,1,39.5,Australia,MG Johnson,MEK Hussey,Mashrafe Mortaza,6,0,"",""
ball,1,39.6,Australia,MG Johnson,MEK Hussey,Mashrafe Mortaza,6,0,"",""
ball,1,40.1,Australia,MEK Hussey,MG Johnson,Shafiul Islam,2,0,"",""
ball,1,40.2,Australia,MEK Hussey,MG Johnson,Shafiul Islam,6,0,"",""
ball,1,40.3,Australia,MEK Hussey,MG Johnson,Shafiul Islam,1,0,"",""
ball,1,40.4,Australia,MG Johnson,MEK Hussey,Shafiul Islam,4,0,"",""
ball,1,40.5,Australia,MG Johnson,MEK Hussey,Shafiul Islam,1,0,"",""
ball,1,40.6,Australia,MEK Hussey,MG Johnson,Shafiul Islam,1,0,"",""
ball,1,41.1,Australia,MEK Hussey,MG Johnson,Mahmudullah,1,0,"",""
ball,1,41.2,Australia,MG Johnson,MEK Hussey,Mahmudullah,0,0,"",""
ball,1,41.3,Australia,MG Johnson,MEK Hussey,Mahmudullah,1,0,"",""
ball,1,41.4,Australia,MEK Hussey,MG Johnson,Mahmudullah,1,0,"",""
ball,1,41.5,Australia,MG Johnson,MEK Hussey,Mahmudullah,1,0,"",""
ball,1,41.6,Australia,MEK Hussey,MG Johnson,Mahmudullah,0,1,"",""
ball,1,41.7,Australia,MEK Hussey,MG Johnson,Mahmudullah,1,0,"",""
ball,1,42.1,Australia,MEK Hussey,MG Johnson,Mashrafe Mortaza,0,0,"",""
ball,1,42.2,Australia,MEK Hussey,MG Johnson,Mashrafe Mortaza,1,0,"",""
ball,1,42.3,Australia,MG Johnson,MEK Hussey,Mashrafe Mortaza,1,0,"",""
ball,1,42.4,Australia,MEK Hussey,MG Johnson,Mashrafe Mortaza,0,1,"",""
ball,1,42.5,Australia,MG Johnson,MEK Hussey,Mashrafe Mortaza,2,0,"",""
ball,1,42.6,Australia,MG Johnson,MEK Hussey,Mashrafe Mortaza,1,0,"",""
ball,1,43.1,Australia,MG Johnson,MEK Hussey,Mahmudullah,4,0,"",""
ball,1,43.2,Australia,MG Johnson,MEK Hussey,Mahmudullah,1,0,"",""
ball,1,43.3,Australia,MEK Hussey,MG Johnson,Mahmudullah,1,0,"",""
ball,1,43.4,Australia,MG Johnson,MEK Hussey,Mahmudullah,1,0,"",""
ball,1,43.5,Australia,MEK Hussey,MG Johnson,Mahmudullah,0,0,"",""
ball,1,43.6,Australia,MEK Hussey,MG Johnson,Mahmudullah,1,0,"",""
ball,1,44.1,Australia,MEK Hussey,MG Johnson,Mashrafe Mortaza,6,0,"",""
ball,1,44.2,Australia,MEK Hussey,MG Johnson,Mashrafe Mortaza,0,0,"",""
ball,1,44.3,Australia,MEK Hussey,MG Johnson,Mashrafe Mortaza,1,0,"",""
ball,1,44.4,Australia,MG Johnson,MEK Hussey,Mashrafe Mortaza,0,0,caught,MG Johnson
ball,1,44.5,Australia,MEK Hussey,TD Paine,Mashrafe Mortaza,1,0,"",""
ball,1,44.6,Australia,TD Paine,MEK Hussey,Mashrafe Mortaza,1,0,"",""
ball,1,45.1,Australia,TD Paine,MEK Hussey,Mahmudullah,1,0,"",""
ball,1,45.2,Australia,MEK Hussey,TD Paine,Mahmudullah,1,0,"",""
ball,1,45.3,Australia,TD Paine,MEK Hussey,Mahmudullah,1,0,"",""
ball,1,45.4,Australia,MEK Hussey,TD Paine,Mahmudullah,1,0,"",""
ball,1,45.5,Australia,TD Paine,MEK Hussey,Mahmudullah,0,0,"",""
ball,1,45.6,Australia,TD Paine,MEK Hussey,Mahmudullah,1,0,"",""
ball,1,46.1,Australia,TD Paine,MEK Hussey,Abdur Razzak,2,0,"",""
ball,1,46.2,Australia,TD Paine,MEK Hussey,Abdur Razzak,1,0,"",""
ball,1,46.3,Australia,MEK Hussey,TD Paine,Abdur Razzak,1,0,"",""
ball,1,46.4,Australia,TD Paine,MEK Hussey,Abdur Razzak,0,0,lbw,TD Paine
ball,1,46.5,Australia,JW Hastings,MEK Hussey,Abdur Razzak,0,0,"",""
ball,1,46.6,Australia,JW Hastings,MEK Hussey,Abdur Razzak,0,0,"",""
ball,1,47.1,Australia,MEK Hussey,JW Hastings,Mahmudullah,4,0,"",""
ball,1,47.2,Australia,MEK Hussey,JW Hastings,Mahmudullah,4,0,"",""
ball,1,47.3,Australia,MEK Hussey,JW Hastings,Mahmudullah,1,0,"",""
ball,1,47.4,Australia,JW Hastings,MEK Hussey,Mahmudullah,1,0,"",""
ball,1,47.5,Australia,MEK Hussey,JW Hastings,Mahmudullah,1,0,"",""
ball,1,47.6,Australia,JW Hastings,MEK Hussey,Mahmudullah,4,0,"",""
ball,1,48.1,Australia,MEK Hussey,JW Hastings,Abdur Razzak,3,0,"",""
ball,1,48.2,Australia,JW Hastings,MEK Hussey,Abdur Razzak,1,0,"",""
ball,1,48.3,Australia,MEK Hussey,JW Hastings,Abdur Razzak,0,0,"",""
ball,1,48.4,Australia,MEK Hussey,JW Hastings,Abdur Razzak,4,0,"",""
ball,1,48.5,Australia,MEK Hussey,JW Hastings,Abdur Razzak,1,0,"",""
ball,1,48.6,Australia,JW Hastings,MEK Hussey,Abdur Razzak,6,0,"",""
ball,1,49.1,Australia,MEK Hussey,JW Hastings,Shafiul Islam,0,0,lbw,MEK Hussey
ball,1,49.2,Australia,XJ Doherty,JW Hastings,Shafiul Islam,1,0,"",""
ball,1,49.3,Australia,JW Hastings,XJ Doherty,Shafiul Islam,1,0,"",""
ball,1,49.4,Australia,XJ Doherty,JW Hastings,Shafiul Islam,1,0,"",""
ball,1,49.5,Australia,JW Hastings,XJ Doherty,Shafiul Islam,4,0,"",""
ball,1,49.6,Australia,JW Hastings,XJ Doherty,Shafiul Islam,4,0,"",""
ball,2,0.1,Bangladesh,Tamim Iqbal,Imrul Kayes,MG Johnson,0,0,"",""
ball,2,0.2,Bangladesh,Tamim Iqbal,Imrul Kayes,MG Johnson,0,0,"",""
ball,2,0.3,Bangladesh,Tamim Iqbal,Imrul Kayes,MG Johnson,0,0,"",""
ball,2,0.4,Bangladesh,Tamim Iqbal,Imrul Kayes,MG Johnson,4,0,"",""
ball,2,0.5,Bangladesh,Tamim Iqbal,Imrul Kayes,MG Johnson,0,0,"",""
ball,2,0.6,Bangladesh,Tamim Iqbal,Imrul Kayes,MG Johnson,6,0,"",""
ball,2,1.1,Bangladesh,Imrul Kayes,Tamim Iqbal,JW Hastings,0,1,"",""
ball,2,1.2,Bangladesh,Imrul Kayes,Tamim Iqbal,JW Hastings,4,0,"",""
ball,2,1.3,Bangladesh,Imrul Kayes,Tamim Iqbal,JW Hastings,0,0,"",""
ball,2,1.4,Bangladesh,Imrul Kayes,Tamim Iqbal,JW Hastings,0,0,"",""
ball,2,1.5,Bangladesh,Imrul Kayes,Tamim Iqbal,JW Hastings,0,0,"",""
ball,2,1.6,Bangladesh,Imrul Kayes,Tamim Iqbal,JW Hastings,0,0,"",""
ball,2,1.7,Bangladesh,Imrul Kayes,Tamim Iqbal,JW Hastings,0,0,"",""
ball,2,2.1,Bangladesh,Tamim Iqbal,Imrul Kayes,MG Johnson,0,0,"",""
ball,2,2.2,Bangladesh,Tamim Iqbal,Imrul Kayes,MG Johnson,4,0,"",""
ball,2,2.3,Bangladesh,Tamim Iqbal,Imrul Kayes,MG Johnson,1,0,"",""
ball,2,2.4,Bangladesh,Imrul Kayes,Tamim Iqbal,MG Johnson,0,0,"",""
ball,2,2.5,Bangladesh,Imrul Kayes,Tamim Iqbal,MG Johnson,4,0,"",""
ball,2,2.6,Bangladesh,Imrul Kayes,Tamim Iqbal,MG Johnson,2,0,"",""
ball,2,3.1,Bangladesh,Tamim Iqbal,Imrul Kayes,JW Hastings,4,0,"",""
ball,2,3.2,Bangladesh,Tamim Iqbal,Imrul Kayes,JW Hastings,0,0,"",""
ball,2,3.3,Bangladesh,Tamim Iqbal,Imrul Kayes,JW Hastings,0,0,"",""
ball,2,3.4,Bangladesh,Tamim Iqbal,Imrul Kayes,JW Hastings,4,0,"",""
ball,2,3.5,Bangladesh,Tamim Iqbal,Imrul Kayes,JW Hastings,1,0,"",""
ball,2,3.6,Bangladesh,Imrul Kayes,Tamim Iqbal,JW Hastings,0,0,"",""
ball,2,4.1,Bangladesh,Tamim Iqbal,Imrul Kayes,MG Johnson,4,0,"",""
ball,2,4.2,Bangladesh,Tamim Iqbal,Imrul Kayes,MG Johnson,4,0,"",""
ball,2,4.3,Bangladesh,Tamim Iqbal,Imrul Kayes,MG Johnson,0,0,bowled,Tamim Iqbal
ball,2,4.4,Bangladesh,Shahriar Nafees,Imrul Kayes,MG Johnson,0,0,"",""
ball,2,4.5,Bangladesh,Shahriar Nafees,Imrul Kayes,MG Johnson,0,0,"",""
ball,2,4.6,Bangladesh,Shahriar Nafees,Imrul Kayes,MG Johnson,0,0,"",""
ball,2,5.1,Bangladesh,Imrul Kayes,Shahriar Nafees,JW Hastings,0,0,"",""
ball,2,5.2,Bangladesh,Imrul Kayes,Shahriar Nafees,JW Hastings,1,0,"",""
ball,2,5.3,Bangladesh,Shahriar Nafees,Imrul Kayes,JW Hastings,0,0,"",""
ball,2,5.4,Bangladesh,Shahriar Nafees,Imrul Kayes,JW Hastings,0,0,"",""
ball,2,5.5,Bangladesh,Shahriar Nafees,Imrul Kayes,JW Hastings,1,0,"",""
ball,2,5.6,Bangladesh,Imrul Kayes,Shahriar Nafees,JW Hastings,0,0,"",""
ball,2,6.1,Bangladesh,Shahriar Nafees,Imrul Kayes,MG Johnson,0,0,"",""
ball,2,6.2,Bangladesh,Shahriar Nafees,Imrul Kayes,MG Johnson,0,0,"",""
ball,2,6.3,Bangladesh,Shahriar Nafees,Imrul Kayes,MG Johnson,0,0,"",""
ball,2,6.4,Bangladesh,Shahriar Nafees,Imrul Kayes,MG Johnson,1,0,"",""
ball,2,6.5,Bangladesh,Imrul Kayes,Shahriar Nafees,MG Johnson,4,0,"",""
ball,2,6.6,Bangladesh,Imrul Kayes,Shahriar Nafees,MG Johnson,2,0,"",""
ball,2,7.1,Bangladesh,Shahriar Nafees,Imrul Kayes,JW Hastings,0,0,"",""
ball,2,7.2,Bangladesh,Shahriar Nafees,Imrul Kayes,JW Hastings,0,0,"",""
ball,2,7.3,Bangladesh,Shahriar Nafees,Imrul Kayes,JW Hastings,2,0,"",""
ball,2,7.4,Bangladesh,Shahriar Nafees,Imrul Kayes,JW Hastings,0,0,"",""
ball,2,7.5,Bangladesh,Shahriar Nafees,Imrul Kayes,JW Hastings,1,0,"",""
ball,2,7.6,Bangladesh,Imrul Kayes,Shahriar Nafees,JW Hastings,0,0,"",""
ball,2,8.1,Bangladesh,Shahriar Nafees,Imrul Kayes,JL Pattinson,0,0,"",""
ball,2,8.2,Bangladesh,Shahriar Nafees,Imrul Kayes,JL Pattinson,1,0,"",""
ball,2,8.3,Bangladesh,Imrul Kayes,Shahriar Nafees,JL Pattinson,0,0,"",""
ball,2,8.4,Bangladesh,Imrul Kayes,Shahriar Nafees,JL Pattinson,2,0,"",""
ball,2,8.5,Bangladesh,Imrul Kayes,Shahriar Nafees,JL Pattinson,0,0,"",""
ball,2,8.6,Bangladesh,Imrul Kayes,Shahriar Nafees,JL Pattinson,4,0,"",""
ball,2,9.1,Bangladesh,Shahriar Nafees,Imrul Kayes,SR Watson,1,0,"",""
ball,2,9.2,Bangladesh,Imrul Kayes,Shahriar Nafees,SR Watson,4,0,"",""
ball,2,9.3,Bangladesh,Imrul Kayes,Shahriar Nafees,SR Watson,4,0,"",""
ball,2,9.4,Bangladesh,Imrul Kayes,Shahriar Nafees,SR Watson,0,0,"",""
ball,2,9.5,Bangladesh,Imrul Kayes,Shahriar Nafees,SR Watson,0,0,"",""
ball,2,9.6,Bangladesh,Imrul Kayes,Shahriar Nafees,SR Watson,0,0,"",""
ball,2,10.1,Bangladesh,Shahriar Nafees,Imrul Kayes,JL Pattinson,0,0,"",""
ball,2,10.2,Bangladesh,Shahriar Nafees,Imrul Kayes,JL Pattinson,1,0,"",""
ball,2,10.3,Bangladesh,Imrul Kayes,Shahriar Nafees,JL Pattinson,1,0,"",""
ball,2,10.4,Bangladesh,Shahriar Nafees,Imrul Kayes,JL Pattinson,1,0,"",""
ball,2,10.5,Bangladesh,Imrul Kayes,Shahriar Nafees,JL Pattinson,0,0,"",""
ball,2,10.6,Bangladesh,Imrul Kayes,Shahriar Nafees,JL Pattinson,1,0,"",""
ball,2,11.1,Bangladesh,Imrul Kayes,Shahriar Nafees,SR Watson,1,0,"",""
ball,2,11.2,Bangladesh,Shahriar Nafees,Imrul Kayes,SR Watson,4,0,"",""
ball,2,11.3,Bangladesh,Shahriar Nafees,Imrul Kayes,SR Watson,0,0,"",""
ball,2,11.4,Bangladesh,Shahriar Nafees,Imrul Kayes,SR Watson,0,0,"",""
ball,2,11.5,Bangladesh,Shahriar Nafees,Imrul Kayes,SR Watson,0,0,"",""
ball,2,11.6,Bangladesh,Shahriar Nafees,Imrul Kayes,SR Watson,0,0,"",""
ball,2,12.1,Bangladesh,Imrul Kayes,Shahriar Nafees,JL Pattinson,1,0,"",""
ball,2,12.2,Bangladesh,Shahriar Nafees,Imrul Kayes,JL Pattinson,1,0,"",""
ball,2,12.3,Bangladesh,Imrul Kayes,Shahriar Nafees,JL Pattinson,0,4,"",""
ball,2,12.4,Bangladesh,Imrul Kayes,Shahriar Nafees,JL Pattinson,4,0,"",""
ball,2,12.5,Bangladesh,Imrul Kayes,Shahriar Nafees,JL Pattinson,1,0,"",""
ball,2,12.6,Bangladesh,Shahriar Nafees,Imrul Kayes,JL Pattinson,0,0,"",""
ball,2,13.1,Bangladesh,Imrul Kayes,Shahriar Nafees,SR Watson,0,0,"",""
ball,2,13.2,Bangladesh,Imrul Kayes,Shahriar Nafees,SR Watson,2,0,"",""
ball,2,13.3,Bangladesh,Imrul Kayes,Shahriar Nafees,SR Watson,0,1,"",""
ball,2,13.4,Bangladesh,Imrul Kayes,Shahriar Nafees,SR Watson,0,0,"",""
ball,2,13.5,Bangladesh,Imrul Kayes,Shahriar Nafees,SR Watson,1,0,"",""
ball,2,13.6,Bangladesh,Shahriar Nafees,Imrul Kayes,SR Watson,1,0,"",""
ball,2,13.7,Bangladesh,Imrul Kayes,Shahriar Nafees,SR Watson,0,0,"",""
ball,2,14.1,Bangladesh,Shahriar Nafees,Imrul Kayes,JW Hastings,0,0,"",""
ball,2,14.2,Bangladesh,Shahriar Nafees,Imrul Kayes,JW Hastings,1,0,"",""
ball,2,14.3,Bangladesh,Imrul Kayes,Shahriar Nafees,JW Hastings,0,0,"",""
ball,2,14.4,Bangladesh,Imrul Kayes,Shahriar Nafees,JW Hastings,0,0,"",""
ball,2,14.5,Bangladesh,Imrul Kayes,Shahriar Nafees,JW Hastings,0,0,"",""
ball,2,14.6,Bangladesh,Imrul Kayes,Shahriar Nafees,JW Hastings,1,0,"",""
ball,2,15.1,Bangladesh,Imrul Kayes,Shahriar Nafees,XJ Doherty,1,0,"",""
ball,2,15.2,Bangladesh,Shahriar Nafees,Imrul Kayes,XJ Doherty,2,0,"",""
ball,2,15.3,Bangladesh,Shahriar Nafees,Imrul Kayes,XJ Doherty,0,0,"",""
ball,2,15.4,Bangladesh,Shahriar Nafees,Imrul Kayes,XJ Doherty,1,0,"",""
ball,2,15.5,Bangladesh,Imrul Kayes,Shahriar Nafees,XJ Doherty,1,0,"",""
ball,2,15.6,Bangladesh,Shahriar Nafees,Imrul Kayes,XJ Doherty,0,0,"",""
ball,2,16.1,Bangladesh,Imrul Kayes,Shahriar Nafees,JW Hastings,0,0,"",""
ball,2,16.2,Bangladesh,Imrul Kayes,Shahriar Nafees,JW Hastings,1,0,"",""
ball,2,16.3,Bangladesh,Shahriar Nafees,Imrul Kayes,JW Hastings,0,0,"",""
ball,2,16.4,Bangladesh,Shahriar Nafees,Imrul Kayes,JW Hastings,0,0,"",""
ball,2,16.5,Bangladesh,Shahriar Nafees,Imrul Kayes,JW Hastings,1,0,"",""
ball,2,16.6,Bangladesh,Imrul Kayes,Shahriar Nafees,JW Hastings,0,0,"",""
ball,2,17.1,Bangladesh,Shahriar Nafees,Imrul Kayes,XJ Doherty,1,0,"",""
ball,2,17.2,Bangladesh,Imrul Kayes,Shahriar Nafees,XJ Doherty,0,0,"",""
ball,2,17.3,Bangladesh,Imrul Kayes,Shahriar Nafees,XJ Doherty,0,0,"",""
ball,2,17.4,Bangladesh,Imrul Kayes,Shahriar Nafees,XJ Doherty,4,0,"",""
ball,2,17.5,Bangladesh,Imrul Kayes,Shahriar Nafees,XJ Doherty,1,0,"",""
ball,2,17.6,Bangladesh,Shahriar Nafees,Imrul Kayes,XJ Doherty,0,0,"",""
ball,2,18.1,Bangladesh,Imrul Kayes,Shahriar Nafees,JW Hastings,2,0,"",""
ball,2,18.2,Bangladesh,Imrul Kayes,Shahriar Nafees,JW Hastings,4,0,"",""
ball,2,18.3,Bangladesh,Imrul Kayes,Shahriar Nafees,JW Hastings,0,0,"",""
ball,2,18.4,Bangladesh,Imrul Kayes,Shahriar Nafees,JW Hastings,4,0,"",""
ball,2,18.5,Bangladesh,Imrul Kayes,Shahriar Nafees,JW Hastings,0,0,"",""
ball,2,18.6,Bangladesh,Imrul Kayes,Shahriar Nafees,JW Hastings,0,0,"",""
ball,2,19.1,Bangladesh,Shahriar Nafees,Imrul Kayes,XJ Doherty,0,0,"",""
ball,2,19.2,Bangladesh,Shahriar Nafees,Imrul Kayes,XJ Doherty,2,0,"",""
ball,2,19.3,Bangladesh,Shahriar Nafees,Imrul Kayes,XJ Doherty,1,0,"",""
ball,2,19.4,Bangladesh,Imrul Kayes,Shahriar Nafees,XJ Doherty,1,0,"",""
ball,2,19.5,Bangladesh,Shahriar Nafees,Imrul Kayes,XJ Doherty,0,0,"",""
ball,2,19.6,Bangladesh,Shahriar Nafees,Imrul Kayes,XJ Doherty,1,0,"",""
ball,2,20.1,Bangladesh,Shahriar Nafees,Imrul Kayes,SR Watson,1,0,"",""
ball,2,20.2,Bangladesh,Imrul Kayes,Shahriar Nafees,SR Watson,0,0,"",""
ball,2,20.3,Bangladesh,Imrul Kayes,Shahriar Nafees,SR Watson,6,0,"",""
ball,2,20.4,Bangladesh,Imrul Kayes,Shahriar Nafees,SR Watson,1,0,"",""
ball,2,20.5,Bangladesh,Shahriar Nafees,Imrul Kayes,SR Watson,0,0,"",""
ball,2,20.6,Bangladesh,Shahriar Nafees,Imrul Kayes,SR Watson,1,0,"",""
ball,2,21.1,Bangladesh,Shahriar Nafees,Imrul Kayes,XJ Doherty,1,0,"",""
ball,2,21.2,Bangladesh,Imrul Kayes,Shahriar Nafees,XJ Doherty,0,0,"",""
ball,2,21.3,Bangladesh,Imrul Kayes,Shahriar Nafees,XJ Doherty,0,0,"",""
ball,2,21.4,Bangladesh,Imrul Kayes,Shahriar Nafees,XJ Doherty,1,0,"",""
ball,2,21.5,Bangladesh,Shahriar Nafees,Imrul Kayes,XJ Doherty,0,0,"",""
ball,2,21.6,Bangladesh,Shahriar Nafees,Imrul Kayes,XJ Doherty,4,0,"",""
ball,2,22.1,Bangladesh,Imrul Kayes,Shahriar Nafees,SR Watson,0,0,"",""
ball,2,22.2,Bangladesh,Imrul Kayes,Shahriar Nafees,SR Watson,2,0,"",""
ball,2,22.3,Bangladesh,Imrul Kayes,Shahriar Nafees,SR Watson,0,0,"",""
ball,2,22.4,Bangladesh,Imrul Kayes,Shahriar Nafees,SR Watson,0,0,"",""
ball,2,22.5,Bangladesh,Imrul Kayes,Shahriar Nafees,SR Watson,0,0,"",""
ball,2,22.6,Bangladesh,Imrul Kayes,Shahriar Nafees,SR Watson,1,0,"",""
ball,2,23.1,Bangladesh,Imrul Kayes,Shahriar Nafees,SPD Smith,0,0,"",""
ball,2,23.2,Bangladesh,Imrul Kayes,Shahriar Nafees,SPD Smith,1,0,"",""
ball,2,23.3,Bangladesh,Shahriar Nafees,Imrul Kayes,SPD Smith,0,0,"",""
ball,2,23.4,Bangladesh,Shahriar Nafees,Imrul Kayes,SPD Smith,1,0,"",""
ball,2,23.5,Bangladesh,Imrul Kayes,Shahriar Nafees,SPD Smith,1,0,"",""
ball,2,23.6,Bangladesh,Shahriar Nafees,Imrul Kayes,SPD Smith,1,0,"",""
ball,2,24.1,Bangladesh,Shahriar Nafees,Imrul Kayes,MJ Clarke,1,0,"",""
ball,2,24.2,Bangladesh,Imrul Kayes,Shahriar Nafees,MJ Clarke,0,0,"",""
ball,2,24.3,Bangladesh,Imrul Kayes,Shahriar Nafees,MJ Clarke,1,0,"",""
ball,2,24.4,Bangladesh,Shahriar Nafees,Imrul Kayes,MJ Clarke,1,0,"",""
ball,2,24.5,Bangladesh,Imrul Kayes,Shahriar Nafees,MJ Clarke,1,0,"",""
ball,2,24.6,Bangladesh,Shahriar Nafees,Imrul Kayes,MJ Clarke,0,0,"",""
ball,2,25.1,Bangladesh,Imrul Kayes,Shahriar Nafees,SPD Smith,0,0,"",""
ball,2,25.2,Bangladesh,Imrul Kayes,Shahriar Nafees,SPD Smith,0,0,"",""
ball,2,25.3,Bangladesh,Imrul Kayes,Shahriar Nafees,SPD Smith,1,0,"",""
ball,2,25.4,Bangladesh,Shahriar Nafees,Imrul Kayes,SPD Smith,0,0,"",""
ball,2,25.5,Bangladesh,Shahriar Nafees,Imrul Kayes,SPD Smith,1,0,"",""
ball,2,25.6,Bangladesh,Imrul Kayes,Shahriar Nafees,SPD Smith,1,0,"",""
ball,2,26.1,Bangladesh,Imrul Kayes,Shahriar Nafees,MJ Clarke,1,0,"",""
ball,2,26.2,Bangladesh,Shahriar Nafees,Imrul Kayes,MJ Clarke,0,0,"",""
ball,2,26.3,Bangladesh,Shahriar Nafees,Imrul Kayes,MJ Clarke,1,0,"",""
ball,2,26.4,Bangladesh,Imrul Kayes,Shahriar Nafees,MJ Clarke,0,0,"",""
ball,2,26.5,Bangladesh,Imrul Kayes,Shahriar Nafees,MJ Clarke,6,0,"",""
ball,2,26.6,Bangladesh,Imrul Kayes,Shahriar Nafees,MJ Clarke,1,0,"",""
ball,2,27.1,Bangladesh,Imrul Kayes,Shahriar Nafees,SPD Smith,0,0,"",""
ball,2,27.2,Bangladesh,Imrul Kayes,Shahriar Nafees,SPD Smith,0,0,"",""
ball,2,27.3,Bangladesh,Imrul Kayes,Shahriar Nafees,SPD Smith,0,0,"",""
ball,2,27.4,Bangladesh,Imrul Kayes,Shahriar Nafees,SPD Smith,0,0,"",""
ball,2,27.5,Bangladesh,Imrul Kayes,Shahriar Nafees,SPD Smith,1,0,"",""
ball,2,27.6,Bangladesh,Shahriar Nafees,Imrul Kayes,SPD Smith,1,0,"",""
ball,2,28.1,Bangladesh,Shahriar Nafees,Imrul Kayes,JL Pattinson,0,0,"",""
ball,2,28.2,Bangladesh,Shahriar Nafees,Imrul Kayes,JL Pattinson,1,0,"",""
ball,2,28.3,Bangladesh,Imrul Kayes,Shahriar Nafees,JL Pattinson,1,0,"",""
ball,2,28.4,Bangladesh,Shahriar Nafees,Imrul Kayes,JL Pattinson,0,0,"",""
ball,2,28.5,Bangladesh,Shahriar Nafees,Imrul Kayes,JL Pattinson,0,0,"",""
ball,2,28.6,Bangladesh,Shahriar Nafees,Imrul Kayes,JL Pattinson,1,0,"",""
ball,2,29.1,Bangladesh,Shahriar Nafees,Imrul Kayes,SPD Smith,1,0,"",""
ball,2,29.2,Bangladesh,Imrul Kayes,Shahriar Nafees,SPD Smith,1,0,"",""
ball,2,29.3,Bangladesh,Shahriar Nafees,Imrul Kayes,SPD Smith,1,0,"",""
ball,2,29.4,Bangladesh,Imrul Kayes,Shahriar Nafees,SPD Smith,0,0,"",""
ball,2,29.5,Bangladesh,Imrul Kayes,Shahriar Nafees,SPD Smith,1,0,"",""
ball,2,29.6,Bangladesh,Shahriar Nafees,Imrul Kayes,SPD Smith,4,0,"",""
ball,2,30.1,Bangladesh,Imrul Kayes,Shahriar Nafees,JL Pattinson,1,0,"",""
ball,2,30.2,Bangladesh,Shahriar Nafees,Imrul Kayes,JL Pattinson,0,0,"",""
ball,2,30.3,Bangladesh,Shahriar Nafees,Imrul Kayes,JL Pattinson,0,0,"",""
ball,2,30.4,Bangladesh,Shahriar Nafees,Imrul Kayes,JL Pattinson,1,0,"",""
ball,2,30.5,Bangladesh,Imrul Kayes,Shahriar Nafees,JL Pattinson,0,0,caught,Imrul Kayes
ball,2,30.6,Bangladesh,Mahmudullah,Shahriar Nafees,JL Pattinson,0,0,"",""
ball,2,31.1,Bangladesh,Shahriar Nafees,Mahmudullah,SPD Smith,0,0,"",""
ball,2,31.2,Bangladesh,Shahriar Nafees,Mahmudullah,SPD Smith,1,0,"",""
ball,2,31.3,Bangladesh,Mahmudullah,Shahriar Nafees,SPD Smith,0,0,"",""
ball,2,31.4,Bangladesh,Mahmudullah,Shahriar Nafees,SPD Smith,1,0,"",""
ball,2,31.5,Bangladesh,Shahriar Nafees,Mahmudullah,SPD Smith,0,0,"",""
ball,2,31.6,Bangladesh,Shahriar Nafees,Mahmudullah,SPD Smith,1,0,"",""
ball,2,32.1,Bangladesh,Shahriar Nafees,Mahmudullah,JL Pattinson,1,0,"",""
ball,2,32.2,Bangladesh,Mahmudullah,Shahriar Nafees,JL Pattinson,0,1,"",""
ball,2,32.3,Bangladesh,Mahmudullah,Shahriar Nafees,JL Pattinson,0,0,"",""
ball,2,32.4,Bangladesh,Mahmudullah,Shahriar Nafees,JL Pattinson,0,0,"",""
ball,2,32.5,Bangladesh,Mahmudullah,Shahriar Nafees,JL Pattinson,1,0,"",""
ball,2,32.6,Bangladesh,Shahriar Nafees,Mahmudullah,JL Pattinson,1,0,"",""
ball,2,32.7,Bangladesh,Mahmudullah,Shahriar Nafees,JL Pattinson,0,0,"",""
ball,2,33.1,Bangladesh,Shahriar Nafees,Mahmudullah,SPD Smith,4,0,"",""
ball,2,33.2,Bangladesh,Shahriar Nafees,Mahmudullah,SPD Smith,1,0,"",""
ball,2,33.3,Bangladesh,Mahmudullah,Shahriar Nafees,SPD Smith,1,0,"",""
ball,2,33.4,Bangladesh,Shahriar Nafees,Mahmudullah,SPD Smith,1,0,"",""
ball,2,33.5,Bangladesh,Mahmudullah,Shahriar Nafees,SPD Smith,1,0,"",""
ball,2,33.6,Bangladesh,Shahriar Nafees,Mahmudullah,SPD Smith,1,0,"",""
ball,2,34.1,Bangladesh,Shahriar Nafees,Mahmudullah,MG Johnson,1,0,"",""
ball,2,34.2,Bangladesh,Mahmudullah,Shahriar Nafees,MG Johnson,1,0,"",""
ball,2,34.3,Bangladesh,Shahriar Nafees,Mahmudullah,MG Johnson,0,0,"",""
ball,2,34.4,Bangladesh,Shahriar Nafees,Mahmudullah,MG Johnson,0,0,caught,Shahriar Nafees
ball,2,34.5,Bangladesh,Shakib Al Hasan,Mahmudullah,MG Johnson,0,0,"",""
ball,2,34.6,Bangladesh,Shakib Al Hasan,Mahmudullah,MG Johnson,1,0,"",""
ball,2,35.1,Bangladesh,Shakib Al Hasan,Mahmudullah,SPD Smith,0,0,"",""
ball,2,35.2,Bangladesh,Shakib Al Hasan,Mahmudullah,SPD Smith,1,0,"",""
ball,2,35.3,Bangladesh,Mahmudullah,Shakib Al Hasan,SPD Smith,1,0,"",""
ball,2,35.4,Bangladesh,Shakib Al Hasan,Mahmudullah,SPD Smith,0,0,"",""
ball,2,35.5,Bangladesh,Shakib Al Hasan,Mahmudullah,SPD Smith,1,0,"",""
ball,2,35.6,Bangladesh,Mahmudullah,Shakib Al Hasan,SPD Smith,1,0,"",""
ball,2,36.1,Bangladesh,Mahmudullah,Shakib Al Hasan,MG Johnson,2,0,"",""
ball,2,36.2,Bangladesh,Mahmudullah,Shakib Al Hasan,MG Johnson,1,0,"",""
ball,2,36.3,Bangladesh,Shakib Al Hasan,Mahmudullah,MG Johnson,1,0,"",""
ball,2,36.4,Bangladesh,Mahmudullah,Shakib Al Hasan,MG Johnson,0,0,"",""
ball,2,36.5,Bangladesh,Mahmudullah,Shakib Al Hasan,MG Johnson,1,0,"",""
ball,2,36.6,Bangladesh,Shakib Al Hasan,Mahmudullah,MG Johnson,2,0,"",""
ball,2,37.1,Bangladesh,Mahmudullah,Shakib Al Hasan,SPD Smith,0,0,"",""
ball,2,37.2,Bangladesh,Mahmudullah,Shakib Al Hasan,SPD Smith,6,0,"",""
ball,2,37.3,Bangladesh,Mahmudullah,Shakib Al Hasan,SPD Smith,0,0,"",""
ball,2,37.4,Bangladesh,Mahmudullah,Shakib Al Hasan,SPD Smith,3,0,"",""
ball,2,37.5,Bangladesh,Shakib Al Hasan,Mahmudullah,SPD Smith,0,0,"",""
ball,2,37.6,Bangladesh,Shakib Al Hasan,Mahmudullah,SPD Smith,3,0,"",""
ball,2,38.1,Bangladesh,Shakib Al Hasan,Mahmudullah,SR Watson,0,0,caught,Shakib Al Hasan
ball,2,38.2,Bangladesh,Mushfiqur Rahim,Mahmudullah,SR Watson,0,0,"",""
ball,2,38.3,Bangladesh,Mushfiqur Rahim,Mahmudullah,SR Watson,0,0,"",""
ball,2,38.4,Bangladesh,Mushfiqur Rahim,Mahmudullah,SR Watson,1,0,"",""
ball,2,38.5,Bangladesh,Mahmudullah,Mushfiqur Rahim,SR Watson,1,0,"",""
ball,2,38.6,Bangladesh,Mushfiqur Rahim,Mahmudullah,SR Watson,0,0,caught,Mushfiqur Rahim
ball,2,39.1,Bangladesh,Mahmudullah,Alok Kapali,XJ Doherty,0,0,"",""
ball,2,39.2,Bangladesh,Mahmudullah,Alok Kapali,XJ Doherty,1,0,"",""
ball,2,39.3,Bangladesh,Alok Kapali,Mahmudullah,XJ Doherty,1,0,"",""
ball,2,39.4,Bangladesh,Mahmudullah,Alok Kapali,XJ Doherty,0,0,"",""
ball,2,39.5,Bangladesh,Mahmudullah,Alok Kapali,XJ Doherty,0,0,"",""
ball,2,39.6,Bangladesh,Mahmudullah,Alok Kapali,XJ Doherty,0,0,"",""
ball,2,40.1,Bangladesh,Alok Kapali,Mahmudullah,SR Watson,0,0,"",""
ball,2,40.2,Bangladesh,Alok Kapali,Mahmudullah,SR Watson,1,0,"",""
ball,2,40.3,Bangladesh,Mahmudullah,Alok Kapali,SR Watson,0,0,"",""
ball,2,40.4,Bangladesh,Mahmudullah,Alok Kapali,SR Watson,0,0,"",""
ball,2,40.5,Bangladesh,Mahmudullah,Alok Kapali,SR Watson,0,0,"",""
ball,2,40.6,Bangladesh,Mahmudullah,Alok Kapali,SR Watson,1,0,"",""
ball,2,41.1,Bangladesh,Mahmudullah,Alok Kapali,XJ Doherty,6,0,"",""
ball,2,41.2,Bangladesh,Mahmudullah,Alok Kapali,XJ Doherty,0,0,"",""
ball,2,41.3,Bangladesh,Mahmudullah,Alok Kapali,XJ Doherty,2,0,"",""
ball,2,41.4,Bangladesh,Mahmudullah,Alok Kapali,XJ Doherty,0,0,"",""
ball,2,41.5,Bangladesh,Mahmudullah,Alok Kapali,XJ Doherty,1,0,"",""
ball,2,41.6,Bangladesh,Alok Kapali,Mahmudullah,XJ Doherty,0,0,"",""
ball,2,42.1,Bangladesh,Mahmudullah,Alok Kapali,SR Watson,0,0,"",""
ball,2,42.2,Bangladesh,Mahmudullah,Alok Kapali,SR Watson,1,0,"",""
ball,2,42.3,Bangladesh,Alok Kapali,Mahmudullah,SR Watson,1,0,"",""
ball,2,42.4,Bangladesh,Mahmudullah,Alok Kapali,SR Watson,2,0,"",""
ball,2,42.5,Bangladesh,Mahmudullah,Alok Kapali,SR Watson,0,1,"",""
ball,2,42.6,Bangladesh,Alok Kapali,Mahmudullah,SR Watson,1,0,"",""
ball,2,43.1,Bangladesh,Alok Kapali,Mahmudullah,MG Johnson,0,0,"",""
ball,2,43.2,Bangladesh,Alok Kapali,Mahmudullah,MG Johnson,1,0,"",""
ball,2,43.3,Bangladesh,Mahmudullah,Alok Kapali,MG Johnson,0,0,"",""
ball,2,43.4,Bangladesh,Mahmudullah,Alok Kapali,MG Johnson,4,0,"",""
ball,2,43.5,Bangladesh,Mahmudullah,Alok Kapali,MG Johnson,0,0,"",""
ball,2,43.6,Bangladesh,Mahmudullah,Alok Kapali,MG Johnson,1,0,"",""
ball,2,44.1,Bangladesh,Mahmudullah,Alok Kapali,SR Watson,4,0,"",""
ball,2,44.2,Bangladesh,Mahmudullah,Alok Kapali,SR Watson,1,0,"",""
ball,2,44.3,Bangladesh,Alok Kapali,Mahmudullah,SR Watson,1,0,"",""
ball,2,44.4,Bangladesh,Mahmudullah,Alok Kapali,SR Watson,1,0,"",""
ball,2,44.5,Bangladesh,Alok Kapali,Mahmudullah,SR Watson,0,0,"",""
ball,2,44.6,Bangladesh,Alok Kapali,Mahmudullah,SR Watson,2,0,"",""
ball,2,45.1,Bangladesh,Mahmudullah,Alok Kapali,MG Johnson,0,0,"",""
ball,2,45.2,Bangladesh,Mahmudullah,Alok Kapali,MG Johnson,2,0,"",""
ball,2,45.3,Bangladesh,Mahmudullah,Alok Kapali,MG Johnson,0,0,"",""
ball,2,45.4,Bangladesh,Mahmudullah,Alok Kapali,MG Johnson,4,0,"",""
ball,2,45.5,Bangladesh,Mahmudullah,Alok Kapali,MG Johnson,1,0,"",""
ball,2,45.6,Bangladesh,Alok Kapali,Mahmudullah,MG Johnson,0,0,"",""
ball,2,46.1,Bangladesh,Mahmudullah,Alok Kapali,JW Hastings,0,0,"",""
ball,2,46.2,Bangladesh,Mahmudullah,Alok Kapali,JW Hastings,1,0,"",""
ball,2,46.3,Bangladesh,Alok Kapali,Mahmudullah,JW Hastings,0,0,"",""
ball,2,46.4,Bangladesh,Alok Kapali,Mahmudullah,JW Hastings,0,0,"",""
ball,2,46.5,Bangladesh,Alok Kapali,Mahmudullah,JW Hastings,4,0,"",""
ball,2,46.6,Bangladesh,Alok Kapali,Mahmudullah,JW Hastings,1,0,"",""
ball,2,47.1,Bangladesh,Alok Kapali,Mahmudullah,MG Johnson,0,0,caught,Alok Kapali
ball,2,47.2,Bangladesh,Suhrawadi Shuvo,Mahmudullah,MG Johnson,0,2,"",""
ball,2,47.3,Bangladesh,Suhrawadi Shuvo,Mahmudullah,MG Johnson,0,5,"",""
ball,2,47.4,Bangladesh,Suhrawadi Shuvo,Mahmudullah,MG Johnson,0,1,"",""
ball,2,47.5,Bangladesh,Suhrawadi Shuvo,Mahmudullah,MG Johnson,0,0,"",""
ball,2,47.6,Bangladesh,Suhrawadi Shuvo,Mahmudullah,MG Johnson,1,0,"",""
ball,2,47.7,Bangladesh,Mahmudullah,Suhrawadi Shuvo,MG Johnson,1,0,"",""
ball,2,47.8,Bangladesh,Suhrawadi Shuvo,Mahmudullah,MG Johnson,0,0,"",""
ball,2,48.1,Bangladesh,Mahmudullah,Suhrawadi Shuvo,JW Hastings,1,0,"",""
ball,2,48.2,Bangladesh,Suhrawadi Shuvo,Mahmudullah,JW Hastings,1,0,"",""
ball,2,48.3,Bangladesh,Mahmudullah,Suhrawadi Shuvo,JW Hastings,1,0,"",""
ball,2,48.4,Bangladesh,Suhrawadi Shuvo,Mahmudullah,JW Hastings,0,0,"",""
ball,2,48.5,Bangladesh,Suhrawadi Shuvo,Mahmudullah,JW Hastings,0,0,"",""
ball,2,48.6,Bangladesh,Suhrawadi Shuvo,Mahmudullah,JW Hastings,0,0,"",""
ball,2,49.1,Bangladesh,Mahmudullah,Suhrawadi Shuvo,JL Pattinson,1,0,"",""
ball,2,49.2,Bangladesh,Suhrawadi Shuvo,Mahmudullah,JL Pattinson,1,0,"",""
ball,2,49.3,Bangladesh,Mahmudullah,Suhrawadi Shuvo,JL Pattinson,0,0,"",""
ball,2,49.4,Bangladesh,Mahmudullah,Suhrawadi Shuvo,JL Pattinson,4,0,"",""
ball,2,49.5,Bangladesh,Mahmudullah,Suhrawadi Shuvo,JL Pattinson,4,0,"",""
ball,2,49.6,Bangladesh,Mahmudullah,Suhrawadi Shuvo,JL Pattinson,2,0,"",""
