version,1.3.0
info,team,Scotland
info,team,Netherlands
info,gender,male
info,season,2011
info,date,2011/06/29
info,competition,"ICC World Cricket League Championship, 2011-2013/14"
info,match_number,2
info,venue,Mannofield Park
info,city,Aberdeen
info,toss_winner,Scotland
info,toss_decision,field
info,umpire,NG Bagh
info,umpire,PJ Nero
info,reserve_umpire,RM Wylie
info,match_referee,DT Jukes
info,winner,Scotland
info,winner_wickets,5
info,method,D/L
ball,1,0.1,Netherlands,MR Swart,W Barresi,GD Drummond,0,1,"",""
ball,1,0.2,Netherlands,W Barresi,MR Swart,GD Drummond,0,0,"",""
ball,1,0.3,Netherlands,W Barresi,MR Swart,GD Drummond,1,0,"",""
ball,1,0.4,Netherlands,MR Swart,W Barresi,GD Drummond,1,0,"",""
ball,1,0.5,Netherlands,W Barresi,MR Swart,GD Drummond,0,0,"",""
ball,1,0.6,Netherlands,W Barresi,MR Swart,GD Drummond,0,0,"",""
ball,1,1.1,Netherlands,MR Swart,W Barresi,SM Sharif,2,0,"",""
ball,1,1.2,Netherlands,MR Swart,W Barresi,SM Sharif,0,0,"",""
ball,1,1.3,Netherlands,MR Swart,W Barresi,SM Sharif,0,0,"",""
ball,1,1.4,Netherlands,MR Swart,W Barresi,SM Sharif,0,0,"",""
ball,1,1.5,Netherlands,MR Swart,W Barresi,SM Sharif,0,0,"",""
ball,1,1.6,Netherlands,MR Swart,W Barresi,SM Sharif,0,0,"",""
ball,1,2.1,Netherlands,W Barresi,MR Swart,GD Drummond,0,0,"",""
ball,1,2.2,Netherlands,W Barresi,MR Swart,GD Drummond,0,0,"",""
ball,1,2.3,Netherlands,W Barresi,MR Swart,GD Drummond,2,0,"",""
ball,1,2.4,Netherlands,W Barresi,MR Swart,GD Drummond,0,0,"",""
ball,1,2.5,Netherlands,W Barresi,MR Swart,GD Drummond,0,0,"",""
ball,1,2.6,Netherlands,W Barresi,MR Swart,GD Drummond,0,0,"",""
ball,1,3.1,Netherlands,MR Swart,W Barresi,SM Sharif,0,0,"",""
ball,1,3.2,Netherlands,MR Swart,W Barresi,SM Sharif,0,0,lbw,MR Swart
ball,1,3.3,Netherlands,VAB Tewarie,W Barresi,SM Sharif,0,0,"",""
ball,1,3.4,Netherlands,VAB Tewarie,W Barresi,SM Sharif,1,0,"",""
ball,1,3.5,Netherlands,W Barresi,VAB Tewarie,SM Sharif,0,1,"",""
ball,1,3.6,Netherlands,W Barresi,VAB Tewarie,SM Sharif,1,0,"",""
ball,1,3.7,Netherlands,VAB Tewarie,W Barresi,SM Sharif,1,0,"",""
ball,1,4.1,Netherlands,VAB Tewarie,W Barresi,GD Drummond,0,0,"",""
ball,1,4.2,Netherlands,VAB Tewarie,W Barresi,GD Drummond,0,0,"",""
ball,1,4.3,Netherlands,VAB Tewarie,W Barresi,GD Drummond,0,0,"",""
ball,1,4.4,Netherlands,VAB Tewarie,W Barresi,GD Drummond,1,0,"",""
ball,1,4.5,Netherlands,W Barresi,VAB Tewarie,GD Drummond,0,0,"",""
ball,1,4.6,Netherlands,W Barresi,VAB Tewarie,GD Drummond,1,0,"",""
ball,1,5.1,Netherlands,W Barresi,VAB Tewarie,SM Sharif,4,0,"",""
ball,1,5.2,Netherlands,W Barresi,VAB Tewarie,SM Sharif,0,0,"",""
ball,1,5.3,Netherlands,W Barresi,VAB Tewarie,SM Sharif,0,0,"",""
ball,1,5.4,Netherlands,W Barresi,VAB Tewarie,SM Sharif,0,0,caught,W Barresi
ball,1,5.5,Netherlands,TLW Cooper,VAB Tewarie,SM Sharif,0,0,"",""
ball,1,5.6,Netherlands,TLW Cooper,VAB Tewarie,SM Sharif,0,0,"",""
ball,1,6.1,Netherlands,VAB Tewarie,TLW Cooper,GD Drummond,0,0,"",""
ball,1,6.2,Netherlands,VAB Tewarie,TLW Cooper,GD Drummond,1,0,"",""
ball,1,6.3,Netherlands,TLW Cooper,VAB Tewarie,GD Drummond,2,0,"",""
ball,1,6.4,Netherlands,TLW Cooper,VAB Tewarie,GD Drummond,0,0,"",""
ball,1,6.5,Netherlands,TLW Cooper,VAB Tewarie,GD Drummond,0,0,"",""
ball,1,6.6,Netherlands,TLW Cooper,VAB Tewarie,GD Drummond,0,0,"",""
ball,1,7.1,Netherlands,VAB Tewarie,TLW Cooper,SM Sharif,0,0,"",""
ball,1,7.2,Netherlands,VAB Tewarie,TLW Cooper,SM Sharif,0,0,"",""
ball,1,7.3,Netherlands,VAB Tewarie,TLW Cooper,SM Sharif,0,0,"",""
ball,1,7.4,Netherlands,VAB Tewarie,TLW Cooper,SM Sharif,0,0,"",""
ball,1,7.5,Netherlands,VAB Tewarie,TLW Cooper,SM Sharif,0,0,"",""
ball,1,7.6,Netherlands,VAB Tewarie,TLW Cooper,SM Sharif,0,0,"",""
ball,1,8.1,Netherlands,TLW Cooper,VAB Tewarie,JH Davey,1,0,"",""
ball,1,8.2,Netherlands,VAB Tewarie,TLW Cooper,JH Davey,0,0,"",""
ball,1,8.3,Netherlands,VAB Tewarie,TLW Cooper,JH Davey,0,0,"",""
ball,1,8.4,Netherlands,VAB Tewarie,TLW Cooper,JH Davey,0,0,"",""
ball,1,8.5,Netherlands,VAB Tewarie,TLW Cooper,JH Davey,0,0,"",""
ball,1,8.6,Netherlands,VAB Tewarie,TLW Cooper,JH Davey,0,0,"",""
ball,1,9.1,Netherlands,TLW Cooper,VAB Tewarie,SM Sharif,0,0,"",""
ball,1,9.2,Netherlands,TLW Cooper,VAB Tewarie,SM Sharif,0,0,"",""
ball,1,9.3,Netherlands,TLW Cooper,VAB Tewarie,SM Sharif,1,0,"",""
ball,1,9.4,Netherlands,VAB Tewarie,TLW Cooper,SM Sharif,0,0,"",""
ball,1,9.5,Netherlands,VAB Tewarie,TLW Cooper,SM Sharif,0,0,caught,VAB Tewarie
ball,1,9.6,Netherlands,N Kruger,TLW Cooper,SM Sharif,0,0,"",""
ball,1,10.1,Netherlands,TLW Cooper,N Kruger,JH Davey,0,0,"",""
ball,1,10.2,Netherlands,TLW Cooper,N Kruger,JH Davey,4,0,"",""
ball,1,10.3,Netherlands,TLW Cooper,N Kruger,JH Davey,0,0,"",""
ball,1,10.4,Netherlands,TLW Cooper,N Kruger,JH Davey,2,0,"",""
ball,1,10.5,Netherlands,TLW Cooper,N Kruger,JH Davey,4,0,"",""
ball,1,10.6,Netherlands,TLW Cooper,N Kruger,JH Davey,0,0,"",""
ball,1,11.1,Netherlands,N Kruger,TLW Cooper,SM Sharif,1,0,"",""
ball,1,11.2,Netherlands,TLW Cooper,N Kruger,SM Sharif,0,0,"",""
ball,1,11.3,Netherlands,TLW Cooper,N Kruger,SM Sharif,0,0,"",""
ball,1,11.4,Netherlands,TLW Cooper,N Kruger,SM Sharif,0,0,"",""
ball,1,11.5,Netherlands,TLW Cooper,N Kruger,SM Sharif,2,0,"",""
ball,1,11.6,Netherlands,TLW Cooper,N Kruger,SM Sharif,0,0,"",""
ball,1,12.1,Netherlands,N Kruger,TLW Cooper,JH Davey,0,0,"",""
ball,1,12.2,Netherlands,N Kruger,TLW Cooper,JH Davey,0,0,"",""
ball,1,12.3,Netherlands,N Kruger,TLW Cooper,JH Davey,0,0,"",""
ball,1,12.4,Netherlands,N Kruger,TLW Cooper,JH Davey,0,0,"",""
ball,1,12.5,Netherlands,N Kruger,TLW Cooper,JH Davey,0,0,"",""
ball,1,12.6,Netherlands,N Kruger,TLW Cooper,JH Davey,2,0,"",""
ball,1,13.1,Netherlands,TLW Cooper,N Kruger,G Goudie,1,0,"",""
ball,1,13.2,Netherlands,N Kruger,TLW Cooper,G Goudie,0,0,"",""
ball,1,13.3,Netherlands,N Kruger,TLW Cooper,G Goudie,0,0,"",""
ball,1,13.4,Netherlands,N Kruger,TLW Cooper,G Goudie,0,0,"",""
ball,1,13.5,Netherlands,N Kruger,TLW Cooper,G Goudie,0,0,"",""
ball,1,13.6,Netherlands,N Kruger,TLW Cooper,G Goudie,0,0,"",""
ball,1,14.1,Netherlands,TLW Cooper,N Kruger,GD Drummond,1,0,"",""
ball,1,14.2,Netherlands,N Kruger,TLW Cooper,GD Drummond,0,0,"",""
ball,1,14.3,Netherlands,N Kruger,TLW Cooper,GD Drummond,0,0,"",""
ball,1,14.4,Netherlands,N Kruger,TLW Cooper,GD Drummond,0,0,"",""
ball,1,14.5,Netherlands,N Kruger,TLW Cooper,GD Drummond,0,0,"",""
ball,1,14.6,Netherlands,N Kruger,TLW Cooper,GD Drummond,0,0,"",""
ball,1,15.1,Netherlands,TLW Cooper,N Kruger,G Goudie,0,0,"",""
ball,1,15.2,Netherlands,TLW Cooper,N Kruger,G Goudie,0,0,"",""
ball,1,15.3,Netherlands,TLW Cooper,N Kruger,G Goudie,0,0,"",""
ball,1,15.4,Netherlands,TLW Cooper,N Kruger,G Goudie,1,0,"",""
ball,1,15.5,Netherlands,N Kruger,TLW Cooper,G Goudie,2,0,"",""
ball,1,15.6,Netherlands,N Kruger,TLW Cooper,G Goudie,0,0,caught,N Kruger
ball,1,16.1,Netherlands,TLW Cooper,TN de Grooth,GD Drummond,1,0,"",""
ball,1,16.2,Netherlands,TN de Grooth,TLW Cooper,GD Drummond,1,0,"",""
ball,1,16.3,Netherlands,TLW Cooper,TN de Grooth,GD Drummond,0,0,"",""
ball,1,16.4,Netherlands,TLW Cooper,TN de Grooth,GD Drummond,1,0,"",""
ball,1,16.5,Netherlands,TN de Grooth,TLW Cooper,GD Drummond,0,0,"",""
ball,1,16.6,Netherlands,TN de Grooth,TLW Cooper,GD Drummond,1,0,"",""
ball,1,17.1,Netherlands,TN de Grooth,TLW Cooper,G Goudie,1,0,"",""
ball,1,17.2,Netherlands,TLW Cooper,TN de Grooth,G Goudie,1,0,"",""
ball,1,17.3,Netherlands,TN de Grooth,TLW Cooper,G Goudie,0,0,caught,TN de Grooth
ball,1,17.4,Netherlands,PW Borren,TLW Cooper,G Goudie,1,0,"",""
ball,1,17.5,Netherlands,TLW Cooper,PW Borren,G Goudie,4,0,"",""
ball,1,17.6,Netherlands,TLW Cooper,PW Borren,G Goudie,0,0,"",""
ball,1,18.1,Netherlands,PW Borren,TLW Cooper,RD Berrington,0,0,"",""
ball,1,18.2,Netherlands,PW Borren,TLW Cooper,RD Berrington,0,0,"",""
ball,1,18.3,Netherlands,PW Borren,TLW Cooper,RD Berrington,1,0,"",""
ball,1,18.4,Netherlands,TLW Cooper,PW Borren,RD Berrington,0,0,"",""
ball,1,18.5,Netherlands,TLW Cooper,PW Borren,RD Berrington,0,0,"",""
ball,1,18.6,Netherlands,TLW Cooper,PW Borren,RD Berrington,0,0,bowled,TLW Cooper
ball,1,19.1,Netherlands,PW Borren,TJ Heggelman,G Goudie,0,0,"",""
ball,1,19.2,Netherlands,PW Borren,TJ Heggelman,G Goudie,0,0,"",""
ball,1,19.3,Netherlands,PW Borren,TJ Heggelman,G Goudie,0,0,"",""
ball,1,19.4,Netherlands,PW Borren,TJ Heggelman,G Goudie,1,0,"",""
ball,1,19.5,Netherlands,TJ Heggelman,PW Borren,G Goudie,0,0,"",""
ball,1,19.6,Netherlands,TJ Heggelman,PW Borren,G Goudie,0,0,"",""
ball,1,20.1,Netherlands,PW Borren,TJ Heggelman,RD Berrington,0,0,"",""
ball,1,20.2,Netherlands,PW Borren,TJ Heggelman,RD Berrington,1,0,"",""
ball,1,20.3,Netherlands,TJ Heggelman,PW Borren,RD Berrington,0,0,"",""
ball,1,20.4,Netherlands,TJ Heggelman,PW Borren,RD Berrington,0,0,"",""
ball,1,20.5,Netherlands,TJ Heggelman,PW Borren,RD Berrington,0,0,"",""
ball,1,20.6,Netherlands,TJ Heggelman,PW Borren,RD Berrington,0,0,"",""
ball,1,21.1,Netherlands,PW Borren,TJ Heggelman,G Goudie,1,0,"",""
ball,1,21.2,Netherlands,TJ Heggelman,PW Borren,G Goudie,0,0,"",""
ball,1,21.3,Netherlands,TJ Heggelman,PW Borren,G Goudie,1,0,"",""
ball,1,21.4,Netherlands,PW Borren,TJ Heggelman,G Goudie,0,0,"",""
ball,1,21.5,Netherlands,PW Borren,TJ Heggelman,G Goudie,0,0,"",""
ball,1,21.6,Netherlands,PW Borren,TJ Heggelman,G Goudie,1,0,"",""
ball,1,22.1,Netherlands,PW Borren,TJ Heggelman,RD Berrington,0,0,"",""
ball,1,22.2,Netherlands,PW Borren,TJ Heggelman,RD Berrington,4,0,"",""
ball,1,22.3,Netherlands,PW Borren,TJ Heggelman,RD Berrington,0,0,"",""
ball,1,22.4,Netherlands,PW Borren,TJ Heggelman,RD Berrington,0,0,"",""
ball,1,22.5,Netherlands,PW Borren,TJ Heggelman,RD Berrington,1,0,"",""
ball,1,22.6,Netherlands,TJ Heggelman,PW Borren,RD Berrington,1,0,"",""
ball,1,23.1,Netherlands,TJ Heggelman,PW Borren,G Goudie,0,0,"",""
ball,1,23.2,Netherlands,TJ Heggelman,PW Borren,G Goudie,0,0,"",""
ball,1,23.3,Netherlands,TJ Heggelman,PW Borren,G Goudie,0,0,"",""
ball,1,23.4,Netherlands,TJ Heggelman,PW Borren,G Goudie,0,0,"",""
ball,1,23.5,Netherlands,TJ Heggelman,PW Borren,G Goudie,0,0,"",""
ball,1,23.6,Netherlands,TJ Heggelman,PW Borren,G Goudie,0,0,"",""
ball,1,24.1,Netherlands,PW Borren,TJ Heggelman,RM Haq,0,0,"",""
ball,1,24.2,Netherlands,PW Borren,TJ Heggelman,RM Haq,0,0,"",""
ball,1,24.3,Netherlands,PW Borren,TJ Heggelman,RM Haq,0,0,"",""
ball,1,24.4,Netherlands,PW Borren,TJ Heggelman,RM Haq,0,0,"",""
ball,1,24.5,Netherlands,PW Borren,TJ Heggelman,RM Haq,0,0,"",""
ball,1,24.6,Netherlands,PW Borren,TJ Heggelman,RM Haq,1,0,"",""
ball,1,25.1,Netherlands,PW Borren,TJ Heggelman,KJ Coetzer,0,0,"",""
ball,1,25.2,Netherlands,PW Borren,TJ Heggelman,KJ Coetzer,1,0,"",""
ball,1,25.3,Netherlands,TJ Heggelman,PW Borren,KJ Coetzer,0,0,"",""
ball,1,25.4,Netherlands,TJ Heggelman,PW Borren,KJ Coetzer,0,1,"",""
ball,1,25.5,Netherlands,TJ Heggelman,PW Borren,KJ Coetzer,0,0,"",""
ball,1,25.6,Netherlands,TJ Heggelman,PW Borren,KJ Coetzer,0,0,"",""
ball,1,25.7,Netherlands,TJ Heggelman,PW Borren,KJ Coetzer,1,0,"",""
ball,1,26.1,Netherlands,TJ Heggelman,PW Borren,RM Haq,0,0,"",""
ball,1,26.2,Netherlands,TJ Heggelman,PW Borren,RM Haq,1,0,"",""
ball,1,26.3,Netherlands,PW Borren,TJ Heggelman,RM Haq,0,0,"",""
ball,1,26.4,Netherlands,PW Borren,TJ Heggelman,RM Haq,1,0,"",""
ball,1,26.5,Netherlands,TJ Heggelman,PW Borren,RM Haq,0,0,"",""
ball,1,26.6,Netherlands,TJ Heggelman,PW Borren,RM Haq,0,0,"",""
ball,1,27.1,Netherlands,PW Borren,TJ Heggelman,KJ Coetzer,0,0,"",""
ball,1,27.2,Netherlands,PW Borren,TJ Heggelman,KJ Coetzer,0,0,"",""
ball,1,27.3,Netherlands,PW Borren,TJ Heggelman,KJ Coetzer,2,0,"",""
ball,1,27.4,Netherlands,PW Borren,TJ Heggelman,KJ Coetzer,0,0,"",""
ball,1,27.5,Netherlands,PW Borren,TJ Heggelman,KJ Coetzer,0,0,"",""
ball,1,27.6,Netherlands,PW Borren,TJ Heggelman,KJ Coetzer,1,0,"",""
ball,1,28.1,Netherlands,PW Borren,TJ Heggelman,RM Haq,0,1,"",""
ball,1,28.2,Netherlands,TJ Heggelman,PW Borren,RM Haq,0,0,"",""
ball,1,28.3,Netherlands,TJ Heggelman,PW Borren,RM Haq,1,0,"",""
ball,1,28.4,Netherlands,PW Borren,TJ Heggelman,RM Haq,1,0,"",""
ball,1,28.5,Netherlands,TJ Heggelman,PW Borren,RM Haq,1,0,"",""
ball,1,28.6,Netherlands,PW Borren,TJ Heggelman,RM Haq,1,0,"",""
ball,1,29.1,Netherlands,PW Borren,TJ Heggelman,KJ Coetzer,0,0,"",""
ball,1,29.2,Netherlands,PW Borren,TJ Heggelman,KJ Coetzer,1,0,"",""
ball,1,29.3,Netherlands,TJ Heggelman,PW Borren,KJ Coetzer,0,0,"",""
ball,1,29.4,Netherlands,TJ Heggelman,PW Borren,KJ Coetzer,0,0,"",""
ball,1,29.5,Netherlands,TJ Heggelman,PW Borren,KJ Coetzer,1,0,"",""
ball,1,29.6,Netherlands,PW Borren,TJ Heggelman,KJ Coetzer,0,0,"",""
ball,1,30.1,Netherlands,TJ Heggelman,PW Borren,RM Haq,0,0,"",""
ball,1,30.2,Netherlands,TJ Heggelman,PW Borren,RM Haq,1,0,"",""
ball,1,30.3,Netherlands,PW Borren,TJ Heggelman,RM Haq,0,0,"",""
ball,1,30.4,Netherlands,PW Borren,TJ Heggelman,RM Haq,0,0,"",""
ball,1,30.5,Netherlands,PW Borren,TJ Heggelman,RM Haq,0,0,"",""
ball,1,30.6,Netherlands,PW Borren,TJ Heggelman,RM Haq,0,0,"",""
ball,1,31.1,Netherlands,TJ Heggelman,PW Borren,KJ Coetzer,0,0,"",""
ball,1,31.2,Netherlands,TJ Heggelman,PW Borren,KJ Coetzer,0,0,"",""
ball,1,31.3,Netherlands,TJ Heggelman,PW Borren,KJ Coetzer,0,0,"",""
ball,1,31.4,Netherlands,TJ Heggelman,PW Borren,KJ Coetzer,0,0,"",""
ball,1,31.5,Netherlands,TJ Heggelman,PW Borren,KJ Coetzer,0,0,"",""
ball,1,31.6,Netherlands,TJ Heggelman,PW Borren,KJ Coetzer,0,0,"",""
ball,1,32.1,Netherlands,PW Borren,TJ Heggelman,RM Haq,0,0,"",""
ball,1,32.2,Netherlands,PW Borren,TJ Heggelman,RM Haq,1,0,"",""
ball,1,32.3,Netherlands,TJ Heggelman,PW Borren,RM Haq,0,0,"",""
ball,1,32.4,Netherlands,TJ Heggelman,PW Borren,RM Haq,0,0,"",""
ball,1,32.5,Netherlands,TJ Heggelman,PW Borren,RM Haq,0,0,"",""
ball,1,32.6,Netherlands,TJ Heggelman,PW Borren,RM Haq,0,0,"",""
ball,1,33.1,Netherlands,PW Borren,TJ Heggelman,KJ Coetzer,1,0,"",""
ball,1,33.2,Netherlands,TJ Heggelman,PW Borren,KJ Coetzer,1,0,"",""
ball,1,33.3,Netherlands,PW Borren,TJ Heggelman,KJ Coetzer,0,0,"",""
ball,1,33.4,Netherlands,PW Borren,TJ Heggelman,KJ Coetzer,1,0,"",""
ball,1,33.5,Netherlands,TJ Heggelman,PW Borren,KJ Coetzer,0,0,"",""
ball,1,33.6,Netherlands,TJ Heggelman,PW Borren,KJ Coetzer,2,0,"",""
ball,1,34.1,Netherlands,PW Borren,TJ Heggelman,RM Haq,0,0,"",""
ball,1,34.2,Netherlands,PW Borren,TJ Heggelman,RM Haq,1,0,"",""
ball,1,34.3,Netherlands,TJ Heggelman,PW Borren,RM Haq,0,0,"",""
ball,1,34.4,Netherlands,TJ Heggelman,PW Borren,RM Haq,0,0,"",""
ball,1,34.5,Netherlands,TJ Heggelman,PW Borren,RM Haq,0,0,"",""
ball,1,34.6,Netherlands,TJ Heggelman,PW Borren,RM Haq,0,0,"",""
ball,1,35.1,Netherlands,PW Borren,TJ Heggelman,RD Berrington,0,0,"",""
ball,1,35.2,Netherlands,PW Borren,TJ Heggelman,RD Berrington,0,0,"",""
ball,1,35.3,Netherlands,PW Borren,TJ Heggelman,RD Berrington,1,0,"",""
ball,1,35.4,Netherlands,TJ Heggelman,PW Borren,RD Berrington,0,0,"",""
ball,1,35.5,Netherlands,TJ Heggelman,PW Borren,RD Berrington,2,0,"",""
ball,1,35.6,Netherlands,TJ Heggelman,PW Borren,RD Berrington,2,0,"",""
ball,1,36.1,Netherlands,PW Borren,TJ Heggelman,RM Haq,1,0,"",""
ball,1,36.2,Netherlands,TJ Heggelman,PW Borren,RM Haq,0,0,"",""
ball,1,36.3,Netherlands,TJ Heggelman,PW Borren,RM Haq,0,0,"",""
ball,1,36.4,Netherlands,TJ Heggelman,PW Borren,RM Haq,0,0,"",""
ball,1,36.5,Netherlands,TJ Heggelman,PW Borren,RM Haq,1,0,"",""
ball,1,36.6,Netherlands,PW Borren,TJ Heggelman,RM Haq,0,0,"",""
ball,1,37.1,Netherlands,TJ Heggelman,PW Borren,RD Berrington,2,0,"",""
ball,1,37.2,Netherlands,TJ Heggelman,PW Borren,RD Berrington,1,0,"",""
ball,1,37.3,Netherlands,PW Borren,TJ Heggelman,RD Berrington,0,0,"",""
ball,1,37.4,Netherlands,PW Borren,TJ Heggelman,RD Berrington,2,0,"",""
ball,1,37.5,Netherlands,PW Borren,TJ Heggelman,RD Berrington,0,0,"",""
ball,1,37.6,Netherlands,PW Borren,TJ Heggelman,RD Berrington,0,0,"",""
ball,1,38.1,Netherlands,TJ Heggelman,PW Borren,RM Haq,1,0,"",""
ball,1,38.2,Netherlands,PW Borren,TJ Heggelman,RM Haq,1,0,"",""
ball,1,38.3,Netherlands,TJ Heggelman,PW Borren,RM Haq,1,0,"",""
ball,1,38.4,Netherlands,PW Borren,TJ Heggelman,RM Haq,0,0,"",""
ball,1,38.5,Netherlands,PW Borren,TJ Heggelman,RM Haq,0,0,"",""
ball,1,38.6,Netherlands,PW Borren,TJ Heggelman,RM Haq,1,0,"",""
ball,1,39.1,Netherlands,PW Borren,TJ Heggelman,G Goudie,0,0,"",""
ball,1,39.2,Netherlands,PW Borren,TJ Heggelman,G Goudie,1,0,"",""
ball,1,39.3,Netherlands,TJ Heggelman,PW Borren,G Goudie,1,0,"",""
ball,1,39.4,Netherlands,PW Borren,TJ Heggelman,G Goudie,0,0,"",""
ball,1,39.5,Netherlands,PW Borren,TJ Heggelman,G Goudie,1,0,"",""
ball,1,39.6,Netherlands,TJ Heggelman,PW Borren,G Goudie,0,0,caught,TJ Heggelman
ball,1,40.1,Netherlands,PW Borren,Mudassar Bukhari,RM Haq,0,0,"",""
ball,1,40.2,Netherlands,PW Borren,Mudassar Bukhari,RM Haq,0,0,"",""
ball,1,40.3,Netherlands,PW Borren,Mudassar Bukhari,RM Haq,0,0,"",""
ball,1,40.4,Netherlands,PW Borren,Mudassar Bukhari,RM Haq,1,0,"",""
ball,1,40.5,Netherlands,Mudassar Bukhari,PW Borren,RM Haq,0,0,"",""
ball,1,40.6,Netherlands,Mudassar Bukhari,PW Borren,RM Haq,0,0,"",""
ball,1,41.1,Netherlands,PW Borren,Mudassar Bukhari,KJ Coetzer,2,0,"",""
ball,1,41.2,Netherlands,PW Borren,Mudassar Bukhari,KJ Coetzer,2,0,"",""
ball,1,41.3,Netherlands,PW Borren,Mudassar Bukhari,KJ Coetzer,1,0,"",""
ball,1,41.4,Netherlands,Mudassar Bukhari,PW Borren,KJ Coetzer,1,0,"",""
ball,1,41.5,Netherlands,PW Borren,Mudassar Bukhari,KJ Coetzer,0,0,"",""
ball,1,41.6,Netherlands,PW Borren,Mudassar Bukhari,KJ Coetzer,2,0,"",""
ball,1,42.1,Netherlands,Mudassar Bukhari,PW Borren,RM Haq,1,0,"",""
ball,1,42.2,Netherlands,PW Borren,Mudassar Bukhari,RM Haq,0,0,"",""
ball,1,42.3,Netherlands,PW Borren,Mudassar Bukhari,RM Haq,0,0,"",""
ball,1,42.4,Netherlands,PW Borren,Mudassar Bukhari,RM Haq,0,0,"",""
ball,1,42.5,Netherlands,PW Borren,Mudassar Bukhari,RM Haq,0,0,"",""
ball,1,42.6,Netherlands,PW Borren,Mudassar Bukhari,RM Haq,1,0,"",""
ball,1,43.1,Netherlands,PW Borren,Mudassar Bukhari,KJ Coetzer,0,0,"",""
ball,1,43.2,Netherlands,PW Borren,Mudassar Bukhari,KJ Coetzer,0,0,"",""
ball,1,43.3,Netherlands,PW Borren,Mudassar Bukhari,KJ Coetzer,1,0,"",""
ball,1,43.4,Netherlands,Mudassar Bukhari,PW Borren,KJ Coetzer,1,0,"",""
ball,1,43.5,Netherlands,PW Borren,Mudassar Bukhari,KJ Coetzer,1,0,"",""
ball,1,43.6,Netherlands,Mudassar Bukhari,PW Borren,KJ Coetzer,1,0,"",""
ball,1,44.1,Netherlands,Mudassar Bukhari,PW Borren,GD Drummond,0,2,"",""
ball,1,44.2,Netherlands,PW Borren,Mudassar Bukhari,GD Drummond,1,0,"",""
ball,1,44.3,Netherlands,Mudassar Bukhari,PW Borren,GD Drummond,2,0,"",""
ball,1,44.4,Netherlands,Mudassar Bukhari,PW Borren,GD Drummond,1,0,"",""
ball,1,44.5,Netherlands,PW Borren,Mudassar Bukhari,GD Drummond,1,0,"",""
ball,1,44.6,Netherlands,Mudassar Bukhari,PW Borren,GD Drummond,2,0,"",""
ball,1,44.7,Netherlands,Mudassar Bukhari,PW Borren,GD Drummond,2,0,"",""
ball,1,45.1,Netherlands,PW Borren,Mudassar Bukhari,KJ Coetzer,0,0,"",""
ball,1,45.2,Netherlands,PW Borren,Mudassar Bukhari,KJ Coetzer,1,0,"",""
ball,1,45.3,Netherlands,Mudassar Bukhari,PW Borren,KJ Coetzer,1,0,"",""
ball,1,45.4,Netherlands,PW Borren,Mudassar Bukhari,KJ Coetzer,4,0,"",""
ball,1,45.5,Netherlands,PW Borren,Mudassar Bukhari,KJ Coetzer,4,0,"",""
ball,1,45.6,Netherlands,PW Borren,Mudassar Bukhari,KJ Coetzer,1,0,"",""
ball,1,46.1,Netherlands,PW Borren,Mudassar Bukhari,GD Drummond,0,0,"",""
ball,1,46.2,Netherlands,PW Borren,Mudassar Bukhari,GD Drummond,1,0,"",""
ball,1,46.3,Netherlands,Mudassar Bukhari,PW Borren,GD Drummond,1,0,"",""
ball,1,46.4,Netherlands,PW Borren,Mudassar Bukhari,GD Drummond,4,0,"",""
ball,1,46.5,Netherlands,PW Borren,Mudassar Bukhari,GD Drummond,1,0,"",""
ball,1,46.6,Netherlands,Mudassar Bukhari,PW Borren,GD Drummond,1,0,"",""
ball,1,47.1,Netherlands,Mudassar Bukhari,PW Borren,SM Sharif,1,0,"",""
ball,1,47.2,Netherlands,PW Borren,Mudassar Bukhari,SM Sharif,0,0,"",""
ball,1,47.3,Netherlands,PW Borren,Mudassar Bukhari,SM Sharif,1,0,"",""
ball,1,47.4,Netherlands,Mudassar Bukhari,PW Borren,SM Sharif,0,1,"",""
ball,1,47.5,Netherlands,PW Borren,Mudassar Bukhari,SM Sharif,0,1,"",""
ball,1,47.6,Netherlands,PW Borren,Mudassar Bukhari,SM Sharif,1,0,"",""
ball,1,47.7,Netherlands,Mudassar Bukhari,PW Borren,SM Sharif,2,0,"",""
ball,1,48.1,Netherlands,PW Borren,Mudassar Bukhari,GD Drummond,1,0,"",""
ball,1,48.2,Netherlands,Mudassar Bukhari,PW Borren,GD Drummond,1,0,"",""
ball,1,48.3,Netherlands,PW Borren,Mudassar Bukhari,GD Drummond,1,0,"",""
ball,1,48.4,Netherlands,Mudassar Bukhari,PW Borren,GD Drummond,6,0,"",""
ball,1,48.5,Netherlands,Mudassar Bukhari,PW Borren,GD Drummond,4,0,"",""
ball,1,48.6,Netherlands,Mudassar Bukhari,PW Borren,GD Drummond,0,0,"",""
ball,1,49.1,Netherlands,PW Borren,Mudassar Bukhari,SM Sharif,1,0,"",""
ball,1,49.2,Netherlands,Mudassar Bukhari,PW Borren,SM Sharif,0,0,caught,Mudassar Bukhari
ball,1,49.3,Netherlands,PW Borren,PM Seelaar,SM Sharif,4,0,"",""
ball,1,49.4,Netherlands,PW Borren,PM Seelaar,SM Sharif,1,0,"",""
ball,1,49.5,Netherlands,PM Seelaar,PW Borren,SM Sharif,1,0,"",""
ball,1,49.6,Netherlands,PW Borren,PM Seelaar,SM Sharif,0,0,run out,PM Seelaar
ball,2,0.1,Scotland,DF Watts,KJ Coetzer,Mudassar Bukhari,0,0,"",""
ball,2,0.2,Scotland,DF Watts,KJ Coetzer,Mudassar Bukhari,0,0,caught,DF Watts
ball,2,0.3,Scotland,CS MacLeod,KJ Coetzer,Mudassar Bukhari,0,0,"",""
ball,2,0.4,Scotland,CS MacLeod,KJ Coetzer,Mudassar Bukhari,0,0,"",""
ball,2,0.5,Scotland,CS MacLeod,KJ Coetzer,Mudassar Bukhari,0,0,"",""
ball,2,0.6,Scotland,CS MacLeod,KJ Coetzer,Mudassar Bukhari,1,0,"",""
ball,2,1.1,Scotland,CS MacLeod,KJ Coetzer,Ahsan Malik,0,0,"",""
ball,2,1.2,Scotland,CS MacLeod,KJ Coetzer,Ahsan Malik,1,0,"",""
ball,2,1.3,Scotland,KJ Coetzer,CS MacLeod,Ahsan Malik,0,0,"",""
ball,2,1.4,Scotland,KJ Coetzer,CS MacLeod,Ahsan Malik,3,0,"",""
ball,2,1.5,Scotland,CS MacLeod,KJ Coetzer,Ahsan Malik,0,0,"",""
ball,2,1.6,Scotland,CS MacLeod,KJ Coetzer,Ahsan Malik,0,0,"",""
ball,2,2.1,Scotland,KJ Coetzer,CS MacLeod,Mudassar Bukhari,1,0,"",""
ball,2,2.2,Scotland,CS MacLeod,KJ Coetzer,Mudassar Bukhari,0,0,"",""
ball,2,2.3,Scotland,CS MacLeod,KJ Coetzer,Mudassar Bukhari,0,0,"",""
ball,2,2.4,Scotland,CS MacLeod,KJ Coetzer,Mudassar Bukhari,0,0,"",""
ball,2,2.5,Scotland,CS MacLeod,KJ Coetzer,Mudassar Bukhari,0,0,"",""
ball,2,2.6,Scotland,CS MacLeod,KJ Coetzer,Mudassar Bukhari,0,0,"",""
ball,2,3.1,Scotland,KJ Coetzer,CS MacLeod,Ahsan Malik,4,0,"",""
ball,2,3.2,Scotland,KJ Coetzer,CS MacLeod,Ahsan Malik,0,0,"",""
ball,2,3.3,Scotland,KJ Coetzer,CS MacLeod,Ahsan Malik,0,0,"",""
ball,2,3.4,Scotland,KJ Coetzer,CS MacLeod,Ahsan Malik,0,0,"",""
ball,2,3.5,Scotland,KJ Coetzer,CS MacLeod,Ahsan Malik,0,0,"",""
ball,2,3.6,Scotland,KJ Coetzer,CS MacLeod,Ahsan Malik,4,0,"",""
ball,2,4.1,Scotland,CS MacLeod,KJ Coetzer,Mudassar Bukhari,0,0,bowled,CS MacLeod
ball,2,4.2,Scotland,JH Davey,KJ Coetzer,Mudassar Bukhari,0,0,"",""
ball,2,4.3,Scotland,JH Davey,KJ Coetzer,Mudassar Bukhari,0,0,"",""
ball,2,4.4,Scotland,JH Davey,KJ Coetzer,Mudassar Bukhari,0,0,"",""
ball,2,4.5,Scotland,JH Davey,KJ Coetzer,Mudassar Bukhari,0,0,"",""
ball,2,4.6,Scotland,JH Davey,KJ Coetzer,Mudassar Bukhari,0,0,"",""
ball,2,5.1,Scotland,KJ Coetzer,JH Davey,Ahsan Malik,0,0,"",""
ball,2,5.2,Scotland,KJ Coetzer,JH Davey,Ahsan Malik,0,0,"",""
ball,2,5.3,Scotland,KJ Coetzer,JH Davey,Ahsan Malik,0,0,"",""
ball,2,5.4,Scotland,KJ Coetzer,JH Davey,Ahsan Malik,0,0,"",""
ball,2,5.5,Scotland,KJ Coetzer,JH Davey,Ahsan Malik,1,0,"",""
ball,2,5.6,Scotland,JH Davey,KJ Coetzer,Ahsan Malik,0,0,"",""
ball,2,6.1,Scotland,KJ Coetzer,JH Davey,Mudassar Bukhari,0,0,"",""
ball,2,6.2,Scotland,KJ Coetzer,JH Davey,Mudassar Bukhari,0,0,"",""
ball,2,6.3,Scotland,KJ Coetzer,JH Davey,Mudassar Bukhari,0,0,"",""
ball,2,6.4,Scotland,KJ Coetzer,JH Davey,Mudassar Bukhari,0,0,"",""
ball,2,6.5,Scotland,KJ Coetzer,JH Davey,Mudassar Bukhari,0,0,"",""
ball,2,6.6,Scotland,KJ Coetzer,JH Davey,Mudassar Bukhari,4,0,"",""
ball,2,7.1,Scotland,JH Davey,KJ Coetzer,Ahsan Malik,0,0,"",""
ball,2,7.2,Scotland,JH Davey,KJ Coetzer,Ahsan Malik,0,0,"",""
ball,2,7.3,Scotland,JH Davey,KJ Coetzer,Ahsan Malik,0,0,"",""
ball,2,7.4,Scotland,JH Davey,KJ Coetzer,Ahsan Malik,0,0,"",""
ball,2,7.5,Scotland,JH Davey,KJ Coetzer,Ahsan Malik,3,0,"",""
ball,2,7.6,Scotland,KJ Coetzer,JH Davey,Ahsan Malik,4,0,"",""
ball,2,8.1,Scotland,JH Davey,KJ Coetzer,Mudassar Bukhari,0,0,"",""
ball,2,8.2,Scotland,JH Davey,KJ Coetzer,Mudassar Bukhari,0,0,"",""
ball,2,8.3,Scotland,JH Davey,KJ Coetzer,Mudassar Bukhari,0,0,"",""
ball,2,8.4,Scotland,JH Davey,KJ Coetzer,Mudassar Bukhari,1,0,"",""
ball,2,8.5,Scotland,KJ Coetzer,JH Davey,Mudassar Bukhari,0,0,"",""
ball,2,8.6,Scotland,KJ Coetzer,JH Davey,Mudassar Bukhari,0,0,"",""
ball,2,9.1,Scotland,JH Davey,KJ Coetzer,Ahsan Malik,2,0,"",""
ball,2,9.2,Scotland,JH Davey,KJ Coetzer,Ahsan Malik,0,0,"",""
ball,2,9.3,Scotland,JH Davey,KJ Coetzer,Ahsan Malik,0,0,"",""
ball,2,9.4,Scotland,JH Davey,KJ Coetzer,Ahsan Malik,1,0,"",""
ball,2,9.5,Scotland,KJ Coetzer,JH Davey,Ahsan Malik,0,0,"",""
ball,2,9.6,Scotland,KJ Coetzer,JH Davey,Ahsan Malik,0,0,"",""
ball,2,10.1,Scotland,JH Davey,KJ Coetzer,Mudassar Bukhari,0,0,"",""
ball,2,10.2,Scotland,JH Davey,KJ Coetzer,Mudassar Bukhari,0,0,"",""
ball,2,10.3,Scotland,JH Davey,KJ Coetzer,Mudassar Bukhari,3,0,"",""
ball,2,10.4,Scotland,KJ Coetzer,JH Davey,Mudassar Bukhari,1,0,"",""
ball,2,10.5,Scotland,JH Davey,KJ Coetzer,Mudassar Bukhari,0,0,"",""
ball,2,10.6,Scotland,JH Davey,KJ Coetzer,Mudassar Bukhari,3,0,"",""
ball,2,11.1,Scotland,JH Davey,KJ Coetzer,Ahsan Malik,0,0,"",""
ball,2,11.2,Scotland,JH Davey,KJ Coetzer,Ahsan Malik,0,0,"",""
ball,2,11.3,Scotland,JH Davey,KJ Coetzer,Ahsan Malik,4,0,"",""
ball,2,11.4,Scotland,JH Davey,KJ Coetzer,Ahsan Malik,0,0,"",""
ball,2,11.5,Scotland,JH Davey,KJ Coetzer,Ahsan Malik,1,0,"",""
ball,2,11.6,Scotland,KJ Coetzer,JH Davey,Ahsan Malik,0,0,"",""
ball,2,12.1,Scotland,JH Davey,KJ Coetzer,PW Borren,0,0,"",""
ball,2,12.2,Scotland,JH Davey,KJ Coetzer,PW Borren,0,0,"",""
ball,2,12.3,Scotland,JH Davey,KJ Coetzer,PW Borren,0,0,"",""
ball,2,12.4,Scotland,JH Davey,KJ Coetzer,PW Borren,0,0,"",""
ball,2,12.5,Scotland,JH Davey,KJ Coetzer,PW Borren,0,0,"",""
ball,2,12.6,Scotland,JH Davey,KJ Coetzer,PW Borren,4,0,"",""
ball,2,13.1,Scotland,KJ Coetzer,JH Davey,Ahsan Malik,0,0,"",""
ball,2,13.2,Scotland,KJ Coetzer,JH Davey,Ahsan Malik,0,0,"",""
ball,2,13.3,Scotland,KJ Coetzer,JH Davey,Ahsan Malik,4,0,"",""
ball,2,13.4,Scotland,KJ Coetzer,JH Davey,Ahsan Malik,0,0,"",""
ball,2,13.5,Scotland,KJ Coetzer,JH Davey,Ahsan Malik,0,0,"",""
ball,2,13.6,Scotland,KJ Coetzer,JH Davey,Ahsan Malik,4,0,"",""
ball,2,14.1,Scotland,JH Davey,KJ Coetzer,PW Borren,1,0,"",""
ball,2,14.2,Scotland,KJ Coetzer,JH Davey,PW Borren,0,0,"",""
ball,2,14.3,Scotland,KJ Coetzer,JH Davey,PW Borren,1,0,"",""
ball,2,14.4,Scotland,JH Davey,KJ Coetzer,PW Borren,0,0,"",""
ball,2,14.5,Scotland,JH Davey,KJ Coetzer,PW Borren,0,0,"",""
ball,2,14.6,Scotland,JH Davey,KJ Coetzer,PW Borren,0,0,"",""
ball,2,15.1,Scotland,KJ Coetzer,JH Davey,PM Seelaar,0,0,"",""
ball,2,15.2,Scotland,KJ Coetzer,JH Davey,PM Seelaar,1,0,"",""
ball,2,15.3,Scotland,JH Davey,KJ Coetzer,PM Seelaar,1,0,"",""
ball,2,15.4,Scotland,KJ Coetzer,JH Davey,PM Seelaar,1,0,"",""
ball,2,15.5,Scotland,JH Davey,KJ Coetzer,PM Seelaar,0,0,"",""
ball,2,15.6,Scotland,JH Davey,KJ Coetzer,PM Seelaar,1,0,"",""
ball,2,16.1,Scotland,JH Davey,KJ Coetzer,PW Borren,0,0,"",""
ball,2,16.2,Scotland,JH Davey,KJ Coetzer,PW Borren,0,0,"",""
ball,2,16.3,Scotland,JH Davey,KJ Coetzer,PW Borren,0,0,"",""
ball,2,16.4,Scotland,JH Davey,KJ Coetzer,PW Borren,0,0,"",""
ball,2,16.5,Scotland,JH Davey,KJ Coetzer,PW Borren,4,0,"",""
ball,2,16.6,Scotland,JH Davey,KJ Coetzer,PW Borren,0,0,"",""
ball,2,17.1,Scotland,KJ Coetzer,JH Davey,Mudassar Bukhari,0,0,"",""
ball,2,17.2,Scotland,KJ Coetzer,JH Davey,Mudassar Bukhari,0,0,"",""
ball,2,17.3,Scotland,KJ Coetzer,JH Davey,Mudassar Bukhari,0,0,"",""
ball,2,17.4,Scotland,KJ Coetzer,JH Davey,Mudassar Bukhari,4,0,"",""
ball,2,17.5,Scotland,KJ Coetzer,JH Davey,Mudassar Bukhari,0,0,"",""
ball,2,17.6,Scotland,KJ Coetzer,JH Davey,Mudassar Bukhari,0,0,"",""
ball,2,18.1,Scotland,JH Davey,KJ Coetzer,PW Borren,0,0,"",""
ball,2,18.2,Scotland,JH Davey,KJ Coetzer,PW Borren,0,0,"",""
ball,2,18.3,Scotland,JH Davey,KJ Coetzer,PW Borren,1,0,"",""
ball,2,18.4,Scotland,KJ Coetzer,JH Davey,PW Borren,0,0,"",""
ball,2,18.5,Scotland,KJ Coetzer,JH Davey,PW Borren,0,0,"",""
ball,2,18.6,Scotland,KJ Coetzer,JH Davey,PW Borren,1,0,"",""
ball,2,19.1,Scotland,KJ Coetzer,JH Davey,TJ Heggelman,1,0,"",""
ball,2,19.2,Scotland,JH Davey,KJ Coetzer,TJ Heggelman,0,0,"",""
ball,2,19.3,Scotland,JH Davey,KJ Coetzer,TJ Heggelman,0,0,"",""
ball,2,19.4,Scotland,JH Davey,KJ Coetzer,TJ Heggelman,0,0,caught,JH Davey
ball,2,19.5,Scotland,NFI McCallum,KJ Coetzer,TJ Heggelman,0,0,"",""
ball,2,19.6,Scotland,NFI McCallum,KJ Coetzer,TJ Heggelman,1,0,"",""
ball,2,20.1,Scotland,NFI McCallum,KJ Coetzer,Mudassar Bukhari,0,0,"",""
ball,2,20.2,Scotland,NFI McCallum,KJ Coetzer,Mudassar Bukhari,2,0,"",""
ball,2,20.3,Scotland,NFI McCallum,KJ Coetzer,Mudassar Bukhari,0,0,"",""
ball,2,20.4,Scotland,NFI McCallum,KJ Coetzer,Mudassar Bukhari,0,0,"",""
ball,2,20.5,Scotland,NFI McCallum,KJ Coetzer,Mudassar Bukhari,0,0,"",""
ball,2,20.6,Scotland,NFI McCallum,KJ Coetzer,Mudassar Bukhari,0,0,"",""
ball,2,21.1,Scotland,KJ Coetzer,NFI McCallum,TJ Heggelman,1,0,"",""
ball,2,21.2,Scotland,NFI McCallum,KJ Coetzer,TJ Heggelman,0,0,"",""
ball,2,21.3,Scotland,NFI McCallum,KJ Coetzer,TJ Heggelman,0,0,"",""
ball,2,21.4,Scotland,NFI McCallum,KJ Coetzer,TJ Heggelman,4,0,"",""
ball,2,21.5,Scotland,NFI McCallum,KJ Coetzer,TJ Heggelman,1,0,"",""
ball,2,21.6,Scotland,KJ Coetzer,NFI McCallum,TJ Heggelman,0,0,"",""
ball,2,22.1,Scotland,NFI McCallum,KJ Coetzer,PW Borren,0,0,"",""
ball,2,22.2,Scotland,NFI McCallum,KJ Coetzer,PW Borren,0,0,"",""
ball,2,22.3,Scotland,NFI McCallum,KJ Coetzer,PW Borren,1,0,"",""
ball,2,22.4,Scotland,KJ Coetzer,NFI McCallum,PW Borren,2,0,"",""
ball,2,22.5,Scotland,KJ Coetzer,NFI McCallum,PW Borren,0,0,"",""
ball,2,22.6,Scotland,KJ Coetzer,NFI McCallum,PW Borren,0,0,"",""
ball,2,23.1,Scotland,NFI McCallum,KJ Coetzer,TJ Heggelman,0,0,"",""
ball,2,23.2,Scotland,NFI McCallum,KJ Coetzer,TJ Heggelman,0,0,"",""
ball,2,23.3,Scotland,NFI McCallum,KJ Coetzer,TJ Heggelman,2,0,"",""
ball,2,23.4,Scotland,NFI McCallum,KJ Coetzer,TJ Heggelman,0,0,"",""
ball,2,23.5,Scotland,NFI McCallum,KJ Coetzer,TJ Heggelman,1,0,"",""
ball,2,23.6,Scotland,KJ Coetzer,NFI McCallum,TJ Heggelman,0,0,"",""
ball,2,24.1,Scotland,NFI McCallum,KJ Coetzer,PW Borren,4,0,"",""
ball,2,24.2,Scotland,NFI McCallum,KJ Coetzer,PW Borren,0,0,"",""
ball,2,24.3,Scotland,NFI McCallum,KJ Coetzer,PW Borren,0,0,"",""
ball,2,24.4,Scotland,NFI McCallum,KJ Coetzer,PW Borren,0,0,"",""
ball,2,24.5,Scotland,NFI McCallum,KJ Coetzer,PW Borren,1,0,"",""
ball,2,24.6,Scotland,KJ Coetzer,NFI McCallum,PW Borren,4,0,"",""
ball,2,25.1,Scotland,NFI McCallum,KJ Coetzer,TJ Heggelman,0,0,"",""
ball,2,25.2,Scotland,NFI McCallum,KJ Coetzer,TJ Heggelman,0,0,"",""
ball,2,25.3,Scotland,NFI McCallum,KJ Coetzer,TJ Heggelman,0,0,"",""
ball,2,25.4,Scotland,NFI McCallum,KJ Coetzer,TJ Heggelman,1,0,"",""
ball,2,25.5,Scotland,KJ Coetzer,NFI McCallum,TJ Heggelman,1,0,"",""
ball,2,25.6,Scotland,NFI McCallum,KJ Coetzer,TJ Heggelman,0,0,"",""
ball,2,26.1,Scotland,KJ Coetzer,NFI McCallum,PW Borren,0,0,"",""
ball,2,26.2,Scotland,KJ Coetzer,NFI McCallum,PW Borren,0,0,"",""
ball,2,26.3,Scotland,KJ Coetzer,NFI McCallum,PW Borren,0,0,"",""
ball,2,26.4,Scotland,KJ Coetzer,NFI McCallum,PW Borren,0,0,"",""
ball,2,26.5,Scotland,KJ Coetzer,NFI McCallum,PW Borren,0,0,"",""
ball,2,26.6,Scotland,KJ Coetzer,NFI McCallum,PW Borren,1,0,"",""
ball,2,27.1,Scotland,KJ Coetzer,NFI McCallum,TJ Heggelman,2,0,"",""
ball,2,27.2,Scotland,KJ Coetzer,NFI McCallum,TJ Heggelman,0,0,"",""
ball,2,27.3,Scotland,KJ Coetzer,NFI McCallum,TJ Heggelman,1,0,"",""
ball,2,27.4,Scotland,NFI McCallum,KJ Coetzer,TJ Heggelman,1,0,"",""
ball,2,27.5,Scotland,KJ Coetzer,NFI McCallum,TJ Heggelman,1,0,"",""
ball,2,27.6,Scotland,NFI McCallum,KJ Coetzer,TJ Heggelman,0,0,caught,NFI McCallum
ball,2,28.1,Scotland,KJ Coetzer,RD Berrington,PM Seelaar,0,0,"",""
ball,2,28.2,Scotland,KJ Coetzer,RD Berrington,PM Seelaar,1,0,"",""
ball,2,28.3,Scotland,RD Berrington,KJ Coetzer,PM Seelaar,1,0,"",""
ball,2,28.4,Scotland,KJ Coetzer,RD Berrington,PM Seelaar,0,0,"",""
ball,2,28.5,Scotland,KJ Coetzer,RD Berrington,PM Seelaar,1,0,"",""
ball,2,28.6,Scotland,RD Berrington,KJ Coetzer,PM Seelaar,0,0,"",""
ball,2,29.1,Scotland,KJ Coetzer,RD Berrington,TJ Heggelman,4,0,"",""
ball,2,29.2,Scotland,KJ Coetzer,RD Berrington,TJ Heggelman,2,0,"",""
ball,2,29.3,Scotland,KJ Coetzer,RD Berrington,TJ Heggelman,4,0,"",""
ball,2,29.4,Scotland,KJ Coetzer,RD Berrington,TJ Heggelman,1,0,"",""
ball,2,29.5,Scotland,RD Berrington,KJ Coetzer,TJ Heggelman,0,0,"",""
ball,2,29.6,Scotland,RD Berrington,KJ Coetzer,TJ Heggelman,0,0,"",""
ball,2,30.1,Scotland,KJ Coetzer,RD Berrington,PM Seelaar,1,0,"",""
ball,2,30.2,Scotland,RD Berrington,KJ Coetzer,PM Seelaar,0,0,"",""
ball,2,30.3,Scotland,RD Berrington,KJ Coetzer,PM Seelaar,0,0,"",""
ball,2,30.4,Scotland,RD Berrington,KJ Coetzer,PM Seelaar,1,0,"",""
ball,2,30.5,Scotland,KJ Coetzer,RD Berrington,PM Seelaar,0,0,"",""
ball,2,30.6,Scotland,KJ Coetzer,RD Berrington,PM Seelaar,0,0,"",""
ball,2,31.1,Scotland,RD Berrington,KJ Coetzer,TJ Heggelman,0,0,"",""
ball,2,31.2,Scotland,RD Berrington,KJ Coetzer,TJ Heggelman,1,0,"",""
ball,2,31.3,Scotland,KJ Coetzer,RD Berrington,TJ Heggelman,1,0,"",""
ball,2,31.4,Scotland,RD Berrington,KJ Coetzer,TJ Heggelman,0,0,"",""
ball,2,31.5,Scotland,RD Berrington,KJ Coetzer,TJ Heggelman,2,0,"",""
ball,2,31.6,Scotland,RD Berrington,KJ Coetzer,TJ Heggelman,1,0,"",""
ball,2,32.1,Scotland,RD Berrington,KJ Coetzer,PM Seelaar,0,0,"",""
ball,2,32.2,Scotland,RD Berrington,KJ Coetzer,PM Seelaar,0,0,"",""
ball,2,32.3,Scotland,RD Berrington,KJ Coetzer,PM Seelaar,0,0,"",""
ball,2,32.4,Scotland,RD Berrington,KJ Coetzer,PM Seelaar,1,0,"",""
ball,2,32.5,Scotland,KJ Coetzer,RD Berrington,PM Seelaar,1,0,"",""
ball,2,32.6,Scotland,RD Berrington,KJ Coetzer,PM Seelaar,2,0,"",""
ball,2,33.1,Scotland,KJ Coetzer,RD Berrington,TLW Cooper,2,0,"",""
ball,2,33.2,Scotland,KJ Coetzer,RD Berrington,TLW Cooper,0,0,"",""
ball,2,33.3,Scotland,KJ Coetzer,RD Berrington,TLW Cooper,1,0,"",""
ball,2,33.4,Scotland,RD Berrington,KJ Coetzer,TLW Cooper,1,0,"",""
ball,2,33.5,Scotland,KJ Coetzer,RD Berrington,TLW Cooper,0,0,"",""
ball,2,33.6,Scotland,KJ Coetzer,RD Berrington,TLW Cooper,1,0,"",""
ball,2,34.1,Scotland,KJ Coetzer,RD Berrington,Mudassar Bukhari,0,0,"",""
ball,2,34.2,Scotland,KJ Coetzer,RD Berrington,Mudassar Bukhari,1,0,"",""
ball,2,34.3,Scotland,RD Berrington,KJ Coetzer,Mudassar Bukhari,0,0,"",""
ball,2,34.4,Scotland,RD Berrington,KJ Coetzer,Mudassar Bukhari,0,0,caught,RD Berrington
ball,2,34.5,Scotland,GI Maiden,KJ Coetzer,Mudassar Bukhari,0,0,"",""
ball,2,34.6,Scotland,GI Maiden,KJ Coetzer,Mudassar Bukhari,0,0,"",""
ball,2,35.1,Scotland,KJ Coetzer,GI Maiden,PM Seelaar,0,0,"",""
ball,2,35.2,Scotland,KJ Coetzer,GI Maiden,PM Seelaar,1,0,"",""
ball,2,35.3,Scotland,GI Maiden,KJ Coetzer,PM Seelaar,0,0,"",""
ball,2,35.4,Scotland,GI Maiden,KJ Coetzer,PM Seelaar,1,0,"",""
ball,2,35.5,Scotland,KJ Coetzer,GI Maiden,PM Seelaar,0,0,"",""
ball,2,35.6,Scotland,KJ Coetzer,GI Maiden,PM Seelaar,0,0,"",""
ball,2,36.1,Scotland,GI Maiden,KJ Coetzer,Ahsan Malik,0,0,"",""
ball,2,36.2,Scotland,GI Maiden,KJ Coetzer,Ahsan Malik,1,0,"",""
ball,2,36.3,Scotland,KJ Coetzer,GI Maiden,Ahsan Malik,1,0,"",""
ball,2,36.4,Scotland,GI Maiden,KJ Coetzer,Ahsan Malik,4,0,"",""
ball,2,36.5,Scotland,GI Maiden,KJ Coetzer,Ahsan Malik,3,0,"",""
ball,2,36.6,Scotland,KJ Coetzer,GI Maiden,Ahsan Malik,0,0,"",""
ball,2,37.1,Scotland,GI Maiden,KJ Coetzer,PM Seelaar,0,0,"",""
ball,2,37.2,Scotland,GI Maiden,KJ Coetzer,PM Seelaar,0,0,"",""
ball,2,37.3,Scotland,GI Maiden,KJ Coetzer,PM Seelaar,0,0,"",""
ball,2,37.4,Scotland,GI Maiden,KJ Coetzer,PM Seelaar,1,0,"",""
ball,2,37.5,Scotland,KJ Coetzer,GI Maiden,PM Seelaar,0,0,"",""
ball,2,37.6,Scotland,KJ Coetzer,GI Maiden,PM Seelaar,0,0,"",""
ball,2,38.1,Scotland,GI Maiden,KJ Coetzer,TLW Cooper,1,0,"",""
ball,2,38.2,Scotland,KJ Coetzer,GI Maiden,TLW Cooper,2,0,"",""
ball,2,38.3,Scotland,KJ Coetzer,GI Maiden,TLW Cooper,6,0,"",""
ball,2,38.4,Scotland,KJ Coetzer,GI Maiden,TLW Cooper,1,0,"",""
ball,2,38.5,Scotland,GI Maiden,KJ Coetzer,TLW Cooper,1,0,"",""
ball,2,38.6,Scotland,KJ Coetzer,GI Maiden,TLW Cooper,1,0,"",""
ball,2,39.1,Scotland,KJ Coetzer,GI Maiden,PM Seelaar,4,0,"",""
