version,1.3.0
info,team,South Africa
info,team,Sri Lanka
info,gender,male
info,season,2011/12
info,date,2012/01/11
info,series,Sri Lanka in South Africa ODI Series
info,match_number,1
info,venue,Boland Park
info,city,Paarl
info,toss_winner,South Africa
info,toss_decision,bat
info,player_of_match,M Morkel
info,umpire,BR Doctrove
info,umpire,M Erasmus
info,reserve_umpire,JD Cloete
info,tv_umpire,RA Kettleborough
info,match_referee,JJ Crowe
info,winner,South Africa
info,winner_runs,258
ball,1,0.1,South Africa,HM Amla,GC Smith,SL Malinga,0,0,"",""
ball,1,0.2,South Africa,HM Amla,GC Smith,SL Malinga,0,0,"",""
ball,1,0.3,South Africa,HM Amla,GC Smith,SL Malinga,1,0,"",""
ball,1,0.4,South Africa,GC Smith,HM Amla,SL Malinga,2,0,"",""
ball,1,0.5,South Africa,GC Smith,HM Amla,SL Malinga,2,0,"",""
ball,1,0.6,South Africa,GC Smith,HM Amla,SL Malinga,0,0,"",""
ball,1,1.1,South Africa,HM Amla,GC Smith,KMDN Kulasekara,0,0,"",""
ball,1,1.2,South Africa,HM Amla,GC Smith,KMDN Kulasekara,0,0,"",""
ball,1,1.3,South Africa,HM Amla,GC Smith,KMDN Kulasekara,0,0,"",""
ball,1,1.4,South Africa,HM Amla,GC Smith,KMDN Kulasekara,1,0,"",""
ball,1,1.5,South Africa,GC Smith,HM Amla,KMDN Kulasekara,0,1,"",""
ball,1,1.6,South Africa,HM Amla,GC Smith,KMDN Kulasekara,0,0,"",""
ball,1,2.1,South Africa,GC Smith,HM Amla,SL Malinga,0,0,"",""
ball,1,2.2,South Africa,GC Smith,HM Amla,SL Malinga,0,0,"",""
ball,1,2.3,South Africa,GC Smith,HM Amla,SL Malinga,2,0,"",""
ball,1,2.4,South Africa,GC Smith,HM Amla,SL Malinga,0,0,caught,GC Smith
ball,1,2.5,South Africa,JH Kallis,HM Amla,SL Malinga,1,0,"",""
ball,1,2.6,South Africa,HM Amla,JH Kallis,SL Malinga,2,0,"",""
ball,1,3.1,South Africa,JH Kallis,HM Amla,KMDN Kulasekara,0,0,"",""
ball,1,3.2,South Africa,JH Kallis,HM Amla,KMDN Kulasekara,0,1,"",""
ball,1,3.3,South Africa,JH Kallis,HM Amla,KMDN Kulasekara,0,0,"",""
ball,1,3.4,South Africa,JH Kallis,HM Amla,KMDN Kulasekara,0,0,"",""
ball,1,3.5,South Africa,JH Kallis,HM Amla,KMDN Kulasekara,3,0,"",""
ball,1,3.6,South Africa,HM Amla,JH Kallis,KMDN Kulasekara,0,0,"",""
ball,1,3.7,South Africa,HM Amla,JH Kallis,KMDN Kulasekara,0,0,"",""
ball,1,4.1,South Africa,JH Kallis,HM Amla,SL Malinga,0,0,"",""
ball,1,4.2,South Africa,JH Kallis,HM Amla,SL Malinga,0,0,"",""
ball,1,4.3,South Africa,JH Kallis,HM Amla,SL Malinga,0,0,"",""
ball,1,4.4,South Africa,JH Kallis,HM Amla,SL Malinga,0,0,"",""
ball,1,4.5,South Africa,JH Kallis,HM Amla,SL Malinga,2,0,"",""
ball,1,4.6,South Africa,JH Kallis,HM Amla,SL Malinga,0,0,"",""
ball,1,5.1,South Africa,HM Amla,JH Kallis,KMDN Kulasekara,0,0,"",""
ball,1,5.2,South Africa,HM Amla,JH Kallis,KMDN Kulasekara,0,0,"",""
ball,1,5.3,South Africa,HM Amla,JH Kallis,KMDN Kulasekara,1,0,"",""
ball,1,5.4,South Africa,JH Kallis,HM Amla,KMDN Kulasekara,4,0,"",""
ball,1,5.5,South Africa,JH Kallis,HM Amla,KMDN Kulasekara,0,0,"",""
ball,1,5.6,South Africa,JH Kallis,HM Amla,KMDN Kulasekara,2,0,"",""
ball,1,6.1,South Africa,HM Amla,JH Kallis,CRD Fernando,0,5,"",""
ball,1,6.2,South Africa,HM Amla,JH Kallis,CRD Fernando,4,0,"",""
ball,1,6.3,South Africa,HM Amla,JH Kallis,CRD Fernando,0,0,"",""
ball,1,6.4,South Africa,HM Amla,JH Kallis,CRD Fernando,0,0,"",""
ball,1,6.5,South Africa,HM Amla,JH Kallis,CRD Fernando,1,0,"",""
ball,1,6.6,South Africa,JH Kallis,HM Amla,CRD Fernando,4,0,"",""
ball,1,6.7,South Africa,JH Kallis,HM Amla,CRD Fernando,1,0,"",""
ball,1,7.1,South Africa,JH Kallis,HM Amla,KMDN Kulasekara,0,0,"",""
ball,1,7.2,South Africa,JH Kallis,HM Amla,KMDN Kulasekara,0,0,"",""
ball,1,7.3,South Africa,JH Kallis,HM Amla,KMDN Kulasekara,1,0,"",""
ball,1,7.4,South Africa,HM Amla,JH Kallis,KMDN Kulasekara,0,0,"",""
ball,1,7.5,South Africa,HM Amla,JH Kallis,KMDN Kulasekara,0,0,"",""
ball,1,7.6,South Africa,HM Amla,JH Kallis,KMDN Kulasekara,0,0,"",""
ball,1,8.1,South Africa,JH Kallis,HM Amla,AD Mathews,0,0,"",""
ball,1,8.2,South Africa,JH Kallis,HM Amla,AD Mathews,0,0,"",""
ball,1,8.3,South Africa,JH Kallis,HM Amla,AD Mathews,0,0,"",""
ball,1,8.4,South Africa,JH Kallis,HM Amla,AD Mathews,1,0,"",""
ball,1,8.5,South Africa,HM Amla,JH Kallis,AD Mathews,0,0,"",""
ball,1,8.6,South Africa,HM Amla,JH Kallis,AD Mathews,0,0,"",""
ball,1,9.1,South Africa,JH Kallis,HM Amla,KMDN Kulasekara,0,0,"",""
ball,1,9.2,South Africa,JH Kallis,HM Amla,KMDN Kulasekara,0,0,"",""
ball,1,9.3,South Africa,JH Kallis,HM Amla,KMDN Kulasekara,0,0,"",""
ball,1,9.4,South Africa,JH Kallis,HM Amla,KMDN Kulasekara,6,0,"",""
ball,1,9.5,South Africa,JH Kallis,HM Amla,KMDN Kulasekara,0,0,"",""
ball,1,9.6,South Africa,JH Kallis,HM Amla,KMDN Kulasekara,1,0,"",""
ball,1,10.1,South Africa,JH Kallis,HM Amla,AD Mathews,0,0,"",""
ball,1,10.2,South Africa,JH Kallis,HM Amla,AD Mathews,0,0,"",""
ball,1,10.3,South Africa,JH Kallis,HM Amla,AD Mathews,1,0,"",""
ball,1,10.4,South Africa,HM Amla,JH Kallis,AD Mathews,1,0,"",""
ball,1,10.5,South Africa,JH Kallis,HM Amla,AD Mathews,0,0,"",""
ball,1,10.6,South Africa,JH Kallis,HM Amla,AD Mathews,1,0,"",""
ball,1,11.1,South Africa,JH Kallis,HM Amla,CKB Kulasekara,0,0,"",""
ball,1,11.2,South Africa,JH Kallis,HM Amla,CKB Kulasekara,0,0,"",""
ball,1,11.3,South Africa,JH Kallis,HM Amla,CKB Kulasekara,1,0,"",""
ball,1,11.4,South Africa,HM Amla,JH Kallis,CKB Kulasekara,1,0,"",""
ball,1,11.5,South Africa,JH Kallis,HM Amla,CKB Kulasekara,2,0,"",""
ball,1,11.6,South Africa,JH Kallis,HM Amla,CKB Kulasekara,1,0,"",""
ball,1,12.1,South Africa,JH Kallis,HM Amla,AD Mathews,1,0,"",""
ball,1,12.2,South Africa,HM Amla,JH Kallis,AD Mathews,0,0,"",""
ball,1,12.3,South Africa,HM Amla,JH Kallis,AD Mathews,0,0,"",""
ball,1,12.4,South Africa,HM Amla,JH Kallis,AD Mathews,1,0,"",""
ball,1,12.5,South Africa,JH Kallis,HM Amla,AD Mathews,1,0,"",""
ball,1,12.6,South Africa,HM Amla,JH Kallis,AD Mathews,1,0,"",""
ball,1,13.1,South Africa,HM Amla,JH Kallis,CKB Kulasekara,1,0,"",""
ball,1,13.2,South Africa,JH Kallis,HM Amla,CKB Kulasekara,1,0,"",""
ball,1,13.3,South Africa,HM Amla,JH Kallis,CKB Kulasekara,1,0,"",""
ball,1,13.4,South Africa,JH Kallis,HM Amla,CKB Kulasekara,0,0,"",""
ball,1,13.5,South Africa,JH Kallis,HM Amla,CKB Kulasekara,0,0,"",""
ball,1,13.6,South Africa,JH Kallis,HM Amla,CKB Kulasekara,1,0,"",""
ball,1,14.1,South Africa,JH Kallis,HM Amla,TM Dilshan,0,0,"",""
ball,1,14.2,South Africa,JH Kallis,HM Amla,TM Dilshan,1,0,"",""
ball,1,14.3,South Africa,HM Amla,JH Kallis,TM Dilshan,1,0,"",""
ball,1,14.4,South Africa,JH Kallis,HM Amla,TM Dilshan,1,0,"",""
ball,1,14.5,South Africa,HM Amla,JH Kallis,TM Dilshan,0,0,"",""
ball,1,14.6,South Africa,HM Amla,JH Kallis,TM Dilshan,1,0,"",""
ball,1,15.1,South Africa,HM Amla,JH Kallis,CRD Fernando,1,0,"",""
ball,1,15.2,South Africa,JH Kallis,HM Amla,CRD Fernando,4,0,"",""
ball,1,15.3,South Africa,JH Kallis,HM Amla,CRD Fernando,2,0,"",""
ball,1,15.4,South Africa,JH Kallis,HM Amla,CRD Fernando,0,0,"",""
ball,1,15.5,South Africa,JH Kallis,HM Amla,CRD Fernando,0,0,"",""
ball,1,15.6,South Africa,JH Kallis,HM Amla,CRD Fernando,0,0,"",""
ball,1,16.1,South Africa,HM Amla,JH Kallis,BAW Mendis,4,0,"",""
ball,1,16.2,South Africa,HM Amla,JH Kallis,BAW Mendis,0,0,"",""
ball,1,16.3,South Africa,HM Amla,JH Kallis,BAW Mendis,2,0,"",""
ball,1,16.4,South Africa,HM Amla,JH Kallis,BAW Mendis,1,0,"",""
ball,1,16.5,South Africa,JH Kallis,HM Amla,BAW Mendis,1,0,"",""
ball,1,16.6,South Africa,HM Amla,JH Kallis,BAW Mendis,1,0,"",""
ball,1,17.1,South Africa,HM Amla,JH Kallis,CRD Fernando,2,0,"",""
ball,1,17.2,South Africa,HM Amla,JH Kallis,CRD Fernando,1,0,"",""
ball,1,17.3,South Africa,JH Kallis,HM Amla,CRD Fernando,0,0,"",""
ball,1,17.4,South Africa,JH Kallis,HM Amla,CRD Fernando,1,0,"",""
ball,1,17.5,South Africa,HM Amla,JH Kallis,CRD Fernando,1,0,"",""
ball,1,17.6,South Africa,JH Kallis,HM Amla,CRD Fernando,1,0,"",""
ball,1,18.1,South Africa,JH Kallis,HM Amla,BAW Mendis,1,0,"",""
ball,1,18.2,South Africa,HM Amla,JH Kallis,BAW Mendis,4,0,"",""
ball,1,18.3,South Africa,HM Amla,JH Kallis,BAW Mendis,0,0,"",""
ball,1,18.4,South Africa,HM Amla,JH Kallis,BAW Mendis,0,0,"",""
ball,1,18.5,South Africa,HM Amla,JH Kallis,BAW Mendis,0,1,"",""
ball,1,18.6,South Africa,HM Amla,JH Kallis,BAW Mendis,4,0,"",""
ball,1,18.7,South Africa,HM Amla,JH Kallis,BAW Mendis,1,0,"",""
ball,1,19.1,South Africa,HM Amla,JH Kallis,CRD Fernando,1,0,"",""
ball,1,19.2,South Africa,JH Kallis,HM Amla,CRD Fernando,1,0,"",""
ball,1,19.3,South Africa,HM Amla,JH Kallis,CRD Fernando,1,0,"",""
ball,1,19.4,South Africa,JH Kallis,HM Amla,CRD Fernando,0,0,"",""
ball,1,19.5,South Africa,JH Kallis,HM Amla,CRD Fernando,1,0,"",""
ball,1,19.6,South Africa,HM Amla,JH Kallis,CRD Fernando,0,0,"",""
ball,1,20.1,South Africa,JH Kallis,HM Amla,BAW Mendis,1,0,"",""
ball,1,20.2,South Africa,HM Amla,JH Kallis,BAW Mendis,1,0,"",""
ball,1,20.3,South Africa,JH Kallis,HM Amla,BAW Mendis,0,0,"",""
ball,1,20.4,South Africa,JH Kallis,HM Amla,BAW Mendis,1,0,"",""
ball,1,20.5,South Africa,HM Amla,JH Kallis,BAW Mendis,0,0,"",""
ball,1,20.6,South Africa,HM Amla,JH Kallis,BAW Mendis,1,0,"",""
ball,1,21.1,South Africa,HM Amla,JH Kallis,CRD Fernando,0,0,"",""
ball,1,21.2,South Africa,HM Amla,JH Kallis,CRD Fernando,0,0,"",""
ball,1,21.3,South Africa,HM Amla,JH Kallis,CRD Fernando,0,0,"",""
ball,1,21.4,South Africa,HM Amla,JH Kallis,CRD Fernando,0,0,"",""
ball,1,21.5,South Africa,HM Amla,JH Kallis,CRD Fernando,4,0,"",""
ball,1,21.6,South Africa,HM Amla,JH Kallis,CRD Fernando,0,0,"",""
ball,1,22.1,South Africa,JH Kallis,HM Amla,SL Malinga,0,0,"",""
ball,1,22.2,South Africa,JH Kallis,HM Amla,SL Malinga,1,0,"",""
ball,1,22.3,South Africa,HM Amla,JH Kallis,SL Malinga,0,0,"",""
ball,1,22.4,South Africa,HM Amla,JH Kallis,SL Malinga,2,0,"",""
ball,1,22.5,South Africa,HM Amla,JH Kallis,SL Malinga,0,0,"",""
ball,1,22.6,South Africa,HM Amla,JH Kallis,SL Malinga,0,0,"",""
ball,1,23.1,South Africa,JH Kallis,HM Amla,CRD Fernando,0,0,"",""
ball,1,23.2,South Africa,JH Kallis,HM Amla,CRD Fernando,1,0,"",""
ball,1,23.3,South Africa,HM Amla,JH Kallis,CRD Fernando,0,0,"",""
ball,1,23.4,South Africa,HM Amla,JH Kallis,CRD Fernando,4,0,"",""
ball,1,23.5,South Africa,HM Amla,JH Kallis,CRD Fernando,0,0,"",""
ball,1,23.6,South Africa,HM Amla,JH Kallis,CRD Fernando,0,0,"",""
ball,1,24.1,South Africa,JH Kallis,HM Amla,SL Malinga,1,0,"",""
ball,1,24.2,South Africa,HM Amla,JH Kallis,SL Malinga,0,0,"",""
ball,1,24.3,South Africa,HM Amla,JH Kallis,SL Malinga,0,0,"",""
ball,1,24.4,South Africa,HM Amla,JH Kallis,SL Malinga,1,0,"",""
ball,1,24.5,South Africa,JH Kallis,HM Amla,SL Malinga,4,0,"",""
ball,1,24.6,South Africa,JH Kallis,HM Amla,SL Malinga,1,0,"",""
ball,1,25.1,South Africa,JH Kallis,HM Amla,CKB Kulasekara,1,0,"",""
ball,1,25.2,South Africa,HM Amla,JH Kallis,CKB Kulasekara,1,0,"",""
ball,1,25.3,South Africa,JH Kallis,HM Amla,CKB Kulasekara,1,0,"",""
ball,1,25.4,South Africa,HM Amla,JH Kallis,CKB Kulasekara,1,0,"",""
ball,1,25.5,South Africa,JH Kallis,HM Amla,CKB Kulasekara,1,0,"",""
ball,1,25.6,South Africa,HM Amla,JH Kallis,CKB Kulasekara,1,0,"",""
ball,1,26.1,South Africa,HM Amla,JH Kallis,SL Malinga,1,0,"",""
ball,1,26.2,South Africa,JH Kallis,HM Amla,SL Malinga,0,0,"",""
ball,1,26.3,South Africa,JH Kallis,HM Amla,SL Malinga,0,0,"",""
ball,1,26.4,South Africa,JH Kallis,HM Amla,SL Malinga,0,0,"",""
ball,1,26.5,South Africa,JH Kallis,HM Amla,SL Malinga,4,0,"",""
ball,1,26.6,South Africa,JH Kallis,HM Amla,SL Malinga,4,0,"",""
ball,1,27.1,South Africa,HM Amla,JH Kallis,KMDN Kulasekara,4,0,"",""
ball,1,27.2,South Africa,HM Amla,JH Kallis,KMDN Kulasekara,0,0,"",""
ball,1,27.3,South Africa,HM Amla,JH Kallis,KMDN Kulasekara,0,0,"",""
ball,1,27.4,South Africa,HM Amla,JH Kallis,KMDN Kulasekara,2,0,"",""
ball,1,27.5,South Africa,HM Amla,JH Kallis,KMDN Kulasekara,0,0,"",""
ball,1,27.6,South Africa,HM Amla,JH Kallis,KMDN Kulasekara,1,0,"",""
ball,1,28.1,South Africa,HM Amla,JH Kallis,AD Mathews,1,0,"",""
ball,1,28.2,South Africa,JH Kallis,HM Amla,AD Mathews,1,0,"",""
ball,1,28.3,South Africa,HM Amla,JH Kallis,AD Mathews,0,0,run out,JH Kallis
ball,1,28.4,South Africa,AB de Villiers,HM Amla,AD Mathews,0,0,"",""
ball,1,28.5,South Africa,AB de Villiers,HM Amla,AD Mathews,0,0,"",""
ball,1,28.6,South Africa,AB de Villiers,HM Amla,AD Mathews,1,0,"",""
ball,1,29.1,South Africa,AB de Villiers,HM Amla,KMDN Kulasekara,1,0,"",""
ball,1,29.2,South Africa,HM Amla,AB de Villiers,KMDN Kulasekara,1,0,"",""
ball,1,29.3,South Africa,AB de Villiers,HM Amla,KMDN Kulasekara,1,0,"",""
ball,1,29.4,South Africa,HM Amla,AB de Villiers,KMDN Kulasekara,0,0,"",""
ball,1,29.5,South Africa,HM Amla,AB de Villiers,KMDN Kulasekara,1,0,"",""
ball,1,29.6,South Africa,AB de Villiers,HM Amla,KMDN Kulasekara,0,0,"",""
ball,1,30.1,South Africa,HM Amla,AB de Villiers,AD Mathews,0,1,"",""
ball,1,30.2,South Africa,HM Amla,AB de Villiers,AD Mathews,1,0,"",""
ball,1,30.3,South Africa,AB de Villiers,HM Amla,AD Mathews,4,0,"",""
ball,1,30.4,South Africa,AB de Villiers,HM Amla,AD Mathews,4,0,"",""
ball,1,30.5,South Africa,AB de Villiers,HM Amla,AD Mathews,0,0,"",""
ball,1,30.6,South Africa,AB de Villiers,HM Amla,AD Mathews,1,0,"",""
ball,1,30.7,South Africa,HM Amla,AB de Villiers,AD Mathews,1,0,"",""
ball,1,31.1,South Africa,HM Amla,AB de Villiers,CKB Kulasekara,1,0,"",""
ball,1,31.2,South Africa,AB de Villiers,HM Amla,CKB Kulasekara,1,0,"",""
ball,1,31.3,South Africa,HM Amla,AB de Villiers,CKB Kulasekara,1,0,"",""
ball,1,31.4,South Africa,AB de Villiers,HM Amla,CKB Kulasekara,1,0,"",""
ball,1,31.5,South Africa,HM Amla,AB de Villiers,CKB Kulasekara,1,0,"",""
ball,1,31.6,South Africa,AB de Villiers,HM Amla,CKB Kulasekara,1,0,"",""
ball,1,32.1,South Africa,AB de Villiers,HM Amla,BAW Mendis,1,0,"",""
ball,1,32.2,South Africa,HM Amla,AB de Villiers,BAW Mendis,1,0,"",""
ball,1,32.3,South Africa,AB de Villiers,HM Amla,BAW Mendis,1,0,"",""
ball,1,32.4,South Africa,HM Amla,AB de Villiers,BAW Mendis,1,0,"",""
ball,1,32.5,South Africa,AB de Villiers,HM Amla,BAW Mendis,1,0,"",""
ball,1,32.6,South Africa,HM Amla,AB de Villiers,BAW Mendis,1,0,"",""
ball,1,33.1,South Africa,HM Amla,AB de Villiers,CKB Kulasekara,1,0,"",""
ball,1,33.2,South Africa,AB de Villiers,HM Amla,CKB Kulasekara,1,0,"",""
ball,1,33.3,South Africa,HM Amla,AB de Villiers,CKB Kulasekara,1,0,"",""
ball,1,33.4,South Africa,AB de Villiers,HM Amla,CKB Kulasekara,1,0,"",""
ball,1,33.5,South Africa,HM Amla,AB de Villiers,CKB Kulasekara,1,0,"",""
ball,1,33.6,South Africa,AB de Villiers,HM Amla,CKB Kulasekara,0,0,"",""
ball,1,34.1,South Africa,HM Amla,AB de Villiers,BAW Mendis,1,0,"",""
ball,1,34.2,South Africa,AB de Villiers,HM Amla,BAW Mendis,0,1,"",""
ball,1,34.3,South Africa,HM Amla,AB de Villiers,BAW Mendis,0,0,"",""
ball,1,34.4,South Africa,HM Amla,AB de Villiers,BAW Mendis,1,0,"",""
ball,1,34.5,South Africa,AB de Villiers,HM Amla,BAW Mendis,0,0,"",""
ball,1,34.6,South Africa,AB de Villiers,HM Amla,BAW Mendis,0,0,"",""
ball,1,35.1,South Africa,HM Amla,AB de Villiers,CKB Kulasekara,1,0,"",""
ball,1,35.2,South Africa,AB de Villiers,HM Amla,CKB Kulasekara,0,0,"",""
ball,1,35.3,South Africa,AB de Villiers,HM Amla,CKB Kulasekara,1,0,"",""
ball,1,35.4,South Africa,HM Amla,AB de Villiers,CKB Kulasekara,2,0,"",""
ball,1,35.5,South Africa,HM Amla,AB de Villiers,CKB Kulasekara,0,1,"",""
ball,1,35.6,South Africa,HM Amla,AB de Villiers,CKB Kulasekara,4,0,"",""
ball,1,35.7,South Africa,HM Amla,AB de Villiers,CKB Kulasekara,1,0,"",""
ball,1,36.1,South Africa,HM Amla,AB de Villiers,BAW Mendis,1,0,"",""
ball,1,36.2,South Africa,AB de Villiers,HM Amla,BAW Mendis,1,0,"",""
ball,1,36.3,South Africa,HM Amla,AB de Villiers,BAW Mendis,1,0,"",""
ball,1,36.4,South Africa,AB de Villiers,HM Amla,BAW Mendis,4,0,"",""
ball,1,36.5,South Africa,AB de Villiers,HM Amla,BAW Mendis,2,0,"",""
ball,1,36.6,South Africa,AB de Villiers,HM Amla,BAW Mendis,4,0,"",""
ball,1,37.1,South Africa,HM Amla,AB de Villiers,CRD Fernando,1,0,"",""
ball,1,37.2,South Africa,AB de Villiers,HM Amla,CRD Fernando,1,0,"",""
ball,1,37.3,South Africa,HM Amla,AB de Villiers,CRD Fernando,1,0,"",""
ball,1,37.4,South Africa,AB de Villiers,HM Amla,CRD Fernando,4,0,"",""
ball,1,37.5,South Africa,AB de Villiers,HM Amla,CRD Fernando,0,0,"",""
ball,1,37.6,South Africa,AB de Villiers,HM Amla,CRD Fernando,2,0,"",""
ball,1,38.1,South Africa,HM Amla,AB de Villiers,TM Dilshan,1,0,"",""
ball,1,38.2,South Africa,AB de Villiers,HM Amla,TM Dilshan,2,0,"",""
ball,1,38.3,South Africa,AB de Villiers,HM Amla,TM Dilshan,1,0,"",""
ball,1,38.4,South Africa,HM Amla,AB de Villiers,TM Dilshan,1,0,"",""
ball,1,38.5,South Africa,AB de Villiers,HM Amla,TM Dilshan,4,0,"",""
ball,1,38.6,South Africa,AB de Villiers,HM Amla,TM Dilshan,4,0,"",""
ball,1,39.1,South Africa,HM Amla,AB de Villiers,CRD Fernando,1,0,"",""
ball,1,39.2,South Africa,AB de Villiers,HM Amla,CRD Fernando,0,0,"",""
ball,1,39.3,South Africa,AB de Villiers,HM Amla,CRD Fernando,0,1,"",""
ball,1,39.4,South Africa,AB de Villiers,HM Amla,CRD Fernando,1,0,"",""
ball,1,39.5,South Africa,HM Amla,AB de Villiers,CRD Fernando,1,0,"",""
ball,1,39.6,South Africa,AB de Villiers,HM Amla,CRD Fernando,1,0,"",""
ball,1,39.7,South Africa,HM Amla,AB de Villiers,CRD Fernando,1,0,"",""
ball,1,40.1,South Africa,HM Amla,AB de Villiers,KMDN Kulasekara,2,0,"",""
ball,1,40.2,South Africa,HM Amla,AB de Villiers,KMDN Kulasekara,1,0,"",""
ball,1,40.3,South Africa,AB de Villiers,HM Amla,KMDN Kulasekara,0,0,bowled,AB de Villiers
ball,1,40.4,South Africa,JA Morkel,HM Amla,KMDN Kulasekara,1,0,"",""
ball,1,40.5,South Africa,HM Amla,JA Morkel,KMDN Kulasekara,0,0,"",""
ball,1,40.6,South Africa,HM Amla,JA Morkel,KMDN Kulasekara,0,0,"",""
ball,1,41.1,South Africa,JA Morkel,HM Amla,SL Malinga,0,0,"",""
ball,1,41.2,South Africa,JA Morkel,HM Amla,SL Malinga,1,0,"",""
ball,1,41.3,South Africa,HM Amla,JA Morkel,SL Malinga,2,0,"",""
ball,1,41.4,South Africa,HM Amla,JA Morkel,SL Malinga,0,0,"",""
ball,1,41.5,South Africa,HM Amla,JA Morkel,SL Malinga,1,0,"",""
ball,1,41.6,South Africa,JA Morkel,HM Amla,SL Malinga,0,0,"",""
ball,1,42.1,South Africa,HM Amla,JA Morkel,KMDN Kulasekara,1,0,"",""
ball,1,42.2,South Africa,JA Morkel,HM Amla,KMDN Kulasekara,4,0,"",""
ball,1,42.3,South Africa,JA Morkel,HM Amla,KMDN Kulasekara,1,0,"",""
ball,1,42.4,South Africa,HM Amla,JA Morkel,KMDN Kulasekara,1,0,"",""
ball,1,42.5,South Africa,JA Morkel,HM Amla,KMDN Kulasekara,1,0,"",""
ball,1,42.6,South Africa,HM Amla,JA Morkel,KMDN Kulasekara,1,0,"",""
ball,1,43.1,South Africa,HM Amla,JA Morkel,CRD Fernando,1,0,"",""
ball,1,43.2,South Africa,JA Morkel,HM Amla,CRD Fernando,1,0,"",""
ball,1,43.3,South Africa,HM Amla,JA Morkel,CRD Fernando,1,0,"",""
ball,1,43.4,South Africa,JA Morkel,HM Amla,CRD Fernando,0,0,"",""
ball,1,43.5,South Africa,JA Morkel,HM Amla,CRD Fernando,0,0,"",""
ball,1,43.6,South Africa,JA Morkel,HM Amla,CRD Fernando,6,0,"",""
ball,1,44.1,South Africa,HM Amla,JA Morkel,KMDN Kulasekara,1,0,"",""
ball,1,44.2,South Africa,JA Morkel,HM Amla,KMDN Kulasekara,0,0,"",""
ball,1,44.3,South Africa,JA Morkel,HM Amla,KMDN Kulasekara,2,0,"",""
ball,1,44.4,South Africa,JA Morkel,HM Amla,KMDN Kulasekara,1,0,"",""
ball,1,44.5,South Africa,HM Amla,JA Morkel,KMDN Kulasekara,1,0,"",""
ball,1,44.6,South Africa,JA Morkel,HM Amla,KMDN Kulasekara,1,0,"",""
ball,1,45.1,South Africa,JA Morkel,HM Amla,SL Malinga,6,0,"",""
ball,1,45.2,South Africa,JA Morkel,HM Amla,SL Malinga,0,0,caught,JA Morkel
ball,1,45.3,South Africa,HM Amla,JP Duminy,SL Malinga,0,0,caught,HM Amla
ball,1,45.4,South Africa,F du Plessis,JP Duminy,SL Malinga,0,0,"",""
ball,1,45.5,South Africa,F du Plessis,JP Duminy,SL Malinga,0,0,"",""
ball,1,45.6,South Africa,F du Plessis,JP Duminy,SL Malinga,1,0,"",""
ball,1,46.1,South Africa,F du Plessis,JP Duminy,BAW Mendis,1,0,"",""
ball,1,46.2,South Africa,JP Duminy,F du Plessis,BAW Mendis,1,0,"",""
ball,1,46.3,South Africa,F du Plessis,JP Duminy,BAW Mendis,1,0,"",""
ball,1,46.4,South Africa,JP Duminy,F du Plessis,BAW Mendis,0,0,caught and bowled,JP Duminy
ball,1,46.5,South Africa,RJ Peterson,F du Plessis,BAW Mendis,0,0,"",""
ball,1,46.6,South Africa,RJ Peterson,F du Plessis,BAW Mendis,0,0,"",""
ball,1,47.1,South Africa,F du Plessis,RJ Peterson,SL Malinga,0,0,"",""
ball,1,47.2,South Africa,F du Plessis,RJ Peterson,SL Malinga,0,5,"",""
ball,1,47.3,South Africa,F du Plessis,RJ Peterson,SL Malinga,1,0,"",""
ball,1,47.4,South Africa,RJ Peterson,F du Plessis,SL Malinga,0,0,"",""
ball,1,47.5,South Africa,RJ Peterson,F du Plessis,SL Malinga,0,0,"",""
ball,1,47.6,South Africa,RJ Peterson,F du Plessis,SL Malinga,0,0,"",""
ball,1,47.7,South Africa,RJ Peterson,F du Plessis,SL Malinga,1,0,"",""
ball,1,48.1,South Africa,RJ Peterson,F du Plessis,BAW Mendis,1,0,"",""
ball,1,48.2,South Africa,F du Plessis,RJ Peterson,BAW Mendis,1,0,"",""
ball,1,48.3,South Africa,RJ Peterson,F du Plessis,BAW Mendis,1,0,"",""
ball,1,48.4,South Africa,F du Plessis,RJ Peterson,BAW Mendis,2,0,"",""
ball,1,48.5,South Africa,F du Plessis,RJ Peterson,BAW Mendis,0,0,"",""
ball,1,48.6,South Africa,F du Plessis,RJ Peterson,BAW Mendis,1,0,"",""
ball,1,49.1,South Africa,F du Plessis,RJ Peterson,SL Malinga,2,0,"",""
ball,1,49.2,South Africa,F du Plessis,RJ Peterson,SL Malinga,0,0,bowled,F du Plessis
ball,1,49.3,South Africa,DW Steyn,RJ Peterson,SL Malinga,1,0,"",""
ball,1,49.4,South Africa,RJ Peterson,DW Steyn,SL Malinga,1,0,"",""
ball,1,49.5,South Africa,DW Steyn,RJ Peterson,SL Malinga,0,0,bowled,DW Steyn
ball,1,49.6,South Africa,M Morkel,RJ Peterson,SL Malinga,1,0,"",""
ball,2,0.1,Sri Lanka,WU Tharanga,TM Dilshan,M Morkel,0,0,"",""
ball,2,0.2,Sri Lanka,WU Tharanga,TM Dilshan,M Morkel,0,0,caught,WU Tharanga
ball,2,0.3,Sri Lanka,KC Sangakkara,TM Dilshan,M Morkel,0,0,"",""
ball,2,0.4,Sri Lanka,KC Sangakkara,TM Dilshan,M Morkel,4,0,"",""
ball,2,0.5,Sri Lanka,KC Sangakkara,TM Dilshan,M Morkel,0,0,"",""
ball,2,0.6,Sri Lanka,KC Sangakkara,TM Dilshan,M Morkel,0,0,"",""
ball,2,1.1,Sri Lanka,TM Dilshan,KC Sangakkara,LL Tsotsobe,0,0,"",""
ball,2,1.2,Sri Lanka,TM Dilshan,KC Sangakkara,LL Tsotsobe,0,0,caught,TM Dilshan
ball,2,1.3,Sri Lanka,LD Chandimal,KC Sangakkara,LL Tsotsobe,0,0,"",""
ball,2,1.4,Sri Lanka,LD Chandimal,KC Sangakkara,LL Tsotsobe,0,0,"",""
ball,2,1.5,Sri Lanka,LD Chandimal,KC Sangakkara,LL Tsotsobe,0,0,"",""
ball,2,1.6,Sri Lanka,LD Chandimal,KC Sangakkara,LL Tsotsobe,0,0,"",""
ball,2,2.1,Sri Lanka,KC Sangakkara,LD Chandimal,M Morkel,0,0,"",""
ball,2,2.2,Sri Lanka,KC Sangakkara,LD Chandimal,M Morkel,0,0,"",""
ball,2,2.3,Sri Lanka,KC Sangakkara,LD Chandimal,M Morkel,0,0,"",""
ball,2,2.4,Sri Lanka,KC Sangakkara,LD Chandimal,M Morkel,0,0,"",""
ball,2,2.5,Sri Lanka,KC Sangakkara,LD Chandimal,M Morkel,0,0,"",""
ball,2,2.6,Sri Lanka,KC Sangakkara,LD Chandimal,M Morkel,0,0,"",""
ball,2,3.1,Sri Lanka,LD Chandimal,KC Sangakkara,LL Tsotsobe,0,0,"",""
ball,2,3.2,Sri Lanka,LD Chandimal,KC Sangakkara,LL Tsotsobe,4,0,"",""
ball,2,3.3,Sri Lanka,LD Chandimal,KC Sangakkara,LL Tsotsobe,0,0,bowled,LD Chandimal
ball,2,3.4,Sri Lanka,DPMD Jayawardene,KC Sangakkara,LL Tsotsobe,0,0,"",""
ball,2,3.5,Sri Lanka,DPMD Jayawardene,KC Sangakkara,LL Tsotsobe,0,1,"",""
ball,2,3.6,Sri Lanka,DPMD Jayawardene,KC Sangakkara,LL Tsotsobe,0,0,"",""
ball,2,3.7,Sri Lanka,DPMD Jayawardene,KC Sangakkara,LL Tsotsobe,0,0,"",""
ball,2,4.1,Sri Lanka,KC Sangakkara,DPMD Jayawardene,M Morkel,0,0,"",""
ball,2,4.2,Sri Lanka,KC Sangakkara,DPMD Jayawardene,M Morkel,0,0,"",""
ball,2,4.3,Sri Lanka,KC Sangakkara,DPMD Jayawardene,M Morkel,0,0,"",""
ball,2,4.4,Sri Lanka,KC Sangakkara,DPMD Jayawardene,M Morkel,0,0,caught,KC Sangakkara
ball,2,4.5,Sri Lanka,AD Mathews,DPMD Jayawardene,M Morkel,0,0,"",""
ball,2,4.6,Sri Lanka,AD Mathews,DPMD Jayawardene,M Morkel,0,0,caught,AD Mathews
ball,2,5.1,Sri Lanka,DPMD Jayawardene,CKB Kulasekara,LL Tsotsobe,0,0,"",""
ball,2,5.2,Sri Lanka,DPMD Jayawardene,CKB Kulasekara,LL Tsotsobe,2,0,"",""
ball,2,5.3,Sri Lanka,DPMD Jayawardene,CKB Kulasekara,LL Tsotsobe,0,0,"",""
ball,2,5.4,Sri Lanka,DPMD Jayawardene,CKB Kulasekara,LL Tsotsobe,0,0,"",""
ball,2,5.5,Sri Lanka,DPMD Jayawardene,CKB Kulasekara,LL Tsotsobe,0,0,"",""
ball,2,5.6,Sri Lanka,DPMD Jayawardene,CKB Kulasekara,LL Tsotsobe,0,0,"",""
ball,2,6.1,Sri Lanka,CKB Kulasekara,DPMD Jayawardene,M Morkel,0,0,"",""
ball,2,6.2,Sri Lanka,CKB Kulasekara,DPMD Jayawardene,M Morkel,1,0,"",""
ball,2,6.3,Sri Lanka,DPMD Jayawardene,CKB Kulasekara,M Morkel,0,0,"",""
ball,2,6.4,Sri Lanka,DPMD Jayawardene,CKB Kulasekara,M Morkel,0,0,"",""
ball,2,6.5,Sri Lanka,DPMD Jayawardene,CKB Kulasekara,M Morkel,0,0,"",""
ball,2,6.6,Sri Lanka,DPMD Jayawardene,CKB Kulasekara,M Morkel,0,0,"",""
ball,2,7.1,Sri Lanka,CKB Kulasekara,DPMD Jayawardene,LL Tsotsobe,0,0,"",""
ball,2,7.2,Sri Lanka,CKB Kulasekara,DPMD Jayawardene,LL Tsotsobe,1,0,"",""
ball,2,7.3,Sri Lanka,DPMD Jayawardene,CKB Kulasekara,LL Tsotsobe,0,0,"",""
ball,2,7.4,Sri Lanka,DPMD Jayawardene,CKB Kulasekara,LL Tsotsobe,0,0,"",""
ball,2,7.5,Sri Lanka,DPMD Jayawardene,CKB Kulasekara,LL Tsotsobe,0,0,caught,DPMD Jayawardene
ball,2,7.6,Sri Lanka,KMDN Kulasekara,CKB Kulasekara,LL Tsotsobe,0,0,"",""
ball,2,8.1,Sri Lanka,CKB Kulasekara,KMDN Kulasekara,DW Steyn,0,1,"",""
ball,2,8.2,Sri Lanka,CKB Kulasekara,KMDN Kulasekara,DW Steyn,0,0,"",""
ball,2,8.3,Sri Lanka,CKB Kulasekara,KMDN Kulasekara,DW Steyn,0,0,"",""
ball,2,8.4,Sri Lanka,CKB Kulasekara,KMDN Kulasekara,DW Steyn,2,0,"",""
ball,2,8.5,Sri Lanka,CKB Kulasekara,KMDN Kulasekara,DW Steyn,0,0,"",""
ball,2,8.6,Sri Lanka,CKB Kulasekara,KMDN Kulasekara,DW Steyn,0,0,"",""
ball,2,8.7,Sri Lanka,CKB Kulasekara,KMDN Kulasekara,DW Steyn,0,0,"",""
ball,2,9.1,Sri Lanka,KMDN Kulasekara,CKB Kulasekara,LL Tsotsobe,0,0,"",""
ball,2,9.2,Sri Lanka,KMDN Kulasekara,CKB Kulasekara,LL Tsotsobe,0,0,"",""
ball,2,9.3,Sri Lanka,KMDN Kulasekara,CKB Kulasekara,LL Tsotsobe,0,0,"",""
ball,2,9.4,Sri Lanka,KMDN Kulasekara,CKB Kulasekara,LL Tsotsobe,2,0,"",""
ball,2,9.5,Sri Lanka,KMDN Kulasekara,CKB Kulasekara,LL Tsotsobe,0,1,"",""
ball,2,9.6,Sri Lanka,KMDN Kulasekara,CKB Kulasekara,LL Tsotsobe,4,0,"",""
ball,2,9.7,Sri Lanka,KMDN Kulasekara,CKB Kulasekara,LL Tsotsobe,0,0,"",""
ball,2,10.1,Sri Lanka,CKB Kulasekara,KMDN Kulasekara,DW Steyn,1,0,"",""
ball,2,10.2,Sri Lanka,KMDN Kulasekara,CKB Kulasekara,DW Steyn,0,0,"",""
ball,2,10.3,Sri Lanka,KMDN Kulasekara,CKB Kulasekara,DW Steyn,0,0,"",""
ball,2,10.4,Sri Lanka,KMDN Kulasekara,CKB Kulasekara,DW Steyn,0,0,caught,KMDN Kulasekara
ball,2,10.5,Sri Lanka,SL Malinga,CKB Kulasekara,DW Steyn,0,0,"",""
ball,2,10.6,Sri Lanka,SL Malinga,CKB Kulasekara,DW Steyn,0,0,"",""
ball,2,11.1,Sri Lanka,CKB Kulasekara,SL Malinga,LL Tsotsobe,0,0,"",""
ball,2,11.2,Sri Lanka,CKB Kulasekara,SL Malinga,LL Tsotsobe,0,0,"",""
ball,2,11.3,Sri Lanka,CKB Kulasekara,SL Malinga,LL Tsotsobe,0,0,"",""
ball,2,11.4,Sri Lanka,CKB Kulasekara,SL Malinga,LL Tsotsobe,0,0,"",""
ball,2,11.5,Sri Lanka,CKB Kulasekara,SL Malinga,LL Tsotsobe,2,0,"",""
ball,2,11.6,Sri Lanka,CKB Kulasekara,SL Malinga,LL Tsotsobe,2,0,"",""
ball,2,12.1,Sri Lanka,SL Malinga,CKB Kulasekara,DW Steyn,1,0,"",""
ball,2,12.2,Sri Lanka,CKB Kulasekara,SL Malinga,DW Steyn,0,0,"",""
ball,2,12.3,Sri Lanka,CKB Kulasekara,SL Malinga,DW Steyn,0,0,"",""
ball,2,12.4,Sri Lanka,CKB Kulasekara,SL Malinga,DW Steyn,1,0,"",""
ball,2,12.5,Sri Lanka,SL Malinga,CKB Kulasekara,DW Steyn,0,0,"",""
ball,2,12.6,Sri Lanka,SL Malinga,CKB Kulasekara,DW Steyn,0,1,"",""
ball,2,12.7,Sri Lanka,SL Malinga,CKB Kulasekara,DW Steyn,0,0,"",""
ball,2,13.1,Sri Lanka,CKB Kulasekara,SL Malinga,JA Morkel,0,0,"",""
ball,2,13.2,Sri Lanka,CKB Kulasekara,SL Malinga,JA Morkel,0,0,"",""
ball,2,13.3,Sri Lanka,CKB Kulasekara,SL Malinga,JA Morkel,0,0,"",""
ball,2,13.4,Sri Lanka,CKB Kulasekara,SL Malinga,JA Morkel,1,0,"",""
ball,2,13.5,Sri Lanka,SL Malinga,CKB Kulasekara,JA Morkel,0,0,"",""
ball,2,13.6,Sri Lanka,SL Malinga,CKB Kulasekara,JA Morkel,0,0,"",""
ball,2,14.1,Sri Lanka,CKB Kulasekara,SL Malinga,RJ Peterson,0,0,"",""
ball,2,14.2,Sri Lanka,CKB Kulasekara,SL Malinga,RJ Peterson,0,0,"",""
ball,2,14.3,Sri Lanka,CKB Kulasekara,SL Malinga,RJ Peterson,1,0,"",""
ball,2,14.4,Sri Lanka,SL Malinga,CKB Kulasekara,RJ Peterson,0,0,bowled,SL Malinga
ball,2,14.5,Sri Lanka,BAW Mendis,CKB Kulasekara,RJ Peterson,0,0,"",""
ball,2,14.6,Sri Lanka,BAW Mendis,CKB Kulasekara,RJ Peterson,0,0,"",""
ball,2,15.1,Sri Lanka,CKB Kulasekara,BAW Mendis,JA Morkel,0,0,"",""
ball,2,15.2,Sri Lanka,CKB Kulasekara,BAW Mendis,JA Morkel,0,0,"",""
ball,2,15.3,Sri Lanka,CKB Kulasekara,BAW Mendis,JA Morkel,1,0,"",""
ball,2,15.4,Sri Lanka,BAW Mendis,CKB Kulasekara,JA Morkel,0,0,"",""
ball,2,15.5,Sri Lanka,BAW Mendis,CKB Kulasekara,JA Morkel,0,0,"",""
ball,2,15.6,Sri Lanka,BAW Mendis,CKB Kulasekara,JA Morkel,0,0,"",""
ball,2,16.1,Sri Lanka,CKB Kulasekara,BAW Mendis,RJ Peterson,0,0,"",""
ball,2,16.2,Sri Lanka,CKB Kulasekara,BAW Mendis,RJ Peterson,0,0,"",""
ball,2,16.3,Sri Lanka,CKB Kulasekara,BAW Mendis,RJ Peterson,0,0,"",""
ball,2,16.4,Sri Lanka,CKB Kulasekara,BAW Mendis,RJ Peterson,0,0,"",""
ball,2,16.5,Sri Lanka,CKB Kulasekara,BAW Mendis,RJ Peterson,1,0,"",""
ball,2,16.6,Sri Lanka,BAW Mendis,CKB Kulasekara,RJ Peterson,0,0,"",""
ball,2,17.1,Sri Lanka,CKB Kulasekara,BAW Mendis,M Morkel,0,0,"",""
ball,2,17.2,Sri Lanka,CKB Kulasekara,BAW Mendis,M Morkel,0,0,"",""
ball,2,17.3,Sri Lanka,CKB Kulasekara,BAW Mendis,M Morkel,0,0,"",""
ball,2,17.4,Sri Lanka,CKB Kulasekara,BAW Mendis,M Morkel,0,0,"",""
ball,2,17.5,Sri Lanka,CKB Kulasekara,BAW Mendis,M Morkel,2,0,"",""
ball,2,17.6,Sri Lanka,CKB Kulasekara,BAW Mendis,M Morkel,0,0,"",""
ball,2,18.1,Sri Lanka,BAW Mendis,CKB Kulasekara,RJ Peterson,0,0,"",""
ball,2,18.2,Sri Lanka,BAW Mendis,CKB Kulasekara,RJ Peterson,1,0,"",""
ball,2,18.3,Sri Lanka,CKB Kulasekara,BAW Mendis,RJ Peterson,1,0,"",""
ball,2,18.4,Sri Lanka,BAW Mendis,CKB Kulasekara,RJ Peterson,0,0,"",""
ball,2,18.5,Sri Lanka,BAW Mendis,CKB Kulasekara,RJ Peterson,0,0,"",""
ball,2,18.6,Sri Lanka,BAW Mendis,CKB Kulasekara,RJ Peterson,1,0,"",""
ball,2,19.1,Sri Lanka,BAW Mendis,CKB Kulasekara,M Morkel,1,0,"",""
ball,2,19.2,Sri Lanka,CKB Kulasekara,BAW Mendis,M Morkel,2,0,"",""
ball,2,19.3,Sri Lanka,CKB Kulasekara,BAW Mendis,M Morkel,0,0,"",""
ball,2,19.4,Sri Lanka,CKB Kulasekara,BAW Mendis,M Morkel,0,0,"",""
ball,2,19.5,Sri Lanka,CKB Kulasekara,BAW Mendis,M Morkel,0,0,caught,CKB Kulasekara
ball,2,19.6,Sri Lanka,BAW Mendis,CRD Fernando,M Morkel,0,0,"",""
ball,2,20.1,Sri Lanka,CRD Fernando,BAW Mendis,RJ Peterson,0,0,lbw,CRD Fernando
