version,1.3.0
info,team,South Africa
info,team,Sri Lanka
info,gender,male
info,season,2011/12
info,date,2012/01/20
info,series,Sri Lanka in South Africa ODI Series
info,match_number,4
info,venue,De Beers Diamond Oval
info,city,Kimberley
info,toss_winner,South Africa
info,toss_decision,bat
info,player_of_match,NLTC Perera
info,umpire,JD Cloete
info,umpire,BR Doctrove
info,reserve_umpire,S George
info,tv_umpire,NJ Llong
info,match_referee,JJ Crowe
info,winner,Sri Lanka
info,winner_wickets,5
ball,1,0.1,South Africa,AN Petersen,GC Smith,SL Malinga,0,0,"",""
ball,1,0.2,South Africa,AN Petersen,GC Smith,SL Malinga,2,0,"",""
ball,1,0.3,South Africa,AN Petersen,GC Smith,SL Malinga,0,1,"",""
ball,1,0.4,South Africa,AN Petersen,GC Smith,SL Malinga,0,0,"",""
ball,1,0.5,South Africa,AN Petersen,GC Smith,SL Malinga,0,0,"",""
ball,1,0.6,South Africa,AN Petersen,GC Smith,SL Malinga,0,0,"",""
ball,1,0.7,South Africa,AN Petersen,GC Smith,SL Malinga,0,0,"",""
ball,1,1.1,South Africa,GC Smith,AN Petersen,KMDN Kulasekara,2,0,"",""
ball,1,1.2,South Africa,GC Smith,AN Petersen,KMDN Kulasekara,0,0,"",""
ball,1,1.3,South Africa,GC Smith,AN Petersen,KMDN Kulasekara,0,0,"",""
ball,1,1.4,South Africa,GC Smith,AN Petersen,KMDN Kulasekara,0,0,"",""
ball,1,1.5,South Africa,GC Smith,AN Petersen,KMDN Kulasekara,0,0,"",""
ball,1,1.6,South Africa,GC Smith,AN Petersen,KMDN Kulasekara,1,0,"",""
ball,1,2.1,South Africa,GC Smith,AN Petersen,SL Malinga,0,0,"",""
ball,1,2.2,South Africa,GC Smith,AN Petersen,SL Malinga,1,0,"",""
ball,1,2.3,South Africa,AN Petersen,GC Smith,SL Malinga,0,0,"",""
ball,1,2.4,South Africa,AN Petersen,GC Smith,SL Malinga,1,0,"",""
ball,1,2.5,South Africa,GC Smith,AN Petersen,SL Malinga,4,0,"",""
ball,1,2.6,South Africa,GC Smith,AN Petersen,SL Malinga,4,0,"",""
ball,1,3.1,South Africa,AN Petersen,GC Smith,KMDN Kulasekara,0,0,"",""
ball,1,3.2,South Africa,AN Petersen,GC Smith,KMDN Kulasekara,1,0,"",""
ball,1,3.3,South Africa,GC Smith,AN Petersen,KMDN Kulasekara,2,0,"",""
ball,1,3.4,South Africa,GC Smith,AN Petersen,KMDN Kulasekara,1,0,"",""
ball,1,3.5,South Africa,AN Petersen,GC Smith,KMDN Kulasekara,4,0,"",""
ball,1,3.6,South Africa,AN Petersen,GC Smith,KMDN Kulasekara,0,0,"",""
ball,1,4.1,South Africa,GC Smith,AN Petersen,SMSM Senanayake,0,0,"",""
ball,1,4.2,South Africa,GC Smith,AN Petersen,SMSM Senanayake,1,0,"",""
ball,1,4.3,South Africa,AN Petersen,GC Smith,SMSM Senanayake,0,0,"",""
ball,1,4.4,South Africa,AN Petersen,GC Smith,SMSM Senanayake,1,0,"",""
ball,1,4.5,South Africa,GC Smith,AN Petersen,SMSM Senanayake,0,0,"",""
ball,1,4.6,South Africa,GC Smith,AN Petersen,SMSM Senanayake,0,0,"",""
ball,1,5.1,South Africa,AN Petersen,GC Smith,KMDN Kulasekara,0,0,"",""
ball,1,5.2,South Africa,AN Petersen,GC Smith,KMDN Kulasekara,0,0,"",""
ball,1,5.3,South Africa,AN Petersen,GC Smith,KMDN Kulasekara,2,0,"",""
ball,1,5.4,South Africa,AN Petersen,GC Smith,KMDN Kulasekara,0,0,"",""
ball,1,5.5,South Africa,AN Petersen,GC Smith,KMDN Kulasekara,1,0,"",""
ball,1,5.6,South Africa,GC Smith,AN Petersen,KMDN Kulasekara,0,0,"",""
ball,1,6.1,South Africa,AN Petersen,GC Smith,SMSM Senanayake,4,0,"",""
ball,1,6.2,South Africa,AN Petersen,GC Smith,SMSM Senanayake,0,0,"",""
ball,1,6.3,South Africa,AN Petersen,GC Smith,SMSM Senanayake,6,0,"",""
ball,1,6.4,South Africa,AN Petersen,GC Smith,SMSM Senanayake,0,0,"",""
ball,1,6.5,South Africa,AN Petersen,GC Smith,SMSM Senanayake,1,0,"",""
ball,1,6.6,South Africa,GC Smith,AN Petersen,SMSM Senanayake,1,0,"",""
ball,1,7.1,South Africa,GC Smith,AN Petersen,NLTC Perera,2,0,"",""
ball,1,7.2,South Africa,GC Smith,AN Petersen,NLTC Perera,0,0,"",""
ball,1,7.3,South Africa,GC Smith,AN Petersen,NLTC Perera,0,0,"",""
ball,1,7.4,South Africa,GC Smith,AN Petersen,NLTC Perera,4,0,"",""
ball,1,7.5,South Africa,GC Smith,AN Petersen,NLTC Perera,1,0,"",""
ball,1,7.6,South Africa,AN Petersen,GC Smith,NLTC Perera,4,0,"",""
ball,1,8.1,South Africa,GC Smith,AN Petersen,AD Mathews,1,0,"",""
ball,1,8.2,South Africa,AN Petersen,GC Smith,AD Mathews,0,0,"",""
ball,1,8.3,South Africa,AN Petersen,GC Smith,AD Mathews,0,0,"",""
ball,1,8.4,South Africa,AN Petersen,GC Smith,AD Mathews,4,0,"",""
ball,1,8.5,South Africa,AN Petersen,GC Smith,AD Mathews,0,0,"",""
ball,1,8.6,South Africa,AN Petersen,GC Smith,AD Mathews,1,0,"",""
ball,1,9.1,South Africa,AN Petersen,GC Smith,KMDN Kulasekara,0,0,"",""
ball,1,9.2,South Africa,AN Petersen,GC Smith,KMDN Kulasekara,0,0,"",""
ball,1,9.3,South Africa,AN Petersen,GC Smith,KMDN Kulasekara,1,0,"",""
ball,1,9.4,South Africa,GC Smith,AN Petersen,KMDN Kulasekara,0,0,"",""
ball,1,9.5,South Africa,GC Smith,AN Petersen,KMDN Kulasekara,0,0,"",""
ball,1,9.6,South Africa,GC Smith,AN Petersen,KMDN Kulasekara,4,0,"",""
ball,1,10.1,South Africa,AN Petersen,GC Smith,TM Dilshan,1,0,"",""
ball,1,10.2,South Africa,GC Smith,AN Petersen,TM Dilshan,0,0,"",""
ball,1,10.3,South Africa,GC Smith,AN Petersen,TM Dilshan,0,0,"",""
ball,1,10.4,South Africa,GC Smith,AN Petersen,TM Dilshan,0,0,"",""
ball,1,10.5,South Africa,GC Smith,AN Petersen,TM Dilshan,0,0,"",""
ball,1,10.6,South Africa,GC Smith,AN Petersen,TM Dilshan,1,0,"",""
ball,1,11.1,South Africa,GC Smith,AN Petersen,NLTC Perera,2,0,"",""
ball,1,11.2,South Africa,GC Smith,AN Petersen,NLTC Perera,4,0,"",""
ball,1,11.3,South Africa,GC Smith,AN Petersen,NLTC Perera,3,0,"",""
ball,1,11.4,South Africa,AN Petersen,GC Smith,NLTC Perera,1,0,"",""
ball,1,11.5,South Africa,GC Smith,AN Petersen,NLTC Perera,4,0,"",""
ball,1,11.6,South Africa,GC Smith,AN Petersen,NLTC Perera,1,0,"",""
ball,1,12.1,South Africa,GC Smith,AN Petersen,TM Dilshan,0,0,"",""
ball,1,12.2,South Africa,GC Smith,AN Petersen,TM Dilshan,1,0,"",""
ball,1,12.3,South Africa,AN Petersen,GC Smith,TM Dilshan,1,0,"",""
ball,1,12.4,South Africa,GC Smith,AN Petersen,TM Dilshan,1,0,"",""
ball,1,12.5,South Africa,AN Petersen,GC Smith,TM Dilshan,0,0,"",""
ball,1,12.6,South Africa,AN Petersen,GC Smith,TM Dilshan,1,0,"",""
ball,1,13.1,South Africa,AN Petersen,GC Smith,HMRKB Herath,0,0,caught,AN Petersen
ball,1,13.2,South Africa,GC Smith,AB de Villiers,HMRKB Herath,1,0,"",""
ball,1,13.3,South Africa,AB de Villiers,GC Smith,HMRKB Herath,1,0,"",""
ball,1,13.4,South Africa,GC Smith,AB de Villiers,HMRKB Herath,0,0,"",""
ball,1,13.5,South Africa,GC Smith,AB de Villiers,HMRKB Herath,1,0,"",""
ball,1,13.6,South Africa,AB de Villiers,GC Smith,HMRKB Herath,1,0,"",""
ball,1,14.1,South Africa,AB de Villiers,GC Smith,TM Dilshan,1,0,"",""
ball,1,14.2,South Africa,GC Smith,AB de Villiers,TM Dilshan,1,0,"",""
ball,1,14.3,South Africa,AB de Villiers,GC Smith,TM Dilshan,1,0,"",""
ball,1,14.4,South Africa,GC Smith,AB de Villiers,TM Dilshan,1,0,"",""
ball,1,14.5,South Africa,AB de Villiers,GC Smith,TM Dilshan,0,0,"",""
ball,1,14.6,South Africa,AB de Villiers,GC Smith,TM Dilshan,0,0,"",""
ball,1,15.1,South Africa,GC Smith,AB de Villiers,SL Malinga,2,0,"",""
ball,1,15.2,South Africa,GC Smith,AB de Villiers,SL Malinga,1,0,"",""
ball,1,15.3,South Africa,AB de Villiers,GC Smith,SL Malinga,0,0,"",""
ball,1,15.4,South Africa,AB de Villiers,GC Smith,SL Malinga,0,0,"",""
ball,1,15.5,South Africa,AB de Villiers,GC Smith,SL Malinga,1,0,"",""
ball,1,15.6,South Africa,GC Smith,AB de Villiers,SL Malinga,1,0,"",""
ball,1,16.1,South Africa,GC Smith,AB de Villiers,SMSM Senanayake,0,0,"",""
ball,1,16.2,South Africa,GC Smith,AB de Villiers,SMSM Senanayake,0,0,"",""
ball,1,16.3,South Africa,GC Smith,AB de Villiers,SMSM Senanayake,0,0,"",""
ball,1,16.4,South Africa,GC Smith,AB de Villiers,SMSM Senanayake,0,0,"",""
ball,1,16.5,South Africa,GC Smith,AB de Villiers,SMSM Senanayake,0,0,"",""
ball,1,16.6,South Africa,GC Smith,AB de Villiers,SMSM Senanayake,0,0,"",""
ball,1,17.1,South Africa,AB de Villiers,GC Smith,SL Malinga,2,0,"",""
ball,1,17.2,South Africa,AB de Villiers,GC Smith,SL Malinga,1,0,"",""
ball,1,17.3,South Africa,GC Smith,AB de Villiers,SL Malinga,0,0,"",""
ball,1,17.4,South Africa,GC Smith,AB de Villiers,SL Malinga,0,1,"",""
ball,1,17.5,South Africa,GC Smith,AB de Villiers,SL Malinga,1,0,"",""
ball,1,17.6,South Africa,AB de Villiers,GC Smith,SL Malinga,0,0,"",""
ball,1,17.7,South Africa,AB de Villiers,GC Smith,SL Malinga,3,0,"",""
ball,1,18.1,South Africa,AB de Villiers,GC Smith,SMSM Senanayake,4,0,"",""
ball,1,18.2,South Africa,AB de Villiers,GC Smith,SMSM Senanayake,0,0,"",""
ball,1,18.3,South Africa,AB de Villiers,GC Smith,SMSM Senanayake,0,0,"",""
ball,1,18.4,South Africa,AB de Villiers,GC Smith,SMSM Senanayake,4,0,"",""
ball,1,18.5,South Africa,AB de Villiers,GC Smith,SMSM Senanayake,0,0,"",""
ball,1,18.6,South Africa,AB de Villiers,GC Smith,SMSM Senanayake,4,0,"",""
ball,1,19.1,South Africa,GC Smith,AB de Villiers,SL Malinga,0,4,"",""
ball,1,19.2,South Africa,GC Smith,AB de Villiers,SL Malinga,0,0,"",""
ball,1,19.3,South Africa,GC Smith,AB de Villiers,SL Malinga,1,0,"",""
ball,1,19.4,South Africa,AB de Villiers,GC Smith,SL Malinga,1,0,"",""
ball,1,19.5,South Africa,GC Smith,AB de Villiers,SL Malinga,4,0,"",""
ball,1,19.6,South Africa,GC Smith,AB de Villiers,SL Malinga,1,0,"",""
ball,1,20.1,South Africa,GC Smith,AB de Villiers,SMSM Senanayake,1,0,"",""
ball,1,20.2,South Africa,AB de Villiers,GC Smith,SMSM Senanayake,1,0,"",""
ball,1,20.3,South Africa,GC Smith,AB de Villiers,SMSM Senanayake,6,0,"",""
ball,1,20.4,South Africa,GC Smith,AB de Villiers,SMSM Senanayake,0,0,"",""
ball,1,20.5,South Africa,GC Smith,AB de Villiers,SMSM Senanayake,0,0,"",""
ball,1,20.6,South Africa,GC Smith,AB de Villiers,SMSM Senanayake,0,0,"",""
ball,1,21.1,South Africa,AB de Villiers,GC Smith,HMRKB Herath,0,0,"",""
ball,1,21.2,South Africa,AB de Villiers,GC Smith,HMRKB Herath,0,0,"",""
ball,1,21.3,South Africa,AB de Villiers,GC Smith,HMRKB Herath,6,0,"",""
ball,1,21.4,South Africa,AB de Villiers,GC Smith,HMRKB Herath,0,0,"",""
ball,1,21.5,South Africa,AB de Villiers,GC Smith,HMRKB Herath,4,0,"",""
ball,1,21.6,South Africa,AB de Villiers,GC Smith,HMRKB Herath,1,0,"",""
ball,1,22.1,South Africa,AB de Villiers,GC Smith,TM Dilshan,0,0,"",""
ball,1,22.2,South Africa,AB de Villiers,GC Smith,TM Dilshan,6,0,"",""
ball,1,22.3,South Africa,AB de Villiers,GC Smith,TM Dilshan,2,0,"",""
ball,1,22.4,South Africa,AB de Villiers,GC Smith,TM Dilshan,6,0,"",""
ball,1,22.5,South Africa,AB de Villiers,GC Smith,TM Dilshan,4,0,"",""
ball,1,22.6,South Africa,AB de Villiers,GC Smith,TM Dilshan,1,0,"",""
ball,1,23.1,South Africa,AB de Villiers,GC Smith,SL Malinga,4,0,"",""
ball,1,23.2,South Africa,AB de Villiers,GC Smith,SL Malinga,1,0,"",""
ball,1,23.3,South Africa,GC Smith,AB de Villiers,SL Malinga,0,0,"",""
ball,1,23.4,South Africa,GC Smith,AB de Villiers,SL Malinga,0,0,"",""
ball,1,23.5,South Africa,GC Smith,AB de Villiers,SL Malinga,0,0,caught,GC Smith
ball,1,23.6,South Africa,CA Ingram,AB de Villiers,SL Malinga,1,0,"",""
ball,1,24.1,South Africa,CA Ingram,AB de Villiers,KMDN Kulasekara,0,0,"",""
ball,1,24.2,South Africa,CA Ingram,AB de Villiers,KMDN Kulasekara,0,0,"",""
ball,1,24.3,South Africa,CA Ingram,AB de Villiers,KMDN Kulasekara,0,0,lbw,CA Ingram
ball,1,24.4,South Africa,JP Duminy,AB de Villiers,KMDN Kulasekara,0,0,"",""
ball,1,24.5,South Africa,JP Duminy,AB de Villiers,KMDN Kulasekara,1,0,"",""
ball,1,24.6,South Africa,AB de Villiers,JP Duminy,KMDN Kulasekara,0,0,"",""
ball,1,25.1,South Africa,JP Duminy,AB de Villiers,SL Malinga,2,0,"",""
ball,1,25.2,South Africa,JP Duminy,AB de Villiers,SL Malinga,0,0,"",""
ball,1,25.3,South Africa,JP Duminy,AB de Villiers,SL Malinga,1,0,"",""
ball,1,25.4,South Africa,AB de Villiers,JP Duminy,SL Malinga,0,0,"",""
ball,1,25.5,South Africa,AB de Villiers,JP Duminy,SL Malinga,1,0,"",""
ball,1,25.6,South Africa,JP Duminy,AB de Villiers,SL Malinga,0,0,"",""
ball,1,26.1,South Africa,AB de Villiers,JP Duminy,KMDN Kulasekara,1,0,"",""
ball,1,26.2,South Africa,JP Duminy,AB de Villiers,KMDN Kulasekara,0,0,"",""
ball,1,26.3,South Africa,JP Duminy,AB de Villiers,KMDN Kulasekara,4,0,"",""
ball,1,26.4,South Africa,JP Duminy,AB de Villiers,KMDN Kulasekara,4,0,"",""
ball,1,26.5,South Africa,JP Duminy,AB de Villiers,KMDN Kulasekara,0,0,"",""
ball,1,26.6,South Africa,JP Duminy,AB de Villiers,KMDN Kulasekara,0,0,"",""
ball,1,27.1,South Africa,AB de Villiers,JP Duminy,HMRKB Herath,0,0,"",""
ball,1,27.2,South Africa,AB de Villiers,JP Duminy,HMRKB Herath,0,0,"",""
ball,1,27.3,South Africa,AB de Villiers,JP Duminy,HMRKB Herath,1,0,"",""
ball,1,27.4,South Africa,JP Duminy,AB de Villiers,HMRKB Herath,0,0,"",""
ball,1,27.5,South Africa,JP Duminy,AB de Villiers,HMRKB Herath,0,0,"",""
ball,1,27.6,South Africa,JP Duminy,AB de Villiers,HMRKB Herath,1,0,"",""
ball,1,28.1,South Africa,JP Duminy,AB de Villiers,SMSM Senanayake,1,0,"",""
ball,1,28.2,South Africa,AB de Villiers,JP Duminy,SMSM Senanayake,1,0,"",""
ball,1,28.3,South Africa,JP Duminy,AB de Villiers,SMSM Senanayake,0,0,"",""
ball,1,28.4,South Africa,JP Duminy,AB de Villiers,SMSM Senanayake,0,0,"",""
ball,1,28.5,South Africa,JP Duminy,AB de Villiers,SMSM Senanayake,1,0,"",""
ball,1,28.6,South Africa,AB de Villiers,JP Duminy,SMSM Senanayake,1,0,"",""
ball,1,29.1,South Africa,AB de Villiers,JP Duminy,HMRKB Herath,1,0,"",""
ball,1,29.2,South Africa,JP Duminy,AB de Villiers,HMRKB Herath,0,0,"",""
ball,1,29.3,South Africa,JP Duminy,AB de Villiers,HMRKB Herath,1,0,"",""
ball,1,29.4,South Africa,AB de Villiers,JP Duminy,HMRKB Herath,0,0,"",""
ball,1,29.5,South Africa,AB de Villiers,JP Duminy,HMRKB Herath,4,0,"",""
ball,1,29.6,South Africa,AB de Villiers,JP Duminy,HMRKB Herath,1,0,"",""
ball,1,30.1,South Africa,AB de Villiers,JP Duminy,SMSM Senanayake,0,0,"",""
ball,1,30.2,South Africa,AB de Villiers,JP Duminy,SMSM Senanayake,1,0,"",""
ball,1,30.3,South Africa,JP Duminy,AB de Villiers,SMSM Senanayake,0,0,"",""
ball,1,30.4,South Africa,JP Duminy,AB de Villiers,SMSM Senanayake,0,0,"",""
ball,1,30.5,South Africa,JP Duminy,AB de Villiers,SMSM Senanayake,1,0,"",""
ball,1,30.6,South Africa,AB de Villiers,JP Duminy,SMSM Senanayake,0,0,"",""
ball,1,31.1,South Africa,JP Duminy,AB de Villiers,HMRKB Herath,0,0,"",""
ball,1,31.2,South Africa,JP Duminy,AB de Villiers,HMRKB Herath,1,0,"",""
ball,1,31.3,South Africa,AB de Villiers,JP Duminy,HMRKB Herath,1,0,"",""
ball,1,31.4,South Africa,JP Duminy,AB de Villiers,HMRKB Herath,1,0,"",""
ball,1,31.5,South Africa,AB de Villiers,JP Duminy,HMRKB Herath,1,0,"",""
ball,1,31.6,South Africa,JP Duminy,AB de Villiers,HMRKB Herath,1,0,"",""
ball,1,32.1,South Africa,JP Duminy,AB de Villiers,SMSM Senanayake,1,0,"",""
ball,1,32.2,South Africa,AB de Villiers,JP Duminy,SMSM Senanayake,0,0,"",""
ball,1,32.3,South Africa,AB de Villiers,JP Duminy,SMSM Senanayake,0,0,"",""
ball,1,32.4,South Africa,AB de Villiers,JP Duminy,SMSM Senanayake,1,0,"",""
ball,1,32.5,South Africa,JP Duminy,AB de Villiers,SMSM Senanayake,0,0,"",""
ball,1,32.6,South Africa,JP Duminy,AB de Villiers,SMSM Senanayake,0,0,"",""
ball,1,33.1,South Africa,AB de Villiers,JP Duminy,TM Dilshan,1,0,"",""
ball,1,33.2,South Africa,JP Duminy,AB de Villiers,TM Dilshan,1,0,"",""
ball,1,33.3,South Africa,AB de Villiers,JP Duminy,TM Dilshan,3,0,"",""
ball,1,33.4,South Africa,JP Duminy,AB de Villiers,TM Dilshan,1,0,"",""
ball,1,33.5,South Africa,AB de Villiers,JP Duminy,TM Dilshan,0,0,"",""
ball,1,33.6,South Africa,AB de Villiers,JP Duminy,TM Dilshan,0,0,"",""
ball,1,34.1,South Africa,JP Duminy,AB de Villiers,HMRKB Herath,1,0,"",""
ball,1,34.2,South Africa,AB de Villiers,JP Duminy,HMRKB Herath,1,0,"",""
ball,1,34.3,South Africa,JP Duminy,AB de Villiers,HMRKB Herath,1,0,"",""
ball,1,34.4,South Africa,AB de Villiers,JP Duminy,HMRKB Herath,1,0,"",""
ball,1,34.5,South Africa,JP Duminy,AB de Villiers,HMRKB Herath,0,0,"",""
ball,1,34.6,South Africa,JP Duminy,AB de Villiers,HMRKB Herath,3,0,"",""
ball,1,35.1,South Africa,JP Duminy,AB de Villiers,TM Dilshan,2,0,"",""
ball,1,35.2,South Africa,JP Duminy,AB de Villiers,TM Dilshan,0,0,"",""
ball,1,35.3,South Africa,JP Duminy,AB de Villiers,TM Dilshan,0,0,"",""
ball,1,35.4,South Africa,JP Duminy,AB de Villiers,TM Dilshan,1,0,"",""
ball,1,35.5,South Africa,AB de Villiers,JP Duminy,TM Dilshan,2,0,"",""
ball,1,35.6,South Africa,AB de Villiers,JP Duminy,TM Dilshan,1,0,"",""
ball,1,36.1,South Africa,AB de Villiers,JP Duminy,HMRKB Herath,1,0,"",""
ball,1,36.2,South Africa,JP Duminy,AB de Villiers,HMRKB Herath,0,0,"",""
ball,1,36.3,South Africa,JP Duminy,AB de Villiers,HMRKB Herath,1,0,"",""
ball,1,36.4,South Africa,AB de Villiers,JP Duminy,HMRKB Herath,1,0,"",""
ball,1,36.5,South Africa,JP Duminy,AB de Villiers,HMRKB Herath,1,0,"",""
ball,1,36.6,South Africa,AB de Villiers,JP Duminy,HMRKB Herath,1,0,"",""
ball,1,37.1,South Africa,AB de Villiers,JP Duminy,SMSM Senanayake,4,0,"",""
ball,1,37.2,South Africa,AB de Villiers,JP Duminy,SMSM Senanayake,1,0,"",""
ball,1,37.3,South Africa,JP Duminy,AB de Villiers,SMSM Senanayake,1,0,"",""
ball,1,37.4,South Africa,AB de Villiers,JP Duminy,SMSM Senanayake,0,0,"",""
ball,1,37.5,South Africa,AB de Villiers,JP Duminy,SMSM Senanayake,1,0,"",""
ball,1,37.6,South Africa,JP Duminy,AB de Villiers,SMSM Senanayake,1,0,"",""
ball,1,38.1,South Africa,JP Duminy,AB de Villiers,NLTC Perera,1,0,"",""
ball,1,38.2,South Africa,AB de Villiers,JP Duminy,NLTC Perera,0,0,"",""
ball,1,38.3,South Africa,AB de Villiers,JP Duminy,NLTC Perera,1,0,"",""
ball,1,38.4,South Africa,JP Duminy,AB de Villiers,NLTC Perera,0,0,caught,JP Duminy
ball,1,38.5,South Africa,F du Plessis,AB de Villiers,NLTC Perera,0,1,"",""
ball,1,38.6,South Africa,F du Plessis,AB de Villiers,NLTC Perera,0,0,"",""
ball,1,38.7,South Africa,F du Plessis,AB de Villiers,NLTC Perera,1,0,"",""
ball,1,39.1,South Africa,F du Plessis,AB de Villiers,HMRKB Herath,0,0,"",""
ball,1,39.2,South Africa,F du Plessis,AB de Villiers,HMRKB Herath,0,0,"",""
ball,1,39.3,South Africa,F du Plessis,AB de Villiers,HMRKB Herath,1,0,"",""
ball,1,39.4,South Africa,AB de Villiers,F du Plessis,HMRKB Herath,1,0,"",""
ball,1,39.5,South Africa,F du Plessis,AB de Villiers,HMRKB Herath,0,0,"",""
ball,1,39.6,South Africa,F du Plessis,AB de Villiers,HMRKB Herath,1,0,"",""
ball,1,40.1,South Africa,F du Plessis,AB de Villiers,NLTC Perera,1,0,"",""
ball,1,40.2,South Africa,AB de Villiers,F du Plessis,NLTC Perera,1,0,"",""
ball,1,40.3,South Africa,F du Plessis,AB de Villiers,NLTC Perera,0,0,"",""
ball,1,40.4,South Africa,F du Plessis,AB de Villiers,NLTC Perera,1,0,"",""
ball,1,40.5,South Africa,AB de Villiers,F du Plessis,NLTC Perera,0,0,bowled,AB de Villiers
ball,1,40.6,South Africa,WD Parnell,F du Plessis,NLTC Perera,1,0,"",""
ball,1,41.1,South Africa,WD Parnell,F du Plessis,HMRKB Herath,1,0,"",""
ball,1,41.2,South Africa,F du Plessis,WD Parnell,HMRKB Herath,0,0,"",""
ball,1,41.3,South Africa,F du Plessis,WD Parnell,HMRKB Herath,0,0,caught,F du Plessis
ball,1,41.4,South Africa,RJ Peterson,WD Parnell,HMRKB Herath,0,0,"",""
ball,1,41.5,South Africa,RJ Peterson,WD Parnell,HMRKB Herath,0,0,"",""
ball,1,41.6,South Africa,RJ Peterson,WD Parnell,HMRKB Herath,0,0,"",""
ball,1,42.1,South Africa,WD Parnell,RJ Peterson,SMSM Senanayake,0,0,"",""
ball,1,42.2,South Africa,WD Parnell,RJ Peterson,SMSM Senanayake,1,0,"",""
ball,1,42.3,South Africa,RJ Peterson,WD Parnell,SMSM Senanayake,0,0,"",""
ball,1,42.4,South Africa,RJ Peterson,WD Parnell,SMSM Senanayake,0,0,"",""
ball,1,42.5,South Africa,RJ Peterson,WD Parnell,SMSM Senanayake,1,0,"",""
ball,1,42.6,South Africa,WD Parnell,RJ Peterson,SMSM Senanayake,1,0,"",""
ball,1,43.1,South Africa,WD Parnell,RJ Peterson,SL Malinga,1,0,"",""
ball,1,43.2,South Africa,RJ Peterson,WD Parnell,SL Malinga,0,0,"",""
ball,1,43.3,South Africa,RJ Peterson,WD Parnell,SL Malinga,1,0,"",""
ball,1,43.4,South Africa,WD Parnell,RJ Peterson,SL Malinga,1,0,"",""
ball,1,43.5,South Africa,RJ Peterson,WD Parnell,SL Malinga,0,0,"",""
ball,1,43.6,South Africa,RJ Peterson,WD Parnell,SL Malinga,0,1,"",""
ball,1,43.7,South Africa,RJ Peterson,WD Parnell,SL Malinga,0,0,"",""
ball,1,44.1,South Africa,WD Parnell,RJ Peterson,TM Dilshan,2,0,"",""
ball,1,44.2,South Africa,WD Parnell,RJ Peterson,TM Dilshan,1,0,"",""
ball,1,44.3,South Africa,RJ Peterson,WD Parnell,TM Dilshan,0,0,"",""
ball,1,44.4,South Africa,RJ Peterson,WD Parnell,TM Dilshan,1,0,"",""
ball,1,44.5,South Africa,WD Parnell,RJ Peterson,TM Dilshan,1,0,"",""
ball,1,44.6,South Africa,RJ Peterson,WD Parnell,TM Dilshan,1,0,"",""
ball,1,45.1,South Africa,RJ Peterson,WD Parnell,SL Malinga,1,0,"",""
ball,1,45.2,South Africa,WD Parnell,RJ Peterson,SL Malinga,1,0,"",""
ball,1,45.3,South Africa,RJ Peterson,WD Parnell,SL Malinga,0,0,"",""
ball,1,45.4,South Africa,RJ Peterson,WD Parnell,SL Malinga,2,0,"",""
ball,1,45.5,South Africa,RJ Peterson,WD Parnell,SL Malinga,0,0,"",""
ball,1,45.6,South Africa,RJ Peterson,WD Parnell,SL Malinga,0,0,"",""
ball,1,46.1,South Africa,WD Parnell,RJ Peterson,TM Dilshan,0,0,"",""
ball,1,46.2,South Africa,WD Parnell,RJ Peterson,TM Dilshan,6,0,"",""
ball,1,46.3,South Africa,WD Parnell,RJ Peterson,TM Dilshan,2,0,"",""
ball,1,46.4,South Africa,WD Parnell,RJ Peterson,TM Dilshan,1,0,"",""
ball,1,46.5,South Africa,RJ Peterson,WD Parnell,TM Dilshan,4,0,"",""
ball,1,46.6,South Africa,RJ Peterson,WD Parnell,TM Dilshan,0,0,"",""
ball,1,47.1,South Africa,WD Parnell,RJ Peterson,KMDN Kulasekara,0,0,"",""
ball,1,47.2,South Africa,WD Parnell,RJ Peterson,KMDN Kulasekara,1,0,"",""
ball,1,47.3,South Africa,RJ Peterson,WD Parnell,KMDN Kulasekara,4,0,"",""
ball,1,47.4,South Africa,RJ Peterson,WD Parnell,KMDN Kulasekara,2,0,"",""
ball,1,47.5,South Africa,RJ Peterson,WD Parnell,KMDN Kulasekara,0,0,run out,WD Parnell
ball,1,47.6,South Africa,VD Philander,RJ Peterson,KMDN Kulasekara,0,0,"",""
ball,1,48.1,South Africa,RJ Peterson,VD Philander,SL Malinga,0,0,"",""
ball,1,48.2,South Africa,RJ Peterson,VD Philander,SL Malinga,0,0,"",""
ball,1,48.3,South Africa,RJ Peterson,VD Philander,SL Malinga,1,0,"",""
ball,1,48.4,South Africa,VD Philander,RJ Peterson,SL Malinga,1,0,"",""
ball,1,48.5,South Africa,RJ Peterson,VD Philander,SL Malinga,1,0,"",""
ball,1,48.6,South Africa,VD Philander,RJ Peterson,SL Malinga,0,2,"",""
ball,1,48.7,South Africa,RJ Peterson,VD Philander,SL Malinga,1,0,"",""
ball,1,49.1,South Africa,RJ Peterson,VD Philander,KMDN Kulasekara,1,0,"",""
ball,1,49.2,South Africa,VD Philander,RJ Peterson,KMDN Kulasekara,0,0,"",""
ball,1,49.3,South Africa,VD Philander,RJ Peterson,KMDN Kulasekara,0,0,"",""
ball,1,49.4,South Africa,VD Philander,RJ Peterson,KMDN Kulasekara,1,0,"",""
ball,1,49.5,South Africa,RJ Peterson,VD Philander,KMDN Kulasekara,2,0,"",""
ball,1,49.6,South Africa,RJ Peterson,VD Philander,KMDN Kulasekara,0,0,"",""
ball,2,0.1,Sri Lanka,WU Tharanga,TM Dilshan,M Morkel,0,0,"",""
ball,2,0.2,Sri Lanka,WU Tharanga,TM Dilshan,M Morkel,0,0,"",""
ball,2,0.3,Sri Lanka,WU Tharanga,TM Dilshan,M Morkel,0,0,"",""
ball,2,0.4,Sri Lanka,WU Tharanga,TM Dilshan,M Morkel,1,0,"",""
ball,2,0.5,Sri Lanka,TM Dilshan,WU Tharanga,M Morkel,0,0,"",""
ball,2,0.6,Sri Lanka,TM Dilshan,WU Tharanga,M Morkel,4,0,"",""
ball,2,1.1,Sri Lanka,WU Tharanga,TM Dilshan,LL Tsotsobe,0,0,"",""
ball,2,1.2,Sri Lanka,WU Tharanga,TM Dilshan,LL Tsotsobe,4,0,"",""
ball,2,1.3,Sri Lanka,WU Tharanga,TM Dilshan,LL Tsotsobe,1,0,"",""
ball,2,1.4,Sri Lanka,TM Dilshan,WU Tharanga,LL Tsotsobe,1,0,"",""
ball,2,1.5,Sri Lanka,WU Tharanga,TM Dilshan,LL Tsotsobe,0,0,"",""
ball,2,1.6,Sri Lanka,WU Tharanga,TM Dilshan,LL Tsotsobe,0,0,"",""
ball,2,2.1,Sri Lanka,TM Dilshan,WU Tharanga,M Morkel,6,0,"",""
ball,2,2.2,Sri Lanka,TM Dilshan,WU Tharanga,M Morkel,0,0,"",""
ball,2,2.3,Sri Lanka,TM Dilshan,WU Tharanga,M Morkel,0,0,"",""
ball,2,2.4,Sri Lanka,TM Dilshan,WU Tharanga,M Morkel,0,0,"",""
ball,2,2.5,Sri Lanka,TM Dilshan,WU Tharanga,M Morkel,0,0,"",""
ball,2,2.6,Sri Lanka,TM Dilshan,WU Tharanga,M Morkel,0,0,"",""
ball,2,3.1,Sri Lanka,WU Tharanga,TM Dilshan,LL Tsotsobe,0,0,caught,WU Tharanga
ball,2,3.2,Sri Lanka,KC Sangakkara,TM Dilshan,LL Tsotsobe,0,0,"",""
ball,2,3.3,Sri Lanka,KC Sangakkara,TM Dilshan,LL Tsotsobe,0,0,"",""
ball,2,3.4,Sri Lanka,KC Sangakkara,TM Dilshan,LL Tsotsobe,1,0,"",""
ball,2,3.5,Sri Lanka,TM Dilshan,KC Sangakkara,LL Tsotsobe,0,0,"",""
ball,2,3.6,Sri Lanka,TM Dilshan,KC Sangakkara,LL Tsotsobe,0,1,"",""
ball,2,3.7,Sri Lanka,TM Dilshan,KC Sangakkara,LL Tsotsobe,0,0,"",""
ball,2,4.1,Sri Lanka,KC Sangakkara,TM Dilshan,M Morkel,3,0,"",""
ball,2,4.2,Sri Lanka,TM Dilshan,KC Sangakkara,M Morkel,0,0,"",""
ball,2,4.3,Sri Lanka,TM Dilshan,KC Sangakkara,M Morkel,4,0,"",""
ball,2,4.4,Sri Lanka,TM Dilshan,KC Sangakkara,M Morkel,4,0,"",""
ball,2,4.5,Sri Lanka,TM Dilshan,KC Sangakkara,M Morkel,0,0,"",""
ball,2,4.6,Sri Lanka,TM Dilshan,KC Sangakkara,M Morkel,1,0,"",""
ball,2,5.1,Sri Lanka,TM Dilshan,KC Sangakkara,LL Tsotsobe,1,0,"",""
ball,2,5.2,Sri Lanka,KC Sangakkara,TM Dilshan,LL Tsotsobe,1,0,"",""
ball,2,5.3,Sri Lanka,TM Dilshan,KC Sangakkara,LL Tsotsobe,0,0,"",""
ball,2,5.4,Sri Lanka,TM Dilshan,KC Sangakkara,LL Tsotsobe,0,0,"",""
ball,2,5.5,Sri Lanka,TM Dilshan,KC Sangakkara,LL Tsotsobe,0,0,"",""
ball,2,5.6,Sri Lanka,TM Dilshan,KC Sangakkara,LL Tsotsobe,4,0,"",""
ball,2,6.1,Sri Lanka,KC Sangakkara,TM Dilshan,VD Philander,1,0,"",""
ball,2,6.2,Sri Lanka,TM Dilshan,KC Sangakkara,VD Philander,6,0,"",""
ball,2,6.3,Sri Lanka,TM Dilshan,KC Sangakkara,VD Philander,0,0,"",""
ball,2,6.4,Sri Lanka,TM Dilshan,KC Sangakkara,VD Philander,0,0,"",""
ball,2,6.5,Sri Lanka,TM Dilshan,KC Sangakkara,VD Philander,0,0,"",""
ball,2,6.6,Sri Lanka,TM Dilshan,KC Sangakkara,VD Philander,0,0,"",""
ball,2,7.1,Sri Lanka,KC Sangakkara,TM Dilshan,LL Tsotsobe,6,0,"",""
ball,2,7.2,Sri Lanka,KC Sangakkara,TM Dilshan,LL Tsotsobe,0,0,"",""
ball,2,7.3,Sri Lanka,KC Sangakkara,TM Dilshan,LL Tsotsobe,0,0,"",""
ball,2,7.4,Sri Lanka,KC Sangakkara,TM Dilshan,LL Tsotsobe,4,0,"",""
ball,2,7.5,Sri Lanka,KC Sangakkara,TM Dilshan,LL Tsotsobe,1,0,"",""
ball,2,7.6,Sri Lanka,TM Dilshan,KC Sangakkara,LL Tsotsobe,0,0,"",""
ball,2,8.1,Sri Lanka,KC Sangakkara,TM Dilshan,VD Philander,0,1,"",""
ball,2,8.2,Sri Lanka,KC Sangakkara,TM Dilshan,VD Philander,1,0,"",""
ball,2,8.3,Sri Lanka,TM Dilshan,KC Sangakkara,VD Philander,0,0,"",""
ball,2,8.4,Sri Lanka,TM Dilshan,KC Sangakkara,VD Philander,0,0,"",""
ball,2,8.5,Sri Lanka,TM Dilshan,KC Sangakkara,VD Philander,4,0,"",""
ball,2,8.6,Sri Lanka,TM Dilshan,KC Sangakkara,VD Philander,4,0,"",""
ball,2,8.7,Sri Lanka,TM Dilshan,KC Sangakkara,VD Philander,0,0,"",""
ball,2,9.1,Sri Lanka,KC Sangakkara,TM Dilshan,WD Parnell,0,0,"",""
ball,2,9.2,Sri Lanka,KC Sangakkara,TM Dilshan,WD Parnell,1,0,"",""
ball,2,9.3,Sri Lanka,TM Dilshan,KC Sangakkara,WD Parnell,0,0,"",""
ball,2,9.4,Sri Lanka,TM Dilshan,KC Sangakkara,WD Parnell,1,0,"",""
ball,2,9.5,Sri Lanka,KC Sangakkara,TM Dilshan,WD Parnell,0,0,"",""
ball,2,9.6,Sri Lanka,KC Sangakkara,TM Dilshan,WD Parnell,1,0,"",""
ball,2,10.1,Sri Lanka,KC Sangakkara,TM Dilshan,JP Duminy,4,0,"",""
ball,2,10.2,Sri Lanka,KC Sangakkara,TM Dilshan,JP Duminy,1,0,"",""
ball,2,10.3,Sri Lanka,TM Dilshan,KC Sangakkara,JP Duminy,2,0,"",""
ball,2,10.4,Sri Lanka,TM Dilshan,KC Sangakkara,JP Duminy,1,0,"",""
ball,2,10.5,Sri Lanka,KC Sangakkara,TM Dilshan,JP Duminy,1,0,"",""
ball,2,10.6,Sri Lanka,TM Dilshan,KC Sangakkara,JP Duminy,1,0,"",""
ball,2,11.1,Sri Lanka,TM Dilshan,KC Sangakkara,WD Parnell,0,0,"",""
ball,2,11.2,Sri Lanka,TM Dilshan,KC Sangakkara,WD Parnell,0,0,"",""
ball,2,11.3,Sri Lanka,TM Dilshan,KC Sangakkara,WD Parnell,4,0,"",""
ball,2,11.4,Sri Lanka,TM Dilshan,KC Sangakkara,WD Parnell,0,0,"",""
ball,2,11.5,Sri Lanka,TM Dilshan,KC Sangakkara,WD Parnell,0,0,"",""
ball,2,11.6,Sri Lanka,TM Dilshan,KC Sangakkara,WD Parnell,0,0,"",""
ball,2,12.1,Sri Lanka,KC Sangakkara,TM Dilshan,RJ Peterson,0,0,"",""
ball,2,12.2,Sri Lanka,KC Sangakkara,TM Dilshan,RJ Peterson,0,0,"",""
ball,2,12.3,Sri Lanka,KC Sangakkara,TM Dilshan,RJ Peterson,1,0,"",""
ball,2,12.4,Sri Lanka,TM Dilshan,KC Sangakkara,RJ Peterson,0,0,"",""
ball,2,12.5,Sri Lanka,TM Dilshan,KC Sangakkara,RJ Peterson,1,0,"",""
ball,2,12.6,Sri Lanka,KC Sangakkara,TM Dilshan,RJ Peterson,0,0,"",""
ball,2,13.1,Sri Lanka,TM Dilshan,KC Sangakkara,WD Parnell,0,0,"",""
ball,2,13.2,Sri Lanka,TM Dilshan,KC Sangakkara,WD Parnell,0,0,"",""
ball,2,13.3,Sri Lanka,TM Dilshan,KC Sangakkara,WD Parnell,0,0,"",""
ball,2,13.4,Sri Lanka,TM Dilshan,KC Sangakkara,WD Parnell,0,0,"",""
ball,2,13.5,Sri Lanka,TM Dilshan,KC Sangakkara,WD Parnell,1,0,"",""
ball,2,13.6,Sri Lanka,KC Sangakkara,TM Dilshan,WD Parnell,1,0,"",""
ball,2,14.1,Sri Lanka,KC Sangakkara,TM Dilshan,RJ Peterson,0,0,"",""
ball,2,14.2,Sri Lanka,KC Sangakkara,TM Dilshan,RJ Peterson,1,0,"",""
ball,2,14.3,Sri Lanka,TM Dilshan,KC Sangakkara,RJ Peterson,0,0,"",""
ball,2,14.4,Sri Lanka,TM Dilshan,KC Sangakkara,RJ Peterson,0,0,"",""
ball,2,14.5,Sri Lanka,TM Dilshan,KC Sangakkara,RJ Peterson,1,0,"",""
ball,2,14.6,Sri Lanka,KC Sangakkara,TM Dilshan,RJ Peterson,1,0,"",""
ball,2,15.1,Sri Lanka,KC Sangakkara,TM Dilshan,WD Parnell,1,0,"",""
ball,2,15.2,Sri Lanka,TM Dilshan,KC Sangakkara,WD Parnell,2,0,"",""
ball,2,15.3,Sri Lanka,TM Dilshan,KC Sangakkara,WD Parnell,4,0,"",""
ball,2,15.4,Sri Lanka,TM Dilshan,KC Sangakkara,WD Parnell,1,0,"",""
ball,2,15.5,Sri Lanka,KC Sangakkara,TM Dilshan,WD Parnell,1,0,"",""
ball,2,15.6,Sri Lanka,TM Dilshan,KC Sangakkara,WD Parnell,2,0,"",""
ball,2,16.1,Sri Lanka,KC Sangakkara,TM Dilshan,RJ Peterson,0,0,"",""
ball,2,16.2,Sri Lanka,KC Sangakkara,TM Dilshan,RJ Peterson,0,0,caught,KC Sangakkara
ball,2,16.3,Sri Lanka,LD Chandimal,TM Dilshan,RJ Peterson,0,0,"",""
ball,2,16.4,Sri Lanka,LD Chandimal,TM Dilshan,RJ Peterson,6,0,"",""
ball,2,16.5,Sri Lanka,LD Chandimal,TM Dilshan,RJ Peterson,0,0,"",""
ball,2,16.6,Sri Lanka,LD Chandimal,TM Dilshan,RJ Peterson,0,0,"",""
ball,2,17.1,Sri Lanka,TM Dilshan,LD Chandimal,M Morkel,0,0,"",""
ball,2,17.2,Sri Lanka,TM Dilshan,LD Chandimal,M Morkel,1,0,"",""
ball,2,17.3,Sri Lanka,LD Chandimal,TM Dilshan,M Morkel,0,0,"",""
ball,2,17.4,Sri Lanka,LD Chandimal,TM Dilshan,M Morkel,0,0,"",""
ball,2,17.5,Sri Lanka,LD Chandimal,TM Dilshan,M Morkel,0,0,"",""
ball,2,17.6,Sri Lanka,LD Chandimal,TM Dilshan,M Morkel,0,0,"",""
ball,2,18.1,Sri Lanka,TM Dilshan,LD Chandimal,RJ Peterson,1,0,"",""
ball,2,18.2,Sri Lanka,LD Chandimal,TM Dilshan,RJ Peterson,4,0,"",""
ball,2,18.3,Sri Lanka,LD Chandimal,TM Dilshan,RJ Peterson,1,0,"",""
ball,2,18.4,Sri Lanka,TM Dilshan,LD Chandimal,RJ Peterson,1,0,"",""
ball,2,18.5,Sri Lanka,LD Chandimal,TM Dilshan,RJ Peterson,1,0,"",""
ball,2,18.6,Sri Lanka,TM Dilshan,LD Chandimal,RJ Peterson,0,0,"",""
ball,2,19.1,Sri Lanka,LD Chandimal,TM Dilshan,M Morkel,0,0,"",""
ball,2,19.2,Sri Lanka,LD Chandimal,TM Dilshan,M Morkel,0,0,"",""
ball,2,19.3,Sri Lanka,LD Chandimal,TM Dilshan,M Morkel,0,4,"",""
ball,2,19.4,Sri Lanka,LD Chandimal,TM Dilshan,M Morkel,2,0,"",""
ball,2,19.5,Sri Lanka,LD Chandimal,TM Dilshan,M Morkel,0,0,"",""
ball,2,19.6,Sri Lanka,LD Chandimal,TM Dilshan,M Morkel,0,0,"",""
ball,2,20.1,Sri Lanka,TM Dilshan,LD Chandimal,VD Philander,1,0,"",""
ball,2,20.2,Sri Lanka,LD Chandimal,TM Dilshan,VD Philander,3,0,"",""
ball,2,20.3,Sri Lanka,TM Dilshan,LD Chandimal,VD Philander,1,0,"",""
ball,2,20.4,Sri Lanka,LD Chandimal,TM Dilshan,VD Philander,1,0,"",""
ball,2,20.5,Sri Lanka,TM Dilshan,LD Chandimal,VD Philander,1,0,"",""
ball,2,20.6,Sri Lanka,LD Chandimal,TM Dilshan,VD Philander,1,0,"",""
ball,2,21.1,Sri Lanka,LD Chandimal,TM Dilshan,F du Plessis,0,0,"",""
ball,2,21.2,Sri Lanka,LD Chandimal,TM Dilshan,F du Plessis,0,0,"",""
ball,2,21.3,Sri Lanka,LD Chandimal,TM Dilshan,F du Plessis,0,0,"",""
ball,2,21.4,Sri Lanka,LD Chandimal,TM Dilshan,F du Plessis,1,0,"",""
ball,2,21.5,Sri Lanka,TM Dilshan,LD Chandimal,F du Plessis,2,0,"",""
ball,2,21.6,Sri Lanka,TM Dilshan,LD Chandimal,F du Plessis,0,0,"",""
ball,2,22.1,Sri Lanka,LD Chandimal,TM Dilshan,JP Duminy,1,0,"",""
ball,2,22.2,Sri Lanka,TM Dilshan,LD Chandimal,JP Duminy,1,0,"",""
ball,2,22.3,Sri Lanka,LD Chandimal,TM Dilshan,JP Duminy,2,0,"",""
ball,2,22.4,Sri Lanka,LD Chandimal,TM Dilshan,JP Duminy,0,0,"",""
ball,2,22.5,Sri Lanka,LD Chandimal,TM Dilshan,JP Duminy,1,0,"",""
ball,2,22.6,Sri Lanka,TM Dilshan,LD Chandimal,JP Duminy,2,0,"",""
ball,2,23.1,Sri Lanka,LD Chandimal,TM Dilshan,F du Plessis,0,0,"",""
ball,2,23.2,Sri Lanka,LD Chandimal,TM Dilshan,F du Plessis,1,0,"",""
ball,2,23.3,Sri Lanka,TM Dilshan,LD Chandimal,F du Plessis,1,0,"",""
ball,2,23.4,Sri Lanka,LD Chandimal,TM Dilshan,F du Plessis,1,0,"",""
ball,2,23.5,Sri Lanka,TM Dilshan,LD Chandimal,F du Plessis,0,0,"",""
ball,2,23.6,Sri Lanka,TM Dilshan,LD Chandimal,F du Plessis,4,0,"",""
ball,2,24.1,Sri Lanka,LD Chandimal,TM Dilshan,JP Duminy,1,0,"",""
ball,2,24.2,Sri Lanka,TM Dilshan,LD Chandimal,JP Duminy,1,0,"",""
ball,2,24.3,Sri Lanka,LD Chandimal,TM Dilshan,JP Duminy,1,0,"",""
ball,2,24.4,Sri Lanka,TM Dilshan,LD Chandimal,JP Duminy,1,0,"",""
ball,2,24.5,Sri Lanka,LD Chandimal,TM Dilshan,JP Duminy,1,0,"",""
ball,2,24.6,Sri Lanka,TM Dilshan,LD Chandimal,JP Duminy,0,0,"",""
ball,2,25.1,Sri Lanka,LD Chandimal,TM Dilshan,F du Plessis,1,0,"",""
ball,2,25.2,Sri Lanka,TM Dilshan,LD Chandimal,F du Plessis,1,0,"",""
ball,2,25.3,Sri Lanka,LD Chandimal,TM Dilshan,F du Plessis,0,0,"",""
ball,2,25.4,Sri Lanka,LD Chandimal,TM Dilshan,F du Plessis,0,0,"",""
ball,2,25.5,Sri Lanka,LD Chandimal,TM Dilshan,F du Plessis,1,0,"",""
ball,2,25.6,Sri Lanka,TM Dilshan,LD Chandimal,F du Plessis,0,1,"",""
ball,2,25.7,Sri Lanka,TM Dilshan,LD Chandimal,F du Plessis,1,0,"",""
ball,2,26.1,Sri Lanka,TM Dilshan,LD Chandimal,LL Tsotsobe,1,0,"",""
ball,2,26.2,Sri Lanka,LD Chandimal,TM Dilshan,LL Tsotsobe,0,0,"",""
ball,2,26.3,Sri Lanka,LD Chandimal,TM Dilshan,LL Tsotsobe,1,0,"",""
ball,2,26.4,Sri Lanka,TM Dilshan,LD Chandimal,LL Tsotsobe,0,0,"",""
ball,2,26.5,Sri Lanka,TM Dilshan,LD Chandimal,LL Tsotsobe,2,0,"",""
ball,2,26.6,Sri Lanka,TM Dilshan,LD Chandimal,LL Tsotsobe,0,0,"",""
ball,2,27.1,Sri Lanka,LD Chandimal,TM Dilshan,F du Plessis,1,0,"",""
ball,2,27.2,Sri Lanka,TM Dilshan,LD Chandimal,F du Plessis,1,0,"",""
ball,2,27.3,Sri Lanka,LD Chandimal,TM Dilshan,F du Plessis,1,0,"",""
ball,2,27.4,Sri Lanka,TM Dilshan,LD Chandimal,F du Plessis,1,0,"",""
ball,2,27.5,Sri Lanka,LD Chandimal,TM Dilshan,F du Plessis,1,0,"",""
ball,2,27.6,Sri Lanka,TM Dilshan,LD Chandimal,F du Plessis,1,0,"",""
ball,2,28.1,Sri Lanka,TM Dilshan,LD Chandimal,LL Tsotsobe,0,0,"",""
ball,2,28.2,Sri Lanka,TM Dilshan,LD Chandimal,LL Tsotsobe,1,0,"",""
ball,2,28.3,Sri Lanka,LD Chandimal,TM Dilshan,LL Tsotsobe,0,0,"",""
ball,2,28.4,Sri Lanka,LD Chandimal,TM Dilshan,LL Tsotsobe,1,0,"",""
ball,2,28.5,Sri Lanka,TM Dilshan,LD Chandimal,LL Tsotsobe,0,0,caught,TM Dilshan
ball,2,28.6,Sri Lanka,HDRL Thirimanne,LD Chandimal,LL Tsotsobe,0,0,"",""
ball,2,29.1,Sri Lanka,LD Chandimal,HDRL Thirimanne,F du Plessis,1,0,"",""
ball,2,29.2,Sri Lanka,HDRL Thirimanne,LD Chandimal,F du Plessis,1,0,"",""
ball,2,29.3,Sri Lanka,LD Chandimal,HDRL Thirimanne,F du Plessis,0,0,"",""
ball,2,29.4,Sri Lanka,LD Chandimal,HDRL Thirimanne,F du Plessis,1,0,"",""
ball,2,29.5,Sri Lanka,HDRL Thirimanne,LD Chandimal,F du Plessis,1,0,"",""
ball,2,29.6,Sri Lanka,LD Chandimal,HDRL Thirimanne,F du Plessis,1,0,"",""
ball,2,30.1,Sri Lanka,LD Chandimal,HDRL Thirimanne,VD Philander,1,0,"",""
ball,2,30.2,Sri Lanka,HDRL Thirimanne,LD Chandimal,VD Philander,1,0,"",""
ball,2,30.3,Sri Lanka,LD Chandimal,HDRL Thirimanne,VD Philander,1,0,"",""
ball,2,30.4,Sri Lanka,HDRL Thirimanne,LD Chandimal,VD Philander,3,0,"",""
ball,2,30.5,Sri Lanka,LD Chandimal,HDRL Thirimanne,VD Philander,0,0,"",""
ball,2,30.6,Sri Lanka,LD Chandimal,HDRL Thirimanne,VD Philander,0,0,"",""
ball,2,31.1,Sri Lanka,HDRL Thirimanne,LD Chandimal,M Morkel,1,0,"",""
ball,2,31.2,Sri Lanka,LD Chandimal,HDRL Thirimanne,M Morkel,0,0,"",""
ball,2,31.3,Sri Lanka,LD Chandimal,HDRL Thirimanne,M Morkel,0,0,"",""
ball,2,31.4,Sri Lanka,LD Chandimal,HDRL Thirimanne,M Morkel,0,1,"",""
ball,2,31.5,Sri Lanka,HDRL Thirimanne,LD Chandimal,M Morkel,1,0,"",""
ball,2,31.6,Sri Lanka,LD Chandimal,HDRL Thirimanne,M Morkel,1,0,"",""
ball,2,32.1,Sri Lanka,LD Chandimal,HDRL Thirimanne,VD Philander,0,0,"",""
ball,2,32.2,Sri Lanka,LD Chandimal,HDRL Thirimanne,VD Philander,1,0,"",""
ball,2,32.3,Sri Lanka,HDRL Thirimanne,LD Chandimal,VD Philander,2,0,"",""
ball,2,32.4,Sri Lanka,HDRL Thirimanne,LD Chandimal,VD Philander,0,0,"",""
ball,2,32.5,Sri Lanka,HDRL Thirimanne,LD Chandimal,VD Philander,1,0,"",""
ball,2,32.6,Sri Lanka,LD Chandimal,HDRL Thirimanne,VD Philander,1,0,"",""
ball,2,33.1,Sri Lanka,LD Chandimal,HDRL Thirimanne,WD Parnell,0,0,"",""
ball,2,33.2,Sri Lanka,LD Chandimal,HDRL Thirimanne,WD Parnell,1,0,"",""
ball,2,33.3,Sri Lanka,HDRL Thirimanne,LD Chandimal,WD Parnell,1,0,"",""
ball,2,33.4,Sri Lanka,LD Chandimal,HDRL Thirimanne,WD Parnell,1,0,"",""
ball,2,33.5,Sri Lanka,HDRL Thirimanne,LD Chandimal,WD Parnell,1,0,"",""
ball,2,33.6,Sri Lanka,LD Chandimal,HDRL Thirimanne,WD Parnell,1,0,"",""
ball,2,34.1,Sri Lanka,LD Chandimal,HDRL Thirimanne,VD Philander,1,0,"",""
ball,2,34.2,Sri Lanka,HDRL Thirimanne,LD Chandimal,VD Philander,0,0,"",""
ball,2,34.3,Sri Lanka,HDRL Thirimanne,LD Chandimal,VD Philander,0,0,"",""
ball,2,34.4,Sri Lanka,HDRL Thirimanne,LD Chandimal,VD Philander,0,0,caught,HDRL Thirimanne
ball,2,34.5,Sri Lanka,NLTC Perera,LD Chandimal,VD Philander,0,1,"",""
ball,2,34.6,Sri Lanka,NLTC Perera,LD Chandimal,VD Philander,0,0,"",""
ball,2,34.7,Sri Lanka,NLTC Perera,LD Chandimal,VD Philander,1,0,"",""
ball,2,35.1,Sri Lanka,NLTC Perera,LD Chandimal,WD Parnell,0,2,"",""
ball,2,35.2,Sri Lanka,NLTC Perera,LD Chandimal,WD Parnell,0,1,"",""
ball,2,35.3,Sri Lanka,LD Chandimal,NLTC Perera,WD Parnell,1,0,"",""
ball,2,35.4,Sri Lanka,NLTC Perera,LD Chandimal,WD Parnell,1,0,"",""
ball,2,35.5,Sri Lanka,LD Chandimal,NLTC Perera,WD Parnell,1,0,"",""
ball,2,35.6,Sri Lanka,NLTC Perera,LD Chandimal,WD Parnell,0,2,"",""
ball,2,35.7,Sri Lanka,LD Chandimal,NLTC Perera,WD Parnell,1,0,"",""
ball,2,36.1,Sri Lanka,LD Chandimal,NLTC Perera,RJ Peterson,0,0,"",""
ball,2,36.2,Sri Lanka,LD Chandimal,NLTC Perera,RJ Peterson,1,0,"",""
ball,2,36.3,Sri Lanka,NLTC Perera,LD Chandimal,RJ Peterson,0,0,"",""
ball,2,36.4,Sri Lanka,NLTC Perera,LD Chandimal,RJ Peterson,6,0,"",""
ball,2,36.5,Sri Lanka,NLTC Perera,LD Chandimal,RJ Peterson,4,0,"",""
ball,2,36.6,Sri Lanka,NLTC Perera,LD Chandimal,RJ Peterson,1,0,"",""
ball,2,37.1,Sri Lanka,NLTC Perera,LD Chandimal,WD Parnell,1,0,"",""
ball,2,37.2,Sri Lanka,LD Chandimal,NLTC Perera,WD Parnell,1,0,"",""
ball,2,37.3,Sri Lanka,NLTC Perera,LD Chandimal,WD Parnell,0,0,"",""
ball,2,37.4,Sri Lanka,NLTC Perera,LD Chandimal,WD Parnell,5,0,"",""
ball,2,37.5,Sri Lanka,LD Chandimal,NLTC Perera,WD Parnell,0,0,"",""
ball,2,37.6,Sri Lanka,LD Chandimal,NLTC Perera,WD Parnell,1,0,"",""
ball,2,38.1,Sri Lanka,LD Chandimal,NLTC Perera,LL Tsotsobe,1,0,"",""
ball,2,38.2,Sri Lanka,NLTC Perera,LD Chandimal,LL Tsotsobe,2,0,"",""
ball,2,38.3,Sri Lanka,NLTC Perera,LD Chandimal,LL Tsotsobe,0,0,"",""
ball,2,38.4,Sri Lanka,NLTC Perera,LD Chandimal,LL Tsotsobe,6,0,"",""
ball,2,38.5,Sri Lanka,NLTC Perera,LD Chandimal,LL Tsotsobe,0,0,"",""
ball,2,38.6,Sri Lanka,NLTC Perera,LD Chandimal,LL Tsotsobe,0,0,"",""
ball,2,39.1,Sri Lanka,LD Chandimal,NLTC Perera,M Morkel,0,1,"",""
ball,2,39.2,Sri Lanka,LD Chandimal,NLTC Perera,M Morkel,0,0,"",""
ball,2,39.3,Sri Lanka,LD Chandimal,NLTC Perera,M Morkel,2,0,"",""
ball,2,39.4,Sri Lanka,LD Chandimal,NLTC Perera,M Morkel,1,0,"",""
ball,2,39.5,Sri Lanka,NLTC Perera,LD Chandimal,M Morkel,2,0,"",""
ball,2,39.6,Sri Lanka,NLTC Perera,LD Chandimal,M Morkel,0,0,"",""
ball,2,39.7,Sri Lanka,NLTC Perera,LD Chandimal,M Morkel,4,0,"",""
ball,2,40.1,Sri Lanka,LD Chandimal,NLTC Perera,LL Tsotsobe,1,0,"",""
ball,2,40.2,Sri Lanka,NLTC Perera,LD Chandimal,LL Tsotsobe,0,0,"",""
ball,2,40.3,Sri Lanka,NLTC Perera,LD Chandimal,LL Tsotsobe,1,0,"",""
ball,2,40.4,Sri Lanka,LD Chandimal,NLTC Perera,LL Tsotsobe,0,0,"",""
ball,2,40.5,Sri Lanka,LD Chandimal,NLTC Perera,LL Tsotsobe,0,0,"",""
ball,2,40.6,Sri Lanka,LD Chandimal,NLTC Perera,LL Tsotsobe,0,0,bowled,LD Chandimal
ball,2,41.1,Sri Lanka,NLTC Perera,AD Mathews,M Morkel,0,0,"",""
ball,2,41.2,Sri Lanka,NLTC Perera,AD Mathews,M Morkel,0,1,"",""
ball,2,41.3,Sri Lanka,NLTC Perera,AD Mathews,M Morkel,1,0,"",""
ball,2,41.4,Sri Lanka,AD Mathews,NLTC Perera,M Morkel,0,0,"",""
ball,2,41.5,Sri Lanka,AD Mathews,NLTC Perera,M Morkel,0,0,"",""
ball,2,41.6,Sri Lanka,AD Mathews,NLTC Perera,M Morkel,1,0,"",""
ball,2,41.7,Sri Lanka,NLTC Perera,AD Mathews,M Morkel,1,0,"",""
ball,2,42.1,Sri Lanka,NLTC Perera,AD Mathews,RJ Peterson,1,0,"",""
ball,2,42.2,Sri Lanka,AD Mathews,NLTC Perera,RJ Peterson,1,0,"",""
ball,2,42.3,Sri Lanka,NLTC Perera,AD Mathews,RJ Peterson,1,0,"",""
ball,2,42.4,Sri Lanka,AD Mathews,NLTC Perera,RJ Peterson,1,0,"",""
ball,2,42.5,Sri Lanka,NLTC Perera,AD Mathews,RJ Peterson,6,0,"",""
ball,2,42.6,Sri Lanka,NLTC Perera,AD Mathews,RJ Peterson,6,0,"",""
ball,2,43.1,Sri Lanka,AD Mathews,NLTC Perera,LL Tsotsobe,0,0,"",""
ball,2,43.2,Sri Lanka,AD Mathews,NLTC Perera,LL Tsotsobe,1,0,"",""
ball,2,43.3,Sri Lanka,NLTC Perera,AD Mathews,LL Tsotsobe,1,0,"",""
ball,2,43.4,Sri Lanka,AD Mathews,NLTC Perera,LL Tsotsobe,0,0,"",""
ball,2,43.5,Sri Lanka,AD Mathews,NLTC Perera,LL Tsotsobe,0,0,"",""
ball,2,43.6,Sri Lanka,AD Mathews,NLTC Perera,LL Tsotsobe,1,0,"",""
ball,2,44.1,Sri Lanka,AD Mathews,NLTC Perera,WD Parnell,0,0,"",""
ball,2,44.2,Sri Lanka,AD Mathews,NLTC Perera,WD Parnell,0,0,"",""
ball,2,44.3,Sri Lanka,AD Mathews,NLTC Perera,WD Parnell,1,0,"",""
ball,2,44.4,Sri Lanka,NLTC Perera,AD Mathews,WD Parnell,0,1,"",""
ball,2,44.5,Sri Lanka,AD Mathews,NLTC Perera,WD Parnell,1,0,"",""
ball,2,44.6,Sri Lanka,NLTC Perera,AD Mathews,WD Parnell,1,0,"",""
ball,2,45.1,Sri Lanka,NLTC Perera,AD Mathews,LL Tsotsobe,0,0,"",""
ball,2,45.2,Sri Lanka,NLTC Perera,AD Mathews,LL Tsotsobe,1,0,"",""
ball,2,45.3,Sri Lanka,AD Mathews,NLTC Perera,LL Tsotsobe,2,0,"",""
ball,2,45.4,Sri Lanka,AD Mathews,NLTC Perera,LL Tsotsobe,2,0,"",""
ball,2,45.5,Sri Lanka,AD Mathews,NLTC Perera,LL Tsotsobe,0,0,"",""
ball,2,45.6,Sri Lanka,AD Mathews,NLTC Perera,LL Tsotsobe,1,0,"",""
ball,2,46.1,Sri Lanka,AD Mathews,NLTC Perera,JP Duminy,2,0,"",""
ball,2,46.2,Sri Lanka,AD Mathews,NLTC Perera,JP Duminy,1,0,"",""
ball,2,46.3,Sri Lanka,NLTC Perera,AD Mathews,JP Duminy,0,0,"",""
ball,2,46.4,Sri Lanka,NLTC Perera,AD Mathews,JP Duminy,2,0,"",""
ball,2,46.5,Sri Lanka,NLTC Perera,AD Mathews,JP Duminy,0,0,"",""
ball,2,46.6,Sri Lanka,NLTC Perera,AD Mathews,JP Duminy,2,0,"",""
ball,2,47.1,Sri Lanka,AD Mathews,NLTC Perera,WD Parnell,2,0,"",""
ball,2,47.2,Sri Lanka,AD Mathews,NLTC Perera,WD Parnell,3,0,"",""
ball,2,47.3,Sri Lanka,NLTC Perera,AD Mathews,WD Parnell,4,0,"",""
ball,2,47.4,Sri Lanka,NLTC Perera,AD Mathews,WD Parnell,0,0,"",""
ball,2,47.5,Sri Lanka,NLTC Perera,AD Mathews,WD Parnell,1,0,"",""
ball,2,47.6,Sri Lanka,AD Mathews,NLTC Perera,WD Parnell,0,0,"",""
ball,2,48.1,Sri Lanka,NLTC Perera,AD Mathews,JP Duminy,1,0,"",""
ball,2,48.2,Sri Lanka,AD Mathews,NLTC Perera,JP Duminy,0,0,"",""
ball,2,48.3,Sri Lanka,AD Mathews,NLTC Perera,JP Duminy,1,0,"",""
ball,2,48.4,Sri Lanka,NLTC Perera,AD Mathews,JP Duminy,6,0,"",""
