version,1.3.0
info,team,Sri Lanka
info,team,Australia
info,gender,male
info,season,2011
info,date,2011/08/16
info,series,Australia in Sri Lanka ODI Series
info,match_number,3
info,venue,"Mahinda Rajapaksa International Cricket Stadium, Sooriyawewa"
info,city,Hambantota
info,toss_winner,Australia
info,toss_decision,field
info,player_of_match,WU Tharanga
info,umpire,Asad Rauf
info,umpire,REJ Martinesz
info,reserve_umpire,RSA Palliyaguruge
info,tv_umpire,AL Hill
info,match_referee,J Srinath
info,winner,Sri Lanka
info,winner_runs,78
ball,1,0.1,Sri Lanka,WU Tharanga,TM Dilshan,B Lee,4,0,"",""
ball,1,0.2,Sri Lanka,WU Tharanga,TM Dilshan,B Lee,0,0,"",""
ball,1,0.3,Sri Lanka,WU Tharanga,TM Dilshan,B Lee,0,0,"",""
ball,1,0.4,Sri Lanka,WU Tharanga,TM Dilshan,B Lee,0,0,"",""
ball,1,0.5,Sri Lanka,WU Tharanga,TM Dilshan,B Lee,1,0,"",""
ball,1,0.6,Sri Lanka,TM Dilshan,WU Tharanga,B Lee,0,0,"",""
ball,1,1.1,Sri Lanka,WU Tharanga,TM Dilshan,DE Bollinger,0,0,"",""
ball,1,1.2,Sri Lanka,WU Tharanga,TM Dilshan,DE Bollinger,0,0,"",""
ball,1,1.3,Sri Lanka,WU Tharanga,TM Dilshan,DE Bollinger,0,0,"",""
ball,1,1.4,Sri Lanka,WU Tharanga,TM Dilshan,DE Bollinger,1,0,"",""
ball,1,1.5,Sri Lanka,TM Dilshan,WU Tharanga,DE Bollinger,1,0,"",""
ball,1,1.6,Sri Lanka,WU Tharanga,TM Dilshan,DE Bollinger,4,0,"",""
ball,1,2.1,Sri Lanka,TM Dilshan,WU Tharanga,B Lee,2,0,"",""
ball,1,2.2,Sri Lanka,TM Dilshan,WU Tharanga,B Lee,2,0,"",""
ball,1,2.3,Sri Lanka,TM Dilshan,WU Tharanga,B Lee,1,0,"",""
ball,1,2.4,Sri Lanka,WU Tharanga,TM Dilshan,B Lee,1,0,"",""
ball,1,2.5,Sri Lanka,TM Dilshan,WU Tharanga,B Lee,1,0,"",""
ball,1,2.6,Sri Lanka,WU Tharanga,TM Dilshan,B Lee,0,0,"",""
ball,1,3.1,Sri Lanka,TM Dilshan,WU Tharanga,DE Bollinger,0,0,"",""
ball,1,3.2,Sri Lanka,TM Dilshan,WU Tharanga,DE Bollinger,0,0,"",""
ball,1,3.3,Sri Lanka,TM Dilshan,WU Tharanga,DE Bollinger,0,0,"",""
ball,1,3.4,Sri Lanka,TM Dilshan,WU Tharanga,DE Bollinger,0,0,"",""
ball,1,3.5,Sri Lanka,TM Dilshan,WU Tharanga,DE Bollinger,1,0,"",""
ball,1,3.6,Sri Lanka,WU Tharanga,TM Dilshan,DE Bollinger,0,0,"",""
ball,1,4.1,Sri Lanka,TM Dilshan,WU Tharanga,MG Johnson,2,0,"",""
ball,1,4.2,Sri Lanka,TM Dilshan,WU Tharanga,MG Johnson,0,0,"",""
ball,1,4.3,Sri Lanka,TM Dilshan,WU Tharanga,MG Johnson,0,0,"",""
ball,1,4.4,Sri Lanka,TM Dilshan,WU Tharanga,MG Johnson,4,0,"",""
ball,1,4.5,Sri Lanka,TM Dilshan,WU Tharanga,MG Johnson,1,0,"",""
ball,1,4.6,Sri Lanka,WU Tharanga,TM Dilshan,MG Johnson,1,0,"",""
ball,1,5.1,Sri Lanka,WU Tharanga,TM Dilshan,DE Bollinger,4,0,"",""
ball,1,5.2,Sri Lanka,WU Tharanga,TM Dilshan,DE Bollinger,0,0,"",""
ball,1,5.3,Sri Lanka,WU Tharanga,TM Dilshan,DE Bollinger,0,0,"",""
ball,1,5.4,Sri Lanka,WU Tharanga,TM Dilshan,DE Bollinger,0,0,"",""
ball,1,5.5,Sri Lanka,WU Tharanga,TM Dilshan,DE Bollinger,0,0,"",""
ball,1,5.6,Sri Lanka,WU Tharanga,TM Dilshan,DE Bollinger,0,0,"",""
ball,1,6.1,Sri Lanka,TM Dilshan,WU Tharanga,MG Johnson,0,0,"",""
ball,1,6.2,Sri Lanka,TM Dilshan,WU Tharanga,MG Johnson,4,0,"",""
ball,1,6.3,Sri Lanka,TM Dilshan,WU Tharanga,MG Johnson,1,0,"",""
ball,1,6.4,Sri Lanka,WU Tharanga,TM Dilshan,MG Johnson,0,0,"",""
ball,1,6.5,Sri Lanka,WU Tharanga,TM Dilshan,MG Johnson,0,0,"",""
ball,1,6.6,Sri Lanka,WU Tharanga,TM Dilshan,MG Johnson,0,0,"",""
ball,1,7.1,Sri Lanka,TM Dilshan,WU Tharanga,DE Bollinger,0,0,"",""
ball,1,7.2,Sri Lanka,TM Dilshan,WU Tharanga,DE Bollinger,0,0,"",""
ball,1,7.3,Sri Lanka,TM Dilshan,WU Tharanga,DE Bollinger,0,0,"",""
ball,1,7.4,Sri Lanka,TM Dilshan,WU Tharanga,DE Bollinger,0,0,"",""
ball,1,7.5,Sri Lanka,TM Dilshan,WU Tharanga,DE Bollinger,1,0,"",""
ball,1,7.6,Sri Lanka,WU Tharanga,TM Dilshan,DE Bollinger,0,0,"",""
ball,1,8.1,Sri Lanka,TM Dilshan,WU Tharanga,MG Johnson,1,0,"",""
ball,1,8.2,Sri Lanka,WU Tharanga,TM Dilshan,MG Johnson,2,0,"",""
ball,1,8.3,Sri Lanka,WU Tharanga,TM Dilshan,MG Johnson,0,0,"",""
ball,1,8.4,Sri Lanka,WU Tharanga,TM Dilshan,MG Johnson,0,0,"",""
ball,1,8.5,Sri Lanka,WU Tharanga,TM Dilshan,MG Johnson,0,0,"",""
ball,1,8.6,Sri Lanka,WU Tharanga,TM Dilshan,MG Johnson,1,0,"",""
ball,1,9.1,Sri Lanka,WU Tharanga,TM Dilshan,B Lee,1,0,"",""
ball,1,9.2,Sri Lanka,TM Dilshan,WU Tharanga,B Lee,1,0,"",""
ball,1,9.3,Sri Lanka,WU Tharanga,TM Dilshan,B Lee,4,0,"",""
ball,1,9.4,Sri Lanka,WU Tharanga,TM Dilshan,B Lee,0,0,"",""
ball,1,9.5,Sri Lanka,WU Tharanga,TM Dilshan,B Lee,0,0,"",""
ball,1,9.6,Sri Lanka,WU Tharanga,TM Dilshan,B Lee,0,0,"",""
ball,1,10.1,Sri Lanka,TM Dilshan,WU Tharanga,MG Johnson,0,0,"",""
ball,1,10.2,Sri Lanka,TM Dilshan,WU Tharanga,MG Johnson,1,0,"",""
ball,1,10.3,Sri Lanka,WU Tharanga,TM Dilshan,MG Johnson,0,0,"",""
ball,1,10.4,Sri Lanka,WU Tharanga,TM Dilshan,MG Johnson,2,0,"",""
ball,1,10.5,Sri Lanka,WU Tharanga,TM Dilshan,MG Johnson,1,0,"",""
ball,1,10.6,Sri Lanka,TM Dilshan,WU Tharanga,MG Johnson,1,0,"",""
ball,1,11.1,Sri Lanka,TM Dilshan,WU Tharanga,B Lee,0,0,"",""
ball,1,11.2,Sri Lanka,TM Dilshan,WU Tharanga,B Lee,0,1,"",""
ball,1,11.3,Sri Lanka,WU Tharanga,TM Dilshan,B Lee,0,0,"",""
ball,1,11.4,Sri Lanka,WU Tharanga,TM Dilshan,B Lee,0,0,"",""
ball,1,11.5,Sri Lanka,WU Tharanga,TM Dilshan,B Lee,0,0,"",""
ball,1,11.6,Sri Lanka,WU Tharanga,TM Dilshan,B Lee,1,0,"",""
ball,1,12.1,Sri Lanka,WU Tharanga,TM Dilshan,SR Watson,4,0,"",""
ball,1,12.2,Sri Lanka,WU Tharanga,TM Dilshan,SR Watson,1,0,"",""
ball,1,12.3,Sri Lanka,TM Dilshan,WU Tharanga,SR Watson,1,0,"",""
ball,1,12.4,Sri Lanka,WU Tharanga,TM Dilshan,SR Watson,0,0,"",""
ball,1,12.5,Sri Lanka,WU Tharanga,TM Dilshan,SR Watson,0,0,"",""
ball,1,12.6,Sri Lanka,WU Tharanga,TM Dilshan,SR Watson,0,0,"",""
ball,1,13.1,Sri Lanka,TM Dilshan,WU Tharanga,XJ Doherty,1,0,"",""
ball,1,13.2,Sri Lanka,WU Tharanga,TM Dilshan,XJ Doherty,0,0,"",""
ball,1,13.3,Sri Lanka,WU Tharanga,TM Dilshan,XJ Doherty,1,0,"",""
ball,1,13.4,Sri Lanka,TM Dilshan,WU Tharanga,XJ Doherty,0,0,"",""
ball,1,13.5,Sri Lanka,TM Dilshan,WU Tharanga,XJ Doherty,1,0,"",""
ball,1,13.6,Sri Lanka,WU Tharanga,TM Dilshan,XJ Doherty,1,0,"",""
ball,1,14.1,Sri Lanka,WU Tharanga,TM Dilshan,SR Watson,0,0,"",""
ball,1,14.2,Sri Lanka,WU Tharanga,TM Dilshan,SR Watson,1,0,"",""
ball,1,14.3,Sri Lanka,TM Dilshan,WU Tharanga,SR Watson,1,0,"",""
ball,1,14.4,Sri Lanka,WU Tharanga,TM Dilshan,SR Watson,0,0,"",""
ball,1,14.5,Sri Lanka,WU Tharanga,TM Dilshan,SR Watson,1,0,"",""
ball,1,14.6,Sri Lanka,TM Dilshan,WU Tharanga,SR Watson,0,0,"",""
ball,1,15.1,Sri Lanka,WU Tharanga,TM Dilshan,XJ Doherty,0,0,"",""
ball,1,15.2,Sri Lanka,WU Tharanga,TM Dilshan,XJ Doherty,4,0,"",""
ball,1,15.3,Sri Lanka,WU Tharanga,TM Dilshan,XJ Doherty,0,0,"",""
ball,1,15.4,Sri Lanka,WU Tharanga,TM Dilshan,XJ Doherty,2,0,"",""
ball,1,15.5,Sri Lanka,WU Tharanga,TM Dilshan,XJ Doherty,4,0,"",""
ball,1,15.6,Sri Lanka,WU Tharanga,TM Dilshan,XJ Doherty,0,0,"",""
ball,1,16.1,Sri Lanka,TM Dilshan,WU Tharanga,SR Watson,4,0,"",""
ball,1,16.2,Sri Lanka,TM Dilshan,WU Tharanga,SR Watson,0,0,"",""
ball,1,16.3,Sri Lanka,TM Dilshan,WU Tharanga,SR Watson,1,0,"",""
ball,1,16.4,Sri Lanka,WU Tharanga,TM Dilshan,SR Watson,1,0,"",""
ball,1,16.5,Sri Lanka,TM Dilshan,WU Tharanga,SR Watson,2,0,"",""
ball,1,16.6,Sri Lanka,TM Dilshan,WU Tharanga,SR Watson,0,0,"",""
ball,1,17.1,Sri Lanka,WU Tharanga,TM Dilshan,XJ Doherty,1,0,"",""
ball,1,17.2,Sri Lanka,TM Dilshan,WU Tharanga,XJ Doherty,2,0,"",""
ball,1,17.3,Sri Lanka,TM Dilshan,WU Tharanga,XJ Doherty,1,0,"",""
ball,1,17.4,Sri Lanka,WU Tharanga,TM Dilshan,XJ Doherty,0,0,"",""
ball,1,17.5,Sri Lanka,WU Tharanga,TM Dilshan,XJ Doherty,1,0,"",""
ball,1,17.6,Sri Lanka,TM Dilshan,WU Tharanga,XJ Doherty,1,0,"",""
ball,1,18.1,Sri Lanka,TM Dilshan,WU Tharanga,DJ Hussey,0,0,"",""
ball,1,18.2,Sri Lanka,TM Dilshan,WU Tharanga,DJ Hussey,3,0,"",""
ball,1,18.3,Sri Lanka,WU Tharanga,TM Dilshan,DJ Hussey,4,0,"",""
ball,1,18.4,Sri Lanka,WU Tharanga,TM Dilshan,DJ Hussey,0,0,"",""
ball,1,18.5,Sri Lanka,WU Tharanga,TM Dilshan,DJ Hussey,0,0,"",""
ball,1,18.6,Sri Lanka,WU Tharanga,TM Dilshan,DJ Hussey,1,0,"",""
ball,1,19.1,Sri Lanka,WU Tharanga,TM Dilshan,SPD Smith,0,0,"",""
ball,1,19.2,Sri Lanka,WU Tharanga,TM Dilshan,SPD Smith,3,0,"",""
ball,1,19.3,Sri Lanka,TM Dilshan,WU Tharanga,SPD Smith,4,0,"",""
ball,1,19.4,Sri Lanka,TM Dilshan,WU Tharanga,SPD Smith,1,0,"",""
ball,1,19.5,Sri Lanka,WU Tharanga,TM Dilshan,SPD Smith,0,0,"",""
ball,1,19.6,Sri Lanka,WU Tharanga,TM Dilshan,SPD Smith,1,0,"",""
ball,1,20.1,Sri Lanka,WU Tharanga,TM Dilshan,DJ Hussey,0,0,"",""
ball,1,20.2,Sri Lanka,WU Tharanga,TM Dilshan,DJ Hussey,4,0,"",""
ball,1,20.3,Sri Lanka,WU Tharanga,TM Dilshan,DJ Hussey,2,0,"",""
ball,1,20.4,Sri Lanka,WU Tharanga,TM Dilshan,DJ Hussey,1,0,"",""
ball,1,20.5,Sri Lanka,TM Dilshan,WU Tharanga,DJ Hussey,0,0,"",""
ball,1,20.6,Sri Lanka,TM Dilshan,WU Tharanga,DJ Hussey,2,0,"",""
ball,1,21.1,Sri Lanka,WU Tharanga,TM Dilshan,SPD Smith,4,0,"",""
ball,1,21.2,Sri Lanka,WU Tharanga,TM Dilshan,SPD Smith,0,0,"",""
ball,1,21.3,Sri Lanka,WU Tharanga,TM Dilshan,SPD Smith,0,0,"",""
ball,1,21.4,Sri Lanka,WU Tharanga,TM Dilshan,SPD Smith,1,0,"",""
ball,1,21.5,Sri Lanka,TM Dilshan,WU Tharanga,SPD Smith,0,0,"",""
ball,1,21.6,Sri Lanka,TM Dilshan,WU Tharanga,SPD Smith,1,0,"",""
ball,1,22.1,Sri Lanka,TM Dilshan,WU Tharanga,DJ Hussey,0,1,"",""
ball,1,22.2,Sri Lanka,TM Dilshan,WU Tharanga,DJ Hussey,1,0,"",""
ball,1,22.3,Sri Lanka,WU Tharanga,TM Dilshan,DJ Hussey,0,0,"",""
ball,1,22.4,Sri Lanka,WU Tharanga,TM Dilshan,DJ Hussey,1,0,"",""
ball,1,22.5,Sri Lanka,TM Dilshan,WU Tharanga,DJ Hussey,1,0,"",""
ball,1,22.6,Sri Lanka,WU Tharanga,TM Dilshan,DJ Hussey,0,1,"",""
ball,1,22.7,Sri Lanka,WU Tharanga,TM Dilshan,DJ Hussey,0,0,"",""
ball,1,22.8,Sri Lanka,WU Tharanga,TM Dilshan,DJ Hussey,0,0,"",""
ball,1,23.1,Sri Lanka,TM Dilshan,WU Tharanga,DE Bollinger,0,2,"",""
ball,1,23.2,Sri Lanka,WU Tharanga,TM Dilshan,DE Bollinger,0,0,"",""
ball,1,23.3,Sri Lanka,WU Tharanga,TM Dilshan,DE Bollinger,2,0,"",""
ball,1,23.4,Sri Lanka,WU Tharanga,TM Dilshan,DE Bollinger,1,0,"",""
ball,1,23.5,Sri Lanka,TM Dilshan,WU Tharanga,DE Bollinger,1,0,"",""
ball,1,23.6,Sri Lanka,WU Tharanga,TM Dilshan,DE Bollinger,1,0,"",""
ball,1,23.7,Sri Lanka,TM Dilshan,WU Tharanga,DE Bollinger,0,0,"",""
ball,1,24.1,Sri Lanka,WU Tharanga,TM Dilshan,DJ Hussey,2,0,"",""
ball,1,24.2,Sri Lanka,WU Tharanga,TM Dilshan,DJ Hussey,1,0,"",""
ball,1,24.3,Sri Lanka,TM Dilshan,WU Tharanga,DJ Hussey,1,0,"",""
ball,1,24.4,Sri Lanka,WU Tharanga,TM Dilshan,DJ Hussey,0,0,"",""
ball,1,24.5,Sri Lanka,WU Tharanga,TM Dilshan,DJ Hussey,0,0,"",""
ball,1,24.6,Sri Lanka,WU Tharanga,TM Dilshan,DJ Hussey,0,0,"",""
ball,1,25.1,Sri Lanka,TM Dilshan,WU Tharanga,DE Bollinger,0,0,caught,TM Dilshan
ball,1,25.2,Sri Lanka,KC Sangakkara,WU Tharanga,DE Bollinger,0,0,"",""
ball,1,25.3,Sri Lanka,KC Sangakkara,WU Tharanga,DE Bollinger,0,1,"",""
ball,1,25.4,Sri Lanka,KC Sangakkara,WU Tharanga,DE Bollinger,1,0,"",""
ball,1,25.5,Sri Lanka,WU Tharanga,KC Sangakkara,DE Bollinger,1,0,"",""
ball,1,25.6,Sri Lanka,KC Sangakkara,WU Tharanga,DE Bollinger,1,0,"",""
ball,1,25.7,Sri Lanka,WU Tharanga,KC Sangakkara,DE Bollinger,0,0,"",""
ball,1,26.1,Sri Lanka,KC Sangakkara,WU Tharanga,DJ Hussey,2,0,"",""
ball,1,26.2,Sri Lanka,KC Sangakkara,WU Tharanga,DJ Hussey,0,0,"",""
ball,1,26.3,Sri Lanka,KC Sangakkara,WU Tharanga,DJ Hussey,6,0,"",""
ball,1,26.4,Sri Lanka,KC Sangakkara,WU Tharanga,DJ Hussey,0,1,"",""
ball,1,26.5,Sri Lanka,WU Tharanga,KC Sangakkara,DJ Hussey,0,0,"",""
ball,1,26.6,Sri Lanka,WU Tharanga,KC Sangakkara,DJ Hussey,0,0,"",""
ball,1,27.1,Sri Lanka,KC Sangakkara,WU Tharanga,SR Watson,1,0,"",""
ball,1,27.2,Sri Lanka,WU Tharanga,KC Sangakkara,SR Watson,0,0,"",""
ball,1,27.3,Sri Lanka,WU Tharanga,KC Sangakkara,SR Watson,0,0,"",""
ball,1,27.4,Sri Lanka,WU Tharanga,KC Sangakkara,SR Watson,2,0,"",""
ball,1,27.5,Sri Lanka,WU Tharanga,KC Sangakkara,SR Watson,2,0,"",""
ball,1,27.6,Sri Lanka,WU Tharanga,KC Sangakkara,SR Watson,0,1,"",""
ball,1,27.7,Sri Lanka,WU Tharanga,KC Sangakkara,SR Watson,0,0,"",""
ball,1,28.1,Sri Lanka,KC Sangakkara,WU Tharanga,MG Johnson,1,0,"",""
ball,1,28.2,Sri Lanka,WU Tharanga,KC Sangakkara,MG Johnson,2,0,"",""
ball,1,28.3,Sri Lanka,WU Tharanga,KC Sangakkara,MG Johnson,0,0,"",""
ball,1,28.4,Sri Lanka,WU Tharanga,KC Sangakkara,MG Johnson,2,0,"",""
ball,1,28.5,Sri Lanka,WU Tharanga,KC Sangakkara,MG Johnson,0,0,"",""
ball,1,28.6,Sri Lanka,WU Tharanga,KC Sangakkara,MG Johnson,0,0,"",""
ball,1,29.1,Sri Lanka,KC Sangakkara,WU Tharanga,SR Watson,3,0,"",""
ball,1,29.2,Sri Lanka,WU Tharanga,KC Sangakkara,SR Watson,0,0,"",""
ball,1,29.3,Sri Lanka,WU Tharanga,KC Sangakkara,SR Watson,0,0,"",""
ball,1,29.4,Sri Lanka,WU Tharanga,KC Sangakkara,SR Watson,0,0,"",""
ball,1,29.5,Sri Lanka,WU Tharanga,KC Sangakkara,SR Watson,0,0,"",""
ball,1,29.6,Sri Lanka,WU Tharanga,KC Sangakkara,SR Watson,0,0,"",""
ball,1,30.1,Sri Lanka,KC Sangakkara,WU Tharanga,MG Johnson,0,0,"",""
ball,1,30.2,Sri Lanka,KC Sangakkara,WU Tharanga,MG Johnson,1,0,"",""
ball,1,30.3,Sri Lanka,WU Tharanga,KC Sangakkara,MG Johnson,0,0,"",""
ball,1,30.4,Sri Lanka,WU Tharanga,KC Sangakkara,MG Johnson,0,0,"",""
ball,1,30.5,Sri Lanka,WU Tharanga,KC Sangakkara,MG Johnson,0,0,"",""
ball,1,30.6,Sri Lanka,WU Tharanga,KC Sangakkara,MG Johnson,0,0,"",""
ball,1,31.1,Sri Lanka,KC Sangakkara,WU Tharanga,SR Watson,1,0,"",""
ball,1,31.2,Sri Lanka,WU Tharanga,KC Sangakkara,SR Watson,0,0,"",""
ball,1,31.3,Sri Lanka,WU Tharanga,KC Sangakkara,SR Watson,1,0,"",""
ball,1,31.4,Sri Lanka,KC Sangakkara,WU Tharanga,SR Watson,4,0,"",""
ball,1,31.5,Sri Lanka,KC Sangakkara,WU Tharanga,SR Watson,0,0,"",""
ball,1,31.6,Sri Lanka,KC Sangakkara,WU Tharanga,SR Watson,0,0,"",""
ball,1,32.1,Sri Lanka,WU Tharanga,KC Sangakkara,MG Johnson,0,0,"",""
ball,1,32.2,Sri Lanka,WU Tharanga,KC Sangakkara,MG Johnson,0,0,"",""
ball,1,32.3,Sri Lanka,WU Tharanga,KC Sangakkara,MG Johnson,1,0,"",""
ball,1,32.4,Sri Lanka,KC Sangakkara,WU Tharanga,MG Johnson,1,0,"",""
ball,1,32.5,Sri Lanka,WU Tharanga,KC Sangakkara,MG Johnson,0,0,"",""
ball,1,32.6,Sri Lanka,WU Tharanga,KC Sangakkara,MG Johnson,0,0,"",""
ball,1,33.1,Sri Lanka,KC Sangakkara,WU Tharanga,XJ Doherty,0,0,"",""
ball,1,33.2,Sri Lanka,KC Sangakkara,WU Tharanga,XJ Doherty,4,0,"",""
ball,1,33.3,Sri Lanka,KC Sangakkara,WU Tharanga,XJ Doherty,1,0,"",""
ball,1,33.4,Sri Lanka,WU Tharanga,KC Sangakkara,XJ Doherty,1,0,"",""
ball,1,33.5,Sri Lanka,KC Sangakkara,WU Tharanga,XJ Doherty,0,0,"",""
ball,1,33.6,Sri Lanka,KC Sangakkara,WU Tharanga,XJ Doherty,1,0,"",""
ball,1,34.1,Sri Lanka,KC Sangakkara,WU Tharanga,B Lee,1,0,"",""
ball,1,34.2,Sri Lanka,WU Tharanga,KC Sangakkara,B Lee,1,0,"",""
ball,1,34.3,Sri Lanka,KC Sangakkara,WU Tharanga,B Lee,0,0,"",""
ball,1,34.4,Sri Lanka,KC Sangakkara,WU Tharanga,B Lee,1,0,"",""
ball,1,34.5,Sri Lanka,WU Tharanga,KC Sangakkara,B Lee,2,0,"",""
ball,1,34.6,Sri Lanka,WU Tharanga,KC Sangakkara,B Lee,4,0,"",""
ball,1,35.1,Sri Lanka,KC Sangakkara,WU Tharanga,XJ Doherty,1,0,"",""
ball,1,35.2,Sri Lanka,WU Tharanga,KC Sangakkara,XJ Doherty,1,0,"",""
ball,1,35.3,Sri Lanka,KC Sangakkara,WU Tharanga,XJ Doherty,2,0,"",""
ball,1,35.4,Sri Lanka,KC Sangakkara,WU Tharanga,XJ Doherty,4,0,"",""
ball,1,35.5,Sri Lanka,KC Sangakkara,WU Tharanga,XJ Doherty,0,0,"",""
ball,1,35.6,Sri Lanka,KC Sangakkara,WU Tharanga,XJ Doherty,6,0,"",""
ball,1,36.1,Sri Lanka,WU Tharanga,KC Sangakkara,SR Watson,1,0,"",""
ball,1,36.2,Sri Lanka,KC Sangakkara,WU Tharanga,SR Watson,1,0,"",""
ball,1,36.3,Sri Lanka,WU Tharanga,KC Sangakkara,SR Watson,1,0,"",""
ball,1,36.4,Sri Lanka,KC Sangakkara,WU Tharanga,SR Watson,1,0,"",""
ball,1,36.5,Sri Lanka,WU Tharanga,KC Sangakkara,SR Watson,1,0,"",""
ball,1,36.6,Sri Lanka,KC Sangakkara,WU Tharanga,SR Watson,2,0,"",""
ball,1,37.1,Sri Lanka,WU Tharanga,KC Sangakkara,B Lee,1,0,"",""
ball,1,37.2,Sri Lanka,KC Sangakkara,WU Tharanga,B Lee,1,0,"",""
ball,1,37.3,Sri Lanka,WU Tharanga,KC Sangakkara,B Lee,4,0,"",""
ball,1,37.4,Sri Lanka,WU Tharanga,KC Sangakkara,B Lee,1,0,"",""
ball,1,37.5,Sri Lanka,KC Sangakkara,WU Tharanga,B Lee,0,0,"",""
ball,1,37.6,Sri Lanka,KC Sangakkara,WU Tharanga,B Lee,1,0,"",""
ball,1,38.1,Sri Lanka,KC Sangakkara,WU Tharanga,DE Bollinger,0,0,lbw,KC Sangakkara
ball,1,38.2,Sri Lanka,LD Chandimal,WU Tharanga,DE Bollinger,4,0,"",""
ball,1,38.3,Sri Lanka,LD Chandimal,WU Tharanga,DE Bollinger,0,0,caught,LD Chandimal
ball,1,38.4,Sri Lanka,DPMD Jayawardene,WU Tharanga,DE Bollinger,0,0,"",""
ball,1,38.5,Sri Lanka,DPMD Jayawardene,WU Tharanga,DE Bollinger,0,0,"",""
ball,1,38.6,Sri Lanka,DPMD Jayawardene,WU Tharanga,DE Bollinger,0,0,"",""
ball,1,39.1,Sri Lanka,WU Tharanga,DPMD Jayawardene,B Lee,1,0,"",""
ball,1,39.2,Sri Lanka,DPMD Jayawardene,WU Tharanga,B Lee,0,0,"",""
ball,1,39.3,Sri Lanka,DPMD Jayawardene,WU Tharanga,B Lee,1,0,"",""
ball,1,39.4,Sri Lanka,WU Tharanga,DPMD Jayawardene,B Lee,0,0,"",""
ball,1,39.5,Sri Lanka,WU Tharanga,DPMD Jayawardene,B Lee,0,0,"",""
ball,1,39.6,Sri Lanka,WU Tharanga,DPMD Jayawardene,B Lee,1,0,"",""
ball,1,40.1,Sri Lanka,WU Tharanga,DPMD Jayawardene,DE Bollinger,1,0,"",""
ball,1,40.2,Sri Lanka,DPMD Jayawardene,WU Tharanga,DE Bollinger,1,0,"",""
ball,1,40.3,Sri Lanka,WU Tharanga,DPMD Jayawardene,DE Bollinger,0,1,"",""
ball,1,40.4,Sri Lanka,WU Tharanga,DPMD Jayawardene,DE Bollinger,0,0,caught,WU Tharanga
ball,1,40.5,Sri Lanka,LPC Silva,DPMD Jayawardene,DE Bollinger,0,0,"",""
ball,1,40.6,Sri Lanka,LPC Silva,DPMD Jayawardene,DE Bollinger,0,0,"",""
ball,1,40.7,Sri Lanka,LPC Silva,DPMD Jayawardene,DE Bollinger,1,0,"",""
ball,1,41.1,Sri Lanka,LPC Silva,DPMD Jayawardene,B Lee,0,0,"",""
ball,1,41.2,Sri Lanka,LPC Silva,DPMD Jayawardene,B Lee,0,0,"",""
ball,1,41.3,Sri Lanka,LPC Silva,DPMD Jayawardene,B Lee,1,0,"",""
ball,1,41.4,Sri Lanka,DPMD Jayawardene,LPC Silva,B Lee,0,0,"",""
ball,1,41.5,Sri Lanka,DPMD Jayawardene,LPC Silva,B Lee,1,0,"",""
ball,1,41.6,Sri Lanka,LPC Silva,DPMD Jayawardene,B Lee,0,0,"",""
ball,1,42.1,Sri Lanka,DPMD Jayawardene,LPC Silva,DE Bollinger,0,0,"",""
ball,1,42.2,Sri Lanka,DPMD Jayawardene,LPC Silva,DE Bollinger,1,0,"",""
ball,1,42.3,Sri Lanka,LPC Silva,DPMD Jayawardene,DE Bollinger,0,0,"",""
ball,1,42.4,Sri Lanka,LPC Silva,DPMD Jayawardene,DE Bollinger,0,1,"",""
ball,1,42.5,Sri Lanka,DPMD Jayawardene,LPC Silva,DE Bollinger,2,0,"",""
ball,1,42.6,Sri Lanka,DPMD Jayawardene,LPC Silva,DE Bollinger,0,1,"",""
ball,1,43.1,Sri Lanka,DPMD Jayawardene,LPC Silva,B Lee,1,0,"",""
ball,1,43.2,Sri Lanka,LPC Silva,DPMD Jayawardene,B Lee,1,0,"",""
ball,1,43.3,Sri Lanka,DPMD Jayawardene,LPC Silva,B Lee,0,0,"",""
ball,1,43.4,Sri Lanka,DPMD Jayawardene,LPC Silva,B Lee,0,0,"",""
ball,1,43.5,Sri Lanka,DPMD Jayawardene,LPC Silva,B Lee,0,0,"",""
ball,1,43.6,Sri Lanka,DPMD Jayawardene,LPC Silva,B Lee,1,0,"",""
ball,1,44.1,Sri Lanka,DPMD Jayawardene,LPC Silva,DE Bollinger,1,0,"",""
ball,1,44.2,Sri Lanka,LPC Silva,DPMD Jayawardene,DE Bollinger,4,0,"",""
ball,1,44.3,Sri Lanka,LPC Silva,DPMD Jayawardene,DE Bollinger,0,0,"",""
ball,1,44.4,Sri Lanka,LPC Silva,DPMD Jayawardene,DE Bollinger,0,1,"",""
ball,1,44.5,Sri Lanka,LPC Silva,DPMD Jayawardene,DE Bollinger,0,0,"",""
ball,1,44.6,Sri Lanka,LPC Silva,DPMD Jayawardene,DE Bollinger,1,0,"",""
ball,1,44.7,Sri Lanka,DPMD Jayawardene,LPC Silva,DE Bollinger,1,0,"",""
ball,1,45.1,Sri Lanka,DPMD Jayawardene,LPC Silva,B Lee,1,0,"",""
ball,1,45.2,Sri Lanka,LPC Silva,DPMD Jayawardene,B Lee,1,0,"",""
ball,1,45.3,Sri Lanka,DPMD Jayawardene,LPC Silva,B Lee,1,0,"",""
ball,1,45.4,Sri Lanka,LPC Silva,DPMD Jayawardene,B Lee,0,0,"",""
ball,1,45.5,Sri Lanka,LPC Silva,DPMD Jayawardene,B Lee,0,0,caught,LPC Silva
ball,1,45.6,Sri Lanka,BMAJ Mendis,DPMD Jayawardene,B Lee,0,0,"",""
ball,1,46.1,Sri Lanka,DPMD Jayawardene,BMAJ Mendis,MG Johnson,1,0,"",""
ball,1,46.2,Sri Lanka,BMAJ Mendis,DPMD Jayawardene,MG Johnson,1,0,"",""
ball,1,46.3,Sri Lanka,DPMD Jayawardene,BMAJ Mendis,MG Johnson,1,0,"",""
ball,1,46.4,Sri Lanka,BMAJ Mendis,DPMD Jayawardene,MG Johnson,0,0,lbw,BMAJ Mendis
ball,1,46.5,Sri Lanka,KMDN Kulasekara,DPMD Jayawardene,MG Johnson,0,1,"",""
ball,1,46.6,Sri Lanka,KMDN Kulasekara,DPMD Jayawardene,MG Johnson,0,0,"",""
ball,1,46.7,Sri Lanka,KMDN Kulasekara,DPMD Jayawardene,MG Johnson,1,0,"",""
ball,1,47.1,Sri Lanka,KMDN Kulasekara,DPMD Jayawardene,SR Watson,1,0,"",""
ball,1,47.2,Sri Lanka,DPMD Jayawardene,KMDN Kulasekara,SR Watson,2,0,"",""
ball,1,47.3,Sri Lanka,DPMD Jayawardene,KMDN Kulasekara,SR Watson,1,0,"",""
ball,1,47.4,Sri Lanka,KMDN Kulasekara,DPMD Jayawardene,SR Watson,1,0,"",""
ball,1,47.5,Sri Lanka,DPMD Jayawardene,KMDN Kulasekara,SR Watson,0,0,"",""
ball,1,47.6,Sri Lanka,DPMD Jayawardene,KMDN Kulasekara,SR Watson,4,0,"",""
ball,1,48.1,Sri Lanka,KMDN Kulasekara,DPMD Jayawardene,MG Johnson,1,0,"",""
ball,1,48.2,Sri Lanka,DPMD Jayawardene,KMDN Kulasekara,MG Johnson,4,0,"",""
ball,1,48.3,Sri Lanka,DPMD Jayawardene,KMDN Kulasekara,MG Johnson,4,0,"",""
ball,1,48.4,Sri Lanka,DPMD Jayawardene,KMDN Kulasekara,MG Johnson,1,0,"",""
ball,1,48.5,Sri Lanka,KMDN Kulasekara,DPMD Jayawardene,MG Johnson,0,0,caught,KMDN Kulasekara
ball,1,48.6,Sri Lanka,DPMD Jayawardene,RMS Eranga,MG Johnson,0,0,"",""
ball,1,49.1,Sri Lanka,RMS Eranga,DPMD Jayawardene,SR Watson,0,1,"",""
ball,1,49.2,Sri Lanka,RMS Eranga,DPMD Jayawardene,SR Watson,1,0,"",""
ball,1,49.3,Sri Lanka,DPMD Jayawardene,RMS Eranga,SR Watson,6,0,"",""
ball,1,49.4,Sri Lanka,DPMD Jayawardene,RMS Eranga,SR Watson,0,0,caught,DPMD Jayawardene
ball,1,49.5,Sri Lanka,RMS Eranga,SL Malinga,SR Watson,1,0,"",""
ball,1,49.6,Sri Lanka,SL Malinga,RMS Eranga,SR Watson,1,0,"",""
ball,1,49.7,Sri Lanka,RMS Eranga,SL Malinga,SR Watson,0,0,bowled,RMS Eranga
ball,2,0.1,Australia,SR Watson,BJ Haddin,SL Malinga,1,0,"",""
ball,2,0.2,Australia,BJ Haddin,SR Watson,SL Malinga,0,0,"",""
ball,2,0.3,Australia,BJ Haddin,SR Watson,SL Malinga,0,1,"",""
ball,2,0.4,Australia,SR Watson,BJ Haddin,SL Malinga,0,0,"",""
ball,2,0.5,Australia,SR Watson,BJ Haddin,SL Malinga,4,0,"",""
ball,2,0.6,Australia,SR Watson,BJ Haddin,SL Malinga,0,0,"",""
ball,2,1.1,Australia,BJ Haddin,SR Watson,KMDN Kulasekara,0,0,"",""
ball,2,1.2,Australia,BJ Haddin,SR Watson,KMDN Kulasekara,0,0,"",""
ball,2,1.3,Australia,BJ Haddin,SR Watson,KMDN Kulasekara,0,0,"",""
ball,2,1.4,Australia,BJ Haddin,SR Watson,KMDN Kulasekara,0,0,"",""
ball,2,1.5,Australia,BJ Haddin,SR Watson,KMDN Kulasekara,0,0,"",""
ball,2,1.6,Australia,BJ Haddin,SR Watson,KMDN Kulasekara,0,0,"",""
ball,2,2.1,Australia,SR Watson,BJ Haddin,SL Malinga,0,0,"",""
ball,2,2.2,Australia,SR Watson,BJ Haddin,SL Malinga,0,0,"",""
ball,2,2.3,Australia,SR Watson,BJ Haddin,SL Malinga,0,0,"",""
ball,2,2.4,Australia,SR Watson,BJ Haddin,SL Malinga,0,0,caught,SR Watson
ball,2,2.5,Australia,RT Ponting,BJ Haddin,SL Malinga,0,1,"",""
ball,2,2.6,Australia,RT Ponting,BJ Haddin,SL Malinga,0,0,"",""
ball,2,2.7,Australia,RT Ponting,BJ Haddin,SL Malinga,0,0,"",""
ball,2,3.1,Australia,BJ Haddin,RT Ponting,KMDN Kulasekara,0,0,"",""
ball,2,3.2,Australia,BJ Haddin,RT Ponting,KMDN Kulasekara,1,0,"",""
ball,2,3.3,Australia,RT Ponting,BJ Haddin,KMDN Kulasekara,0,1,"",""
ball,2,3.4,Australia,BJ Haddin,RT Ponting,KMDN Kulasekara,0,0,"",""
ball,2,3.5,Australia,BJ Haddin,RT Ponting,KMDN Kulasekara,4,0,"",""
ball,2,3.6,Australia,BJ Haddin,RT Ponting,KMDN Kulasekara,0,0,"",""
ball,2,4.1,Australia,RT Ponting,BJ Haddin,SL Malinga,1,0,"",""
ball,2,4.2,Australia,BJ Haddin,RT Ponting,SL Malinga,0,0,"",""
ball,2,4.3,Australia,BJ Haddin,RT Ponting,SL Malinga,0,1,"",""
ball,2,4.4,Australia,BJ Haddin,RT Ponting,SL Malinga,0,0,"",""
ball,2,4.5,Australia,BJ Haddin,RT Ponting,SL Malinga,0,0,"",""
ball,2,4.6,Australia,BJ Haddin,RT Ponting,SL Malinga,0,0,"",""
ball,2,4.7,Australia,BJ Haddin,RT Ponting,SL Malinga,0,0,"",""
ball,2,5.1,Australia,RT Ponting,BJ Haddin,KMDN Kulasekara,0,0,"",""
ball,2,5.2,Australia,RT Ponting,BJ Haddin,KMDN Kulasekara,0,0,"",""
ball,2,5.3,Australia,RT Ponting,BJ Haddin,KMDN Kulasekara,0,0,"",""
ball,2,5.4,Australia,RT Ponting,BJ Haddin,KMDN Kulasekara,0,0,"",""
ball,2,5.5,Australia,RT Ponting,BJ Haddin,KMDN Kulasekara,1,0,"",""
ball,2,5.6,Australia,BJ Haddin,RT Ponting,KMDN Kulasekara,0,0,"",""
ball,2,6.1,Australia,RT Ponting,BJ Haddin,RMS Eranga,1,0,"",""
ball,2,6.2,Australia,BJ Haddin,RT Ponting,RMS Eranga,0,1,"",""
ball,2,6.3,Australia,BJ Haddin,RT Ponting,RMS Eranga,0,0,bowled,BJ Haddin
ball,2,6.4,Australia,MJ Clarke,RT Ponting,RMS Eranga,0,0,"",""
ball,2,6.5,Australia,MJ Clarke,RT Ponting,RMS Eranga,0,1,"",""
ball,2,6.6,Australia,MJ Clarke,RT Ponting,RMS Eranga,0,0,"",""
ball,2,6.7,Australia,MJ Clarke,RT Ponting,RMS Eranga,0,0,"",""
ball,2,6.8,Australia,MJ Clarke,RT Ponting,RMS Eranga,0,0,"",""
ball,2,7.1,Australia,RT Ponting,MJ Clarke,KMDN Kulasekara,4,0,"",""
ball,2,7.2,Australia,RT Ponting,MJ Clarke,KMDN Kulasekara,0,0,"",""
ball,2,7.3,Australia,RT Ponting,MJ Clarke,KMDN Kulasekara,0,0,"",""
ball,2,7.4,Australia,RT Ponting,MJ Clarke,KMDN Kulasekara,0,0,"",""
ball,2,7.5,Australia,RT Ponting,MJ Clarke,KMDN Kulasekara,0,0,"",""
ball,2,7.6,Australia,RT Ponting,MJ Clarke,KMDN Kulasekara,4,0,"",""
ball,2,8.1,Australia,MJ Clarke,RT Ponting,RMS Eranga,0,1,"",""
ball,2,8.2,Australia,MJ Clarke,RT Ponting,RMS Eranga,0,0,"",""
ball,2,8.3,Australia,MJ Clarke,RT Ponting,RMS Eranga,0,0,"",""
ball,2,8.4,Australia,MJ Clarke,RT Ponting,RMS Eranga,0,0,"",""
ball,2,8.5,Australia,MJ Clarke,RT Ponting,RMS Eranga,1,0,"",""
ball,2,8.6,Australia,RT Ponting,MJ Clarke,RMS Eranga,4,0,"",""
ball,2,8.7,Australia,RT Ponting,MJ Clarke,RMS Eranga,0,0,"",""
ball,2,9.1,Australia,MJ Clarke,RT Ponting,KMDN Kulasekara,4,0,"",""
ball,2,9.2,Australia,MJ Clarke,RT Ponting,KMDN Kulasekara,0,0,"",""
ball,2,9.3,Australia,MJ Clarke,RT Ponting,KMDN Kulasekara,0,0,"",""
ball,2,9.4,Australia,MJ Clarke,RT Ponting,KMDN Kulasekara,4,0,"",""
ball,2,9.5,Australia,MJ Clarke,RT Ponting,KMDN Kulasekara,0,0,"",""
ball,2,9.6,Australia,MJ Clarke,RT Ponting,KMDN Kulasekara,0,0,"",""
ball,2,10.1,Australia,RT Ponting,MJ Clarke,RMS Eranga,1,0,"",""
ball,2,10.2,Australia,MJ Clarke,RT Ponting,RMS Eranga,0,0,"",""
ball,2,10.3,Australia,MJ Clarke,RT Ponting,RMS Eranga,0,0,"",""
ball,2,10.4,Australia,MJ Clarke,RT Ponting,RMS Eranga,0,0,"",""
ball,2,10.5,Australia,MJ Clarke,RT Ponting,RMS Eranga,0,0,"",""
ball,2,10.6,Australia,MJ Clarke,RT Ponting,RMS Eranga,2,0,"",""
ball,2,11.1,Australia,RT Ponting,MJ Clarke,KMDN Kulasekara,0,0,"",""
ball,2,11.2,Australia,RT Ponting,MJ Clarke,KMDN Kulasekara,0,0,"",""
ball,2,11.3,Australia,RT Ponting,MJ Clarke,KMDN Kulasekara,4,0,"",""
ball,2,11.4,Australia,RT Ponting,MJ Clarke,KMDN Kulasekara,0,0,"",""
ball,2,11.5,Australia,RT Ponting,MJ Clarke,KMDN Kulasekara,2,0,"",""
ball,2,11.6,Australia,RT Ponting,MJ Clarke,KMDN Kulasekara,0,0,"",""
ball,2,12.1,Australia,MJ Clarke,RT Ponting,RMS Eranga,0,0,"",""
ball,2,12.2,Australia,MJ Clarke,RT Ponting,RMS Eranga,1,0,"",""
ball,2,12.3,Australia,RT Ponting,MJ Clarke,RMS Eranga,0,1,"",""
ball,2,12.4,Australia,RT Ponting,MJ Clarke,RMS Eranga,0,0,caught and bowled,RT Ponting
ball,2,12.5,Australia,MEK Hussey,MJ Clarke,RMS Eranga,0,0,"",""
ball,2,12.6,Australia,MEK Hussey,MJ Clarke,RMS Eranga,0,0,"",""
ball,2,12.7,Australia,MEK Hussey,MJ Clarke,RMS Eranga,0,0,"",""
ball,2,13.1,Australia,MJ Clarke,MEK Hussey,KMDN Kulasekara,0,0,"",""
ball,2,13.2,Australia,MJ Clarke,MEK Hussey,KMDN Kulasekara,1,0,"",""
ball,2,13.3,Australia,MEK Hussey,MJ Clarke,KMDN Kulasekara,1,0,"",""
ball,2,13.4,Australia,MJ Clarke,MEK Hussey,KMDN Kulasekara,1,0,"",""
ball,2,13.5,Australia,MEK Hussey,MJ Clarke,KMDN Kulasekara,0,0,"",""
ball,2,13.6,Australia,MEK Hussey,MJ Clarke,KMDN Kulasekara,0,0,"",""
ball,2,14.1,Australia,MJ Clarke,MEK Hussey,RMS Eranga,1,0,"",""
ball,2,14.2,Australia,MEK Hussey,MJ Clarke,RMS Eranga,4,0,"",""
ball,2,14.3,Australia,MEK Hussey,MJ Clarke,RMS Eranga,0,1,"",""
ball,2,14.4,Australia,MEK Hussey,MJ Clarke,RMS Eranga,1,0,"",""
ball,2,14.5,Australia,MJ Clarke,MEK Hussey,RMS Eranga,0,0,"",""
ball,2,14.6,Australia,MJ Clarke,MEK Hussey,RMS Eranga,2,0,"",""
ball,2,14.7,Australia,MJ Clarke,MEK Hussey,RMS Eranga,4,0,"",""
ball,2,15.1,Australia,MEK Hussey,MJ Clarke,KMDN Kulasekara,4,0,"",""
ball,2,15.2,Australia,MEK Hussey,MJ Clarke,KMDN Kulasekara,0,0,"",""
ball,2,15.3,Australia,MEK Hussey,MJ Clarke,KMDN Kulasekara,0,0,"",""
ball,2,15.4,Australia,MEK Hussey,MJ Clarke,KMDN Kulasekara,0,0,"",""
ball,2,15.5,Australia,MEK Hussey,MJ Clarke,KMDN Kulasekara,0,0,"",""
ball,2,15.6,Australia,MEK Hussey,MJ Clarke,KMDN Kulasekara,0,0,"",""
ball,2,16.1,Australia,MJ Clarke,MEK Hussey,TM Dilshan,1,0,"",""
ball,2,16.2,Australia,MEK Hussey,MJ Clarke,TM Dilshan,0,0,"",""
ball,2,16.3,Australia,MEK Hussey,MJ Clarke,TM Dilshan,1,0,"",""
ball,2,16.4,Australia,MJ Clarke,MEK Hussey,TM Dilshan,1,0,"",""
ball,2,16.5,Australia,MEK Hussey,MJ Clarke,TM Dilshan,0,0,"",""
ball,2,16.6,Australia,MEK Hussey,MJ Clarke,TM Dilshan,0,0,"",""
ball,2,17.1,Australia,MJ Clarke,MEK Hussey,BMAJ Mendis,1,0,"",""
ball,2,17.2,Australia,MEK Hussey,MJ Clarke,BMAJ Mendis,1,0,"",""
ball,2,17.3,Australia,MJ Clarke,MEK Hussey,BMAJ Mendis,0,0,"",""
ball,2,17.4,Australia,MJ Clarke,MEK Hussey,BMAJ Mendis,1,0,"",""
ball,2,17.5,Australia,MEK Hussey,MJ Clarke,BMAJ Mendis,1,0,"",""
ball,2,17.6,Australia,MJ Clarke,MEK Hussey,BMAJ Mendis,1,0,"",""
ball,2,18.1,Australia,MJ Clarke,MEK Hussey,TM Dilshan,1,0,"",""
ball,2,18.2,Australia,MEK Hussey,MJ Clarke,TM Dilshan,1,0,"",""
ball,2,18.3,Australia,MJ Clarke,MEK Hussey,TM Dilshan,0,0,"",""
ball,2,18.4,Australia,MJ Clarke,MEK Hussey,TM Dilshan,0,0,"",""
ball,2,18.5,Australia,MJ Clarke,MEK Hussey,TM Dilshan,0,0,"",""
ball,2,18.6,Australia,MJ Clarke,MEK Hussey,TM Dilshan,0,0,"",""
ball,2,19.1,Australia,MEK Hussey,MJ Clarke,BAW Mendis,4,0,"",""
ball,2,19.2,Australia,MEK Hussey,MJ Clarke,BAW Mendis,1,0,"",""
ball,2,19.3,Australia,MJ Clarke,MEK Hussey,BAW Mendis,1,0,"",""
ball,2,19.4,Australia,MEK Hussey,MJ Clarke,BAW Mendis,0,0,"",""
ball,2,19.5,Australia,MEK Hussey,MJ Clarke,BAW Mendis,1,0,"",""
ball,2,19.6,Australia,MJ Clarke,MEK Hussey,BAW Mendis,1,0,"",""
ball,2,20.1,Australia,MJ Clarke,MEK Hussey,TM Dilshan,1,0,"",""
ball,2,20.2,Australia,MEK Hussey,MJ Clarke,TM Dilshan,1,0,"",""
ball,2,20.3,Australia,MJ Clarke,MEK Hussey,TM Dilshan,1,0,"",""
ball,2,20.4,Australia,MEK Hussey,MJ Clarke,TM Dilshan,1,0,"",""
ball,2,20.5,Australia,MJ Clarke,MEK Hussey,TM Dilshan,0,0,"",""
ball,2,20.6,Australia,MJ Clarke,MEK Hussey,TM Dilshan,2,0,"",""
ball,2,21.1,Australia,MEK Hussey,MJ Clarke,BAW Mendis,2,0,"",""
ball,2,21.2,Australia,MEK Hussey,MJ Clarke,BAW Mendis,0,0,"",""
ball,2,21.3,Australia,MEK Hussey,MJ Clarke,BAW Mendis,1,0,"",""
ball,2,21.4,Australia,MJ Clarke,MEK Hussey,BAW Mendis,2,0,"",""
ball,2,21.5,Australia,MJ Clarke,MEK Hussey,BAW Mendis,0,0,"",""
ball,2,21.6,Australia,MJ Clarke,MEK Hussey,BAW Mendis,1,0,"",""
ball,2,22.1,Australia,MJ Clarke,MEK Hussey,TM Dilshan,0,0,"",""
ball,2,22.2,Australia,MJ Clarke,MEK Hussey,TM Dilshan,1,0,"",""
ball,2,22.3,Australia,MEK Hussey,MJ Clarke,TM Dilshan,0,0,"",""
ball,2,22.4,Australia,MEK Hussey,MJ Clarke,TM Dilshan,1,0,"",""
ball,2,22.5,Australia,MJ Clarke,MEK Hussey,TM Dilshan,0,0,"",""
ball,2,22.6,Australia,MJ Clarke,MEK Hussey,TM Dilshan,1,0,"",""
ball,2,23.1,Australia,MJ Clarke,MEK Hussey,BAW Mendis,0,0,"",""
ball,2,23.2,Australia,MJ Clarke,MEK Hussey,BAW Mendis,1,0,"",""
ball,2,23.3,Australia,MEK Hussey,MJ Clarke,BAW Mendis,1,0,"",""
ball,2,23.4,Australia,MJ Clarke,MEK Hussey,BAW Mendis,1,0,"",""
ball,2,23.5,Australia,MEK Hussey,MJ Clarke,BAW Mendis,0,0,"",""
ball,2,23.6,Australia,MEK Hussey,MJ Clarke,BAW Mendis,0,0,"",""
ball,2,24.1,Australia,MJ Clarke,MEK Hussey,TM Dilshan,1,0,"",""
ball,2,24.2,Australia,MEK Hussey,MJ Clarke,TM Dilshan,0,0,"",""
ball,2,24.3,Australia,MEK Hussey,MJ Clarke,TM Dilshan,0,0,"",""
ball,2,24.4,Australia,MEK Hussey,MJ Clarke,TM Dilshan,1,0,"",""
ball,2,24.5,Australia,MJ Clarke,MEK Hussey,TM Dilshan,1,0,"",""
ball,2,24.6,Australia,MEK Hussey,MJ Clarke,TM Dilshan,4,0,"",""
ball,2,25.1,Australia,MJ Clarke,MEK Hussey,BAW Mendis,0,0,"",""
ball,2,25.2,Australia,MJ Clarke,MEK Hussey,BAW Mendis,1,0,"",""
ball,2,25.3,Australia,MEK Hussey,MJ Clarke,BAW Mendis,2,0,"",""
ball,2,25.4,Australia,MEK Hussey,MJ Clarke,BAW Mendis,1,0,"",""
ball,2,25.5,Australia,MJ Clarke,MEK Hussey,BAW Mendis,1,0,"",""
ball,2,25.6,Australia,MEK Hussey,MJ Clarke,BAW Mendis,0,0,"",""
ball,2,26.1,Australia,MJ Clarke,MEK Hussey,TM Dilshan,1,0,"",""
ball,2,26.2,Australia,MEK Hussey,MJ Clarke,TM Dilshan,1,0,"",""
ball,2,26.3,Australia,MJ Clarke,MEK Hussey,TM Dilshan,1,0,"",""
ball,2,26.4,Australia,MEK Hussey,MJ Clarke,TM Dilshan,0,0,"",""
ball,2,26.5,Australia,MEK Hussey,MJ Clarke,TM Dilshan,0,0,"",""
ball,2,26.6,Australia,MEK Hussey,MJ Clarke,TM Dilshan,0,0,"",""
ball,2,27.1,Australia,MJ Clarke,MEK Hussey,SL Malinga,0,0,"",""
ball,2,27.2,Australia,MJ Clarke,MEK Hussey,SL Malinga,0,0,"",""
ball,2,27.3,Australia,MJ Clarke,MEK Hussey,SL Malinga,0,0,"",""
ball,2,27.4,Australia,MJ Clarke,MEK Hussey,SL Malinga,0,0,"",""
ball,2,27.5,Australia,MJ Clarke,MEK Hussey,SL Malinga,0,0,caught,MJ Clarke
ball,2,27.6,Australia,DJ Hussey,MEK Hussey,SL Malinga,0,0,"",""
ball,2,28.1,Australia,MEK Hussey,DJ Hussey,TM Dilshan,0,0,"",""
ball,2,28.2,Australia,MEK Hussey,DJ Hussey,TM Dilshan,0,0,"",""
ball,2,28.3,Australia,MEK Hussey,DJ Hussey,TM Dilshan,1,0,"",""
ball,2,28.4,Australia,DJ Hussey,MEK Hussey,TM Dilshan,0,0,"",""
ball,2,28.5,Australia,DJ Hussey,MEK Hussey,TM Dilshan,0,0,"",""
ball,2,28.6,Australia,DJ Hussey,MEK Hussey,TM Dilshan,0,0,"",""
ball,2,29.1,Australia,MEK Hussey,DJ Hussey,SL Malinga,1,0,"",""
ball,2,29.2,Australia,DJ Hussey,MEK Hussey,SL Malinga,0,0,"",""
ball,2,29.3,Australia,DJ Hussey,MEK Hussey,SL Malinga,0,0,"",""
ball,2,29.4,Australia,DJ Hussey,MEK Hussey,SL Malinga,0,1,"",""
ball,2,29.5,Australia,DJ Hussey,MEK Hussey,SL Malinga,4,0,"",""
ball,2,29.6,Australia,DJ Hussey,MEK Hussey,SL Malinga,1,0,"",""
ball,2,29.7,Australia,MEK Hussey,DJ Hussey,SL Malinga,1,0,"",""
ball,2,30.1,Australia,MEK Hussey,DJ Hussey,TM Dilshan,0,0,"",""
ball,2,30.2,Australia,MEK Hussey,DJ Hussey,TM Dilshan,1,0,"",""
ball,2,30.3,Australia,DJ Hussey,MEK Hussey,TM Dilshan,0,0,"",""
ball,2,30.4,Australia,DJ Hussey,MEK Hussey,TM Dilshan,2,0,"",""
ball,2,30.5,Australia,DJ Hussey,MEK Hussey,TM Dilshan,0,0,"",""
ball,2,30.6,Australia,DJ Hussey,MEK Hussey,TM Dilshan,0,0,"",""
ball,2,31.1,Australia,MEK Hussey,DJ Hussey,BAW Mendis,1,0,"",""
ball,2,31.2,Australia,DJ Hussey,MEK Hussey,BAW Mendis,0,0,"",""
ball,2,31.3,Australia,DJ Hussey,MEK Hussey,BAW Mendis,1,0,"",""
ball,2,31.4,Australia,MEK Hussey,DJ Hussey,BAW Mendis,1,0,"",""
ball,2,31.5,Australia,DJ Hussey,MEK Hussey,BAW Mendis,0,0,"",""
ball,2,31.6,Australia,DJ Hussey,MEK Hussey,BAW Mendis,0,0,bowled,DJ Hussey
ball,2,32.1,Australia,MEK Hussey,SPD Smith,TM Dilshan,1,0,"",""
ball,2,32.2,Australia,SPD Smith,MEK Hussey,TM Dilshan,0,0,"",""
ball,2,32.3,Australia,SPD Smith,MEK Hussey,TM Dilshan,1,0,"",""
ball,2,32.4,Australia,MEK Hussey,SPD Smith,TM Dilshan,1,0,"",""
ball,2,32.5,Australia,SPD Smith,MEK Hussey,TM Dilshan,0,0,"",""
ball,2,32.6,Australia,SPD Smith,MEK Hussey,TM Dilshan,0,0,"",""
ball,2,33.1,Australia,MEK Hussey,SPD Smith,BAW Mendis,0,0,"",""
ball,2,33.2,Australia,MEK Hussey,SPD Smith,BAW Mendis,1,0,"",""
ball,2,33.3,Australia,SPD Smith,MEK Hussey,BAW Mendis,0,0,"",""
ball,2,33.4,Australia,SPD Smith,MEK Hussey,BAW Mendis,1,0,"",""
ball,2,33.5,Australia,MEK Hussey,SPD Smith,BAW Mendis,1,0,"",""
ball,2,33.6,Australia,SPD Smith,MEK Hussey,BAW Mendis,0,0,"",""
ball,2,34.1,Australia,MEK Hussey,SPD Smith,TM Dilshan,4,0,"",""
ball,2,34.2,Australia,MEK Hussey,SPD Smith,TM Dilshan,0,0,"",""
ball,2,34.3,Australia,MEK Hussey,SPD Smith,TM Dilshan,1,0,"",""
ball,2,34.4,Australia,SPD Smith,MEK Hussey,TM Dilshan,1,0,"",""
ball,2,34.5,Australia,MEK Hussey,SPD Smith,TM Dilshan,1,0,"",""
ball,2,34.6,Australia,SPD Smith,MEK Hussey,TM Dilshan,1,0,"",""
ball,2,35.1,Australia,SPD Smith,MEK Hussey,RMS Eranga,0,0,"",""
ball,2,35.2,Australia,SPD Smith,MEK Hussey,RMS Eranga,2,0,"",""
ball,2,35.3,Australia,SPD Smith,MEK Hussey,RMS Eranga,1,0,"",""
ball,2,35.4,Australia,MEK Hussey,SPD Smith,RMS Eranga,1,0,"",""
ball,2,35.5,Australia,SPD Smith,MEK Hussey,RMS Eranga,0,0,"",""
ball,2,35.6,Australia,SPD Smith,MEK Hussey,RMS Eranga,2,0,"",""
ball,2,36.1,Australia,MEK Hussey,SPD Smith,BAW Mendis,1,0,"",""
ball,2,36.2,Australia,SPD Smith,MEK Hussey,BAW Mendis,2,0,"",""
ball,2,36.3,Australia,SPD Smith,MEK Hussey,BAW Mendis,0,3,"",""
ball,2,36.4,Australia,MEK Hussey,SPD Smith,BAW Mendis,1,0,"",""
ball,2,36.5,Australia,SPD Smith,MEK Hussey,BAW Mendis,0,0,"",""
ball,2,36.6,Australia,SPD Smith,MEK Hussey,BAW Mendis,0,0,"",""
ball,2,37.1,Australia,MEK Hussey,SPD Smith,RMS Eranga,1,0,"",""
ball,2,37.2,Australia,SPD Smith,MEK Hussey,RMS Eranga,1,0,"",""
ball,2,37.3,Australia,MEK Hussey,SPD Smith,RMS Eranga,1,0,"",""
ball,2,37.4,Australia,SPD Smith,MEK Hussey,RMS Eranga,1,0,"",""
ball,2,37.5,Australia,MEK Hussey,SPD Smith,RMS Eranga,1,0,"",""
ball,2,37.6,Australia,SPD Smith,MEK Hussey,RMS Eranga,0,0,"",""
ball,2,38.1,Australia,MEK Hussey,SPD Smith,SL Malinga,1,0,"",""
ball,2,38.2,Australia,SPD Smith,MEK Hussey,SL Malinga,1,0,"",""
ball,2,38.3,Australia,MEK Hussey,SPD Smith,SL Malinga,0,0,"",""
ball,2,38.4,Australia,MEK Hussey,SPD Smith,SL Malinga,0,2,"",""
ball,2,38.5,Australia,SPD Smith,MEK Hussey,SL Malinga,0,0,"",""
ball,2,38.6,Australia,SPD Smith,MEK Hussey,SL Malinga,0,1,"",""
ball,2,38.7,Australia,MEK Hussey,SPD Smith,SL Malinga,2,0,"",""
ball,2,39.1,Australia,SPD Smith,MEK Hussey,KMDN Kulasekara,2,0,"",""
ball,2,39.2,Australia,SPD Smith,MEK Hussey,KMDN Kulasekara,1,0,"",""
ball,2,39.3,Australia,MEK Hussey,SPD Smith,KMDN Kulasekara,1,0,"",""
ball,2,39.4,Australia,SPD Smith,MEK Hussey,KMDN Kulasekara,1,0,"",""
ball,2,39.5,Australia,MEK Hussey,SPD Smith,KMDN Kulasekara,1,0,"",""
ball,2,39.6,Australia,SPD Smith,MEK Hussey,KMDN Kulasekara,0,0,run out,SPD Smith
ball,2,40.1,Australia,MEK Hussey,MG Johnson,SL Malinga,0,0,caught,MEK Hussey
ball,2,40.2,Australia,B Lee,MG Johnson,SL Malinga,4,0,"",""
ball,2,40.3,Australia,B Lee,MG Johnson,SL Malinga,0,0,"",""
ball,2,40.4,Australia,B Lee,MG Johnson,SL Malinga,0,0,"",""
ball,2,40.5,Australia,B Lee,MG Johnson,SL Malinga,1,0,"",""
ball,2,40.6,Australia,MG Johnson,B Lee,SL Malinga,1,0,"",""
ball,2,41.1,Australia,MG Johnson,B Lee,KMDN Kulasekara,0,0,caught,MG Johnson
ball,2,41.2,Australia,XJ Doherty,B Lee,KMDN Kulasekara,0,0,"",""
ball,2,41.3,Australia,XJ Doherty,B Lee,KMDN Kulasekara,1,0,"",""
ball,2,41.4,Australia,B Lee,XJ Doherty,KMDN Kulasekara,6,0,"",""
ball,2,41.5,Australia,B Lee,XJ Doherty,KMDN Kulasekara,1,0,"",""
ball,2,41.6,Australia,XJ Doherty,B Lee,KMDN Kulasekara,1,0,"",""
ball,2,42.1,Australia,XJ Doherty,B Lee,SL Malinga,0,0,"",""
ball,2,42.2,Australia,XJ Doherty,B Lee,SL Malinga,0,0,"",""
ball,2,42.3,Australia,XJ Doherty,B Lee,SL Malinga,0,0,bowled,XJ Doherty
ball,2,42.4,Australia,DE Bollinger,B Lee,SL Malinga,0,0,"",""
ball,2,42.5,Australia,DE Bollinger,B Lee,SL Malinga,0,0,"",""
ball,2,42.6,Australia,DE Bollinger,B Lee,SL Malinga,0,0,"",""
ball,2,43.1,Australia,B Lee,DE Bollinger,BAW Mendis,1,0,"",""
ball,2,43.2,Australia,DE Bollinger,B Lee,BAW Mendis,0,0,"",""
ball,2,43.3,Australia,DE Bollinger,B Lee,BAW Mendis,1,0,"",""
ball,2,43.4,Australia,B Lee,DE Bollinger,BAW Mendis,1,0,"",""
ball,2,43.5,Australia,DE Bollinger,B Lee,BAW Mendis,2,0,"",""
ball,2,43.6,Australia,DE Bollinger,B Lee,BAW Mendis,1,0,"",""
ball,2,44.1,Australia,DE Bollinger,B Lee,SL Malinga,0,4,"",""
ball,2,44.2,Australia,DE Bollinger,B Lee,SL Malinga,0,0,bowled,DE Bollinger
