version,1.3.0
info,team,Australia
info,team,India
info,gender,male
info,season,2011/12
info,date,2012/02/12
info,competition,Commonwealth Bank Series
info,match_number,4
info,venue,Adelaide Oval
info,city,
info,toss_winner,Australia
info,toss_decision,bat
info,player_of_match,G Gambhir
info,umpire,NJ Llong
info,umpire,PR Reiffel
info,tv_umpire,BNJ Oxenford
info,match_referee,AJ Pycroft
info,winner,India
info,winner_wickets,4
ball,1,0.1,Australia,DA Warner,RT Ponting,Z Khan,2,0,"",""
ball,1,0.2,Australia,DA Warner,RT Ponting,Z Khan,0,0,"",""
ball,1,0.3,Australia,DA Warner,RT Ponting,Z Khan,1,0,"",""
ball,1,0.4,Australia,RT Ponting,DA Warner,Z Khan,0,0,"",""
ball,1,0.5,Australia,RT Ponting,DA Warner,Z Khan,0,0,"",""
ball,1,0.6,Australia,RT Ponting,DA Warner,Z Khan,1,0,"",""
ball,1,1.1,Australia,RT Ponting,DA Warner,R Vinay Kumar,0,0,"",""
ball,1,1.2,Australia,RT Ponting,DA Warner,R Vinay Kumar,0,1,"",""
ball,1,1.3,Australia,DA Warner,RT Ponting,R Vinay Kumar,3,0,"",""
ball,1,1.4,Australia,RT Ponting,DA Warner,R Vinay Kumar,0,0,"",""
ball,1,1.5,Australia,RT Ponting,DA Warner,R Vinay Kumar,0,0,"",""
ball,1,1.6,Australia,RT Ponting,DA Warner,R Vinay Kumar,4,0,"",""
ball,1,2.1,Australia,DA Warner,RT Ponting,Z Khan,1,0,"",""
ball,1,2.2,Australia,RT Ponting,DA Warner,Z Khan,0,0,"",""
ball,1,2.3,Australia,RT Ponting,DA Warner,Z Khan,0,0,"",""
ball,1,2.4,Australia,RT Ponting,DA Warner,Z Khan,0,0,"",""
ball,1,2.5,Australia,RT Ponting,DA Warner,Z Khan,0,0,"",""
ball,1,2.6,Australia,RT Ponting,DA Warner,Z Khan,1,0,"",""
ball,1,3.1,Australia,RT Ponting,DA Warner,R Vinay Kumar,0,0,caught,RT Ponting
ball,1,3.2,Australia,MJ Clarke,DA Warner,R Vinay Kumar,0,0,"",""
ball,1,3.3,Australia,MJ Clarke,DA Warner,R Vinay Kumar,0,0,"",""
ball,1,3.4,Australia,MJ Clarke,DA Warner,R Vinay Kumar,1,0,"",""
ball,1,3.5,Australia,DA Warner,MJ Clarke,R Vinay Kumar,0,1,"",""
ball,1,3.6,Australia,DA Warner,MJ Clarke,R Vinay Kumar,0,1,"",""
ball,1,3.7,Australia,DA Warner,MJ Clarke,R Vinay Kumar,0,0,"",""
ball,1,3.8,Australia,DA Warner,MJ Clarke,R Vinay Kumar,0,0,"",""
ball,1,4.1,Australia,MJ Clarke,DA Warner,Z Khan,0,0,"",""
ball,1,4.2,Australia,MJ Clarke,DA Warner,Z Khan,0,0,"",""
ball,1,4.3,Australia,MJ Clarke,DA Warner,Z Khan,4,0,"",""
ball,1,4.4,Australia,MJ Clarke,DA Warner,Z Khan,4,0,"",""
ball,1,4.5,Australia,MJ Clarke,DA Warner,Z Khan,2,0,"",""
ball,1,4.6,Australia,MJ Clarke,DA Warner,Z Khan,0,0,"",""
ball,1,5.1,Australia,DA Warner,MJ Clarke,R Vinay Kumar,1,0,"",""
ball,1,5.2,Australia,MJ Clarke,DA Warner,R Vinay Kumar,0,0,"",""
ball,1,5.3,Australia,MJ Clarke,DA Warner,R Vinay Kumar,2,0,"",""
ball,1,5.4,Australia,MJ Clarke,DA Warner,R Vinay Kumar,4,0,"",""
ball,1,5.5,Australia,MJ Clarke,DA Warner,R Vinay Kumar,4,0,"",""
ball,1,5.6,Australia,MJ Clarke,DA Warner,R Vinay Kumar,0,0,"",""
ball,1,6.1,Australia,DA Warner,MJ Clarke,Z Khan,0,0,"",""
ball,1,6.2,Australia,DA Warner,MJ Clarke,Z Khan,0,0,"",""
ball,1,6.3,Australia,DA Warner,MJ Clarke,Z Khan,1,0,"",""
ball,1,6.4,Australia,MJ Clarke,DA Warner,Z Khan,0,0,"",""
ball,1,6.5,Australia,MJ Clarke,DA Warner,Z Khan,0,0,"",""
ball,1,6.6,Australia,MJ Clarke,DA Warner,Z Khan,4,0,"",""
ball,1,7.1,Australia,DA Warner,MJ Clarke,R Vinay Kumar,0,0,"",""
ball,1,7.2,Australia,DA Warner,MJ Clarke,R Vinay Kumar,4,0,"",""
ball,1,7.3,Australia,DA Warner,MJ Clarke,R Vinay Kumar,0,0,"",""
ball,1,7.4,Australia,DA Warner,MJ Clarke,R Vinay Kumar,4,0,"",""
ball,1,7.5,Australia,DA Warner,MJ Clarke,R Vinay Kumar,0,0,"",""
ball,1,7.6,Australia,DA Warner,MJ Clarke,R Vinay Kumar,0,0,"",""
ball,1,8.1,Australia,MJ Clarke,DA Warner,Z Khan,0,0,"",""
ball,1,8.2,Australia,MJ Clarke,DA Warner,Z Khan,0,0,"",""
ball,1,8.3,Australia,MJ Clarke,DA Warner,Z Khan,1,0,"",""
ball,1,8.4,Australia,DA Warner,MJ Clarke,Z Khan,0,0,"",""
ball,1,8.5,Australia,DA Warner,MJ Clarke,Z Khan,0,0,"",""
ball,1,8.6,Australia,DA Warner,MJ Clarke,Z Khan,1,0,"",""
ball,1,9.1,Australia,DA Warner,MJ Clarke,R Vinay Kumar,0,0,"",""
ball,1,9.2,Australia,DA Warner,MJ Clarke,R Vinay Kumar,0,0,"",""
ball,1,9.3,Australia,DA Warner,MJ Clarke,R Vinay Kumar,0,0,run out,DA Warner
ball,1,9.4,Australia,MJ Clarke,PJ Forrest,R Vinay Kumar,0,0,"",""
ball,1,9.5,Australia,MJ Clarke,PJ Forrest,R Vinay Kumar,0,0,"",""
ball,1,9.6,Australia,MJ Clarke,PJ Forrest,R Vinay Kumar,0,0,"",""
ball,1,10.1,Australia,PJ Forrest,MJ Clarke,RA Jadeja,1,0,"",""
ball,1,10.2,Australia,MJ Clarke,PJ Forrest,RA Jadeja,1,0,"",""
ball,1,10.3,Australia,PJ Forrest,MJ Clarke,RA Jadeja,0,0,"",""
ball,1,10.4,Australia,PJ Forrest,MJ Clarke,RA Jadeja,0,0,"",""
ball,1,10.5,Australia,PJ Forrest,MJ Clarke,RA Jadeja,0,0,"",""
ball,1,10.6,Australia,PJ Forrest,MJ Clarke,RA Jadeja,0,0,"",""
ball,1,11.1,Australia,MJ Clarke,PJ Forrest,UT Yadav,0,0,"",""
ball,1,11.2,Australia,MJ Clarke,PJ Forrest,UT Yadav,0,0,"",""
ball,1,11.3,Australia,MJ Clarke,PJ Forrest,UT Yadav,0,0,"",""
ball,1,11.4,Australia,MJ Clarke,PJ Forrest,UT Yadav,0,0,"",""
ball,1,11.5,Australia,MJ Clarke,PJ Forrest,UT Yadav,0,0,"",""
ball,1,11.6,Australia,MJ Clarke,PJ Forrest,UT Yadav,0,0,"",""
ball,1,12.1,Australia,PJ Forrest,MJ Clarke,RA Jadeja,0,0,"",""
ball,1,12.2,Australia,PJ Forrest,MJ Clarke,RA Jadeja,0,0,"",""
ball,1,12.3,Australia,PJ Forrest,MJ Clarke,RA Jadeja,1,0,"",""
ball,1,12.4,Australia,MJ Clarke,PJ Forrest,RA Jadeja,2,0,"",""
ball,1,12.5,Australia,MJ Clarke,PJ Forrest,RA Jadeja,0,0,"",""
ball,1,12.6,Australia,MJ Clarke,PJ Forrest,RA Jadeja,1,0,"",""
ball,1,13.1,Australia,MJ Clarke,PJ Forrest,UT Yadav,1,0,"",""
ball,1,13.2,Australia,PJ Forrest,MJ Clarke,UT Yadav,0,0,"",""
ball,1,13.3,Australia,PJ Forrest,MJ Clarke,UT Yadav,4,0,"",""
ball,1,13.4,Australia,PJ Forrest,MJ Clarke,UT Yadav,0,0,"",""
ball,1,13.5,Australia,PJ Forrest,MJ Clarke,UT Yadav,1,0,"",""
ball,1,13.6,Australia,MJ Clarke,PJ Forrest,UT Yadav,2,0,"",""
ball,1,14.1,Australia,PJ Forrest,MJ Clarke,RA Jadeja,0,0,"",""
ball,1,14.2,Australia,PJ Forrest,MJ Clarke,RA Jadeja,6,0,"",""
ball,1,14.3,Australia,PJ Forrest,MJ Clarke,RA Jadeja,1,0,"",""
ball,1,14.4,Australia,MJ Clarke,PJ Forrest,RA Jadeja,1,0,"",""
ball,1,14.5,Australia,PJ Forrest,MJ Clarke,RA Jadeja,0,0,"",""
ball,1,14.6,Australia,PJ Forrest,MJ Clarke,RA Jadeja,0,0,"",""
ball,1,15.1,Australia,MJ Clarke,PJ Forrest,UT Yadav,1,0,"",""
ball,1,15.2,Australia,PJ Forrest,MJ Clarke,UT Yadav,0,0,"",""
ball,1,15.3,Australia,PJ Forrest,MJ Clarke,UT Yadav,0,0,"",""
ball,1,15.4,Australia,PJ Forrest,MJ Clarke,UT Yadav,0,0,"",""
ball,1,15.5,Australia,PJ Forrest,MJ Clarke,UT Yadav,0,0,"",""
ball,1,15.6,Australia,PJ Forrest,MJ Clarke,UT Yadav,0,0,"",""
ball,1,16.1,Australia,MJ Clarke,PJ Forrest,R Ashwin,1,0,"",""
ball,1,16.2,Australia,PJ Forrest,MJ Clarke,R Ashwin,1,0,"",""
ball,1,16.3,Australia,MJ Clarke,PJ Forrest,R Ashwin,1,0,"",""
ball,1,16.4,Australia,PJ Forrest,MJ Clarke,R Ashwin,0,0,"",""
ball,1,16.5,Australia,PJ Forrest,MJ Clarke,R Ashwin,0,0,"",""
ball,1,16.6,Australia,PJ Forrest,MJ Clarke,R Ashwin,0,0,"",""
ball,1,17.1,Australia,MJ Clarke,PJ Forrest,UT Yadav,0,0,"",""
ball,1,17.2,Australia,MJ Clarke,PJ Forrest,UT Yadav,0,0,"",""
ball,1,17.3,Australia,MJ Clarke,PJ Forrest,UT Yadav,1,0,"",""
ball,1,17.4,Australia,PJ Forrest,MJ Clarke,UT Yadav,1,0,"",""
ball,1,17.5,Australia,MJ Clarke,PJ Forrest,UT Yadav,0,0,bowled,MJ Clarke
ball,1,17.6,Australia,DJ Hussey,PJ Forrest,UT Yadav,0,1,"",""
ball,1,17.7,Australia,DJ Hussey,PJ Forrest,UT Yadav,1,0,"",""
ball,1,18.1,Australia,DJ Hussey,PJ Forrest,R Ashwin,0,0,"",""
ball,1,18.2,Australia,DJ Hussey,PJ Forrest,R Ashwin,1,0,"",""
ball,1,18.3,Australia,PJ Forrest,DJ Hussey,R Ashwin,4,0,"",""
ball,1,18.4,Australia,PJ Forrest,DJ Hussey,R Ashwin,4,0,"",""
ball,1,18.5,Australia,PJ Forrest,DJ Hussey,R Ashwin,1,0,"",""
ball,1,18.6,Australia,DJ Hussey,PJ Forrest,R Ashwin,0,0,"",""
ball,1,19.1,Australia,PJ Forrest,DJ Hussey,UT Yadav,1,0,"",""
ball,1,19.2,Australia,DJ Hussey,PJ Forrest,UT Yadav,1,0,"",""
ball,1,19.3,Australia,PJ Forrest,DJ Hussey,UT Yadav,0,0,"",""
ball,1,19.4,Australia,PJ Forrest,DJ Hussey,UT Yadav,0,0,"",""
ball,1,19.5,Australia,PJ Forrest,DJ Hussey,UT Yadav,0,0,"",""
ball,1,19.6,Australia,PJ Forrest,DJ Hussey,UT Yadav,0,0,"",""
ball,1,20.1,Australia,DJ Hussey,PJ Forrest,RA Jadeja,0,0,"",""
ball,1,20.2,Australia,DJ Hussey,PJ Forrest,RA Jadeja,2,0,"",""
ball,1,20.3,Australia,DJ Hussey,PJ Forrest,RA Jadeja,0,0,"",""
ball,1,20.4,Australia,DJ Hussey,PJ Forrest,RA Jadeja,1,0,"",""
ball,1,20.5,Australia,PJ Forrest,DJ Hussey,RA Jadeja,4,0,"",""
ball,1,20.6,Australia,PJ Forrest,DJ Hussey,RA Jadeja,1,0,"",""
ball,1,21.1,Australia,PJ Forrest,DJ Hussey,UT Yadav,0,0,"",""
ball,1,21.2,Australia,PJ Forrest,DJ Hussey,UT Yadav,1,0,"",""
ball,1,21.3,Australia,DJ Hussey,PJ Forrest,UT Yadav,1,0,"",""
ball,1,21.4,Australia,PJ Forrest,DJ Hussey,UT Yadav,0,0,"",""
ball,1,21.5,Australia,PJ Forrest,DJ Hussey,UT Yadav,1,0,"",""
ball,1,21.6,Australia,DJ Hussey,PJ Forrest,UT Yadav,0,0,"",""
ball,1,22.1,Australia,PJ Forrest,DJ Hussey,R Ashwin,0,0,"",""
ball,1,22.2,Australia,PJ Forrest,DJ Hussey,R Ashwin,0,0,"",""
ball,1,22.3,Australia,PJ Forrest,DJ Hussey,R Ashwin,0,0,"",""
ball,1,22.4,Australia,PJ Forrest,DJ Hussey,R Ashwin,1,0,"",""
ball,1,22.5,Australia,DJ Hussey,PJ Forrest,R Ashwin,1,0,"",""
ball,1,22.6,Australia,PJ Forrest,DJ Hussey,R Ashwin,1,0,"",""
ball,1,23.1,Australia,PJ Forrest,DJ Hussey,RA Jadeja,0,0,"",""
ball,1,23.2,Australia,PJ Forrest,DJ Hussey,RA Jadeja,2,0,"",""
ball,1,23.3,Australia,PJ Forrest,DJ Hussey,RA Jadeja,1,0,"",""
ball,1,23.4,Australia,DJ Hussey,PJ Forrest,RA Jadeja,1,0,"",""
ball,1,23.5,Australia,PJ Forrest,DJ Hussey,RA Jadeja,1,0,"",""
ball,1,23.6,Australia,DJ Hussey,PJ Forrest,RA Jadeja,1,0,"",""
ball,1,24.1,Australia,DJ Hussey,PJ Forrest,R Ashwin,1,0,"",""
ball,1,24.2,Australia,PJ Forrest,DJ Hussey,R Ashwin,0,0,"",""
ball,1,24.3,Australia,PJ Forrest,DJ Hussey,R Ashwin,1,0,"",""
ball,1,24.4,Australia,DJ Hussey,PJ Forrest,R Ashwin,1,0,"",""
ball,1,24.5,Australia,PJ Forrest,DJ Hussey,R Ashwin,0,0,"",""
ball,1,24.6,Australia,PJ Forrest,DJ Hussey,R Ashwin,0,0,"",""
ball,1,25.1,Australia,DJ Hussey,PJ Forrest,RA Jadeja,0,0,"",""
ball,1,25.2,Australia,DJ Hussey,PJ Forrest,RA Jadeja,0,0,"",""
ball,1,25.3,Australia,DJ Hussey,PJ Forrest,RA Jadeja,0,0,"",""
ball,1,25.4,Australia,DJ Hussey,PJ Forrest,RA Jadeja,0,0,"",""
ball,1,25.5,Australia,DJ Hussey,PJ Forrest,RA Jadeja,0,0,"",""
ball,1,25.6,Australia,DJ Hussey,PJ Forrest,RA Jadeja,1,0,"",""
ball,1,26.1,Australia,DJ Hussey,PJ Forrest,R Ashwin,0,0,"",""
ball,1,26.2,Australia,DJ Hussey,PJ Forrest,R Ashwin,4,0,"",""
ball,1,26.3,Australia,DJ Hussey,PJ Forrest,R Ashwin,4,0,"",""
ball,1,26.4,Australia,DJ Hussey,PJ Forrest,R Ashwin,4,0,"",""
ball,1,26.5,Australia,DJ Hussey,PJ Forrest,R Ashwin,1,0,"",""
ball,1,26.6,Australia,PJ Forrest,DJ Hussey,R Ashwin,0,0,"",""
ball,1,27.1,Australia,DJ Hussey,PJ Forrest,RA Jadeja,1,0,"",""
ball,1,27.2,Australia,PJ Forrest,DJ Hussey,RA Jadeja,0,0,"",""
ball,1,27.3,Australia,PJ Forrest,DJ Hussey,RA Jadeja,1,0,"",""
ball,1,27.4,Australia,DJ Hussey,PJ Forrest,RA Jadeja,1,0,"",""
ball,1,27.5,Australia,PJ Forrest,DJ Hussey,RA Jadeja,0,0,"",""
ball,1,27.6,Australia,PJ Forrest,DJ Hussey,RA Jadeja,0,0,"",""
ball,1,28.1,Australia,DJ Hussey,PJ Forrest,R Ashwin,0,0,"",""
ball,1,28.2,Australia,DJ Hussey,PJ Forrest,R Ashwin,1,0,"",""
ball,1,28.3,Australia,PJ Forrest,DJ Hussey,R Ashwin,2,0,"",""
ball,1,28.4,Australia,PJ Forrest,DJ Hussey,R Ashwin,1,0,"",""
ball,1,28.5,Australia,DJ Hussey,PJ Forrest,R Ashwin,2,0,"",""
ball,1,28.6,Australia,DJ Hussey,PJ Forrest,R Ashwin,0,0,"",""
ball,1,29.1,Australia,PJ Forrest,DJ Hussey,RA Jadeja,0,0,"",""
ball,1,29.2,Australia,PJ Forrest,DJ Hussey,RA Jadeja,1,0,"",""
ball,1,29.3,Australia,DJ Hussey,PJ Forrest,RA Jadeja,1,0,"",""
ball,1,29.4,Australia,PJ Forrest,DJ Hussey,RA Jadeja,1,0,"",""
ball,1,29.5,Australia,DJ Hussey,PJ Forrest,RA Jadeja,0,0,"",""
ball,1,29.6,Australia,DJ Hussey,PJ Forrest,RA Jadeja,1,0,"",""
ball,1,30.1,Australia,DJ Hussey,PJ Forrest,RG Sharma,1,0,"",""
ball,1,30.2,Australia,PJ Forrest,DJ Hussey,RG Sharma,1,0,"",""
ball,1,30.3,Australia,DJ Hussey,PJ Forrest,RG Sharma,1,0,"",""
ball,1,30.4,Australia,PJ Forrest,DJ Hussey,RG Sharma,1,0,"",""
ball,1,30.5,Australia,DJ Hussey,PJ Forrest,RG Sharma,1,0,"",""
ball,1,30.6,Australia,PJ Forrest,DJ Hussey,RG Sharma,0,0,"",""
ball,1,31.1,Australia,DJ Hussey,PJ Forrest,R Vinay Kumar,1,0,"",""
ball,1,31.2,Australia,PJ Forrest,DJ Hussey,R Vinay Kumar,1,0,"",""
ball,1,31.3,Australia,DJ Hussey,PJ Forrest,R Vinay Kumar,1,0,"",""
ball,1,31.4,Australia,PJ Forrest,DJ Hussey,R Vinay Kumar,0,0,"",""
ball,1,31.5,Australia,PJ Forrest,DJ Hussey,R Vinay Kumar,0,0,"",""
ball,1,31.6,Australia,PJ Forrest,DJ Hussey,R Vinay Kumar,1,0,"",""
ball,1,32.1,Australia,PJ Forrest,DJ Hussey,RG Sharma,1,0,"",""
ball,1,32.2,Australia,DJ Hussey,PJ Forrest,RG Sharma,2,0,"",""
ball,1,32.3,Australia,DJ Hussey,PJ Forrest,RG Sharma,1,0,"",""
ball,1,32.4,Australia,PJ Forrest,DJ Hussey,RG Sharma,6,0,"",""
ball,1,32.5,Australia,PJ Forrest,DJ Hussey,RG Sharma,0,0,"",""
ball,1,32.6,Australia,PJ Forrest,DJ Hussey,RG Sharma,0,0,"",""
ball,1,33.1,Australia,DJ Hussey,PJ Forrest,R Ashwin,1,0,"",""
ball,1,33.2,Australia,PJ Forrest,DJ Hussey,R Ashwin,0,0,"",""
ball,1,33.3,Australia,PJ Forrest,DJ Hussey,R Ashwin,1,0,"",""
ball,1,33.4,Australia,DJ Hussey,PJ Forrest,R Ashwin,1,0,"",""
ball,1,33.5,Australia,PJ Forrest,DJ Hussey,R Ashwin,1,0,"",""
ball,1,33.6,Australia,DJ Hussey,PJ Forrest,R Ashwin,1,0,"",""
ball,1,34.1,Australia,DJ Hussey,PJ Forrest,Z Khan,2,0,"",""
ball,1,34.2,Australia,DJ Hussey,PJ Forrest,Z Khan,0,0,"",""
ball,1,34.3,Australia,DJ Hussey,PJ Forrest,Z Khan,0,0,"",""
ball,1,34.4,Australia,DJ Hussey,PJ Forrest,Z Khan,1,0,"",""
ball,1,34.5,Australia,PJ Forrest,DJ Hussey,Z Khan,2,0,"",""
ball,1,34.6,Australia,PJ Forrest,DJ Hussey,Z Khan,1,0,"",""
ball,1,35.1,Australia,PJ Forrest,DJ Hussey,UT Yadav,4,0,"",""
ball,1,35.2,Australia,PJ Forrest,DJ Hussey,UT Yadav,0,0,"",""
ball,1,35.3,Australia,PJ Forrest,DJ Hussey,UT Yadav,0,0,caught,PJ Forrest
ball,1,35.4,Australia,DJ Hussey,DT Christian,UT Yadav,2,0,"",""
ball,1,35.5,Australia,DJ Hussey,DT Christian,UT Yadav,0,0,"",""
ball,1,35.6,Australia,DJ Hussey,DT Christian,UT Yadav,0,0,"",""
ball,1,36.1,Australia,DT Christian,DJ Hussey,Z Khan,2,0,"",""
ball,1,36.2,Australia,DT Christian,DJ Hussey,Z Khan,0,0,"",""
ball,1,36.3,Australia,DT Christian,DJ Hussey,Z Khan,1,0,"",""
ball,1,36.4,Australia,DJ Hussey,DT Christian,Z Khan,1,0,"",""
ball,1,36.5,Australia,DT Christian,DJ Hussey,Z Khan,1,0,"",""
ball,1,36.6,Australia,DJ Hussey,DT Christian,Z Khan,1,0,"",""
ball,1,37.1,Australia,DJ Hussey,DT Christian,UT Yadav,2,0,"",""
ball,1,37.2,Australia,DJ Hussey,DT Christian,UT Yadav,1,0,"",""
ball,1,37.3,Australia,DT Christian,DJ Hussey,UT Yadav,4,0,"",""
ball,1,37.4,Australia,DT Christian,DJ Hussey,UT Yadav,0,0,"",""
ball,1,37.5,Australia,DT Christian,DJ Hussey,UT Yadav,1,0,"",""
ball,1,37.6,Australia,DJ Hussey,DT Christian,UT Yadav,4,0,"",""
ball,1,38.1,Australia,DT Christian,DJ Hussey,Z Khan,2,0,"",""
ball,1,38.2,Australia,DT Christian,DJ Hussey,Z Khan,2,0,"",""
ball,1,38.3,Australia,DT Christian,DJ Hussey,Z Khan,2,0,"",""
ball,1,38.4,Australia,DT Christian,DJ Hussey,Z Khan,0,0,"",""
ball,1,38.5,Australia,DT Christian,DJ Hussey,Z Khan,0,0,"",""
ball,1,38.6,Australia,DT Christian,DJ Hussey,Z Khan,0,0,"",""
ball,1,39.1,Australia,DJ Hussey,DT Christian,R Vinay Kumar,1,0,"",""
ball,1,39.2,Australia,DT Christian,DJ Hussey,R Vinay Kumar,1,0,"",""
ball,1,39.3,Australia,DJ Hussey,DT Christian,R Vinay Kumar,1,0,"",""
ball,1,39.4,Australia,DT Christian,DJ Hussey,R Vinay Kumar,0,0,"",""
ball,1,39.5,Australia,DT Christian,DJ Hussey,R Vinay Kumar,3,0,"",""
ball,1,39.6,Australia,DJ Hussey,DT Christian,R Vinay Kumar,1,0,"",""
ball,1,40.1,Australia,DJ Hussey,DT Christian,RA Jadeja,1,0,"",""
ball,1,40.2,Australia,DT Christian,DJ Hussey,RA Jadeja,0,0,"",""
ball,1,40.3,Australia,DT Christian,DJ Hussey,RA Jadeja,2,0,"",""
ball,1,40.4,Australia,DT Christian,DJ Hussey,RA Jadeja,0,0,"",""
ball,1,40.5,Australia,DT Christian,DJ Hussey,RA Jadeja,1,0,"",""
ball,1,40.6,Australia,DJ Hussey,DT Christian,RA Jadeja,1,0,"",""
ball,1,41.1,Australia,DJ Hussey,DT Christian,R Ashwin,0,0,"",""
ball,1,41.2,Australia,DJ Hussey,DT Christian,R Ashwin,1,0,"",""
ball,1,41.3,Australia,DT Christian,DJ Hussey,R Ashwin,2,0,"",""
ball,1,41.4,Australia,DT Christian,DJ Hussey,R Ashwin,1,0,"",""
ball,1,41.5,Australia,DJ Hussey,DT Christian,R Ashwin,0,0,"",""
ball,1,41.6,Australia,DJ Hussey,DT Christian,R Ashwin,0,0,"",""
ball,1,42.1,Australia,DT Christian,DJ Hussey,RA Jadeja,0,2,"",""
ball,1,42.2,Australia,DJ Hussey,DT Christian,RA Jadeja,1,0,"",""
ball,1,42.3,Australia,DT Christian,DJ Hussey,RA Jadeja,1,0,"",""
ball,1,42.4,Australia,DJ Hussey,DT Christian,RA Jadeja,0,0,"",""
ball,1,42.5,Australia,DJ Hussey,DT Christian,RA Jadeja,4,0,"",""
ball,1,42.6,Australia,DJ Hussey,DT Christian,RA Jadeja,1,0,"",""
ball,1,42.7,Australia,DT Christian,DJ Hussey,RA Jadeja,0,0,"",""
ball,1,43.1,Australia,DJ Hussey,DT Christian,R Vinay Kumar,1,0,"",""
ball,1,43.2,Australia,DT Christian,DJ Hussey,R Vinay Kumar,1,0,"",""
ball,1,43.3,Australia,DJ Hussey,DT Christian,R Vinay Kumar,0,0,"",""
ball,1,43.4,Australia,DJ Hussey,DT Christian,R Vinay Kumar,1,0,"",""
ball,1,43.5,Australia,DT Christian,DJ Hussey,R Vinay Kumar,1,0,"",""
ball,1,43.6,Australia,DJ Hussey,DT Christian,R Vinay Kumar,0,0,"",""
ball,1,44.1,Australia,DT Christian,DJ Hussey,Z Khan,1,0,"",""
ball,1,44.2,Australia,DJ Hussey,DT Christian,Z Khan,0,0,caught,DJ Hussey
ball,1,44.3,Australia,MS Wade,DT Christian,Z Khan,0,0,"",""
ball,1,44.4,Australia,MS Wade,DT Christian,Z Khan,0,0,"",""
ball,1,44.5,Australia,MS Wade,DT Christian,Z Khan,0,0,"",""
ball,1,44.6,Australia,MS Wade,DT Christian,Z Khan,1,0,"",""
ball,1,45.1,Australia,MS Wade,DT Christian,UT Yadav,4,0,"",""
ball,1,45.2,Australia,MS Wade,DT Christian,UT Yadav,0,0,"",""
ball,1,45.3,Australia,MS Wade,DT Christian,UT Yadav,0,1,"",""
ball,1,45.4,Australia,DT Christian,MS Wade,UT Yadav,4,0,"",""
ball,1,45.5,Australia,DT Christian,MS Wade,UT Yadav,0,0,"",""
ball,1,45.6,Australia,DT Christian,MS Wade,UT Yadav,0,0,"",""
ball,1,46.1,Australia,MS Wade,DT Christian,Z Khan,0,0,"",""
ball,1,46.2,Australia,MS Wade,DT Christian,Z Khan,1,0,"",""
ball,1,46.3,Australia,DT Christian,MS Wade,Z Khan,0,0,"",""
ball,1,46.4,Australia,DT Christian,MS Wade,Z Khan,2,0,"",""
ball,1,46.5,Australia,DT Christian,MS Wade,Z Khan,0,0,"",""
ball,1,46.6,Australia,DT Christian,MS Wade,Z Khan,0,0,"",""
ball,1,47.1,Australia,MS Wade,DT Christian,R Vinay Kumar,1,0,"",""
ball,1,47.2,Australia,DT Christian,MS Wade,R Vinay Kumar,3,0,"",""
ball,1,47.3,Australia,MS Wade,DT Christian,R Vinay Kumar,1,0,"",""
ball,1,47.4,Australia,DT Christian,MS Wade,R Vinay Kumar,1,0,run out,DT Christian
ball,1,47.5,Australia,RJ Harris,MS Wade,R Vinay Kumar,1,0,"",""
ball,1,47.6,Australia,MS Wade,RJ Harris,R Vinay Kumar,1,0,"",""
ball,1,48.1,Australia,MS Wade,RJ Harris,UT Yadav,0,0,"",""
ball,1,48.2,Australia,MS Wade,RJ Harris,UT Yadav,1,0,"",""
ball,1,48.3,Australia,RJ Harris,MS Wade,UT Yadav,0,1,"",""
ball,1,48.4,Australia,MS Wade,RJ Harris,UT Yadav,1,0,"",""
ball,1,48.5,Australia,RJ Harris,MS Wade,UT Yadav,0,1,"",""
ball,1,48.6,Australia,MS Wade,RJ Harris,UT Yadav,3,0,"",""
ball,1,49.1,Australia,MS Wade,RJ Harris,R Vinay Kumar,2,0,"",""
ball,1,49.2,Australia,MS Wade,RJ Harris,R Vinay Kumar,0,0,bowled,MS Wade
ball,1,49.3,Australia,CJ McKay,RJ Harris,R Vinay Kumar,1,0,"",""
ball,1,49.4,Australia,RJ Harris,CJ McKay,R Vinay Kumar,1,0,"",""
ball,1,49.5,Australia,CJ McKay,RJ Harris,R Vinay Kumar,2,0,"",""
ball,1,49.6,Australia,CJ McKay,RJ Harris,R Vinay Kumar,0,0,run out,CJ McKay
ball,2,0.1,India,G Gambhir,V Sehwag,RJ Harris,0,0,"",""
ball,2,0.2,India,G Gambhir,V Sehwag,RJ Harris,0,0,"",""
ball,2,0.3,India,G Gambhir,V Sehwag,RJ Harris,0,0,"",""
ball,2,0.4,India,G Gambhir,V Sehwag,RJ Harris,0,0,"",""
ball,2,0.5,India,G Gambhir,V Sehwag,RJ Harris,0,0,"",""
ball,2,0.6,India,G Gambhir,V Sehwag,RJ Harris,1,0,"",""
ball,2,1.1,India,G Gambhir,V Sehwag,MA Starc,0,0,"",""
ball,2,1.2,India,G Gambhir,V Sehwag,MA Starc,0,0,"",""
ball,2,1.3,India,G Gambhir,V Sehwag,MA Starc,0,0,"",""
ball,2,1.4,India,G Gambhir,V Sehwag,MA Starc,1,0,"",""
ball,2,1.5,India,V Sehwag,G Gambhir,MA Starc,1,0,"",""
ball,2,1.6,India,G Gambhir,V Sehwag,MA Starc,4,0,"",""
ball,2,2.1,India,V Sehwag,G Gambhir,RJ Harris,4,0,"",""
ball,2,2.2,India,V Sehwag,G Gambhir,RJ Harris,0,1,"",""
ball,2,2.3,India,V Sehwag,G Gambhir,RJ Harris,4,0,"",""
ball,2,2.4,India,V Sehwag,G Gambhir,RJ Harris,0,0,"",""
ball,2,2.5,India,V Sehwag,G Gambhir,RJ Harris,0,1,"",""
ball,2,2.6,India,G Gambhir,V Sehwag,RJ Harris,1,0,"",""
ball,2,2.7,India,V Sehwag,G Gambhir,RJ Harris,2,0,"",""
ball,2,3.1,India,G Gambhir,V Sehwag,MA Starc,0,0,"",""
ball,2,3.2,India,G Gambhir,V Sehwag,MA Starc,0,0,"",""
ball,2,3.3,India,G Gambhir,V Sehwag,MA Starc,0,0,"",""
ball,2,3.4,India,G Gambhir,V Sehwag,MA Starc,4,0,"",""
ball,2,3.5,India,G Gambhir,V Sehwag,MA Starc,0,0,"",""
ball,2,3.6,India,G Gambhir,V Sehwag,MA Starc,0,0,"",""
ball,2,4.1,India,V Sehwag,G Gambhir,RJ Harris,0,0,"",""
ball,2,4.2,India,V Sehwag,G Gambhir,RJ Harris,1,0,"",""
ball,2,4.3,India,G Gambhir,V Sehwag,RJ Harris,0,0,"",""
ball,2,4.4,India,G Gambhir,V Sehwag,RJ Harris,0,1,"",""
ball,2,4.5,India,V Sehwag,G Gambhir,RJ Harris,0,0,"",""
ball,2,4.6,India,V Sehwag,G Gambhir,RJ Harris,0,0,"",""
ball,2,5.1,India,G Gambhir,V Sehwag,MA Starc,4,0,"",""
ball,2,5.2,India,G Gambhir,V Sehwag,MA Starc,1,0,"",""
ball,2,5.3,India,V Sehwag,G Gambhir,MA Starc,0,0,"",""
ball,2,5.4,India,V Sehwag,G Gambhir,MA Starc,0,0,"",""
ball,2,5.5,India,V Sehwag,G Gambhir,MA Starc,2,0,"",""
ball,2,5.6,India,V Sehwag,G Gambhir,MA Starc,0,0,"",""
ball,2,6.1,India,G Gambhir,V Sehwag,RJ Harris,0,0,"",""
ball,2,6.2,India,G Gambhir,V Sehwag,RJ Harris,2,0,"",""
ball,2,6.3,India,G Gambhir,V Sehwag,RJ Harris,0,0,"",""
ball,2,6.4,India,G Gambhir,V Sehwag,RJ Harris,0,0,"",""
ball,2,6.5,India,G Gambhir,V Sehwag,RJ Harris,1,0,"",""
ball,2,6.6,India,V Sehwag,G Gambhir,RJ Harris,1,0,"",""
ball,2,7.1,India,V Sehwag,G Gambhir,MA Starc,0,0,"",""
ball,2,7.2,India,V Sehwag,G Gambhir,MA Starc,1,0,"",""
ball,2,7.3,India,G Gambhir,V Sehwag,MA Starc,0,1,"",""
ball,2,7.4,India,G Gambhir,V Sehwag,MA Starc,1,0,"",""
ball,2,7.5,India,V Sehwag,G Gambhir,MA Starc,0,0,"",""
ball,2,7.6,India,V Sehwag,G Gambhir,MA Starc,0,0,"",""
ball,2,7.7,India,V Sehwag,G Gambhir,MA Starc,4,0,"",""
ball,2,8.1,India,G Gambhir,V Sehwag,RJ Harris,0,0,"",""
ball,2,8.2,India,G Gambhir,V Sehwag,RJ Harris,0,0,"",""
ball,2,8.3,India,G Gambhir,V Sehwag,RJ Harris,4,0,"",""
ball,2,8.4,India,G Gambhir,V Sehwag,RJ Harris,0,0,"",""
ball,2,8.5,India,G Gambhir,V Sehwag,RJ Harris,4,0,"",""
ball,2,8.6,India,G Gambhir,V Sehwag,RJ Harris,0,0,"",""
ball,2,9.1,India,V Sehwag,G Gambhir,CJ McKay,0,0,caught,V Sehwag
ball,2,9.2,India,V Kohli,G Gambhir,CJ McKay,0,0,"",""
ball,2,9.3,India,V Kohli,G Gambhir,CJ McKay,0,0,"",""
ball,2,9.4,India,V Kohli,G Gambhir,CJ McKay,0,0,"",""
ball,2,9.5,India,V Kohli,G Gambhir,CJ McKay,0,0,"",""
ball,2,9.6,India,V Kohli,G Gambhir,CJ McKay,0,0,"",""
ball,2,10.1,India,G Gambhir,V Kohli,RJ Harris,0,0,"",""
ball,2,10.2,India,G Gambhir,V Kohli,RJ Harris,0,0,"",""
ball,2,10.3,India,G Gambhir,V Kohli,RJ Harris,1,0,"",""
ball,2,10.4,India,V Kohli,G Gambhir,RJ Harris,1,0,"",""
ball,2,10.5,India,G Gambhir,V Kohli,RJ Harris,3,0,"",""
ball,2,10.6,India,V Kohli,G Gambhir,RJ Harris,0,0,"",""
ball,2,11.1,India,G Gambhir,V Kohli,CJ McKay,1,0,"",""
ball,2,11.2,India,V Kohli,G Gambhir,CJ McKay,0,0,"",""
ball,2,11.3,India,V Kohli,G Gambhir,CJ McKay,0,0,"",""
ball,2,11.4,India,V Kohli,G Gambhir,CJ McKay,1,0,"",""
ball,2,11.5,India,G Gambhir,V Kohli,CJ McKay,0,0,"",""
ball,2,11.6,India,G Gambhir,V Kohli,CJ McKay,0,0,"",""
ball,2,12.1,India,V Kohli,G Gambhir,MA Starc,0,0,"",""
ball,2,12.2,India,V Kohli,G Gambhir,MA Starc,0,0,"",""
ball,2,12.3,India,V Kohli,G Gambhir,MA Starc,1,0,"",""
ball,2,12.4,India,G Gambhir,V Kohli,MA Starc,1,0,"",""
ball,2,12.5,India,V Kohli,G Gambhir,MA Starc,0,0,"",""
ball,2,12.6,India,V Kohli,G Gambhir,MA Starc,0,0,"",""
ball,2,13.1,India,G Gambhir,V Kohli,DT Christian,1,0,"",""
ball,2,13.2,India,V Kohli,G Gambhir,DT Christian,0,0,"",""
ball,2,13.3,India,V Kohli,G Gambhir,DT Christian,0,0,"",""
ball,2,13.4,India,V Kohli,G Gambhir,DT Christian,1,0,"",""
ball,2,13.5,India,G Gambhir,V Kohli,DT Christian,1,0,"",""
ball,2,13.6,India,V Kohli,G Gambhir,DT Christian,1,0,"",""
ball,2,14.1,India,V Kohli,G Gambhir,MA Starc,1,0,"",""
ball,2,14.2,India,G Gambhir,V Kohli,MA Starc,1,0,"",""
ball,2,14.3,India,V Kohli,G Gambhir,MA Starc,3,0,"",""
ball,2,14.4,India,G Gambhir,V Kohli,MA Starc,1,0,"",""
ball,2,14.5,India,V Kohli,G Gambhir,MA Starc,1,0,"",""
ball,2,14.6,India,G Gambhir,V Kohli,MA Starc,2,0,"",""
ball,2,15.1,India,V Kohli,G Gambhir,DT Christian,1,0,"",""
ball,2,15.2,India,G Gambhir,V Kohli,DT Christian,0,0,"",""
ball,2,15.3,India,G Gambhir,V Kohli,DT Christian,0,0,"",""
ball,2,15.4,India,G Gambhir,V Kohli,DT Christian,2,0,"",""
ball,2,15.5,India,G Gambhir,V Kohli,DT Christian,0,0,"",""
ball,2,15.6,India,G Gambhir,V Kohli,DT Christian,1,0,"",""
ball,2,16.1,India,G Gambhir,V Kohli,CJ McKay,0,0,"",""
ball,2,16.2,India,G Gambhir,V Kohli,CJ McKay,0,0,"",""
ball,2,16.3,India,G Gambhir,V Kohli,CJ McKay,0,0,"",""
ball,2,16.4,India,G Gambhir,V Kohli,CJ McKay,0,1,"",""
ball,2,16.5,India,G Gambhir,V Kohli,CJ McKay,1,0,"",""
ball,2,16.6,India,V Kohli,G Gambhir,CJ McKay,1,0,"",""
ball,2,16.7,India,G Gambhir,V Kohli,CJ McKay,1,0,"",""
ball,2,17.1,India,G Gambhir,V Kohli,DT Christian,0,0,"",""
ball,2,17.2,India,G Gambhir,V Kohli,DT Christian,1,0,"",""
ball,2,17.3,India,V Kohli,G Gambhir,DT Christian,1,0,"",""
ball,2,17.4,India,G Gambhir,V Kohli,DT Christian,1,0,"",""
ball,2,17.5,India,V Kohli,G Gambhir,DT Christian,4,0,"",""
ball,2,17.6,India,V Kohli,G Gambhir,DT Christian,1,0,"",""
ball,2,18.1,India,V Kohli,G Gambhir,CJ McKay,0,0,caught,V Kohli
ball,2,18.2,India,G Gambhir,RG Sharma,CJ McKay,1,0,"",""
ball,2,18.3,India,RG Sharma,G Gambhir,CJ McKay,1,0,"",""
ball,2,18.4,India,G Gambhir,RG Sharma,CJ McKay,0,0,"",""
ball,2,18.5,India,G Gambhir,RG Sharma,CJ McKay,4,0,"",""
ball,2,18.6,India,G Gambhir,RG Sharma,CJ McKay,0,0,"",""
ball,2,19.1,India,RG Sharma,G Gambhir,DT Christian,0,0,"",""
ball,2,19.2,India,RG Sharma,G Gambhir,DT Christian,0,0,"",""
ball,2,19.3,India,RG Sharma,G Gambhir,DT Christian,1,0,"",""
ball,2,19.4,India,G Gambhir,RG Sharma,DT Christian,1,0,"",""
ball,2,19.5,India,RG Sharma,G Gambhir,DT Christian,0,0,"",""
ball,2,19.6,India,RG Sharma,G Gambhir,DT Christian,1,0,"",""
ball,2,20.1,India,RG Sharma,G Gambhir,DJ Hussey,1,0,"",""
ball,2,20.2,India,G Gambhir,RG Sharma,DJ Hussey,1,0,"",""
ball,2,20.3,India,RG Sharma,G Gambhir,DJ Hussey,0,0,"",""
ball,2,20.4,India,RG Sharma,G Gambhir,DJ Hussey,1,0,"",""
ball,2,20.5,India,G Gambhir,RG Sharma,DJ Hussey,1,0,"",""
ball,2,20.6,India,RG Sharma,G Gambhir,DJ Hussey,0,0,"",""
ball,2,21.1,India,G Gambhir,RG Sharma,XJ Doherty,2,0,"",""
ball,2,21.2,India,G Gambhir,RG Sharma,XJ Doherty,0,0,"",""
ball,2,21.3,India,G Gambhir,RG Sharma,XJ Doherty,0,0,"",""
ball,2,21.4,India,G Gambhir,RG Sharma,XJ Doherty,0,4,"",""
ball,2,21.5,India,RG Sharma,G Gambhir,XJ Doherty,0,0,"",""
ball,2,21.6,India,RG Sharma,G Gambhir,XJ Doherty,1,0,"",""
ball,2,21.7,India,G Gambhir,RG Sharma,XJ Doherty,1,0,"",""
ball,2,22.1,India,G Gambhir,RG Sharma,DJ Hussey,1,0,"",""
ball,2,22.2,India,RG Sharma,G Gambhir,DJ Hussey,1,0,"",""
ball,2,22.3,India,G Gambhir,RG Sharma,DJ Hussey,1,0,"",""
ball,2,22.4,India,RG Sharma,G Gambhir,DJ Hussey,0,0,"",""
ball,2,22.5,India,RG Sharma,G Gambhir,DJ Hussey,1,0,"",""
ball,2,22.6,India,G Gambhir,RG Sharma,DJ Hussey,1,0,"",""
ball,2,23.1,India,G Gambhir,RG Sharma,XJ Doherty,0,0,"",""
ball,2,23.2,India,G Gambhir,RG Sharma,XJ Doherty,1,0,"",""
ball,2,23.3,India,RG Sharma,G Gambhir,XJ Doherty,1,0,"",""
ball,2,23.4,India,G Gambhir,RG Sharma,XJ Doherty,1,0,"",""
ball,2,23.5,India,RG Sharma,G Gambhir,XJ Doherty,1,0,"",""
ball,2,23.6,India,G Gambhir,RG Sharma,XJ Doherty,1,0,"",""
ball,2,24.1,India,G Gambhir,RG Sharma,DJ Hussey,1,0,"",""
ball,2,24.2,India,RG Sharma,G Gambhir,DJ Hussey,1,0,"",""
ball,2,24.3,India,G Gambhir,RG Sharma,DJ Hussey,1,0,"",""
ball,2,24.4,India,RG Sharma,G Gambhir,DJ Hussey,0,0,"",""
ball,2,24.5,India,RG Sharma,G Gambhir,DJ Hussey,0,0,"",""
ball,2,24.6,India,RG Sharma,G Gambhir,DJ Hussey,1,0,"",""
ball,2,25.1,India,RG Sharma,G Gambhir,XJ Doherty,1,0,"",""
ball,2,25.2,India,G Gambhir,RG Sharma,XJ Doherty,0,0,"",""
ball,2,25.3,India,G Gambhir,RG Sharma,XJ Doherty,1,0,"",""
ball,2,25.4,India,RG Sharma,G Gambhir,XJ Doherty,1,0,"",""
ball,2,25.5,India,G Gambhir,RG Sharma,XJ Doherty,1,0,"",""
ball,2,25.6,India,RG Sharma,G Gambhir,XJ Doherty,1,0,"",""
ball,2,26.1,India,RG Sharma,G Gambhir,MA Starc,1,0,"",""
ball,2,26.2,India,G Gambhir,RG Sharma,MA Starc,1,0,"",""
ball,2,26.3,India,RG Sharma,G Gambhir,MA Starc,0,0,"",""
ball,2,26.4,India,RG Sharma,G Gambhir,MA Starc,1,0,"",""
ball,2,26.5,India,G Gambhir,RG Sharma,MA Starc,1,0,"",""
ball,2,26.6,India,RG Sharma,G Gambhir,MA Starc,0,0,"",""
ball,2,27.1,India,G Gambhir,RG Sharma,XJ Doherty,1,0,"",""
ball,2,27.2,India,RG Sharma,G Gambhir,XJ Doherty,1,0,"",""
ball,2,27.3,India,G Gambhir,RG Sharma,XJ Doherty,0,0,"",""
ball,2,27.4,India,G Gambhir,RG Sharma,XJ Doherty,2,0,"",""
ball,2,27.5,India,G Gambhir,RG Sharma,XJ Doherty,0,0,"",""
ball,2,27.6,India,G Gambhir,RG Sharma,XJ Doherty,0,0,"",""
ball,2,28.1,India,RG Sharma,G Gambhir,MA Starc,1,0,"",""
ball,2,28.2,India,G Gambhir,RG Sharma,MA Starc,1,0,"",""
ball,2,28.3,India,RG Sharma,G Gambhir,MA Starc,6,0,"",""
ball,2,28.4,India,RG Sharma,G Gambhir,MA Starc,1,0,"",""
ball,2,28.5,India,G Gambhir,RG Sharma,MA Starc,0,0,"",""
ball,2,28.6,India,G Gambhir,RG Sharma,MA Starc,1,0,"",""
ball,2,29.1,India,G Gambhir,RG Sharma,DT Christian,0,0,"",""
ball,2,29.2,India,G Gambhir,RG Sharma,DT Christian,1,0,"",""
ball,2,29.3,India,RG Sharma,G Gambhir,DT Christian,0,0,"",""
ball,2,29.4,India,RG Sharma,G Gambhir,DT Christian,1,0,"",""
ball,2,29.5,India,G Gambhir,RG Sharma,DT Christian,1,0,"",""
ball,2,29.6,India,RG Sharma,G Gambhir,DT Christian,4,0,"",""
ball,2,30.1,India,G Gambhir,RG Sharma,RJ Harris,1,0,"",""
ball,2,30.2,India,RG Sharma,G Gambhir,RJ Harris,0,0,"",""
ball,2,30.3,India,RG Sharma,G Gambhir,RJ Harris,0,0,"",""
ball,2,30.4,India,RG Sharma,G Gambhir,RJ Harris,1,0,"",""
ball,2,30.5,India,G Gambhir,RG Sharma,RJ Harris,4,0,"",""
ball,2,30.6,India,G Gambhir,RG Sharma,RJ Harris,0,0,"",""
ball,2,31.1,India,RG Sharma,G Gambhir,DT Christian,0,0,"",""
ball,2,31.2,India,RG Sharma,G Gambhir,DT Christian,1,0,"",""
ball,2,31.3,India,G Gambhir,RG Sharma,DT Christian,0,0,"",""
ball,2,31.4,India,G Gambhir,RG Sharma,DT Christian,0,0,"",""
ball,2,31.5,India,G Gambhir,RG Sharma,DT Christian,2,0,"",""
ball,2,31.6,India,G Gambhir,RG Sharma,DT Christian,1,0,"",""
ball,2,32.1,India,G Gambhir,RG Sharma,RJ Harris,1,0,"",""
ball,2,32.2,India,RG Sharma,G Gambhir,RJ Harris,0,0,caught,RG Sharma
ball,2,32.3,India,G Gambhir,SK Raina,RJ Harris,1,0,"",""
ball,2,32.4,India,SK Raina,G Gambhir,RJ Harris,4,0,"",""
ball,2,32.5,India,SK Raina,G Gambhir,RJ Harris,1,0,"",""
ball,2,32.6,India,G Gambhir,SK Raina,RJ Harris,1,0,"",""
ball,2,33.1,India,G Gambhir,SK Raina,DT Christian,2,0,"",""
ball,2,33.2,India,G Gambhir,SK Raina,DT Christian,1,0,"",""
ball,2,33.3,India,SK Raina,G Gambhir,DT Christian,1,0,"",""
ball,2,33.4,India,G Gambhir,SK Raina,DT Christian,0,0,"",""
ball,2,33.5,India,G Gambhir,SK Raina,DT Christian,1,0,"",""
ball,2,33.6,India,SK Raina,G Gambhir,DT Christian,0,0,"",""
ball,2,34.1,India,G Gambhir,SK Raina,CJ McKay,0,0,lbw,G Gambhir
ball,2,34.2,India,MS Dhoni,SK Raina,CJ McKay,0,0,"",""
ball,2,34.3,India,MS Dhoni,SK Raina,CJ McKay,0,0,"",""
ball,2,34.4,India,MS Dhoni,SK Raina,CJ McKay,0,0,"",""
ball,2,34.5,India,MS Dhoni,SK Raina,CJ McKay,0,0,"",""
ball,2,34.6,India,MS Dhoni,SK Raina,CJ McKay,1,0,"",""
ball,2,35.1,India,MS Dhoni,SK Raina,DT Christian,1,0,"",""
ball,2,35.2,India,SK Raina,MS Dhoni,DT Christian,1,0,"",""
ball,2,35.3,India,MS Dhoni,SK Raina,DT Christian,0,0,"",""
ball,2,35.4,India,MS Dhoni,SK Raina,DT Christian,0,0,"",""
ball,2,35.5,India,MS Dhoni,SK Raina,DT Christian,0,0,"",""
ball,2,35.6,India,MS Dhoni,SK Raina,DT Christian,0,0,"",""
ball,2,36.1,India,SK Raina,MS Dhoni,CJ McKay,1,0,"",""
ball,2,36.2,India,MS Dhoni,SK Raina,CJ McKay,0,0,"",""
ball,2,36.3,India,MS Dhoni,SK Raina,CJ McKay,0,0,"",""
ball,2,36.4,India,MS Dhoni,SK Raina,CJ McKay,0,0,"",""
ball,2,36.5,India,MS Dhoni,SK Raina,CJ McKay,0,0,"",""
ball,2,36.6,India,MS Dhoni,SK Raina,CJ McKay,0,0,"",""
ball,2,37.1,India,SK Raina,MS Dhoni,DT Christian,1,0,"",""
ball,2,37.2,India,MS Dhoni,SK Raina,DT Christian,0,0,"",""
ball,2,37.3,India,MS Dhoni,SK Raina,DT Christian,1,0,"",""
ball,2,37.4,India,SK Raina,MS Dhoni,DT Christian,0,0,"",""
ball,2,37.5,India,SK Raina,MS Dhoni,DT Christian,1,0,"",""
ball,2,37.6,India,MS Dhoni,SK Raina,DT Christian,2,0,"",""
ball,2,38.1,India,SK Raina,MS Dhoni,CJ McKay,0,1,"",""
ball,2,38.2,India,SK Raina,MS Dhoni,CJ McKay,0,0,"",""
ball,2,38.3,India,SK Raina,MS Dhoni,CJ McKay,0,0,"",""
ball,2,38.4,India,SK Raina,MS Dhoni,CJ McKay,0,0,"",""
ball,2,38.5,India,SK Raina,MS Dhoni,CJ McKay,4,0,"",""
ball,2,38.6,India,SK Raina,MS Dhoni,CJ McKay,1,0,"",""
ball,2,38.7,India,MS Dhoni,SK Raina,CJ McKay,1,0,"",""
ball,2,39.1,India,MS Dhoni,SK Raina,DT Christian,0,0,"",""
ball,2,39.2,India,MS Dhoni,SK Raina,DT Christian,0,0,"",""
ball,2,39.3,India,MS Dhoni,SK Raina,DT Christian,0,0,"",""
ball,2,39.4,India,MS Dhoni,SK Raina,DT Christian,1,0,"",""
ball,2,39.5,India,SK Raina,MS Dhoni,DT Christian,1,0,"",""
ball,2,39.6,India,MS Dhoni,SK Raina,DT Christian,1,0,"",""
ball,2,40.1,India,MS Dhoni,SK Raina,XJ Doherty,0,1,"",""
ball,2,40.2,India,MS Dhoni,SK Raina,XJ Doherty,0,0,"",""
ball,2,40.3,India,MS Dhoni,SK Raina,XJ Doherty,0,0,"",""
ball,2,40.4,India,MS Dhoni,SK Raina,XJ Doherty,1,0,"",""
ball,2,40.5,India,SK Raina,MS Dhoni,XJ Doherty,1,0,"",""
ball,2,40.6,India,MS Dhoni,SK Raina,XJ Doherty,1,0,"",""
ball,2,40.7,India,SK Raina,MS Dhoni,XJ Doherty,1,0,"",""
ball,2,41.1,India,SK Raina,MS Dhoni,RJ Harris,2,0,"",""
ball,2,41.2,India,SK Raina,MS Dhoni,RJ Harris,1,0,"",""
ball,2,41.3,India,MS Dhoni,SK Raina,RJ Harris,0,0,"",""
ball,2,41.4,India,MS Dhoni,SK Raina,RJ Harris,1,0,"",""
ball,2,41.5,India,SK Raina,MS Dhoni,RJ Harris,1,0,"",""
ball,2,41.6,India,MS Dhoni,SK Raina,RJ Harris,2,0,"",""
ball,2,42.1,India,SK Raina,MS Dhoni,XJ Doherty,0,0,"",""
ball,2,42.2,India,SK Raina,MS Dhoni,XJ Doherty,6,0,"",""
ball,2,42.3,India,SK Raina,MS Dhoni,XJ Doherty,1,0,"",""
ball,2,42.4,India,MS Dhoni,SK Raina,XJ Doherty,0,0,"",""
ball,2,42.5,India,MS Dhoni,SK Raina,XJ Doherty,0,0,"",""
ball,2,42.6,India,MS Dhoni,SK Raina,XJ Doherty,1,0,"",""
ball,2,43.1,India,MS Dhoni,SK Raina,RJ Harris,2,0,"",""
ball,2,43.2,India,MS Dhoni,SK Raina,RJ Harris,0,0,"",""
ball,2,43.3,India,MS Dhoni,SK Raina,RJ Harris,0,0,"",""
ball,2,43.4,India,MS Dhoni,SK Raina,RJ Harris,1,0,"",""
ball,2,43.5,India,SK Raina,MS Dhoni,RJ Harris,1,0,"",""
ball,2,43.6,India,MS Dhoni,SK Raina,RJ Harris,1,0,"",""
ball,2,44.1,India,MS Dhoni,SK Raina,XJ Doherty,1,0,"",""
ball,2,44.2,India,SK Raina,MS Dhoni,XJ Doherty,1,0,"",""
ball,2,44.3,India,MS Dhoni,SK Raina,XJ Doherty,2,0,"",""
ball,2,44.4,India,MS Dhoni,SK Raina,XJ Doherty,1,0,"",""
ball,2,44.5,India,SK Raina,MS Dhoni,XJ Doherty,1,0,"",""
ball,2,44.6,India,MS Dhoni,SK Raina,XJ Doherty,2,0,"",""
ball,2,45.1,India,SK Raina,MS Dhoni,CJ McKay,1,0,"",""
ball,2,45.2,India,MS Dhoni,SK Raina,CJ McKay,2,0,"",""
ball,2,45.3,India,MS Dhoni,SK Raina,CJ McKay,0,0,"",""
ball,2,45.4,India,MS Dhoni,SK Raina,CJ McKay,1,0,"",""
ball,2,45.5,India,SK Raina,MS Dhoni,CJ McKay,4,0,"",""
ball,2,45.6,India,SK Raina,MS Dhoni,CJ McKay,1,0,"",""
ball,2,46.1,India,SK Raina,MS Dhoni,XJ Doherty,0,0,bowled,SK Raina
ball,2,46.2,India,RA Jadeja,MS Dhoni,XJ Doherty,1,0,"",""
ball,2,46.3,India,MS Dhoni,RA Jadeja,XJ Doherty,0,0,"",""
ball,2,46.4,India,MS Dhoni,RA Jadeja,XJ Doherty,0,0,"",""
ball,2,46.5,India,MS Dhoni,RA Jadeja,XJ Doherty,1,0,"",""
ball,2,46.6,India,RA Jadeja,MS Dhoni,XJ Doherty,2,0,"",""
ball,2,47.1,India,MS Dhoni,RA Jadeja,CJ McKay,1,0,"",""
ball,2,47.2,India,RA Jadeja,MS Dhoni,CJ McKay,2,0,"",""
ball,2,47.3,India,RA Jadeja,MS Dhoni,CJ McKay,3,0,"",""
ball,2,47.4,India,MS Dhoni,RA Jadeja,CJ McKay,1,0,"",""
ball,2,47.5,India,RA Jadeja,MS Dhoni,CJ McKay,1,0,"",""
ball,2,47.6,India,MS Dhoni,RA Jadeja,CJ McKay,2,0,"",""
ball,2,48.1,India,RA Jadeja,MS Dhoni,XJ Doherty,1,0,"",""
ball,2,48.2,India,MS Dhoni,RA Jadeja,XJ Doherty,1,0,"",""
ball,2,48.3,India,RA Jadeja,MS Dhoni,XJ Doherty,2,0,"",""
ball,2,48.4,India,RA Jadeja,MS Dhoni,XJ Doherty,0,0,caught,RA Jadeja
ball,2,48.5,India,MS Dhoni,R Ashwin,XJ Doherty,0,0,"",""
ball,2,48.6,India,MS Dhoni,R Ashwin,XJ Doherty,0,0,"",""
ball,2,49.1,India,R Ashwin,MS Dhoni,CJ McKay,0,0,"",""
ball,2,49.2,India,R Ashwin,MS Dhoni,CJ McKay,1,0,"",""
ball,2,49.3,India,MS Dhoni,R Ashwin,CJ McKay,6,0,"",""
ball,2,49.4,India,MS Dhoni,R Ashwin,CJ McKay,2,1,"",""
ball,2,49.5,India,MS Dhoni,R Ashwin,CJ McKay,3,0,"",""
