version,1.3.0
info,team,Australia
info,team,Sri Lanka
info,gender,male
info,season,2011/12
info,date,2012/02/10
info,competition,Commonwealth Bank Series
info,match_number,3
info,venue,Western Australia Cricket Association Ground
info,city,Perth
info,toss_winner,Sri Lanka
info,toss_decision,field
info,player_of_match,MJ Clarke
info,umpire,NJ Llong
info,umpire,BNJ Oxenford
info,reserve_umpire,IH Lock
info,tv_umpire,PR Reiffel
info,match_referee,AJ Pycroft
info,winner,Australia
info,winner_runs,5
ball,1,0.1,Australia,DA Warner,MS Wade,SL Malinga,1,0,"",""
ball,1,0.2,Australia,MS Wade,DA Warner,SL Malinga,0,0,"",""
ball,1,0.3,Australia,MS Wade,DA Warner,SL Malinga,0,1,"",""
ball,1,0.4,Australia,DA Warner,MS Wade,SL Malinga,0,0,"",""
ball,1,0.5,Australia,DA Warner,MS Wade,SL Malinga,4,0,"",""
ball,1,0.6,Australia,DA Warner,MS Wade,SL Malinga,0,0,"",""
ball,1,1.1,Australia,MS Wade,DA Warner,KMDN Kulasekara,0,0,"",""
ball,1,1.2,Australia,MS Wade,DA Warner,KMDN Kulasekara,1,0,"",""
ball,1,1.3,Australia,DA Warner,MS Wade,KMDN Kulasekara,0,0,"",""
ball,1,1.4,Australia,DA Warner,MS Wade,KMDN Kulasekara,4,0,"",""
ball,1,1.5,Australia,DA Warner,MS Wade,KMDN Kulasekara,0,0,"",""
ball,1,1.6,Australia,DA Warner,MS Wade,KMDN Kulasekara,1,0,"",""
ball,1,2.1,Australia,DA Warner,MS Wade,SL Malinga,4,0,"",""
ball,1,2.2,Australia,DA Warner,MS Wade,SL Malinga,2,0,"",""
ball,1,2.3,Australia,DA Warner,MS Wade,SL Malinga,0,0,"",""
ball,1,2.4,Australia,DA Warner,MS Wade,SL Malinga,0,0,"",""
ball,1,2.5,Australia,DA Warner,MS Wade,SL Malinga,4,0,"",""
ball,1,2.6,Australia,DA Warner,MS Wade,SL Malinga,0,0,"",""
ball,1,3.1,Australia,MS Wade,DA Warner,KMDN Kulasekara,0,0,caught,MS Wade
ball,1,3.2,Australia,RT Ponting,DA Warner,KMDN Kulasekara,0,0,"",""
ball,1,3.3,Australia,RT Ponting,DA Warner,KMDN Kulasekara,1,0,"",""
ball,1,3.4,Australia,DA Warner,RT Ponting,KMDN Kulasekara,0,0,"",""
ball,1,3.5,Australia,DA Warner,RT Ponting,KMDN Kulasekara,1,0,"",""
ball,1,3.6,Australia,RT Ponting,DA Warner,KMDN Kulasekara,0,0,"",""
ball,1,4.1,Australia,DA Warner,RT Ponting,SL Malinga,0,0,"",""
ball,1,4.2,Australia,DA Warner,RT Ponting,SL Malinga,0,1,"",""
ball,1,4.3,Australia,DA Warner,RT Ponting,SL Malinga,1,0,"",""
ball,1,4.4,Australia,RT Ponting,DA Warner,SL Malinga,0,0,lbw,RT Ponting
ball,1,4.5,Australia,MJ Clarke,DA Warner,SL Malinga,0,0,"",""
ball,1,4.6,Australia,MJ Clarke,DA Warner,SL Malinga,0,0,"",""
ball,1,4.7,Australia,MJ Clarke,DA Warner,SL Malinga,1,0,"",""
ball,1,5.1,Australia,MJ Clarke,DA Warner,KMDN Kulasekara,0,0,"",""
ball,1,5.2,Australia,MJ Clarke,DA Warner,KMDN Kulasekara,0,0,"",""
ball,1,5.3,Australia,MJ Clarke,DA Warner,KMDN Kulasekara,0,0,"",""
ball,1,5.4,Australia,MJ Clarke,DA Warner,KMDN Kulasekara,0,0,"",""
ball,1,5.5,Australia,MJ Clarke,DA Warner,KMDN Kulasekara,4,0,"",""
ball,1,5.6,Australia,MJ Clarke,DA Warner,KMDN Kulasekara,0,0,"",""
ball,1,6.1,Australia,DA Warner,MJ Clarke,SL Malinga,0,1,"",""
ball,1,6.2,Australia,DA Warner,MJ Clarke,SL Malinga,0,0,"",""
ball,1,6.3,Australia,DA Warner,MJ Clarke,SL Malinga,4,0,"",""
ball,1,6.4,Australia,DA Warner,MJ Clarke,SL Malinga,6,0,"",""
ball,1,6.5,Australia,DA Warner,MJ Clarke,SL Malinga,0,0,"",""
ball,1,6.6,Australia,DA Warner,MJ Clarke,SL Malinga,0,0,"",""
ball,1,6.7,Australia,DA Warner,MJ Clarke,SL Malinga,0,0,"",""
ball,1,7.1,Australia,MJ Clarke,DA Warner,KMDN Kulasekara,2,0,"",""
ball,1,7.2,Australia,MJ Clarke,DA Warner,KMDN Kulasekara,1,0,"",""
ball,1,7.3,Australia,DA Warner,MJ Clarke,KMDN Kulasekara,0,0,"",""
ball,1,7.4,Australia,DA Warner,MJ Clarke,KMDN Kulasekara,0,0,"",""
ball,1,7.5,Australia,DA Warner,MJ Clarke,KMDN Kulasekara,1,0,"",""
ball,1,7.6,Australia,MJ Clarke,DA Warner,KMDN Kulasekara,0,0,"",""
ball,1,8.1,Australia,DA Warner,MJ Clarke,AD Mathews,1,0,"",""
ball,1,8.2,Australia,MJ Clarke,DA Warner,AD Mathews,0,0,"",""
ball,1,8.3,Australia,MJ Clarke,DA Warner,AD Mathews,0,0,"",""
ball,1,8.4,Australia,MJ Clarke,DA Warner,AD Mathews,3,0,"",""
ball,1,8.5,Australia,DA Warner,MJ Clarke,AD Mathews,0,0,bowled,DA Warner
ball,1,8.6,Australia,MEK Hussey,MJ Clarke,AD Mathews,0,0,"",""
ball,1,9.1,Australia,MJ Clarke,MEK Hussey,KMDN Kulasekara,0,0,"",""
ball,1,9.2,Australia,MJ Clarke,MEK Hussey,KMDN Kulasekara,0,0,"",""
ball,1,9.3,Australia,MJ Clarke,MEK Hussey,KMDN Kulasekara,1,0,"",""
ball,1,9.4,Australia,MEK Hussey,MJ Clarke,KMDN Kulasekara,0,0,"",""
ball,1,9.5,Australia,MEK Hussey,MJ Clarke,KMDN Kulasekara,0,0,"",""
ball,1,9.6,Australia,MEK Hussey,MJ Clarke,KMDN Kulasekara,0,0,"",""
ball,1,10.1,Australia,MJ Clarke,MEK Hussey,AD Mathews,0,0,"",""
ball,1,10.2,Australia,MJ Clarke,MEK Hussey,AD Mathews,0,0,"",""
ball,1,10.3,Australia,MJ Clarke,MEK Hussey,AD Mathews,1,0,"",""
ball,1,10.4,Australia,MEK Hussey,MJ Clarke,AD Mathews,1,0,"",""
ball,1,10.5,Australia,MJ Clarke,MEK Hussey,AD Mathews,0,0,"",""
ball,1,10.6,Australia,MJ Clarke,MEK Hussey,AD Mathews,0,0,"",""
ball,1,11.1,Australia,MEK Hussey,MJ Clarke,KMDN Kulasekara,0,0,"",""
ball,1,11.2,Australia,MEK Hussey,MJ Clarke,KMDN Kulasekara,1,0,"",""
ball,1,11.3,Australia,MJ Clarke,MEK Hussey,KMDN Kulasekara,0,0,"",""
ball,1,11.4,Australia,MJ Clarke,MEK Hussey,KMDN Kulasekara,0,0,"",""
ball,1,11.5,Australia,MJ Clarke,MEK Hussey,KMDN Kulasekara,0,0,"",""
ball,1,11.6,Australia,MJ Clarke,MEK Hussey,KMDN Kulasekara,1,0,"",""
ball,1,12.1,Australia,MJ Clarke,MEK Hussey,AD Mathews,1,0,"",""
ball,1,12.2,Australia,MEK Hussey,MJ Clarke,AD Mathews,0,0,"",""
ball,1,12.3,Australia,MEK Hussey,MJ Clarke,AD Mathews,0,0,"",""
ball,1,12.4,Australia,MEK Hussey,MJ Clarke,AD Mathews,0,0,"",""
ball,1,12.5,Australia,MEK Hussey,MJ Clarke,AD Mathews,2,0,"",""
ball,1,12.6,Australia,MEK Hussey,MJ Clarke,AD Mathews,0,0,"",""
ball,1,13.1,Australia,MJ Clarke,MEK Hussey,KTGD Prasad,0,0,"",""
ball,1,13.2,Australia,MJ Clarke,MEK Hussey,KTGD Prasad,3,0,"",""
ball,1,13.3,Australia,MEK Hussey,MJ Clarke,KTGD Prasad,4,0,"",""
ball,1,13.4,Australia,MEK Hussey,MJ Clarke,KTGD Prasad,0,0,"",""
ball,1,13.5,Australia,MEK Hussey,MJ Clarke,KTGD Prasad,0,0,"",""
ball,1,13.6,Australia,MEK Hussey,MJ Clarke,KTGD Prasad,1,0,"",""
ball,1,14.1,Australia,MEK Hussey,MJ Clarke,SMSM Senanayake,0,0,"",""
ball,1,14.2,Australia,MEK Hussey,MJ Clarke,SMSM Senanayake,0,0,"",""
ball,1,14.3,Australia,MEK Hussey,MJ Clarke,SMSM Senanayake,0,0,"",""
ball,1,14.4,Australia,MEK Hussey,MJ Clarke,SMSM Senanayake,0,0,"",""
ball,1,14.5,Australia,MEK Hussey,MJ Clarke,SMSM Senanayake,0,0,"",""
ball,1,14.6,Australia,MEK Hussey,MJ Clarke,SMSM Senanayake,1,0,"",""
ball,1,15.1,Australia,MEK Hussey,MJ Clarke,KTGD Prasad,0,0,"",""
ball,1,15.2,Australia,MEK Hussey,MJ Clarke,KTGD Prasad,4,0,"",""
ball,1,15.3,Australia,MEK Hussey,MJ Clarke,KTGD Prasad,0,0,"",""
ball,1,15.4,Australia,MEK Hussey,MJ Clarke,KTGD Prasad,4,0,"",""
ball,1,15.5,Australia,MEK Hussey,MJ Clarke,KTGD Prasad,1,0,"",""
ball,1,15.6,Australia,MJ Clarke,MEK Hussey,KTGD Prasad,0,0,"",""
ball,1,16.1,Australia,MEK Hussey,MJ Clarke,SMSM Senanayake,0,0,"",""
ball,1,16.2,Australia,MEK Hussey,MJ Clarke,SMSM Senanayake,1,0,"",""
ball,1,16.3,Australia,MJ Clarke,MEK Hussey,SMSM Senanayake,0,0,"",""
ball,1,16.4,Australia,MJ Clarke,MEK Hussey,SMSM Senanayake,0,0,"",""
ball,1,16.5,Australia,MJ Clarke,MEK Hussey,SMSM Senanayake,0,0,"",""
ball,1,16.6,Australia,MJ Clarke,MEK Hussey,SMSM Senanayake,0,0,"",""
ball,1,17.1,Australia,MEK Hussey,MJ Clarke,KMDN Kulasekara,1,0,"",""
ball,1,17.2,Australia,MJ Clarke,MEK Hussey,KMDN Kulasekara,0,0,"",""
ball,1,17.3,Australia,MJ Clarke,MEK Hussey,KMDN Kulasekara,0,0,"",""
ball,1,17.4,Australia,MJ Clarke,MEK Hussey,KMDN Kulasekara,1,0,"",""
ball,1,17.5,Australia,MEK Hussey,MJ Clarke,KMDN Kulasekara,2,0,"",""
ball,1,17.6,Australia,MEK Hussey,MJ Clarke,KMDN Kulasekara,0,0,caught and bowled,MEK Hussey
ball,1,18.1,Australia,MJ Clarke,DJ Hussey,SMSM Senanayake,2,0,"",""
ball,1,18.2,Australia,MJ Clarke,DJ Hussey,SMSM Senanayake,1,0,"",""
ball,1,18.3,Australia,DJ Hussey,MJ Clarke,SMSM Senanayake,0,0,"",""
ball,1,18.4,Australia,DJ Hussey,MJ Clarke,SMSM Senanayake,0,0,"",""
ball,1,18.5,Australia,DJ Hussey,MJ Clarke,SMSM Senanayake,0,0,"",""
ball,1,18.6,Australia,DJ Hussey,MJ Clarke,SMSM Senanayake,1,0,"",""
ball,1,19.1,Australia,DJ Hussey,MJ Clarke,KTGD Prasad,0,0,"",""
ball,1,19.2,Australia,DJ Hussey,MJ Clarke,KTGD Prasad,0,0,"",""
ball,1,19.3,Australia,DJ Hussey,MJ Clarke,KTGD Prasad,0,0,"",""
ball,1,19.4,Australia,DJ Hussey,MJ Clarke,KTGD Prasad,0,0,"",""
ball,1,19.5,Australia,DJ Hussey,MJ Clarke,KTGD Prasad,2,0,"",""
ball,1,19.6,Australia,DJ Hussey,MJ Clarke,KTGD Prasad,0,0,"",""
ball,1,20.1,Australia,MJ Clarke,DJ Hussey,SMSM Senanayake,4,0,"",""
ball,1,20.2,Australia,MJ Clarke,DJ Hussey,SMSM Senanayake,0,0,"",""
ball,1,20.3,Australia,MJ Clarke,DJ Hussey,SMSM Senanayake,1,0,"",""
ball,1,20.4,Australia,DJ Hussey,MJ Clarke,SMSM Senanayake,0,0,"",""
ball,1,20.5,Australia,DJ Hussey,MJ Clarke,SMSM Senanayake,4,0,"",""
ball,1,20.6,Australia,DJ Hussey,MJ Clarke,SMSM Senanayake,6,0,"",""
ball,1,21.1,Australia,MJ Clarke,DJ Hussey,KTGD Prasad,0,0,"",""
ball,1,21.2,Australia,MJ Clarke,DJ Hussey,KTGD Prasad,1,0,"",""
ball,1,21.3,Australia,DJ Hussey,MJ Clarke,KTGD Prasad,1,0,"",""
ball,1,21.4,Australia,MJ Clarke,DJ Hussey,KTGD Prasad,1,0,"",""
ball,1,21.5,Australia,DJ Hussey,MJ Clarke,KTGD Prasad,0,0,"",""
ball,1,21.6,Australia,DJ Hussey,MJ Clarke,KTGD Prasad,0,0,"",""
ball,1,22.1,Australia,MJ Clarke,DJ Hussey,AD Mathews,0,0,"",""
ball,1,22.2,Australia,MJ Clarke,DJ Hussey,AD Mathews,1,0,"",""
ball,1,22.3,Australia,DJ Hussey,MJ Clarke,AD Mathews,0,0,"",""
ball,1,22.4,Australia,DJ Hussey,MJ Clarke,AD Mathews,0,0,"",""
ball,1,22.5,Australia,DJ Hussey,MJ Clarke,AD Mathews,1,0,"",""
ball,1,22.6,Australia,MJ Clarke,DJ Hussey,AD Mathews,0,1,"",""
ball,1,22.7,Australia,MJ Clarke,DJ Hussey,AD Mathews,0,0,"",""
ball,1,23.1,Australia,DJ Hussey,MJ Clarke,KTGD Prasad,4,0,"",""
ball,1,23.2,Australia,DJ Hussey,MJ Clarke,KTGD Prasad,1,0,"",""
ball,1,23.3,Australia,MJ Clarke,DJ Hussey,KTGD Prasad,0,0,"",""
ball,1,23.4,Australia,MJ Clarke,DJ Hussey,KTGD Prasad,1,0,"",""
ball,1,23.5,Australia,DJ Hussey,MJ Clarke,KTGD Prasad,1,0,"",""
ball,1,23.6,Australia,MJ Clarke,DJ Hussey,KTGD Prasad,0,0,"",""
ball,1,24.1,Australia,DJ Hussey,MJ Clarke,AD Mathews,0,0,"",""
ball,1,24.2,Australia,DJ Hussey,MJ Clarke,AD Mathews,0,0,"",""
ball,1,24.3,Australia,DJ Hussey,MJ Clarke,AD Mathews,0,0,"",""
ball,1,24.4,Australia,DJ Hussey,MJ Clarke,AD Mathews,0,0,"",""
ball,1,24.5,Australia,DJ Hussey,MJ Clarke,AD Mathews,1,0,"",""
ball,1,24.6,Australia,MJ Clarke,DJ Hussey,AD Mathews,0,0,"",""
ball,1,25.1,Australia,DJ Hussey,MJ Clarke,SL Malinga,0,0,"",""
ball,1,25.2,Australia,DJ Hussey,MJ Clarke,SL Malinga,0,0,"",""
ball,1,25.3,Australia,DJ Hussey,MJ Clarke,SL Malinga,0,1,"",""
ball,1,25.4,Australia,DJ Hussey,MJ Clarke,SL Malinga,0,1,"",""
ball,1,25.5,Australia,DJ Hussey,MJ Clarke,SL Malinga,1,0,"",""
ball,1,25.6,Australia,MJ Clarke,DJ Hussey,SL Malinga,0,0,"",""
ball,1,25.7,Australia,MJ Clarke,DJ Hussey,SL Malinga,0,0,"",""
ball,1,25.8,Australia,MJ Clarke,DJ Hussey,SL Malinga,0,0,"",""
ball,1,26.1,Australia,DJ Hussey,MJ Clarke,AD Mathews,0,0,"",""
ball,1,26.2,Australia,DJ Hussey,MJ Clarke,AD Mathews,0,0,"",""
ball,1,26.3,Australia,DJ Hussey,MJ Clarke,AD Mathews,2,0,"",""
ball,1,26.4,Australia,DJ Hussey,MJ Clarke,AD Mathews,0,0,"",""
ball,1,26.5,Australia,DJ Hussey,MJ Clarke,AD Mathews,1,0,"",""
ball,1,26.6,Australia,MJ Clarke,DJ Hussey,AD Mathews,4,0,"",""
ball,1,27.1,Australia,DJ Hussey,MJ Clarke,SL Malinga,0,0,"",""
ball,1,27.2,Australia,DJ Hussey,MJ Clarke,SL Malinga,1,0,"",""
ball,1,27.3,Australia,MJ Clarke,DJ Hussey,SL Malinga,3,0,"",""
ball,1,27.4,Australia,DJ Hussey,MJ Clarke,SL Malinga,0,0,caught,DJ Hussey
ball,1,27.5,Australia,DT Christian,MJ Clarke,SL Malinga,0,0,"",""
ball,1,27.6,Australia,DT Christian,MJ Clarke,SL Malinga,0,0,"",""
ball,1,28.1,Australia,MJ Clarke,DT Christian,KTGD Prasad,0,0,"",""
ball,1,28.2,Australia,MJ Clarke,DT Christian,KTGD Prasad,0,0,"",""
ball,1,28.3,Australia,MJ Clarke,DT Christian,KTGD Prasad,2,0,"",""
ball,1,28.4,Australia,MJ Clarke,DT Christian,KTGD Prasad,0,0,"",""
ball,1,28.5,Australia,MJ Clarke,DT Christian,KTGD Prasad,0,0,"",""
ball,1,28.6,Australia,MJ Clarke,DT Christian,KTGD Prasad,0,0,"",""
ball,1,29.1,Australia,DT Christian,MJ Clarke,SL Malinga,0,0,"",""
ball,1,29.2,Australia,DT Christian,MJ Clarke,SL Malinga,1,0,"",""
ball,1,29.3,Australia,MJ Clarke,DT Christian,SL Malinga,0,0,"",""
ball,1,29.4,Australia,MJ Clarke,DT Christian,SL Malinga,0,0,"",""
ball,1,29.5,Australia,MJ Clarke,DT Christian,SL Malinga,1,0,"",""
ball,1,29.6,Australia,DT Christian,MJ Clarke,SL Malinga,1,0,"",""
ball,1,30.1,Australia,DT Christian,MJ Clarke,KTGD Prasad,0,0,"",""
ball,1,30.2,Australia,DT Christian,MJ Clarke,KTGD Prasad,4,0,"",""
ball,1,30.3,Australia,DT Christian,MJ Clarke,KTGD Prasad,4,0,"",""
ball,1,30.4,Australia,DT Christian,MJ Clarke,KTGD Prasad,4,0,"",""
ball,1,30.5,Australia,DT Christian,MJ Clarke,KTGD Prasad,0,0,"",""
ball,1,30.6,Australia,DT Christian,MJ Clarke,KTGD Prasad,0,0,"",""
ball,1,31.1,Australia,MJ Clarke,DT Christian,SMSM Senanayake,0,0,"",""
ball,1,31.2,Australia,MJ Clarke,DT Christian,SMSM Senanayake,1,0,"",""
ball,1,31.3,Australia,DT Christian,MJ Clarke,SMSM Senanayake,0,0,"",""
ball,1,31.4,Australia,DT Christian,MJ Clarke,SMSM Senanayake,0,0,"",""
ball,1,31.5,Australia,DT Christian,MJ Clarke,SMSM Senanayake,1,0,"",""
ball,1,31.6,Australia,MJ Clarke,DT Christian,SMSM Senanayake,0,0,"",""
ball,1,32.1,Australia,DT Christian,MJ Clarke,TM Dilshan,0,0,"",""
ball,1,32.2,Australia,DT Christian,MJ Clarke,TM Dilshan,0,0,"",""
ball,1,32.3,Australia,DT Christian,MJ Clarke,TM Dilshan,0,0,"",""
ball,1,32.4,Australia,DT Christian,MJ Clarke,TM Dilshan,0,0,"",""
ball,1,32.5,Australia,DT Christian,MJ Clarke,TM Dilshan,0,0,"",""
ball,1,32.6,Australia,DT Christian,MJ Clarke,TM Dilshan,1,0,"",""
ball,1,33.1,Australia,DT Christian,MJ Clarke,SMSM Senanayake,0,0,"",""
ball,1,33.2,Australia,DT Christian,MJ Clarke,SMSM Senanayake,0,0,"",""
ball,1,33.3,Australia,DT Christian,MJ Clarke,SMSM Senanayake,1,0,"",""
ball,1,33.4,Australia,MJ Clarke,DT Christian,SMSM Senanayake,1,0,"",""
ball,1,33.5,Australia,DT Christian,MJ Clarke,SMSM Senanayake,3,0,"",""
ball,1,33.6,Australia,MJ Clarke,DT Christian,SMSM Senanayake,0,0,"",""
ball,1,34.1,Australia,DT Christian,MJ Clarke,KMDN Kulasekara,0,0,"",""
ball,1,34.2,Australia,DT Christian,MJ Clarke,KMDN Kulasekara,1,0,"",""
ball,1,34.3,Australia,MJ Clarke,DT Christian,KMDN Kulasekara,1,0,"",""
ball,1,34.4,Australia,DT Christian,MJ Clarke,KMDN Kulasekara,0,0,"",""
ball,1,34.5,Australia,DT Christian,MJ Clarke,KMDN Kulasekara,0,0,"",""
ball,1,34.6,Australia,DT Christian,MJ Clarke,KMDN Kulasekara,0,0,"",""
ball,1,35.1,Australia,MJ Clarke,DT Christian,SMSM Senanayake,1,0,"",""
ball,1,35.2,Australia,DT Christian,MJ Clarke,SMSM Senanayake,4,0,"",""
ball,1,35.3,Australia,DT Christian,MJ Clarke,SMSM Senanayake,0,0,"",""
ball,1,35.4,Australia,DT Christian,MJ Clarke,SMSM Senanayake,0,0,"",""
ball,1,35.5,Australia,DT Christian,MJ Clarke,SMSM Senanayake,6,0,"",""
ball,1,35.6,Australia,DT Christian,MJ Clarke,SMSM Senanayake,1,0,"",""
ball,1,36.1,Australia,DT Christian,MJ Clarke,SL Malinga,0,0,"",""
ball,1,36.2,Australia,DT Christian,MJ Clarke,SL Malinga,0,1,"",""
ball,1,36.3,Australia,MJ Clarke,DT Christian,SL Malinga,1,0,"",""
ball,1,36.4,Australia,DT Christian,MJ Clarke,SL Malinga,0,0,"",""
ball,1,36.5,Australia,DT Christian,MJ Clarke,SL Malinga,0,0,"",""
ball,1,36.6,Australia,DT Christian,MJ Clarke,SL Malinga,0,0,"",""
ball,1,37.1,Australia,MJ Clarke,DT Christian,KMDN Kulasekara,0,0,"",""
ball,1,37.2,Australia,MJ Clarke,DT Christian,KMDN Kulasekara,2,0,"",""
ball,1,37.3,Australia,MJ Clarke,DT Christian,KMDN Kulasekara,0,0,"",""
ball,1,37.4,Australia,MJ Clarke,DT Christian,KMDN Kulasekara,0,0,"",""
ball,1,37.5,Australia,MJ Clarke,DT Christian,KMDN Kulasekara,4,0,"",""
ball,1,37.6,Australia,MJ Clarke,DT Christian,KMDN Kulasekara,1,0,"",""
ball,1,38.1,Australia,MJ Clarke,DT Christian,SL Malinga,1,0,"",""
ball,1,38.2,Australia,DT Christian,MJ Clarke,SL Malinga,0,4,"",""
ball,1,38.3,Australia,DT Christian,MJ Clarke,SL Malinga,1,0,"",""
ball,1,38.4,Australia,MJ Clarke,DT Christian,SL Malinga,0,0,"",""
ball,1,38.5,Australia,MJ Clarke,DT Christian,SL Malinga,1,0,"",""
ball,1,38.6,Australia,DT Christian,MJ Clarke,SL Malinga,0,0,"",""
ball,1,39.1,Australia,MJ Clarke,DT Christian,SMSM Senanayake,0,0,"",""
ball,1,39.2,Australia,MJ Clarke,DT Christian,SMSM Senanayake,1,0,"",""
ball,1,39.3,Australia,DT Christian,MJ Clarke,SMSM Senanayake,0,0,"",""
ball,1,39.4,Australia,DT Christian,MJ Clarke,SMSM Senanayake,0,0,stumped,DT Christian
ball,1,39.5,Australia,RJ Harris,MJ Clarke,SMSM Senanayake,0,0,"",""
ball,1,39.6,Australia,RJ Harris,MJ Clarke,SMSM Senanayake,1,0,"",""
ball,1,40.1,Australia,RJ Harris,MJ Clarke,AD Mathews,1,0,"",""
ball,1,40.2,Australia,MJ Clarke,RJ Harris,AD Mathews,1,0,"",""
ball,1,40.3,Australia,RJ Harris,MJ Clarke,AD Mathews,1,0,"",""
ball,1,40.4,Australia,MJ Clarke,RJ Harris,AD Mathews,0,0,caught,MJ Clarke
ball,1,40.5,Australia,CJ McKay,RJ Harris,AD Mathews,1,0,"",""
ball,1,40.6,Australia,RJ Harris,CJ McKay,AD Mathews,0,0,"",""
ball,1,41.1,Australia,CJ McKay,RJ Harris,SMSM Senanayake,1,0,"",""
ball,1,41.2,Australia,RJ Harris,CJ McKay,SMSM Senanayake,0,0,"",""
ball,1,41.3,Australia,RJ Harris,CJ McKay,SMSM Senanayake,0,0,"",""
ball,1,41.4,Australia,RJ Harris,CJ McKay,SMSM Senanayake,0,0,"",""
ball,1,41.5,Australia,RJ Harris,CJ McKay,SMSM Senanayake,0,0,caught,RJ Harris
ball,1,41.6,Australia,MA Starc,CJ McKay,SMSM Senanayake,0,0,"",""
ball,1,42.1,Australia,CJ McKay,MA Starc,AD Mathews,1,0,"",""
ball,1,42.2,Australia,MA Starc,CJ McKay,AD Mathews,0,0,"",""
ball,1,42.3,Australia,MA Starc,CJ McKay,AD Mathews,0,0,"",""
ball,1,42.4,Australia,MA Starc,CJ McKay,AD Mathews,0,0,"",""
ball,1,42.5,Australia,MA Starc,CJ McKay,AD Mathews,1,0,"",""
ball,1,42.6,Australia,CJ McKay,MA Starc,AD Mathews,0,0,"",""
ball,1,43.1,Australia,MA Starc,CJ McKay,SMSM Senanayake,0,0,"",""
ball,1,43.2,Australia,MA Starc,CJ McKay,SMSM Senanayake,0,0,"",""
ball,1,43.3,Australia,MA Starc,CJ McKay,SMSM Senanayake,1,0,"",""
ball,1,43.4,Australia,CJ McKay,MA Starc,SMSM Senanayake,0,0,"",""
ball,1,43.5,Australia,CJ McKay,MA Starc,SMSM Senanayake,1,0,"",""
ball,1,43.6,Australia,MA Starc,CJ McKay,SMSM Senanayake,0,0,"",""
ball,1,44.1,Australia,CJ McKay,MA Starc,AD Mathews,4,0,"",""
ball,1,44.2,Australia,CJ McKay,MA Starc,AD Mathews,0,0,"",""
ball,1,44.3,Australia,CJ McKay,MA Starc,AD Mathews,1,0,"",""
ball,1,44.4,Australia,MA Starc,CJ McKay,AD Mathews,0,0,"",""
ball,1,44.5,Australia,MA Starc,CJ McKay,AD Mathews,2,0,"",""
ball,1,44.6,Australia,MA Starc,CJ McKay,AD Mathews,4,0,"",""
ball,1,45.1,Australia,CJ McKay,MA Starc,KTGD Prasad,0,0,"",""
ball,1,45.2,Australia,CJ McKay,MA Starc,KTGD Prasad,4,0,"",""
ball,1,45.3,Australia,CJ McKay,MA Starc,KTGD Prasad,2,0,"",""
ball,1,45.4,Australia,CJ McKay,MA Starc,KTGD Prasad,0,0,"",""
ball,1,45.5,Australia,CJ McKay,MA Starc,KTGD Prasad,0,0,"",""
ball,1,45.6,Australia,CJ McKay,MA Starc,KTGD Prasad,0,0,"",""
ball,1,46.1,Australia,MA Starc,CJ McKay,SL Malinga,0,0,"",""
ball,1,46.2,Australia,MA Starc,CJ McKay,SL Malinga,2,0,"",""
ball,1,46.3,Australia,MA Starc,CJ McKay,SL Malinga,2,0,"",""
ball,1,46.4,Australia,MA Starc,CJ McKay,SL Malinga,1,0,"",""
ball,1,46.5,Australia,CJ McKay,MA Starc,SL Malinga,0,0,"",""
ball,1,46.6,Australia,CJ McKay,MA Starc,SL Malinga,0,0,"",""
ball,1,47.1,Australia,MA Starc,CJ McKay,KTGD Prasad,1,0,"",""
ball,1,47.2,Australia,CJ McKay,MA Starc,KTGD Prasad,4,0,"",""
ball,1,47.3,Australia,CJ McKay,MA Starc,KTGD Prasad,0,0,"",""
ball,1,47.4,Australia,CJ McKay,MA Starc,KTGD Prasad,1,0,"",""
ball,1,47.5,Australia,MA Starc,CJ McKay,KTGD Prasad,0,0,"",""
ball,1,47.6,Australia,MA Starc,CJ McKay,KTGD Prasad,0,0,caught,MA Starc
ball,1,48.1,Australia,CJ McKay,XJ Doherty,KMDN Kulasekara,1,0,"",""
ball,1,48.2,Australia,XJ Doherty,CJ McKay,KMDN Kulasekara,1,0,"",""
ball,1,48.3,Australia,CJ McKay,XJ Doherty,KMDN Kulasekara,1,0,"",""
ball,1,48.4,Australia,XJ Doherty,CJ McKay,KMDN Kulasekara,1,0,"",""
ball,1,48.5,Australia,CJ McKay,XJ Doherty,KMDN Kulasekara,2,0,"",""
ball,1,48.6,Australia,CJ McKay,XJ Doherty,KMDN Kulasekara,1,0,"",""
ball,1,49.1,Australia,CJ McKay,XJ Doherty,KTGD Prasad,0,0,caught,CJ McKay
ball,2,0.1,Sri Lanka,WU Tharanga,TM Dilshan,RJ Harris,0,0,"",""
ball,2,0.2,Sri Lanka,WU Tharanga,TM Dilshan,RJ Harris,0,0,"",""
ball,2,0.3,Sri Lanka,WU Tharanga,TM Dilshan,RJ Harris,4,0,"",""
ball,2,0.4,Sri Lanka,WU Tharanga,TM Dilshan,RJ Harris,0,0,"",""
ball,2,0.5,Sri Lanka,WU Tharanga,TM Dilshan,RJ Harris,0,0,"",""
ball,2,0.6,Sri Lanka,WU Tharanga,TM Dilshan,RJ Harris,0,0,"",""
ball,2,1.1,Sri Lanka,TM Dilshan,WU Tharanga,MA Starc,0,0,"",""
ball,2,1.2,Sri Lanka,TM Dilshan,WU Tharanga,MA Starc,0,0,"",""
ball,2,1.3,Sri Lanka,TM Dilshan,WU Tharanga,MA Starc,1,0,"",""
ball,2,1.4,Sri Lanka,WU Tharanga,TM Dilshan,MA Starc,0,0,"",""
ball,2,1.5,Sri Lanka,WU Tharanga,TM Dilshan,MA Starc,0,0,"",""
ball,2,1.6,Sri Lanka,WU Tharanga,TM Dilshan,MA Starc,0,0,"",""
ball,2,2.1,Sri Lanka,TM Dilshan,WU Tharanga,RJ Harris,1,0,"",""
ball,2,2.2,Sri Lanka,WU Tharanga,TM Dilshan,RJ Harris,1,0,"",""
ball,2,2.3,Sri Lanka,TM Dilshan,WU Tharanga,RJ Harris,0,0,"",""
ball,2,2.4,Sri Lanka,TM Dilshan,WU Tharanga,RJ Harris,0,0,"",""
ball,2,2.5,Sri Lanka,TM Dilshan,WU Tharanga,RJ Harris,4,0,"",""
ball,2,2.6,Sri Lanka,TM Dilshan,WU Tharanga,RJ Harris,0,0,"",""
ball,2,3.1,Sri Lanka,WU Tharanga,TM Dilshan,MA Starc,0,0,"",""
ball,2,3.2,Sri Lanka,WU Tharanga,TM Dilshan,MA Starc,0,0,"",""
ball,2,3.3,Sri Lanka,WU Tharanga,TM Dilshan,MA Starc,0,0,caught,WU Tharanga
ball,2,3.4,Sri Lanka,KC Sangakkara,TM Dilshan,MA Starc,0,0,"",""
ball,2,3.5,Sri Lanka,KC Sangakkara,TM Dilshan,MA Starc,1,0,"",""
ball,2,3.6,Sri Lanka,TM Dilshan,KC Sangakkara,MA Starc,0,0,"",""
ball,2,4.1,Sri Lanka,KC Sangakkara,TM Dilshan,RJ Harris,0,0,"",""
ball,2,4.2,Sri Lanka,KC Sangakkara,TM Dilshan,RJ Harris,0,0,"",""
ball,2,4.3,Sri Lanka,KC Sangakkara,TM Dilshan,RJ Harris,0,0,"",""
ball,2,4.4,Sri Lanka,KC Sangakkara,TM Dilshan,RJ Harris,0,0,"",""
ball,2,4.5,Sri Lanka,KC Sangakkara,TM Dilshan,RJ Harris,0,0,"",""
ball,2,4.6,Sri Lanka,KC Sangakkara,TM Dilshan,RJ Harris,4,0,"",""
ball,2,5.1,Sri Lanka,TM Dilshan,KC Sangakkara,MA Starc,0,0,"",""
ball,2,5.2,Sri Lanka,TM Dilshan,KC Sangakkara,MA Starc,0,0,"",""
ball,2,5.3,Sri Lanka,TM Dilshan,KC Sangakkara,MA Starc,0,1,"",""
ball,2,5.4,Sri Lanka,TM Dilshan,KC Sangakkara,MA Starc,0,0,"",""
ball,2,5.5,Sri Lanka,TM Dilshan,KC Sangakkara,MA Starc,0,0,"",""
ball,2,5.6,Sri Lanka,TM Dilshan,KC Sangakkara,MA Starc,1,0,"",""
ball,2,5.7,Sri Lanka,KC Sangakkara,TM Dilshan,MA Starc,0,0,"",""
ball,2,6.1,Sri Lanka,TM Dilshan,KC Sangakkara,RJ Harris,0,0,"",""
ball,2,6.2,Sri Lanka,TM Dilshan,KC Sangakkara,RJ Harris,0,0,"",""
ball,2,6.3,Sri Lanka,TM Dilshan,KC Sangakkara,RJ Harris,0,0,"",""
ball,2,6.4,Sri Lanka,TM Dilshan,KC Sangakkara,RJ Harris,1,0,"",""
ball,2,6.5,Sri Lanka,KC Sangakkara,TM Dilshan,RJ Harris,0,0,"",""
ball,2,6.6,Sri Lanka,KC Sangakkara,TM Dilshan,RJ Harris,0,0,"",""
ball,2,7.1,Sri Lanka,TM Dilshan,KC Sangakkara,MA Starc,0,0,"",""
ball,2,7.2,Sri Lanka,TM Dilshan,KC Sangakkara,MA Starc,0,0,"",""
ball,2,7.3,Sri Lanka,TM Dilshan,KC Sangakkara,MA Starc,4,0,"",""
ball,2,7.4,Sri Lanka,TM Dilshan,KC Sangakkara,MA Starc,0,0,"",""
ball,2,7.5,Sri Lanka,TM Dilshan,KC Sangakkara,MA Starc,0,0,"",""
ball,2,7.6,Sri Lanka,TM Dilshan,KC Sangakkara,MA Starc,1,0,"",""
ball,2,8.1,Sri Lanka,TM Dilshan,KC Sangakkara,RJ Harris,0,0,"",""
ball,2,8.2,Sri Lanka,TM Dilshan,KC Sangakkara,RJ Harris,0,0,"",""
ball,2,8.3,Sri Lanka,TM Dilshan,KC Sangakkara,RJ Harris,4,0,"",""
ball,2,8.4,Sri Lanka,TM Dilshan,KC Sangakkara,RJ Harris,1,0,"",""
ball,2,8.5,Sri Lanka,KC Sangakkara,TM Dilshan,RJ Harris,0,0,"",""
ball,2,8.6,Sri Lanka,KC Sangakkara,TM Dilshan,RJ Harris,0,0,"",""
ball,2,9.1,Sri Lanka,TM Dilshan,KC Sangakkara,MA Starc,0,0,"",""
ball,2,9.2,Sri Lanka,TM Dilshan,KC Sangakkara,MA Starc,0,0,"",""
ball,2,9.3,Sri Lanka,TM Dilshan,KC Sangakkara,MA Starc,1,0,"",""
ball,2,9.4,Sri Lanka,KC Sangakkara,TM Dilshan,MA Starc,0,0,"",""
ball,2,9.5,Sri Lanka,KC Sangakkara,TM Dilshan,MA Starc,1,0,"",""
ball,2,9.6,Sri Lanka,TM Dilshan,KC Sangakkara,MA Starc,0,0,"",""
ball,2,10.1,Sri Lanka,KC Sangakkara,TM Dilshan,CJ McKay,0,0,"",""
ball,2,10.2,Sri Lanka,KC Sangakkara,TM Dilshan,CJ McKay,1,0,"",""
ball,2,10.3,Sri Lanka,TM Dilshan,KC Sangakkara,CJ McKay,3,0,"",""
ball,2,10.4,Sri Lanka,KC Sangakkara,TM Dilshan,CJ McKay,1,0,"",""
ball,2,10.5,Sri Lanka,TM Dilshan,KC Sangakkara,CJ McKay,4,0,"",""
ball,2,10.6,Sri Lanka,TM Dilshan,KC Sangakkara,CJ McKay,0,0,"",""
ball,2,11.1,Sri Lanka,KC Sangakkara,TM Dilshan,DT Christian,2,0,"",""
ball,2,11.2,Sri Lanka,KC Sangakkara,TM Dilshan,DT Christian,1,0,"",""
ball,2,11.3,Sri Lanka,TM Dilshan,KC Sangakkara,DT Christian,0,0,"",""
ball,2,11.4,Sri Lanka,TM Dilshan,KC Sangakkara,DT Christian,1,0,"",""
ball,2,11.5,Sri Lanka,KC Sangakkara,TM Dilshan,DT Christian,0,0,"",""
ball,2,11.6,Sri Lanka,KC Sangakkara,TM Dilshan,DT Christian,1,0,"",""
ball,2,12.1,Sri Lanka,KC Sangakkara,TM Dilshan,CJ McKay,1,0,"",""
ball,2,12.2,Sri Lanka,TM Dilshan,KC Sangakkara,CJ McKay,1,0,"",""
ball,2,12.3,Sri Lanka,KC Sangakkara,TM Dilshan,CJ McKay,0,0,"",""
ball,2,12.4,Sri Lanka,KC Sangakkara,TM Dilshan,CJ McKay,1,0,"",""
ball,2,12.5,Sri Lanka,TM Dilshan,KC Sangakkara,CJ McKay,1,0,"",""
ball,2,12.6,Sri Lanka,KC Sangakkara,TM Dilshan,CJ McKay,0,0,"",""
ball,2,13.1,Sri Lanka,TM Dilshan,KC Sangakkara,DT Christian,2,0,"",""
ball,2,13.2,Sri Lanka,TM Dilshan,KC Sangakkara,DT Christian,1,0,"",""
ball,2,13.3,Sri Lanka,KC Sangakkara,TM Dilshan,DT Christian,0,0,"",""
ball,2,13.4,Sri Lanka,KC Sangakkara,TM Dilshan,DT Christian,4,0,"",""
ball,2,13.5,Sri Lanka,KC Sangakkara,TM Dilshan,DT Christian,0,0,"",""
ball,2,13.6,Sri Lanka,KC Sangakkara,TM Dilshan,DT Christian,4,0,"",""
ball,2,14.1,Sri Lanka,TM Dilshan,KC Sangakkara,CJ McKay,1,0,"",""
ball,2,14.2,Sri Lanka,KC Sangakkara,TM Dilshan,CJ McKay,0,0,"",""
ball,2,14.3,Sri Lanka,KC Sangakkara,TM Dilshan,CJ McKay,0,0,run out,KC Sangakkara
ball,2,14.4,Sri Lanka,LD Chandimal,TM Dilshan,CJ McKay,0,0,"",""
ball,2,14.5,Sri Lanka,LD Chandimal,TM Dilshan,CJ McKay,1,0,"",""
ball,2,14.6,Sri Lanka,TM Dilshan,LD Chandimal,CJ McKay,0,0,"",""
ball,2,15.1,Sri Lanka,LD Chandimal,TM Dilshan,MA Starc,1,0,"",""
ball,2,15.2,Sri Lanka,TM Dilshan,LD Chandimal,MA Starc,0,1,"",""
ball,2,15.3,Sri Lanka,LD Chandimal,TM Dilshan,MA Starc,0,0,"",""
ball,2,15.4,Sri Lanka,LD Chandimal,TM Dilshan,MA Starc,0,0,"",""
ball,2,15.5,Sri Lanka,LD Chandimal,TM Dilshan,MA Starc,0,0,"",""
ball,2,15.6,Sri Lanka,LD Chandimal,TM Dilshan,MA Starc,4,0,"",""
ball,2,16.1,Sri Lanka,TM Dilshan,LD Chandimal,CJ McKay,1,0,"",""
ball,2,16.2,Sri Lanka,LD Chandimal,TM Dilshan,CJ McKay,0,0,"",""
ball,2,16.3,Sri Lanka,LD Chandimal,TM Dilshan,CJ McKay,4,0,"",""
ball,2,16.4,Sri Lanka,LD Chandimal,TM Dilshan,CJ McKay,0,0,"",""
ball,2,16.5,Sri Lanka,LD Chandimal,TM Dilshan,CJ McKay,0,0,"",""
ball,2,16.6,Sri Lanka,LD Chandimal,TM Dilshan,CJ McKay,0,0,"",""
ball,2,17.1,Sri Lanka,TM Dilshan,LD Chandimal,MA Starc,0,0,"",""
ball,2,17.2,Sri Lanka,TM Dilshan,LD Chandimal,MA Starc,0,0,"",""
ball,2,17.3,Sri Lanka,TM Dilshan,LD Chandimal,MA Starc,2,0,"",""
ball,2,17.4,Sri Lanka,TM Dilshan,LD Chandimal,MA Starc,0,0,"",""
ball,2,17.5,Sri Lanka,TM Dilshan,LD Chandimal,MA Starc,2,0,"",""
ball,2,17.6,Sri Lanka,TM Dilshan,LD Chandimal,MA Starc,0,0,"",""
ball,2,18.1,Sri Lanka,LD Chandimal,TM Dilshan,RJ Harris,0,0,"",""
ball,2,18.2,Sri Lanka,LD Chandimal,TM Dilshan,RJ Harris,1,0,"",""
ball,2,18.3,Sri Lanka,TM Dilshan,LD Chandimal,RJ Harris,1,0,"",""
ball,2,18.4,Sri Lanka,LD Chandimal,TM Dilshan,RJ Harris,1,0,"",""
ball,2,18.5,Sri Lanka,TM Dilshan,LD Chandimal,RJ Harris,0,0,"",""
ball,2,18.6,Sri Lanka,TM Dilshan,LD Chandimal,RJ Harris,0,0,"",""
ball,2,19.1,Sri Lanka,LD Chandimal,TM Dilshan,XJ Doherty,0,0,"",""
ball,2,19.2,Sri Lanka,LD Chandimal,TM Dilshan,XJ Doherty,1,0,"",""
ball,2,19.3,Sri Lanka,TM Dilshan,LD Chandimal,XJ Doherty,1,0,"",""
ball,2,19.4,Sri Lanka,LD Chandimal,TM Dilshan,XJ Doherty,0,0,"",""
ball,2,19.5,Sri Lanka,LD Chandimal,TM Dilshan,XJ Doherty,0,0,"",""
ball,2,19.6,Sri Lanka,LD Chandimal,TM Dilshan,XJ Doherty,1,0,"",""
ball,2,20.1,Sri Lanka,LD Chandimal,TM Dilshan,RJ Harris,4,0,"",""
ball,2,20.2,Sri Lanka,LD Chandimal,TM Dilshan,RJ Harris,0,0,"",""
ball,2,20.3,Sri Lanka,LD Chandimal,TM Dilshan,RJ Harris,1,0,"",""
ball,2,20.4,Sri Lanka,TM Dilshan,LD Chandimal,RJ Harris,0,0,"",""
ball,2,20.5,Sri Lanka,TM Dilshan,LD Chandimal,RJ Harris,0,0,caught,TM Dilshan
ball,2,20.6,Sri Lanka,DPMD Jayawardene,LD Chandimal,RJ Harris,1,0,"",""
ball,2,21.1,Sri Lanka,DPMD Jayawardene,LD Chandimal,XJ Doherty,0,0,"",""
ball,2,21.2,Sri Lanka,DPMD Jayawardene,LD Chandimal,XJ Doherty,0,0,"",""
ball,2,21.3,Sri Lanka,DPMD Jayawardene,LD Chandimal,XJ Doherty,0,0,"",""
ball,2,21.4,Sri Lanka,DPMD Jayawardene,LD Chandimal,XJ Doherty,1,0,"",""
ball,2,21.5,Sri Lanka,LD Chandimal,DPMD Jayawardene,XJ Doherty,0,0,"",""
ball,2,21.6,Sri Lanka,LD Chandimal,DPMD Jayawardene,XJ Doherty,0,0,"",""
ball,2,22.1,Sri Lanka,DPMD Jayawardene,LD Chandimal,RJ Harris,1,0,"",""
ball,2,22.2,Sri Lanka,LD Chandimal,DPMD Jayawardene,RJ Harris,1,0,"",""
ball,2,22.3,Sri Lanka,DPMD Jayawardene,LD Chandimal,RJ Harris,2,0,"",""
ball,2,22.4,Sri Lanka,DPMD Jayawardene,LD Chandimal,RJ Harris,4,0,"",""
ball,2,22.5,Sri Lanka,DPMD Jayawardene,LD Chandimal,RJ Harris,1,0,"",""
ball,2,22.6,Sri Lanka,LD Chandimal,DPMD Jayawardene,RJ Harris,0,0,"",""
ball,2,23.1,Sri Lanka,DPMD Jayawardene,LD Chandimal,XJ Doherty,1,0,"",""
ball,2,23.2,Sri Lanka,LD Chandimal,DPMD Jayawardene,XJ Doherty,0,0,"",""
ball,2,23.3,Sri Lanka,LD Chandimal,DPMD Jayawardene,XJ Doherty,0,0,"",""
ball,2,23.4,Sri Lanka,LD Chandimal,DPMD Jayawardene,XJ Doherty,1,0,"",""
ball,2,23.5,Sri Lanka,DPMD Jayawardene,LD Chandimal,XJ Doherty,1,0,"",""
ball,2,23.6,Sri Lanka,LD Chandimal,DPMD Jayawardene,XJ Doherty,1,0,"",""
ball,2,24.1,Sri Lanka,LD Chandimal,DPMD Jayawardene,DT Christian,0,0,"",""
ball,2,24.2,Sri Lanka,LD Chandimal,DPMD Jayawardene,DT Christian,0,0,"",""
ball,2,24.3,Sri Lanka,LD Chandimal,DPMD Jayawardene,DT Christian,0,0,"",""
ball,2,24.4,Sri Lanka,LD Chandimal,DPMD Jayawardene,DT Christian,2,0,"",""
ball,2,24.5,Sri Lanka,LD Chandimal,DPMD Jayawardene,DT Christian,0,0,"",""
ball,2,24.6,Sri Lanka,LD Chandimal,DPMD Jayawardene,DT Christian,1,0,"",""
ball,2,25.1,Sri Lanka,LD Chandimal,DPMD Jayawardene,XJ Doherty,1,0,"",""
ball,2,25.2,Sri Lanka,DPMD Jayawardene,LD Chandimal,XJ Doherty,1,0,"",""
ball,2,25.3,Sri Lanka,LD Chandimal,DPMD Jayawardene,XJ Doherty,0,0,"",""
ball,2,25.4,Sri Lanka,LD Chandimal,DPMD Jayawardene,XJ Doherty,0,0,"",""
ball,2,25.5,Sri Lanka,LD Chandimal,DPMD Jayawardene,XJ Doherty,2,0,"",""
ball,2,25.6,Sri Lanka,LD Chandimal,DPMD Jayawardene,XJ Doherty,0,0,"",""
ball,2,26.1,Sri Lanka,DPMD Jayawardene,LD Chandimal,DT Christian,0,0,caught,DPMD Jayawardene
ball,2,26.2,Sri Lanka,HDRL Thirimanne,LD Chandimal,DT Christian,1,0,"",""
ball,2,26.3,Sri Lanka,LD Chandimal,HDRL Thirimanne,DT Christian,4,0,"",""
ball,2,26.4,Sri Lanka,LD Chandimal,HDRL Thirimanne,DT Christian,1,0,"",""
ball,2,26.5,Sri Lanka,HDRL Thirimanne,LD Chandimal,DT Christian,0,0,"",""
ball,2,26.6,Sri Lanka,HDRL Thirimanne,LD Chandimal,DT Christian,1,0,"",""
ball,2,27.1,Sri Lanka,HDRL Thirimanne,LD Chandimal,XJ Doherty,0,0,"",""
ball,2,27.2,Sri Lanka,HDRL Thirimanne,LD Chandimal,XJ Doherty,1,0,"",""
ball,2,27.3,Sri Lanka,LD Chandimal,HDRL Thirimanne,XJ Doherty,1,0,"",""
ball,2,27.4,Sri Lanka,HDRL Thirimanne,LD Chandimal,XJ Doherty,0,0,bowled,HDRL Thirimanne
ball,2,27.5,Sri Lanka,AD Mathews,LD Chandimal,XJ Doherty,0,0,"",""
ball,2,27.6,Sri Lanka,AD Mathews,LD Chandimal,XJ Doherty,0,0,"",""
ball,2,28.1,Sri Lanka,LD Chandimal,AD Mathews,DT Christian,0,0,"",""
ball,2,28.2,Sri Lanka,LD Chandimal,AD Mathews,DT Christian,1,0,"",""
ball,2,28.3,Sri Lanka,AD Mathews,LD Chandimal,DT Christian,1,0,"",""
ball,2,28.4,Sri Lanka,LD Chandimal,AD Mathews,DT Christian,1,0,"",""
ball,2,28.5,Sri Lanka,AD Mathews,LD Chandimal,DT Christian,4,0,"",""
ball,2,28.6,Sri Lanka,AD Mathews,LD Chandimal,DT Christian,1,0,"",""
ball,2,29.1,Sri Lanka,AD Mathews,LD Chandimal,XJ Doherty,0,0,"",""
ball,2,29.2,Sri Lanka,AD Mathews,LD Chandimal,XJ Doherty,0,0,"",""
ball,2,29.3,Sri Lanka,AD Mathews,LD Chandimal,XJ Doherty,0,0,"",""
ball,2,29.4,Sri Lanka,AD Mathews,LD Chandimal,XJ Doherty,1,0,"",""
ball,2,29.5,Sri Lanka,LD Chandimal,AD Mathews,XJ Doherty,1,0,"",""
ball,2,29.6,Sri Lanka,AD Mathews,LD Chandimal,XJ Doherty,0,0,"",""
ball,2,30.1,Sri Lanka,LD Chandimal,AD Mathews,MJ Clarke,0,0,lbw,LD Chandimal
ball,2,30.2,Sri Lanka,KMDN Kulasekara,AD Mathews,MJ Clarke,2,0,"",""
ball,2,30.3,Sri Lanka,KMDN Kulasekara,AD Mathews,MJ Clarke,1,0,"",""
ball,2,30.4,Sri Lanka,AD Mathews,KMDN Kulasekara,MJ Clarke,0,0,"",""
ball,2,30.5,Sri Lanka,AD Mathews,KMDN Kulasekara,MJ Clarke,1,0,"",""
ball,2,30.6,Sri Lanka,KMDN Kulasekara,AD Mathews,MJ Clarke,0,0,"",""
ball,2,31.1,Sri Lanka,AD Mathews,KMDN Kulasekara,XJ Doherty,0,0,"",""
ball,2,31.2,Sri Lanka,AD Mathews,KMDN Kulasekara,XJ Doherty,0,0,"",""
ball,2,31.3,Sri Lanka,AD Mathews,KMDN Kulasekara,XJ Doherty,1,0,"",""
ball,2,31.4,Sri Lanka,KMDN Kulasekara,AD Mathews,XJ Doherty,1,0,"",""
ball,2,31.5,Sri Lanka,AD Mathews,KMDN Kulasekara,XJ Doherty,1,0,"",""
ball,2,31.6,Sri Lanka,KMDN Kulasekara,AD Mathews,XJ Doherty,0,0,"",""
ball,2,32.1,Sri Lanka,AD Mathews,KMDN Kulasekara,MJ Clarke,1,0,"",""
ball,2,32.2,Sri Lanka,KMDN Kulasekara,AD Mathews,MJ Clarke,1,0,"",""
ball,2,32.3,Sri Lanka,AD Mathews,KMDN Kulasekara,MJ Clarke,1,0,"",""
ball,2,32.4,Sri Lanka,KMDN Kulasekara,AD Mathews,MJ Clarke,0,0,"",""
ball,2,32.5,Sri Lanka,KMDN Kulasekara,AD Mathews,MJ Clarke,0,0,"",""
ball,2,32.6,Sri Lanka,KMDN Kulasekara,AD Mathews,MJ Clarke,2,0,"",""
ball,2,33.1,Sri Lanka,AD Mathews,KMDN Kulasekara,XJ Doherty,0,0,"",""
ball,2,33.2,Sri Lanka,AD Mathews,KMDN Kulasekara,XJ Doherty,0,0,"",""
ball,2,33.3,Sri Lanka,AD Mathews,KMDN Kulasekara,XJ Doherty,0,0,"",""
ball,2,33.4,Sri Lanka,AD Mathews,KMDN Kulasekara,XJ Doherty,1,0,"",""
ball,2,33.5,Sri Lanka,KMDN Kulasekara,AD Mathews,XJ Doherty,1,0,"",""
ball,2,33.6,Sri Lanka,AD Mathews,KMDN Kulasekara,XJ Doherty,0,0,"",""
ball,2,34.1,Sri Lanka,KMDN Kulasekara,AD Mathews,DT Christian,0,0,caught,KMDN Kulasekara
ball,2,34.2,Sri Lanka,SMSM Senanayake,AD Mathews,DT Christian,0,0,"",""
ball,2,34.3,Sri Lanka,SMSM Senanayake,AD Mathews,DT Christian,0,0,"",""
ball,2,34.4,Sri Lanka,SMSM Senanayake,AD Mathews,DT Christian,0,0,"",""
ball,2,34.5,Sri Lanka,SMSM Senanayake,AD Mathews,DT Christian,0,0,"",""
ball,2,34.6,Sri Lanka,SMSM Senanayake,AD Mathews,DT Christian,0,0,"",""
ball,2,35.1,Sri Lanka,AD Mathews,SMSM Senanayake,CJ McKay,1,0,"",""
ball,2,35.2,Sri Lanka,SMSM Senanayake,AD Mathews,CJ McKay,0,0,"",""
ball,2,35.3,Sri Lanka,SMSM Senanayake,AD Mathews,CJ McKay,1,0,"",""
ball,2,35.4,Sri Lanka,AD Mathews,SMSM Senanayake,CJ McKay,1,0,"",""
ball,2,35.5,Sri Lanka,SMSM Senanayake,AD Mathews,CJ McKay,0,0,"",""
ball,2,35.6,Sri Lanka,SMSM Senanayake,AD Mathews,CJ McKay,0,0,"",""
ball,2,36.1,Sri Lanka,AD Mathews,SMSM Senanayake,DT Christian,4,0,"",""
ball,2,36.2,Sri Lanka,AD Mathews,SMSM Senanayake,DT Christian,0,0,"",""
ball,2,36.3,Sri Lanka,AD Mathews,SMSM Senanayake,DT Christian,0,2,"",""
ball,2,36.4,Sri Lanka,SMSM Senanayake,AD Mathews,DT Christian,0,0,"",""
ball,2,36.5,Sri Lanka,SMSM Senanayake,AD Mathews,DT Christian,0,0,"",""
ball,2,36.6,Sri Lanka,SMSM Senanayake,AD Mathews,DT Christian,1,0,"",""
ball,2,36.7,Sri Lanka,AD Mathews,SMSM Senanayake,DT Christian,1,0,"",""
ball,2,37.1,Sri Lanka,AD Mathews,SMSM Senanayake,CJ McKay,1,0,"",""
ball,2,37.2,Sri Lanka,SMSM Senanayake,AD Mathews,CJ McKay,0,0,"",""
ball,2,37.3,Sri Lanka,SMSM Senanayake,AD Mathews,CJ McKay,1,0,"",""
ball,2,37.4,Sri Lanka,AD Mathews,SMSM Senanayake,CJ McKay,1,0,"",""
ball,2,37.5,Sri Lanka,SMSM Senanayake,AD Mathews,CJ McKay,1,0,"",""
ball,2,37.6,Sri Lanka,AD Mathews,SMSM Senanayake,CJ McKay,0,1,"",""
ball,2,37.7,Sri Lanka,AD Mathews,SMSM Senanayake,CJ McKay,0,1,"",""
ball,2,38.1,Sri Lanka,AD Mathews,SMSM Senanayake,DT Christian,1,0,"",""
ball,2,38.2,Sri Lanka,SMSM Senanayake,AD Mathews,DT Christian,1,0,"",""
ball,2,38.3,Sri Lanka,AD Mathews,SMSM Senanayake,DT Christian,1,0,"",""
ball,2,38.4,Sri Lanka,SMSM Senanayake,AD Mathews,DT Christian,0,0,"",""
ball,2,38.5,Sri Lanka,SMSM Senanayake,AD Mathews,DT Christian,1,0,"",""
ball,2,38.6,Sri Lanka,AD Mathews,SMSM Senanayake,DT Christian,1,0,"",""
ball,2,39.1,Sri Lanka,AD Mathews,SMSM Senanayake,CJ McKay,0,0,"",""
ball,2,39.2,Sri Lanka,AD Mathews,SMSM Senanayake,CJ McKay,1,0,"",""
ball,2,39.3,Sri Lanka,SMSM Senanayake,AD Mathews,CJ McKay,1,0,"",""
ball,2,39.4,Sri Lanka,AD Mathews,SMSM Senanayake,CJ McKay,1,0,"",""
ball,2,39.5,Sri Lanka,SMSM Senanayake,AD Mathews,CJ McKay,0,1,"",""
ball,2,39.6,Sri Lanka,SMSM Senanayake,AD Mathews,CJ McKay,1,0,"",""
ball,2,39.7,Sri Lanka,AD Mathews,SMSM Senanayake,CJ McKay,1,0,"",""
ball,2,40.1,Sri Lanka,AD Mathews,SMSM Senanayake,RJ Harris,0,0,"",""
ball,2,40.2,Sri Lanka,AD Mathews,SMSM Senanayake,RJ Harris,0,0,"",""
ball,2,40.3,Sri Lanka,AD Mathews,SMSM Senanayake,RJ Harris,1,0,"",""
ball,2,40.4,Sri Lanka,SMSM Senanayake,AD Mathews,RJ Harris,0,0,"",""
ball,2,40.5,Sri Lanka,SMSM Senanayake,AD Mathews,RJ Harris,1,0,"",""
ball,2,40.6,Sri Lanka,AD Mathews,SMSM Senanayake,RJ Harris,1,0,"",""
ball,2,41.1,Sri Lanka,AD Mathews,SMSM Senanayake,XJ Doherty,0,0,"",""
ball,2,41.2,Sri Lanka,AD Mathews,SMSM Senanayake,XJ Doherty,0,0,"",""
ball,2,41.3,Sri Lanka,AD Mathews,SMSM Senanayake,XJ Doherty,0,0,"",""
ball,2,41.4,Sri Lanka,AD Mathews,SMSM Senanayake,XJ Doherty,1,0,"",""
ball,2,41.5,Sri Lanka,SMSM Senanayake,AD Mathews,XJ Doherty,0,0,"",""
ball,2,41.6,Sri Lanka,SMSM Senanayake,AD Mathews,XJ Doherty,0,0,stumped,SMSM Senanayake
ball,2,42.1,Sri Lanka,AD Mathews,SL Malinga,RJ Harris,0,0,"",""
ball,2,42.2,Sri Lanka,AD Mathews,SL Malinga,RJ Harris,0,0,"",""
ball,2,42.3,Sri Lanka,AD Mathews,SL Malinga,RJ Harris,2,0,"",""
ball,2,42.4,Sri Lanka,AD Mathews,SL Malinga,RJ Harris,0,0,"",""
ball,2,42.5,Sri Lanka,AD Mathews,SL Malinga,RJ Harris,0,0,"",""
ball,2,42.6,Sri Lanka,AD Mathews,SL Malinga,RJ Harris,0,0,"",""
ball,2,43.1,Sri Lanka,SL Malinga,AD Mathews,XJ Doherty,0,0,"",""
ball,2,43.2,Sri Lanka,SL Malinga,AD Mathews,XJ Doherty,0,0,"",""
ball,2,43.3,Sri Lanka,SL Malinga,AD Mathews,XJ Doherty,0,1,"",""
ball,2,43.4,Sri Lanka,AD Mathews,SL Malinga,XJ Doherty,0,0,"",""
ball,2,43.5,Sri Lanka,AD Mathews,SL Malinga,XJ Doherty,1,0,"",""
ball,2,43.6,Sri Lanka,SL Malinga,AD Mathews,XJ Doherty,1,0,"",""
ball,2,44.1,Sri Lanka,SL Malinga,AD Mathews,CJ McKay,0,0,"",""
ball,2,44.2,Sri Lanka,SL Malinga,AD Mathews,CJ McKay,0,0,caught,SL Malinga
ball,2,44.3,Sri Lanka,AD Mathews,KTGD Prasad,CJ McKay,0,0,"",""
ball,2,44.4,Sri Lanka,AD Mathews,KTGD Prasad,CJ McKay,0,0,"",""
ball,2,44.5,Sri Lanka,AD Mathews,KTGD Prasad,CJ McKay,1,0,"",""
ball,2,44.6,Sri Lanka,KTGD Prasad,AD Mathews,CJ McKay,0,0,"",""
ball,2,45.1,Sri Lanka,AD Mathews,KTGD Prasad,MA Starc,2,0,"",""
ball,2,45.2,Sri Lanka,AD Mathews,KTGD Prasad,MA Starc,0,0,"",""
ball,2,45.3,Sri Lanka,AD Mathews,KTGD Prasad,MA Starc,2,0,"",""
ball,2,45.4,Sri Lanka,AD Mathews,KTGD Prasad,MA Starc,0,1,"",""
ball,2,45.5,Sri Lanka,AD Mathews,KTGD Prasad,MA Starc,1,0,"",""
ball,2,45.6,Sri Lanka,KTGD Prasad,AD Mathews,MA Starc,1,0,"",""
ball,2,45.7,Sri Lanka,AD Mathews,KTGD Prasad,MA Starc,1,0,"",""
ball,2,46.1,Sri Lanka,AD Mathews,KTGD Prasad,CJ McKay,0,0,"",""
ball,2,46.2,Sri Lanka,AD Mathews,KTGD Prasad,CJ McKay,0,0,"",""
ball,2,46.3,Sri Lanka,AD Mathews,KTGD Prasad,CJ McKay,2,0,"",""
ball,2,46.4,Sri Lanka,AD Mathews,KTGD Prasad,CJ McKay,4,0,"",""
ball,2,46.5,Sri Lanka,AD Mathews,KTGD Prasad,CJ McKay,1,0,"",""
ball,2,46.6,Sri Lanka,KTGD Prasad,AD Mathews,CJ McKay,0,0,"",""
ball,2,47.1,Sri Lanka,AD Mathews,KTGD Prasad,MA Starc,0,0,"",""
ball,2,47.2,Sri Lanka,AD Mathews,KTGD Prasad,MA Starc,1,0,"",""
ball,2,47.3,Sri Lanka,KTGD Prasad,AD Mathews,MA Starc,3,0,"",""
ball,2,47.4,Sri Lanka,AD Mathews,KTGD Prasad,MA Starc,1,0,"",""
ball,2,47.5,Sri Lanka,KTGD Prasad,AD Mathews,MA Starc,4,0,"",""
ball,2,47.6,Sri Lanka,KTGD Prasad,AD Mathews,MA Starc,1,0,"",""
ball,2,48.1,Sri Lanka,KTGD Prasad,AD Mathews,CJ McKay,2,0,"",""
ball,2,48.2,Sri Lanka,KTGD Prasad,AD Mathews,CJ McKay,1,0,"",""
ball,2,48.3,Sri Lanka,AD Mathews,KTGD Prasad,CJ McKay,2,0,"",""
ball,2,48.4,Sri Lanka,AD Mathews,KTGD Prasad,CJ McKay,1,0,"",""
ball,2,48.5,Sri Lanka,KTGD Prasad,AD Mathews,CJ McKay,0,0,"",""
ball,2,48.6,Sri Lanka,KTGD Prasad,AD Mathews,CJ McKay,2,0,"",""
ball,2,49.1,Sri Lanka,AD Mathews,KTGD Prasad,MA Starc,4,0,"",""
ball,2,49.2,Sri Lanka,AD Mathews,KTGD Prasad,MA Starc,6,0,"",""
ball,2,49.3,Sri Lanka,AD Mathews,KTGD Prasad,MA Starc,1,0,"",""
ball,2,49.4,Sri Lanka,KTGD Prasad,AD Mathews,MA Starc,1,0,"",""
ball,2,49.5,Sri Lanka,AD Mathews,KTGD Prasad,MA Starc,0,0,caught,AD Mathews
